/*--------------------------------*- C++ -*----------------------------------*\
  =========                 |
  \\      /  F ield         | OpenFOAM: The Open Source CFD Toolbox
   \\    /   O peration     | Website:  https://openfoam.org
    \\  /    A nd           | Version:  11
     \\/     M anipulation  |
\*---------------------------------------------------------------------------*/
FoamFile
{
    format      ascii;
    class       surfaceScalarField;
    location    "0.05";
    object      phi;
}
// * * * * * * * * * * * * * * * * * * * * * * * * * * * * * * * * * * * * * //

dimensions      [1 0 -1 0 0 0 0];

internalField   nonuniform List<scalar> 
7860
(
1.31678e-06
-1.95434e-08
1.31601e-06
-5.80554e-08
1.31476e-06
-9.59951e-08
1.31296e-06
-1.33513e-07
1.31055e-06
-1.70755e-07
1.30742e-06
-2.07778e-07
1.30347e-06
-2.44575e-07
1.29857e-06
-2.81109e-07
1.29257e-06
-3.17342e-07
1.28532e-06
-3.53238e-07
1.27661e-06
-3.88765e-07
1.26627e-06
-4.23891e-07
1.25407e-06
-4.58576e-07
1.23977e-06
-4.92768e-07
1.22311e-06
-5.26394e-07
1.20377e-06
-5.5936e-07
1.18139e-06
-5.91536e-07
1.15571e-06
-6.22833e-07
1.12674e-06
-6.53259e-07
1.09428e-06
-6.82676e-07
1.05799e-06
-7.10825e-07
1.01738e-06
-7.37322e-07
9.71876e-07
-7.6165e-07
9.20874e-07
-7.83101e-07
8.63862e-07
-8.00679e-07
8.00727e-07
-8.13014e-07
7.32146e-07
-8.18442e-07
6.607e-07
-8.16045e-07
5.89176e-07
-8.07344e-07
5.19933e-07
-7.93999e-07
4.54426e-07
-7.77889e-07
3.93237e-07
-7.6051e-07
3.36356e-07
-7.42774e-07
2.83486e-07
-7.25097e-07
2.3424e-07
-7.07591e-07
1.88244e-07
-6.90235e-07
1.45175e-07
-6.72975e-07
1.04763e-07
-6.55783e-07
6.67891e-08
-6.38678e-07
3.10683e-08
-6.21717e-07
-2.56071e-09
-6.04842e-07
-3.42327e-08
-5.88e-07
-6.39812e-08
-5.71261e-07
-9.18671e-08
-5.54654e-07
-1.17989e-07
-5.38209e-07
-1.42446e-07
-5.21957e-07
-1.65334e-07
-5.05924e-07
-1.86742e-07
-4.9014e-07
-2.0676e-07
-4.74635e-07
-2.2548e-07
-4.59464e-07
-2.43006e-07
-4.44707e-07
-2.59473e-07
-4.30508e-07
-2.75072e-07
-4.17116e-07
-2.90105e-07
-4.05041e-07
-3.05022e-07
-3.95263e-07
-3.2063e-07
-3.88868e-07
-3.38317e-07
-3.88896e-07
-3.59972e-07
-4.02831e-07
-3.86076e-07
-4.28336e-07
-4.17662e-07
-4.59917e-07
-4.54666e-07
-4.94471e-07
-4.979e-07
-5.35657e-07
-5.48433e-07
-5.80288e-07
-6.0745e-07
-6.27663e-07
-6.76795e-07
-6.76976e-07
-7.60849e-07
-7.32694e-07
-8.60934e-07
-7.95312e-07
-9.7799e-07
-8.59182e-07
-1.11064e-06
-9.20036e-07
-1.25409e-06
-9.72299e-07
-1.39903e-06
-1.01046e-06
-1.53441e-06
-1.02992e-06
-1.65505e-06
-1.03087e-06
-1.75962e-06
-1.0184e-06
-1.84922e-06
-9.96868e-07
-1.92628e-06
-9.69218e-07
-1.99262e-06
-9.37282e-07
-2.04993e-06
-9.02348e-07
-2.09953e-06
-8.65327e-07
-2.14232e-06
-8.26849e-07
-2.17877e-06
-7.87303e-07
-2.20975e-06
-7.46841e-07
-2.23615e-06
-7.05728e-07
-2.25867e-06
-6.64261e-07
-2.27785e-06
-6.22657e-07
-2.29417e-06
-5.81077e-07
-2.308e-06
-5.39633e-07
-2.3197e-06
-4.98395e-07
-2.32953e-06
-4.57399e-07
-2.33777e-06
-4.16648e-07
-2.34461e-06
-3.76132e-07
-2.35025e-06
-3.35829e-07
-2.35486e-06
-2.95726e-07
-2.35858e-06
-2.55827e-07
-2.36152e-06
-2.16147e-07
-2.3638e-06
-1.76709e-07
-2.36549e-06
-1.37509e-07
-2.36667e-06
-9.84614e-08
-2.36738e-06
-5.93664e-08
-1.99649e-08
1.31666e-06
-1.91355e-08
1.31541e-06
-5.68014e-08
1.31325e-06
-9.38395e-08
1.31015e-06
-1.30418e-07
1.30605e-06
-1.6665e-07
1.30084e-06
-2.02569e-07
1.29441e-06
-2.38149e-07
1.28665e-06
-2.7334e-07
1.27739e-06
-3.08091e-07
1.26651e-06
-3.42359e-07
1.25386e-06
-3.76112e-07
1.23928e-06
-4.09319e-07
1.22264e-06
-4.41953e-07
1.20382e-06
-4.73979e-07
1.18273e-06
-5.05355e-07
1.15931e-06
-5.36026e-07
1.13353e-06
-5.65919e-07
1.10541e-06
-5.95012e-07
1.07492e-06
-6.23283e-07
1.04183e-06
-6.50456e-07
1.0058e-06
-6.76253e-07
9.66423e-07
-7.00331e-07
9.23203e-07
-7.22219e-07
8.7556e-07
-7.41255e-07
8.22938e-07
-7.56494e-07
7.65061e-07
-7.66636e-07
7.02363e-07
-7.70155e-07
6.36986e-07
-7.66663e-07
5.71186e-07
-7.57613e-07
5.06972e-07
-7.44632e-07
4.45655e-07
-7.2943e-07
3.87827e-07
-7.13309e-07
3.33574e-07
-6.97021e-07
2.82722e-07
-6.80877e-07
2.34997e-07
-6.64935e-07
1.90121e-07
-6.49147e-07
1.47846e-07
-6.33445e-07
1.07963e-07
-6.17798e-07
7.02965e-08
-6.02216e-07
3.4692e-08
-5.86748e-07
9.98226e-10
-5.71326e-07
-3.08715e-08
-5.55927e-07
-6.1006e-08
-5.40607e-07
-8.94713e-08
-5.25405e-07
-1.16346e-07
-5.10333e-07
-1.4171e-07
-4.95411e-07
-1.65646e-07
-4.80661e-07
-1.88236e-07
-4.66106e-07
-2.0957e-07
-4.5177e-07
-2.29746e-07
-4.37694e-07
-2.48887e-07
-4.23939e-07
-2.6715e-07
-4.10619e-07
-2.84751e-07
-3.97944e-07
-3.02006e-07
-3.86392e-07
-3.19348e-07
-3.76791e-07
-3.37392e-07
-3.70214e-07
-3.57007e-07
-3.69803e-07
-3.79678e-07
-3.83269e-07
-4.06248e-07
-4.06908e-07
-4.38545e-07
-4.35749e-07
-4.75979e-07
-4.67257e-07
-5.19298e-07
-5.05244e-07
-5.69662e-07
-5.46227e-07
-6.28209e-07
-5.89534e-07
-6.96717e-07
-6.34597e-07
-7.79373e-07
-6.86006e-07
-8.76746e-07
-7.43209e-07
-9.89344e-07
-8.01543e-07
-1.11517e-06
-8.5718e-07
-1.24867e-06
-9.05143e-07
-1.38228e-06
-9.4083e-07
-1.50523e-06
-9.60319e-07
-1.61372e-06
-9.63062e-07
-1.70776e-06
-9.53556e-07
-1.78903e-06
-9.35652e-07
-1.85944e-06
-9.11791e-07
-1.9213e-06
-8.8375e-07
-1.97625e-06
-8.5265e-07
-2.02553e-06
-8.19302e-07
-2.07001e-06
-7.84348e-07
-2.11011e-06
-7.48382e-07
-2.14613e-06
-7.11523e-07
-2.17831e-06
-6.73947e-07
-2.20692e-06
-6.3588e-07
-2.23222e-06
-5.97486e-07
-2.25447e-06
-5.58894e-07
-2.27394e-06
-5.20203e-07
-2.29088e-06
-4.81478e-07
-2.30552e-06
-4.42759e-07
-2.31812e-06
-4.04063e-07
-2.32886e-06
-3.65392e-07
-2.33795e-06
-3.26742e-07
-2.34555e-06
-2.88121e-07
-2.35183e-06
-2.49548e-07
-2.35692e-06
-2.11062e-07
-2.36092e-06
-1.72705e-07
-2.36394e-06
-1.34493e-07
-2.36603e-06
-9.63654e-08
-2.36725e-06
-5.8151e-08
-1.95693e-08
1.31645e-06
-1.85212e-08
1.31463e-06
-5.49794e-08
1.3116e-06
-9.08109e-08
1.30734e-06
-1.26154e-07
1.30179e-06
-1.61106e-07
1.29491e-06
-1.95686e-07
1.28662e-06
-2.29857e-07
1.27684e-06
-2.63563e-07
1.2655e-06
-2.96751e-07
1.25252e-06
-3.29376e-07
1.23781e-06
-3.61409e-07
1.22131e-06
-3.92824e-07
1.20294e-06
-4.23599e-07
1.18264e-06
-4.53708e-07
1.16035e-06
-4.83117e-07
1.136e-06
-5.1178e-07
1.10955e-06
-5.39641e-07
1.08085e-06
-5.66622e-07
1.04963e-06
-5.9259e-07
1.01564e-06
-6.17375e-07
9.78617e-07
-6.40756e-07
9.38248e-07
-6.62441e-07
8.94125e-07
-6.82019e-07
8.45788e-07
-6.98891e-07
7.92838e-07
-7.12188e-07
7.35209e-07
-7.20711e-07
6.73537e-07
-7.23064e-07
6.09971e-07
-7.19147e-07
5.46649e-07
-7.10281e-07
4.8533e-07
-6.97985e-07
4.2706e-07
-6.83804e-07
3.7222e-07
-6.68889e-07
3.20762e-07
-6.53884e-07
2.72438e-07
-6.39047e-07
2.26945e-07
-6.2441e-07
1.83998e-07
-6.09919e-07
1.43357e-07
-5.95509e-07
1.04829e-07
-5.81148e-07
6.8258e-08
-5.66845e-07
3.35083e-08
-5.52643e-07
4.48714e-10
-5.38463e-07
-3.10096e-08
-5.24292e-07
-6.0975e-08
-5.10153e-07
-8.95403e-08
-4.96092e-07
-1.16778e-07
-4.82133e-07
-1.42754e-07
-4.68294e-07
-1.67539e-07
-4.5459e-07
-1.91209e-07
-4.41034e-07
-2.1385e-07
-4.2764e-07
-2.35561e-07
-4.14432e-07
-2.56459e-07
-4.01459e-07
-2.76683e-07
-3.88816e-07
-2.96409e-07
-3.76694e-07
-3.15873e-07
-3.65586e-07
-3.35366e-07
-3.56218e-07
-3.55323e-07
-3.49716e-07
-3.76426e-07
-3.49317e-07
-4.00092e-07
-3.62774e-07
-4.27023e-07
-3.85099e-07
-4.59073e-07
-4.11763e-07
-4.95194e-07
-4.40949e-07
-5.36587e-07
-4.76308e-07
-5.84366e-07
-5.14388e-07
-6.39678e-07
-5.54392e-07
-7.04019e-07
-5.96045e-07
-7.82006e-07
-6.44088e-07
-8.73391e-07
-6.96842e-07
-9.78793e-07
-7.50443e-07
-1.09661e-06
-8.01373e-07
-1.22219e-06
-8.45169e-07
-1.34854e-06
-8.77639e-07
-1.46623e-06
-8.95639e-07
-1.57118e-06
-8.98673e-07
-1.66318e-06
-8.90762e-07
-1.74351e-06
-8.75273e-07
-1.81395e-06
-8.54481e-07
-1.87637e-06
-8.29847e-07
-1.93208e-06
-8.02301e-07
-1.98214e-06
-7.72529e-07
-2.02744e-06
-7.41067e-07
-2.06871e-06
-7.08323e-07
-2.10634e-06
-6.74609e-07
-2.14056e-06
-6.40144e-07
-2.17158e-06
-6.0509e-07
-2.19961e-06
-5.69587e-07
-2.22484e-06
-5.33746e-07
-2.24742e-06
-4.97654e-07
-2.26755e-06
-4.61373e-07
-2.28537e-06
-4.24944e-07
-2.30106e-06
-3.88384e-07
-2.31475e-06
-3.51702e-07
-2.32659e-06
-3.14902e-07
-2.33671e-06
-2.78e-07
-2.34523e-06
-2.41028e-07
-2.35226e-06
-2.04036e-07
-2.35788e-06
-1.67081e-07
-2.36218e-06
-1.30194e-07
-2.36522e-06
-9.33299e-08
-2.36703e-06
-5.63358e-08
-1.89607e-08
1.31633e-06
-1.77817e-08
1.31413e-06
-5.27859e-08
1.3105e-06
-8.71766e-08
1.30542e-06
-1.2107e-07
1.29886e-06
-1.54549e-07
1.2908e-06
-1.87623e-07
1.28119e-06
-2.2025e-07
1.26999e-06
-2.52366e-07
1.25716e-06
-2.83917e-07
1.24263e-06
-3.14857e-07
1.22638e-06
-3.45155e-07
1.20833e-06
-3.74788e-07
1.18845e-06
-4.03733e-07
1.16668e-06
-4.31967e-07
1.14297e-06
-4.59457e-07
1.11724e-06
-4.8616e-07
1.08944e-06
-5.12016e-07
1.05944e-06
-5.36949e-07
1.02716e-06
-5.60863e-07
9.92457e-07
-5.83628e-07
9.55171e-07
-6.05053e-07
9.15022e-07
-6.24864e-07
8.71612e-07
-6.42657e-07
8.24442e-07
-6.57845e-07
7.73047e-07
-6.69583e-07
7.1728e-07
-6.76731e-07
6.57707e-07
-6.78016e-07
5.96339e-07
-6.73621e-07
5.35158e-07
-6.64788e-07
4.75794e-07
-6.52968e-07
4.19223e-07
-6.39581e-07
3.6581e-07
-6.25653e-07
3.15527e-07
-6.11737e-07
2.68155e-07
-5.98034e-07
2.23422e-07
-5.84553e-07
1.81069e-07
-5.71227e-07
1.40876e-07
-5.57986e-07
1.0266e-07
-5.44795e-07
6.62735e-08
-5.31659e-07
3.15857e-08
-5.18613e-07
-1.52607e-09
-5.05569e-07
-3.31794e-08
-4.92489e-07
-6.34269e-08
-4.7945e-07
-9.23507e-08
-4.66458e-07
-1.2003e-07
-4.5353e-07
-1.46541e-07
-4.40684e-07
-1.71959e-07
-4.2793e-07
-1.96363e-07
-4.15276e-07
-2.19834e-07
-4.0273e-07
-2.42461e-07
-3.90311e-07
-2.64344e-07
-3.78059e-07
-2.85601e-07
-3.66064e-07
-3.06371e-07
-3.54512e-07
-3.26863e-07
-3.43925e-07
-3.47325e-07
-3.34931e-07
-3.68086e-07
-3.28692e-07
-3.89874e-07
-3.28523e-07
-4.14223e-07
-3.41868e-07
-4.41723e-07
-3.6301e-07
-4.74274e-07
-3.87785e-07
-5.10391e-07
-4.15069e-07
-5.51379e-07
-4.47926e-07
-5.98556e-07
-4.83148e-07
-6.53029e-07
-5.1999e-07
-7.16414e-07
-5.58467e-07
-7.93435e-07
-6.03319e-07
-8.8325e-07
-6.52009e-07
-9.86325e-07
-7.01365e-07
-1.10088e-06
-7.48168e-07
-1.22223e-06
-7.88379e-07
-1.34338e-06
-8.18252e-07
-1.45583e-06
-8.3505e-07
-1.55634e-06
-8.38365e-07
-1.64421e-06
-8.31711e-07
-1.7212e-06
-8.18127e-07
-1.78926e-06
-7.99678e-07
-1.84998e-06
-7.77649e-07
-1.90479e-06
-7.52917e-07
-1.95465e-06
-7.26089e-07
-2.00017e-06
-6.97607e-07
-2.04192e-06
-6.67813e-07
-2.08028e-06
-6.36975e-07
-2.11554e-06
-6.05305e-07
-2.1479e-06
-5.72969e-07
-2.17753e-06
-5.40101e-07
-2.20454e-06
-5.06805e-07
-2.22907e-06
-4.73163e-07
-2.25123e-06
-4.39232e-07
-2.27114e-06
-4.05049e-07
-2.2889e-06
-3.70633e-07
-2.30461e-06
-3.35993e-07
-2.31837e-06
-3.01139e-07
-2.33028e-06
-2.66093e-07
-2.34041e-06
-2.30892e-07
-2.34886e-06
-1.95594e-07
-2.35567e-06
-1.60264e-07
-2.36092e-06
-1.24944e-07
-2.36465e-06
-8.96018e-08
-2.36689e-06
-5.4097e-08
-1.8208e-08
1.31623e-06
-1.69411e-08
1.31373e-06
-5.02924e-08
1.30961e-06
-8.30501e-08
1.30385e-06
-1.15313e-07
1.29645e-06
-1.47152e-07
1.2874e-06
-1.78571e-07
1.27667e-06
-2.09521e-07
1.26424e-06
-2.39938e-07
1.25009e-06
-2.69762e-07
1.23418e-06
-2.98949e-07
1.21649e-06
-3.27466e-07
1.19698e-06
-3.55291e-07
1.17564e-06
-3.82405e-07
1.15242e-06
-4.08786e-07
1.12732e-06
-4.34407e-07
1.10028e-06
-4.59232e-07
1.07129e-06
-4.83215e-07
1.0403e-06
-5.06291e-07
1.00723e-06
-5.28375e-07
9.71954e-07
-5.49342e-07
9.34269e-07
-5.69013e-07
8.93864e-07
-5.87125e-07
8.50322e-07
-6.03299e-07
8.03152e-07
-6.16982e-07
7.51943e-07
-6.27377e-07
6.96655e-07
-6.33424e-07
6.37986e-07
-6.33962e-07
5.77947e-07
-6.29364e-07
5.18416e-07
-6.20764e-07
4.60869e-07
-6.09525e-07
4.06136e-07
-5.96948e-07
3.54474e-07
-5.83949e-07
3.05792e-07
-5.71013e-07
2.5984e-07
-5.58308e-07
2.16335e-07
-5.45829e-07
1.7502e-07
-5.33508e-07
1.35679e-07
-5.21277e-07
9.81416e-08
-5.09099e-07
6.22676e-08
-4.96979e-07
2.79309e-08
-4.8494e-07
-4.98118e-09
-4.72889e-07
-3.65304e-08
-4.60814e-07
-6.68069e-08
-4.48747e-07
-9.58772e-08
-4.3671e-07
-1.23806e-07
-4.24715e-07
-1.50657e-07
-4.12775e-07
-1.76496e-07
-4.00894e-07
-2.01388e-07
-3.89077e-07
-2.25401e-07
-3.77331e-07
-2.48608e-07
-3.65668e-07
-2.71089e-07
-3.54127e-07
-2.92936e-07
-3.42798e-07
-3.14264e-07
-3.31864e-07
-3.35263e-07
-3.21877e-07
-3.56123e-07
-3.13373e-07
-3.77281e-07
-3.07584e-07
-3.9963e-07
-3.079e-07
-4.2467e-07
-3.20901e-07
-4.52874e-07
-3.40848e-07
-4.86071e-07
-3.63903e-07
-5.21763e-07
-3.89493e-07
-5.61886e-07
-4.20064e-07
-6.08101e-07
-4.52622e-07
-6.61403e-07
-4.86599e-07
-7.23598e-07
-5.22279e-07
-7.9887e-07
-5.64225e-07
-8.86371e-07
-6.09305e-07
-9.86414e-07
-6.54906e-07
-1.0972e-06
-6.9803e-07
-1.21424e-06
-7.34967e-07
-1.33101e-06
-7.62334e-07
-1.43948e-06
-7.77801e-07
-1.53657e-06
-7.8089e-07
-1.62204e-06
-7.7497e-07
-1.69721e-06
-7.62766e-07
-1.76396e-06
-7.46132e-07
-1.82396e-06
-7.26222e-07
-1.87854e-06
-7.03811e-07
-1.9286e-06
-6.79437e-07
-1.97479e-06
-6.53502e-07
-2.01755e-06
-6.26311e-07
-2.05717e-06
-5.98098e-07
-2.09386e-06
-5.69046e-07
-2.12778e-06
-5.39296e-07
-2.15905e-06
-5.08966e-07
-2.18778e-06
-4.78147e-07
-2.21407e-06
-4.46913e-07
-2.23801e-06
-4.15317e-07
-2.25967e-06
-3.83394e-07
-2.27915e-06
-3.51163e-07
-2.29651e-06
-3.18635e-07
-2.31183e-06
-2.85823e-07
-2.32517e-06
-2.52751e-07
-2.3366e-06
-2.19464e-07
-2.34617e-06
-1.86024e-07
-2.35393e-06
-1.52501e-07
-2.35994e-06
-1.18943e-07
-2.36421e-06
-8.53276e-08
-2.36678e-06
-5.15274e-08
-1.73438e-08
1.31615e-06
-1.60224e-08
1.31342e-06
-4.75667e-08
1.30892e-06
-7.85432e-08
1.30264e-06
-1.09037e-07
1.2946e-06
-1.39111e-07
1.28479e-06
-1.68763e-07
1.27321e-06
-1.97943e-07
1.25986e-06
-2.26584e-07
1.24472e-06
-2.54627e-07
1.2278e-06
-2.82029e-07
1.20909e-06
-3.08757e-07
1.18858e-06
-3.34791e-07
1.16627e-06
-3.60113e-07
1.14216e-06
-3.84705e-07
1.11623e-06
-4.08543e-07
1.08848e-06
-4.31594e-07
1.05889e-06
-4.53816e-07
1.0274e-06
-4.7515e-07
9.93945e-07
-4.95514e-07
9.58379e-07
-5.14793e-07
9.20499e-07
-5.32821e-07
8.79994e-07
-5.49353e-07
8.36447e-07
-5.64031e-07
7.89371e-07
-5.76332e-07
7.38364e-07
-5.85507e-07
6.83421e-07
-5.90568e-07
6.253e-07
-5.90474e-07
5.65985e-07
-5.8574e-07
5.07293e-07
-5.77413e-07
4.50632e-07
-5.66768e-07
3.96776e-07
-5.54993e-07
3.45948e-07
-5.42905e-07
2.98038e-07
-5.30921e-07
2.52788e-07
-5.19177e-07
2.09911e-07
-5.07656e-07
1.69147e-07
-4.96288e-07
1.3028e-07
-4.85008e-07
9.3135e-08
-4.7378e-07
5.75724e-08
-4.62606e-07
2.34663e-08
-4.51505e-07
-9.28846e-09
-4.40382e-07
-4.07653e-08
-4.29231e-07
-7.1035e-08
-4.18077e-07
-1.00162e-07
-4.06936e-07
-1.28205e-07
-3.95821e-07
-1.5522e-07
-3.84739e-07
-1.81262e-07
-3.73695e-07
-2.06385e-07
-3.6269e-07
-2.30643e-07
-3.51733e-07
-2.54091e-07
-3.40835e-07
-2.76794e-07
-3.30037e-07
-2.98832e-07
-3.1943e-07
-3.20318e-07
-3.09196e-07
-3.41458e-07
-2.99917e-07
-3.62472e-07
-2.92035e-07
-3.83749e-07
-2.86844e-07
-4.06866e-07
-2.8786e-07
-4.3252e-07
-3.00267e-07
-4.61532e-07
-3.18851e-07
-4.95741e-07
-3.40054e-07
-5.30026e-07
-3.64223e-07
-5.6918e-07
-3.92418e-07
-6.14883e-07
-4.22375e-07
-6.67733e-07
-4.53665e-07
-7.29687e-07
-4.86727e-07
-8.04212e-07
-5.25807e-07
-8.9084e-07
-5.67444e-07
-9.89644e-07
-6.09472e-07
-1.09876e-06
-6.49097e-07
-1.21373e-06
-6.82935e-07
-1.32817e-06
-7.07953e-07
-1.43433e-06
-7.22143e-07
-1.5292e-06
-7.25075e-07
-1.61267e-06
-7.19815e-07
-1.68619e-06
-7.0886e-07
-1.75158e-06
-6.93869e-07
-1.8105e-06
-6.75866e-07
-1.86422e-06
-6.55536e-07
-1.9137e-06
-6.33364e-07
-1.95958e-06
-6.09712e-07
-2.0023e-06
-5.84855e-07
-2.04214e-06
-5.59003e-07
-2.0793e-06
-5.32323e-07
-2.1139e-06
-5.04945e-07
-2.14603e-06
-4.76972e-07
-2.17576e-06
-4.48487e-07
-2.20316e-06
-4.19556e-07
-2.22828e-06
-3.90224e-07
-2.25116e-06
-3.60524e-07
-2.27185e-06
-3.30473e-07
-2.29041e-06
-3.0008e-07
-2.30687e-06
-2.69361e-07
-2.32128e-06
-2.3834e-07
-2.33368e-06
-2.07065e-07
-2.34411e-06
-1.75598e-07
-2.3526e-06
-1.44015e-07
-2.35917e-06
-1.12365e-07
-2.36387e-06
-8.06332e-08
-2.36669e-06
-4.8702e-08
-1.63932e-08
1.31609e-06
-1.50414e-08
1.31318e-06
-4.46561e-08
1.30837e-06
-7.3733e-08
1.30168e-06
-1.02346e-07
1.29312e-06
-1.30551e-07
1.28269e-06
-1.58343e-07
1.27042e-06
-1.85669e-07
1.2563e-06
-2.12465e-07
1.24034e-06
-2.38671e-07
1.22256e-06
-2.64245e-07
1.20295e-06
-2.89154e-07
1.18153e-06
-3.1338e-07
1.15831e-06
-3.36906e-07
1.13328e-06
-3.59715e-07
1.10647e-06
-3.81788e-07
1.07786e-06
-4.03095e-07
1.04744e-06
-4.236e-07
1.01519e-06
-4.4325e-07
9.8103e-07
-4.61974e-07
9.44861e-07
-4.79669e-07
9.06486e-07
-4.9618e-07
8.65612e-07
-5.1128e-07
8.21835e-07
-5.24633e-07
7.74686e-07
-5.35742e-07
7.2379e-07
-5.43896e-07
6.69188e-07
-5.48176e-07
6.11704e-07
-5.47643e-07
5.53263e-07
-5.42901e-07
4.95583e-07
-5.3491e-07
4.39974e-07
-5.24867e-07
3.87133e-07
-5.13862e-07
3.37237e-07
-5.02626e-07
2.90158e-07
-4.91527e-07
2.45634e-07
-4.80672e-07
2.03385e-07
-4.70038e-07
1.63157e-07
-4.59554e-07
1.2474e-07
-4.49159e-07
8.79682e-08
-4.38817e-07
5.27052e-08
-4.28529e-07
1.88296e-08
-4.18305e-07
-1.37572e-08
-4.08056e-07
-4.51259e-08
-3.97776e-07
-7.53401e-08
-3.87485e-07
-1.04458e-07
-3.77198e-07
-1.32532e-07
-3.66925e-07
-1.59612e-07
-3.5667e-07
-1.85746e-07
-3.46437e-07
-2.10978e-07
-3.36228e-07
-2.35353e-07
-3.26048e-07
-2.58918e-07
-3.15911e-07
-2.81724e-07
-3.05859e-07
-3.03837e-07
-2.95981e-07
-3.25347e-07
-2.86458e-07
-3.4649e-07
-2.77893e-07
-3.67459e-07
-2.70645e-07
-3.88816e-07
-2.66073e-07
-4.11935e-07
-2.67666e-07
-4.37722e-07
-2.79457e-07
-4.67258e-07
-2.96817e-07
-5.04475e-07
-3.16274e-07
-5.35234e-07
-3.38396e-07
-5.74044e-07
-3.64446e-07
-6.19921e-07
-3.92152e-07
-6.72674e-07
-4.21002e-07
-7.34396e-07
-4.51666e-07
-8.0862e-07
-4.88033e-07
-8.94452e-07
-5.26419e-07
-9.9201e-07
-5.65085e-07
-1.09939e-06
-6.01451e-07
-1.21219e-06
-6.32419e-07
-1.3242e-06
-6.55244e-07
-1.42804e-06
-6.68165e-07
-1.52089e-06
-6.70815e-07
-1.60271e-06
-6.66016e-07
-1.67494e-06
-6.56048e-07
-1.73943e-06
-6.4241e-07
-1.79778e-06
-6.26039e-07
-1.85122e-06
-6.07542e-07
-1.90064e-06
-5.87351e-07
-1.94666e-06
-5.65788e-07
-1.98968e-06
-5.43095e-07
-2.02997e-06
-5.19461e-07
-2.0677e-06
-4.9503e-07
-2.10298e-06
-4.69916e-07
-2.13588e-06
-4.44211e-07
-2.16645e-06
-4.17988e-07
-2.19474e-06
-3.91305e-07
-2.22078e-06
-3.64203e-07
-2.24461e-06
-3.3671e-07
-2.26625e-06
-3.08841e-07
-2.28572e-06
-2.80607e-07
-2.30307e-06
-2.52021e-07
-2.3183e-06
-2.2311e-07
-2.33144e-06
-1.9392e-07
-2.34252e-06
-1.64517e-07
-2.35156e-06
-1.34974e-07
-2.35859e-06
-1.05344e-07
-2.3636e-06
-7.56152e-08
-2.36663e-06
-4.56793e-08
-1.53758e-08
1.31604e-06
-1.40111e-08
1.31298e-06
-4.15988e-08
1.30793e-06
-6.86821e-08
1.30091e-06
-9.53253e-08
1.29194e-06
-1.21579e-07
1.28103e-06
-1.47437e-07
1.26821e-06
-1.72845e-07
1.25348e-06
-1.97742e-07
1.23688e-06
-2.22069e-07
1.21842e-06
-2.45785e-07
1.19812e-06
-2.68861e-07
1.17601e-06
-2.91277e-07
1.15211e-06
-3.13019e-07
1.12643e-06
-3.34073e-07
1.099e-06
-3.5442e-07
1.06983e-06
-3.74036e-07
1.03891e-06
-3.92886e-07
1.00622e-06
-4.10924e-07
9.71699e-07
-4.28084e-07
9.35231e-07
-4.44268e-07
8.96613e-07
-4.59333e-07
8.5554e-07
-4.73066e-07
8.11595e-07
-4.85149e-07
7.64302e-07
-4.95118e-07
7.133e-07
-5.02309e-07
6.5867e-07
-5.05877e-07
6.01362e-07
-5.05005e-07
5.43259e-07
-5.00336e-07
4.86049e-07
-4.92753e-07
4.30994e-07
-4.83366e-07
3.78739e-07
-4.73162e-07
3.29425e-07
-4.62791e-07
2.82897e-07
-4.52571e-07
2.38883e-07
-4.4259e-07
1.97095e-07
-4.32818e-07
1.57279e-07
-4.2319e-07
1.19224e-07
-4.13645e-07
8.27634e-08
-4.04151e-07
4.77638e-08
-3.9471e-07
1.41041e-08
-3.85326e-07
-1.83096e-08
-3.75913e-07
-4.95454e-08
-3.66468e-07
-7.96632e-08
-3.5701e-07
-1.08716e-07
-3.47548e-07
-1.36753e-07
-3.38091e-07
-1.63817e-07
-3.28644e-07
-1.8995e-07
-3.19208e-07
-2.1519e-07
-3.09784e-07
-2.39574e-07
-3.00379e-07
-2.63143e-07
-2.91007e-07
-2.85943e-07
-2.81709e-07
-3.08032e-07
-2.72572e-07
-3.29501e-07
-2.63775e-07
-3.5057e-07
-2.55909e-07
-3.71458e-07
-2.49296e-07
-3.92761e-07
-2.4529e-07
-4.15887e-07
-2.473e-07
-4.41716e-07
-2.5843e-07
-4.71407e-07
-2.74596e-07
-5.08217e-07
-2.92278e-07
-5.38758e-07
-3.12604e-07
-5.77807e-07
-3.36285e-07
-6.23855e-07
-3.6184e-07
-6.76642e-07
-3.88418e-07
-7.38258e-07
-4.16789e-07
-8.12203e-07
-4.50481e-07
-8.97587e-07
-4.85766e-07
-9.94455e-07
-5.2119e-07
-1.10086e-06
-5.54414e-07
-1.2124e-06
-5.8262e-07
-1.32296e-06
-6.03343e-07
-1.42534e-06
-6.15041e-07
-1.51686e-06
-6.17421e-07
-1.59752e-06
-6.13063e-07
-1.66877e-06
-6.04027e-07
-1.73243e-06
-5.91661e-07
-1.79011e-06
-5.76804e-07
-1.84305e-06
-5.60004e-07
-1.89215e-06
-5.41648e-07
-1.938e-06
-5.22022e-07
-1.98101e-06
-5.01346e-07
-2.02143e-06
-4.79787e-07
-2.05942e-06
-4.57475e-07
-2.09508e-06
-4.34512e-07
-2.12845e-06
-4.10977e-07
-2.15957e-06
-3.86937e-07
-2.18848e-06
-3.62441e-07
-2.21518e-06
-3.37525e-07
-2.23969e-06
-3.12213e-07
-2.26202e-06
-2.86519e-07
-2.28217e-06
-2.60451e-07
-2.30017e-06
-2.34023e-07
-2.31602e-06
-2.07262e-07
-2.32973e-06
-1.80211e-07
-2.34131e-06
-1.52937e-07
-2.35077e-06
-1.2551e-07
-2.35813e-06
-9.79841e-08
-2.3634e-06
-7.03489e-08
-2.36657e-06
-4.25048e-08
-1.43069e-08
1.316e-06
-1.29413e-08
1.31282e-06
-3.84239e-08
1.30758e-06
-6.3438e-08
1.30029e-06
-8.80404e-08
1.29099e-06
-1.12277e-07
1.27969e-06
-1.36138e-07
1.26642e-06
-1.59575e-07
1.2512e-06
-1.82525e-07
1.23407e-06
-2.04935e-07
1.21505e-06
-2.26765e-07
1.19417e-06
-2.47986e-07
1.17146e-06
-2.6858e-07
1.14696e-06
-2.88535e-07
1.12069e-06
-3.07837e-07
1.09267e-06
-3.2647e-07
1.06293e-06
-3.44412e-07
1.03147e-06
-3.61634e-07
9.98272e-07
-3.78092e-07
9.63275e-07
-3.93728e-07
9.26372e-07
-4.08453e-07
8.87369e-07
-4.22136e-07
8.45969e-07
-4.34578e-07
8.01768e-07
-4.45485e-07
7.54306e-07
-4.54423e-07
7.0324e-07
-4.60772e-07
6.4865e-07
-4.63754e-07
5.91664e-07
-4.6266e-07
5.34001e-07
-4.58141e-07
4.77322e-07
-4.51009e-07
4.22837e-07
-4.42291e-07
3.71142e-07
-4.3288e-07
3.2235e-07
-4.23354e-07
2.76297e-07
-4.13989e-07
2.32707e-07
-4.04856e-07
1.91298e-07
-3.95921e-07
1.51817e-07
-3.87122e-07
1.14058e-07
-3.78402e-07
7.78569e-08
-3.69732e-07
4.30818e-08
-3.61111e-07
9.61369e-09
-3.52542e-07
-2.26365e-08
-3.43943e-07
-5.37351e-08
-3.35312e-07
-8.37396e-08
-3.26664e-07
-1.127e-07
-3.1801e-07
-1.40661e-07
-3.09355e-07
-1.67662e-07
-3.00704e-07
-1.93741e-07
-2.92057e-07
-2.18932e-07
-2.83415e-07
-2.43268e-07
-2.74784e-07
-2.66786e-07
-2.6618e-07
-2.8953e-07
-2.57641e-07
-3.1156e-07
-2.49251e-07
-3.32971e-07
-2.4118e-07
-3.53948e-07
-2.3398e-07
-3.74766e-07
-2.27967e-07
-3.96035e-07
-2.24446e-07
-4.19198e-07
-2.26676e-07
-4.4492e-07
-2.37003e-07
-4.73876e-07
-2.51757e-07
-5.06394e-07
-2.67702e-07
-5.41707e-07
-2.87398e-07
-5.82041e-07
-3.08988e-07
-6.28232e-07
-3.32201e-07
-6.80918e-07
-3.56387e-07
-7.42448e-07
-3.8234e-07
-8.156e-07
-4.13172e-07
-9.00486e-07
-4.45404e-07
-9.96752e-07
-4.77681e-07
-1.1023e-06
-5.07876e-07
-1.21272e-06
-5.3344e-07
-1.32197e-06
-5.52163e-07
-1.42303e-06
-5.6268e-07
-1.51337e-06
-5.64773e-07
-1.59305e-06
-5.60787e-07
-1.66353e-06
-5.52586e-07
-1.72661e-06
-5.41383e-07
-1.78387e-06
-5.27928e-07
-1.83653e-06
-5.12713e-07
-1.88547e-06
-4.96081e-07
-1.93127e-06
-4.7829e-07
-1.97434e-06
-4.59535e-07
-2.01491e-06
-4.39962e-07
-2.05313e-06
-4.19688e-07
-2.08908e-06
-3.98802e-07
-2.12282e-06
-3.77375e-07
-2.15437e-06
-3.55464e-07
-2.18374e-06
-3.33112e-07
-2.21094e-06
-3.10352e-07
-2.23596e-06
-2.87203e-07
-2.25881e-06
-2.63677e-07
-2.27948e-06
-2.39782e-07
-2.29797e-06
-2.1553e-07
-2.31429e-06
-1.90946e-07
-2.32842e-06
-1.66075e-07
-2.34038e-06
-1.40978e-07
-2.35017e-06
-1.15724e-07
-2.35779e-06
-9.03652e-08
-2.36324e-06
-6.48927e-08
-2.36654e-06
-3.92139e-08
-1.31985e-08
1.31597e-06
-1.18397e-08
1.3127e-06
-3.51544e-08
1.3073e-06
-5.80388e-08
1.2998e-06
-8.05425e-08
1.29023e-06
-1.02707e-07
1.27861e-06
-1.24523e-07
1.26498e-06
-1.45943e-07
1.24937e-06
-1.66909e-07
1.2318e-06
-1.87371e-07
1.21232e-06
-2.07289e-07
1.19097e-06
-2.26639e-07
1.16778e-06
-2.45403e-07
1.1428e-06
-2.63569e-07
1.11606e-06
-2.81126e-07
1.08758e-06
-2.9806e-07
1.0574e-06
-3.14351e-07
1.02553e-06
-3.29972e-07
9.91945e-07
-3.44884e-07
9.56599e-07
-3.59035e-07
9.19381e-07
-3.72343e-07
8.80095e-07
-3.84686e-07
8.38441e-07
-3.95882e-07
7.94009e-07
-4.05658e-07
7.46346e-07
-4.13614e-07
6.95126e-07
-4.1918e-07
6.40457e-07
-4.21645e-07
5.83564e-07
-4.20418e-07
5.26115e-07
-4.16114e-07
4.69756e-07
-4.09489e-07
4.15653e-07
-4.01478e-07
3.64362e-07
-3.92879e-07
3.15965e-07
-3.84205e-07
2.70284e-07
-3.75693e-07
2.27038e-07
-3.67399e-07
1.85942e-07
-3.59289e-07
1.46744e-07
-3.51304e-07
1.0924e-07
-3.43393e-07
7.32669e-08
-3.35529e-07
3.86943e-08
-3.27711e-07
5.40404e-09
-3.19938e-07
-2.66859e-08
-3.1214e-07
-5.76435e-08
-3.04307e-07
-8.75235e-08
-2.96458e-07
-1.16373e-07
-2.886e-07
-1.44233e-07
-2.80739e-07
-1.71142e-07
-2.72877e-07
-1.97132e-07
-2.65015e-07
-2.22236e-07
-2.57154e-07
-2.46485e-07
-2.493e-07
-2.69912e-07
-2.41468e-07
-2.92558e-07
-2.33694e-07
-3.1448e-07
-2.26057e-07
-3.35772e-07
-2.18718e-07
-3.56617e-07
-2.12186e-07
-3.77295e-07
-2.06768e-07
-3.98436e-07
-2.037e-07
-4.21532e-07
-2.06056e-07
-4.47159e-07
-2.15579e-07
-4.75881e-07
-2.29047e-07
-5.0786e-07
-2.43627e-07
-5.43884e-07
-2.61658e-07
-5.84685e-07
-2.81344e-07
-6.31089e-07
-3.0241e-07
-6.83929e-07
-3.24329e-07
-7.45542e-07
-3.47909e-07
-8.18344e-07
-3.75901e-07
-9.02911e-07
-4.05125e-07
-9.98792e-07
-4.34325e-07
-1.10378e-06
-4.61575e-07
-1.21343e-06
-4.84584e-07
-1.32176e-06
-5.01382e-07
-1.42185e-06
-5.10769e-07
-1.51132e-06
-5.12592e-07
-1.59025e-06
-5.08969e-07
-1.66012e-06
-5.0157e-07
-1.72272e-06
-4.91477e-07
-1.7796e-06
-4.79361e-07
-1.83199e-06
-4.65658e-07
-1.88074e-06
-4.50675e-07
-1.92646e-06
-4.3464e-07
-1.96951e-06
-4.17728e-07
-2.01015e-06
-4.00069e-07
-2.0485e-06
-3.81765e-07
-2.08465e-06
-3.62895e-07
-2.11865e-06
-3.43521e-07
-2.15049e-06
-3.23694e-07
-2.18019e-06
-3.0345e-07
-2.20775e-06
-2.82819e-07
-2.23315e-06
-2.61815e-07
-2.25638e-06
-2.4045e-07
-2.27744e-06
-2.18729e-07
-2.2963e-06
-1.96664e-07
-2.31297e-06
-1.74279e-07
-2.32743e-06
-1.51616e-07
-2.33968e-06
-1.28732e-07
-2.34971e-06
-1.05693e-07
-2.35752e-06
-8.25489e-08
-2.36312e-06
-5.9291e-08
-2.3665e-06
-3.58335e-08
-1.20599e-08
1.31594e-06
-1.07125e-08
1.31259e-06
-3.18087e-08
1.30707e-06
-5.25142e-08
1.2994e-06
-7.28726e-08
1.28961e-06
-9.29212e-08
1.27774e-06
-1.12651e-07
1.26382e-06
-1.32017e-07
1.24787e-06
-1.50966e-07
1.22995e-06
-1.69452e-07
1.2101e-06
-1.87437e-07
1.18835e-06
-2.04899e-07
1.16476e-06
-2.21821e-07
1.13937e-06
-2.38194e-07
1.11221e-06
-2.54007e-07
1.08334e-06
-2.69246e-07
1.05276e-06
-2.83895e-07
1.0205e-06
-2.9793e-07
9.86552e-07
-3.11316e-07
9.50861e-07
-3.24005e-07
9.13319e-07
-3.35925e-07
8.73734e-07
-3.46963e-07
8.31808e-07
-3.56956e-07
7.87137e-07
-3.65653e-07
7.39278e-07
-3.72688e-07
6.87926e-07
-3.77541e-07
6.33223e-07
-3.7957e-07
5.76423e-07
-3.78285e-07
5.19182e-07
-3.74255e-07
4.63117e-07
-3.68176e-07
4.09349e-07
-3.60893e-07
3.58398e-07
-3.53114e-07
3.10329e-07
-3.4529e-07
2.64952e-07
-3.37624e-07
2.21985e-07
-3.30162e-07
1.81142e-07
-3.22868e-07
1.42177e-07
-3.15689e-07
1.04885e-07
-3.08578e-07
6.9107e-08
-3.0151e-07
3.47118e-08
-2.94485e-07
1.58143e-09
-2.87497e-07
-3.03623e-08
-2.8049e-07
-6.11869e-08
-2.73446e-07
-9.09439e-08
-2.66387e-07
-1.19678e-07
-2.5932e-07
-1.47429e-07
-2.52247e-07
-1.74233e-07
-2.45172e-07
-2.0012e-07
-2.38095e-07
-2.25121e-07
-2.31015e-07
-2.49264e-07
-2.23941e-07
-2.7258e-07
-2.16884e-07
-2.95111e-07
-2.09881e-07
-3.16909e-07
-2.03003e-07
-3.38071e-07
-1.96401e-07
-3.58777e-07
-1.90538e-07
-3.79318e-07
-1.85707e-07
-4.00338e-07
-1.8306e-07
-4.2338e-07
-1.85452e-07
-4.4897e-07
-1.94147e-07
-4.77666e-07
-2.06335e-07
-5.09676e-07
-2.19502e-07
-5.45826e-07
-2.35774e-07
-5.86789e-07
-2.53516e-07
-6.33335e-07
-2.72472e-07
-6.8628e-07
-2.92172e-07
-7.47984e-07
-3.1341e-07
-8.20645e-07
-3.38593e-07
-9.05012e-07
-3.64847e-07
-1.00062e-06
-3.9103e-07
-1.10518e-06
-4.15409e-07
-1.21421e-06
-4.35943e-07
-1.32178e-06
-4.5089e-07
-1.42107e-06
-4.59195e-07
-1.50981e-06
-4.60764e-07
-1.58814e-06
-4.57491e-07
-1.65754e-06
-4.50861e-07
-1.71976e-06
-4.41836e-07
-1.77636e-06
-4.31008e-07
-1.82855e-06
-4.18763e-07
-1.87718e-06
-4.05373e-07
-1.92283e-06
-3.9104e-07
-1.96588e-06
-3.75917e-07
-2.00657e-06
-3.6012e-07
-2.04503e-06
-3.43738e-07
-2.08133e-06
-3.2684e-07
-2.1155e-06
-3.0948e-07
-2.14757e-06
-2.91703e-07
-2.17752e-06
-2.73541e-07
-2.20534e-06
-2.55016e-07
-2.23102e-06
-2.36145e-07
-2.25455e-06
-2.16933e-07
-2.27589e-06
-1.97388e-07
-2.29504e-06
-1.77518e-07
-2.31197e-06
-1.57347e-07
-2.32667e-06
-1.36912e-07
-2.33914e-06
-1.16268e-07
-2.34935e-06
-9.54768e-08
-2.35732e-06
-7.45824e-08
-2.36303e-06
-5.35779e-08
-2.36648e-06
-3.23843e-08
-1.08981e-08
1.31592e-06
-9.56465e-09
1.31251e-06
-2.84013e-08
1.30689e-06
-4.68881e-08
1.29908e-06
-6.50632e-08
1.28912e-06
-8.29598e-08
1.27703e-06
-1.00569e-07
1.26287e-06
-1.17851e-07
1.24666e-06
-1.34756e-07
1.22845e-06
-1.51242e-07
1.20828e-06
-1.67275e-07
1.18621e-06
-1.82834e-07
1.16229e-06
-1.97906e-07
1.13656e-06
-2.1248e-07
1.10906e-06
-2.26547e-07
1.07984e-06
-2.40096e-07
1.04894e-06
-2.53111e-07
1.01636e-06
-2.65571e-07
9.82108e-07
-2.77447e-07
9.46127e-07
-2.88695e-07
9.08313e-07
-2.99249e-07
8.68473e-07
-3.0901e-07
8.26309e-07
-3.17829e-07
7.81418e-07
-3.25481e-07
7.33365e-07
-3.31636e-07
6.81862e-07
-3.35828e-07
6.27086e-07
-3.37482e-07
5.70316e-07
-3.362e-07
5.13211e-07
-3.32497e-07
4.57359e-07
-3.27004e-07
4.03847e-07
-3.20473e-07
3.53168e-07
-3.13528e-07
3.05364e-07
-3.06559e-07
2.60236e-07
-2.9974e-07
2.175e-07
-2.93106e-07
1.76871e-07
-2.86624e-07
1.38102e-07
-2.80245e-07
1.00992e-07
-2.73928e-07
6.53825e-08
-2.67651e-07
3.11477e-08
-2.61416e-07
-1.82737e-09
-2.55212e-07
-3.36512e-08
-2.48966e-07
-6.43558e-08
-2.42713e-07
-9.39949e-08
-2.36445e-07
-1.22615e-07
-2.30165e-07
-1.50257e-07
-2.2388e-07
-1.76952e-07
-2.1759e-07
-2.02732e-07
-2.11297e-07
-2.27625e-07
-2.05001e-07
-2.51657e-07
-1.98708e-07
-2.7486e-07
-1.92431e-07
-2.97272e-07
-1.86202e-07
-3.18949e-07
-1.80086e-07
-3.39985e-07
-1.74222e-07
-3.60565e-07
-1.69024e-07
-3.80986e-07
-1.64764e-07
-4.01902e-07
-1.62512e-07
-4.24905e-07
-1.64856e-07
-4.50494e-07
-1.72687e-07
-4.79217e-07
-1.83575e-07
-5.11291e-07
-1.95311e-07
-5.47519e-07
-2.098e-07
-5.88566e-07
-2.25585e-07
-6.35192e-07
-2.42436e-07
-6.88212e-07
-2.59933e-07
-7.50004e-07
-2.78835e-07
-8.22594e-07
-3.01219e-07
-9.06836e-07
-3.24527e-07
-1.00225e-06
-3.47732e-07
-1.1065e-06
-3.69296e-07
-1.21507e-06
-3.87417e-07
-1.32205e-06
-4.00572e-07
-1.42071e-06
-4.07839e-07
-1.50887e-06
-4.09175e-07
-1.58672e-06
-4.06251e-07
-1.65573e-06
-4.00376e-07
-1.71765e-06
-3.92392e-07
-1.77403e-06
-3.8282e-07
-1.82605e-06
-3.71996e-07
-1.87457e-06
-3.6016e-07
-1.92017e-06
-3.47488e-07
-1.9632e-06
-3.34114e-07
-2.00392e-06
-3.20139e-07
-2.04244e-06
-3.05642e-07
-2.07884e-06
-2.90682e-07
-2.11315e-06
-2.75307e-07
-2.14537e-06
-2.59553e-07
-2.17551e-06
-2.43449e-07
-2.20353e-06
-2.27016e-07
-2.22942e-06
-2.10264e-07
-2.25316e-06
-1.93201e-07
-2.27472e-06
-1.7583e-07
-2.29408e-06
-1.58161e-07
-2.31121e-06
-1.40215e-07
-2.3261e-06
-1.22024e-07
-2.33873e-06
-1.03641e-07
-2.34908e-06
-8.51192e-08
-2.35716e-06
-6.65013e-08
-2.36296e-06
-4.77797e-08
-2.36646e-06
-2.88823e-08
-9.71853e-09
1.3159e-06
-8.40011e-09
1.31245e-06
-2.4944e-08
1.30674e-06
-4.11799e-08
1.29882e-06
-5.71408e-08
1.28871e-06
-7.28561e-08
1.27646e-06
-8.83177e-08
1.2621e-06
-1.0349e-07
1.24567e-06
-1.18328e-07
1.22722e-06
-1.32794e-07
1.2068e-06
-1.46858e-07
1.18446e-06
-1.60502e-07
1.16026e-06
-1.73712e-07
1.13424e-06
-1.86481e-07
1.10646e-06
-1.988e-07
1.07696e-06
-2.10658e-07
1.04577e-06
-2.22044e-07
1.01291e-06
-2.32938e-07
9.7839e-07
-2.43314e-07
9.42151e-07
-2.53134e-07
9.0409e-07
-2.6234e-07
8.64017e-07
-2.70844e-07
8.21634e-07
-2.78515e-07
7.76541e-07
-2.85154e-07
7.28308e-07
-2.90467e-07
6.76669e-07
-2.94043e-07
6.21825e-07
-2.95379e-07
5.65078e-07
-2.94152e-07
5.08083e-07
-2.90819e-07
4.52407e-07
-2.85945e-07
3.99107e-07
-2.80186e-07
3.48649e-07
-2.74084e-07
3.0106e-07
-2.67973e-07
2.56134e-07
-2.62001e-07
2.13586e-07
-2.56193e-07
1.7313e-07
-2.50521e-07
1.34522e-07
-2.4494e-07
9.75619e-08
-2.39413e-07
6.20916e-08
-2.33923e-07
2.79819e-08
-2.28468e-07
-4.88372e-09
-2.23038e-07
-3.65706e-08
-2.17582e-07
-6.71532e-08
-2.12109e-07
-9.66798e-08
-2.06624e-07
-1.25192e-07
-2.0113e-07
-1.52728e-07
-1.9563e-07
-1.79319e-07
-1.90126e-07
-2.04994e-07
-1.84618e-07
-2.29782e-07
-1.79106e-07
-2.53708e-07
-1.73596e-07
-2.76803e-07
-1.681e-07
-2.99105e-07
-1.62646e-07
-3.2067e-07
-1.57293e-07
-3.41594e-07
-1.52164e-07
-3.62064e-07
-1.47626e-07
-3.8238e-07
-1.43925e-07
-4.03206e-07
-1.42044e-07
-4.26178e-07
-1.44262e-07
-4.51765e-07
-1.51192e-07
-4.80548e-07
-1.60757e-07
-5.12679e-07
-1.71048e-07
-5.48966e-07
-1.83745e-07
-5.90076e-07
-1.97569e-07
-6.3676e-07
-2.12316e-07
-6.89843e-07
-2.27621e-07
-7.51719e-07
-2.44182e-07
-8.24284e-07
-2.63769e-07
-9.08447e-07
-2.84147e-07
-1.00373e-06
-3.04406e-07
-1.10774e-06
-3.23198e-07
-1.21594e-06
-3.38958e-07
-1.32244e-06
-3.5037e-07
-1.42057e-06
-3.56639e-07
-1.50826e-06
-3.5776e-07
-1.58572e-06
-3.55188e-07
-1.65441e-06
-3.50056e-07
-1.7161e-06
-3.43095e-07
-1.7723e-06
-3.34754e-07
-1.82419e-06
-3.25324e-07
-1.87263e-06
-3.15013e-07
-1.91817e-06
-3.03972e-07
-1.9612e-06
-2.92317e-07
-2.00193e-06
-2.80137e-07
-2.0405e-06
-2.67497e-07
-2.07697e-06
-2.54449e-07
-2.11138e-06
-2.41035e-07
-2.14372e-06
-2.27285e-07
-2.17399e-06
-2.13223e-07
-2.20216e-06
-1.98867e-07
-2.22821e-06
-1.84227e-07
-2.25211e-06
-1.69306e-07
-2.27383e-06
-1.5411e-07
-2.29335e-06
-1.38646e-07
-2.31063e-06
-1.22931e-07
-2.32566e-06
-1.06997e-07
-2.33841e-06
-9.08879e-08
-2.34888e-06
-7.46545e-08
-2.35704e-06
-5.83328e-08
-2.36291e-06
-4.19161e-08
-2.36645e-06
-2.53398e-08
-8.52535e-09
1.31589e-06
-7.22214e-09
1.31239e-06
-2.14465e-08
1.30662e-06
-3.54055e-08
1.2986e-06
-4.91274e-08
1.28839e-06
-6.26373e-08
1.276e-06
-7.59284e-08
1.26148e-06
-8.8969e-08
1.24487e-06
-1.01721e-07
1.22622e-06
-1.1415e-07
1.20559e-06
-1.26232e-07
1.18304e-06
-1.37948e-07
1.1586e-06
-1.49289e-07
1.13235e-06
-1.60246e-07
1.10433e-06
-1.70814e-07
1.07459e-06
-1.80982e-07
1.04316e-06
-1.90741e-07
1.01007e-06
-2.00073e-07
9.75322e-07
-2.08957e-07
9.38864e-07
-2.1736e-07
9.00593e-07
-2.25231e-07
8.60319e-07
-2.32495e-07
8.17743e-07
-2.39038e-07
7.7247e-07
-2.44687e-07
7.24075e-07
-2.49189e-07
6.72307e-07
-2.52188e-07
6.17392e-07
-2.53251e-07
5.6065e-07
-2.52121e-07
5.03736e-07
-2.49198e-07
4.48199e-07
-2.4497e-07
3.95068e-07
-2.40001e-07
3.44789e-07
-2.34752e-07
2.97375e-07
-2.29504e-07
2.52616e-07
-2.2438e-07
2.10222e-07
-2.19399e-07
1.6991e-07
-2.14536e-07
1.31437e-07
-2.09751e-07
9.46031e-08
-2.05013e-07
5.92515e-08
-2.00306e-07
2.52555e-08
-1.95631e-07
-7.49782e-09
-1.90978e-07
-3.9085e-08
-1.86302e-07
-6.95671e-08
-1.81611e-07
-9.8995e-08
-1.76909e-07
-1.27411e-07
-1.722e-07
-1.54852e-07
-1.67485e-07
-1.81349e-07
-1.62766e-07
-2.0693e-07
-1.58043e-07
-2.31623e-07
-1.53317e-07
-2.55452e-07
-1.48592e-07
-2.78449e-07
-1.43878e-07
-3.00651e-07
-1.39201e-07
-3.22115e-07
-1.34611e-07
-3.42939e-07
-1.30216e-07
-3.63312e-07
-1.26331e-07
-3.83535e-07
-1.2318e-07
-4.04287e-07
-1.21642e-07
-4.27226e-07
-1.23676e-07
-4.52798e-07
-1.29679e-07
-4.81676e-07
-1.37911e-07
-5.13865e-07
-1.4674e-07
-5.50202e-07
-1.57629e-07
-5.91359e-07
-1.69483e-07
-6.3808e-07
-1.82124e-07
-6.91214e-07
-1.9524e-07
-7.53161e-07
-2.09454e-07
-8.2573e-07
-2.26247e-07
-9.09849e-07
-2.43704e-07
-1.00504e-06
-2.61037e-07
-1.10886e-06
-2.7709e-07
-1.21677e-06
-2.90529e-07
-1.32289e-06
-3.00238e-07
-1.4206e-06
-3.05544e-07
-1.5079e-06
-3.06468e-07
-1.58504e-06
-3.04251e-07
-1.65349e-06
-2.99858e-07
-1.71498e-06
-2.93907e-07
-1.77104e-06
-2.86781e-07
-1.82283e-06
-2.78726e-07
-1.87119e-06
-2.69918e-07
-1.9167e-06
-2.60486e-07
-1.95971e-06
-2.50529e-07
-2.00045e-06
-2.40121e-07
-2.03905e-06
-2.29318e-07
-2.07558e-06
-2.18164e-07
-2.11005e-06
-2.06692e-07
-2.14248e-06
-1.9493e-07
-2.17285e-06
-1.82898e-07
-2.20113e-06
-1.7061e-07
-2.22729e-06
-1.58072e-07
-2.25131e-06
-1.45291e-07
-2.27316e-06
-1.32268e-07
-2.29279e-06
-1.1901e-07
-2.31019e-06
-1.05533e-07
-2.32532e-06
-9.18635e-08
-2.33817e-06
-7.80408e-08
-2.34872e-06
-6.41084e-08
-2.35695e-06
-5.00978e-08
-2.36287e-06
-3.60026e-08
-2.36644e-06
-2.17661e-08
-7.32182e-09
1.31588e-06
-6.03349e-09
1.31235e-06
-1.79169e-08
1.30652e-06
-2.95783e-08
1.29844e-06
-4.10411e-08
1.28813e-06
-5.23265e-08
1.27563e-06
-6.34286e-08
1.26098e-06
-7.43207e-08
1.24423e-06
-8.49705e-08
1.22542e-06
-9.53493e-08
1.20463e-06
-1.05436e-07
1.18189e-06
-1.15215e-07
1.15727e-06
-1.24678e-07
1.13082e-06
-1.33819e-07
1.1026e-06
-1.42632e-07
1.07266e-06
-1.51109e-07
1.04104e-06
-1.59241e-07
1.00776e-06
-1.67015e-07
9.72814e-07
-1.74413e-07
9.3617e-07
-1.81405e-07
8.9772e-07
-1.87952e-07
8.57273e-07
-1.93989e-07
8.14533e-07
-1.99419e-07
7.69103e-07
-2.04099e-07
7.20567e-07
-2.07815e-07
6.68685e-07
-2.10268e-07
6.13706e-07
-2.11097e-07
5.56964e-07
-2.10102e-07
5.00113e-07
-2.07619e-07
4.44686e-07
-2.0406e-07
3.91691e-07
-1.99896e-07
3.41556e-07
-1.95508e-07
2.94284e-07
-1.91127e-07
2.49658e-07
-1.86852e-07
2.07389e-07
-1.82699e-07
1.67195e-07
-1.78644e-07
1.28831e-07
-1.74655e-07
9.21017e-08
-1.70706e-07
5.68492e-08
-1.66783e-07
2.29483e-08
-1.62888e-07
-9.71394e-09
-1.5901e-07
-4.12137e-08
-1.55113e-07
-7.16107e-08
-1.51204e-07
-1.00955e-07
-1.47285e-07
-1.29288e-07
-1.4336e-07
-1.56646e-07
-1.3943e-07
-1.83061e-07
-1.35497e-07
-2.08561e-07
-1.3156e-07
-2.3317e-07
-1.2762e-07
-2.56915e-07
-1.23681e-07
-2.79825e-07
-1.19751e-07
-3.01939e-07
-1.15851e-07
-3.23309e-07
-1.12024e-07
-3.44052e-07
-1.08362e-07
-3.64341e-07
-1.05127e-07
-3.84489e-07
-1.0251e-07
-4.05199e-07
-1.01273e-07
-4.28108e-07
-1.03092e-07
-4.53659e-07
-1.08128e-07
-4.82576e-07
-1.15001e-07
-5.14825e-07
-1.22365e-07
-5.51221e-07
-1.31446e-07
-5.92431e-07
-1.41328e-07
-6.39188e-07
-1.51863e-07
-6.9237e-07
-1.62794e-07
-7.54386e-07
-1.74655e-07
-8.2697e-07
-1.88652e-07
-9.11064e-07
-2.03194e-07
-1.00618e-06
-2.17619e-07
-1.10987e-06
-2.30961e-07
-1.21754e-06
-2.42112e-07
-1.32335e-06
-2.50151e-07
-1.42071e-06
-2.54523e-07
-1.5077e-06
-2.55266e-07
-1.58458e-06
-2.53409e-07
-1.65283e-06
-2.4975e-07
-1.71417e-06
-2.44801e-07
-1.77012e-06
-2.38877e-07
-1.82183e-06
-2.32183e-07
-1.87013e-06
-2.24863e-07
-1.9156e-06
-2.17025e-07
-1.9586e-06
-2.08749e-07
-1.99935e-06
-2.00097e-07
-2.03797e-06
-1.91115e-07
-2.07453e-06
-1.8184e-07
-2.10906e-06
-1.72298e-07
-2.14155e-06
-1.62513e-07
-2.17199e-06
-1.525e-07
-2.20035e-06
-1.42271e-07
-2.2266e-06
-1.31832e-07
-2.25071e-06
-1.21186e-07
-2.27265e-06
-1.10335e-07
-2.29238e-06
-9.92853e-08
-2.30986e-06
-8.80497e-08
-2.32507e-06
-7.66512e-08
-2.33799e-06
-6.51226e-08
-2.3486e-06
-5.35008e-08
-2.35688e-06
-4.18123e-08
-2.36284e-06
-3.0051e-08
-2.36643e-06
-1.81688e-08
-6.11064e-09
1.31587e-06
-4.83637e-09
1.31232e-06
-1.43619e-08
1.30645e-06
-2.37094e-08
1.2983e-06
-3.28974e-08
1.28792e-06
-4.19431e-08
1.27533e-06
-5.08416e-08
1.26058e-06
-5.95715e-08
1.24372e-06
-6.81064e-08
1.22479e-06
-7.64232e-08
1.20386e-06
-8.45044e-08
1.18098e-06
-9.23382e-08
1.15621e-06
-9.99174e-08
1.1296e-06
-1.07237e-07
1.10123e-06
-1.14291e-07
1.07113e-06
-1.21076e-07
1.03934e-06
-1.27582e-07
1.0059e-06
-1.338e-07
9.70805e-07
-1.39714e-07
9.34009e-07
-1.45303e-07
8.9541e-07
-1.50533e-07
8.5482e-07
-1.55352e-07
8.11942e-07
-1.59683e-07
7.66381e-07
-1.63409e-07
7.17726e-07
-1.66359e-07
6.65746e-07
-1.68292e-07
6.1071e-07
-1.68919e-07
5.53963e-07
-1.68087e-07
4.9716e-07
-1.6607e-07
4.41819e-07
-1.632e-07
3.88932e-07
-1.59853e-07
3.38911e-07
-1.56333e-07
2.91751e-07
-1.52823e-07
2.47232e-07
-1.49399e-07
2.05063e-07
-1.46074e-07
1.64963e-07
-1.42829e-07
1.26688e-07
-1.39636e-07
9.00421e-08
-1.36475e-07
5.48702e-08
-1.33336e-07
2.10466e-08
-1.3022e-07
-1.15412e-08
-1.27116e-07
-4.29686e-08
-1.23999e-07
-7.32948e-08
-1.20871e-07
-1.02569e-07
-1.17735e-07
-1.30833e-07
-1.14595e-07
-1.58123e-07
-1.1145e-07
-1.8447e-07
-1.08303e-07
-2.09901e-07
-1.05153e-07
-2.3444e-07
-1.02e-07
-2.58115e-07
-9.88481e-08
-2.80953e-07
-9.57029e-08
-3.0299e-07
-9.25816e-08
-3.24281e-07
-8.95188e-08
-3.44954e-07
-8.65901e-08
-3.65168e-07
-8.40022e-08
-3.85248e-07
-8.19105e-08
-4.0591e-07
-8.09443e-08
-4.28795e-07
-8.25122e-08
-4.54331e-07
-8.655e-08
-4.83313e-07
-9.20514e-08
-5.15617e-07
-9.79436e-08
-5.52062e-07
-1.0521e-07
-5.93316e-07
-1.13118e-07
-6.40107e-07
-1.21548e-07
-6.93325e-07
-1.30294e-07
-7.55404e-07
-1.39794e-07
-8.28013e-07
-1.50996e-07
-9.12098e-07
-1.62628e-07
-1.00717e-06
-1.74158e-07
-1.11074e-06
-1.84811e-07
-1.21823e-06
-1.93701e-07
-1.32378e-06
-2.00096e-07
-1.42087e-06
-2.03554e-07
-1.50761e-06
-2.04126e-07
-1.58429e-06
-2.02632e-07
-1.65238e-06
-1.99707e-07
-1.7136e-06
-1.95754e-07
-1.76946e-06
-1.91025e-07
-1.8211e-06
-1.85682e-07
-1.86937e-06
-1.7984e-07
-1.91481e-06
-1.73583e-07
-1.95779e-06
-1.66977e-07
-1.99854e-06
-1.60069e-07
-2.03718e-06
-1.52897e-07
-2.07377e-06
-1.45489e-07
-2.10833e-06
-1.37868e-07
-2.14087e-06
-1.3005e-07
-2.17136e-06
-1.22049e-07
-2.19978e-06
-1.13873e-07
-2.22609e-06
-1.05527e-07
-2.25027e-06
-9.70136e-08
-2.27227e-06
-8.83345e-08
-2.29207e-06
-7.94942e-08
-2.30961e-06
-7.05032e-08
-2.32488e-06
-6.13801e-08
-2.33785e-06
-5.21516e-08
-2.34851e-06
-4.28474e-08
-2.35683e-06
-3.34889e-08
-2.36281e-06
-2.40708e-08
-2.36643e-06
-1.45537e-08
-4.894e-09
1.31586e-06
-3.63283e-09
1.31229e-06
-1.07878e-08
1.30639e-06
-1.7809e-08
1.2982e-06
-2.47102e-08
1.28776e-06
-3.15044e-08
1.27511e-06
-3.81881e-08
1.26028e-06
-4.47449e-08
1.24333e-06
-5.1155e-08
1.22431e-06
-5.74008e-08
1.20327e-06
-6.34689e-08
1.18028e-06
-6.93506e-08
1.15539e-06
-7.50401e-08
1.12867e-06
-8.05335e-08
1.10017e-06
-8.58275e-08
1.06994e-06
-9.09176e-08
1.03803e-06
-9.57981e-08
1.00447e-06
-1.00461e-07
9.69247e-07
-1.04895e-07
9.3233e-07
-1.09084e-07
8.93614e-07
-1.13002e-07
8.5291e-07
-1.16611e-07
8.09922e-07
-1.19852e-07
7.64256e-07
-1.22637e-07
7.15504e-07
-1.24837e-07
6.63446e-07
-1.2627e-07
6.08363e-07
-1.26719e-07
5.51611e-07
-1.26075e-07
4.94843e-07
-1.24544e-07
4.39568e-07
-1.22377e-07
3.86763e-07
-1.19857e-07
3.3683e-07
-1.1721e-07
2.89757e-07
-1.14573e-07
2.4532e-07
-1.12003e-07
2.03228e-07
-1.09507e-07
1.632e-07
-1.07071e-07
1.24993e-07
-1.04675e-07
8.84127e-08
-1.02303e-07
5.33034e-08
-9.99483e-08
1.954e-08
-9.76102e-08
-1.29895e-08
-9.52823e-08
-4.436e-08
-9.29436e-08
-7.46301e-08
-9.05971e-08
-1.03849e-07
-8.82452e-08
-1.32059e-07
-8.58894e-08
-1.59294e-07
-8.35309e-08
-1.85585e-07
-8.11702e-08
-2.10961e-07
-7.88072e-08
-2.35445e-07
-7.64422e-08
-2.59062e-07
-7.40773e-08
-2.81841e-07
-7.17178e-08
-3.03819e-07
-6.93762e-08
-3.25049e-07
-6.70788e-08
-3.45664e-07
-6.48832e-08
-3.65818e-07
-6.2943e-08
-3.85833e-07
-6.13766e-08
-4.06434e-07
-6.06718e-08
-4.29326e-07
-6.19063e-08
-4.54863e-07
-6.49361e-08
-4.83903e-07
-6.90616e-08
-5.16254e-07
-7.34818e-08
-5.5274e-07
-7.8934e-08
-5.94031e-07
-8.48666e-08
-6.4086e-07
-9.119e-08
-6.94098e-07
-9.77508e-08
-7.56233e-07
-1.04883e-07
-8.28871e-07
-1.13288e-07
-9.12956e-07
-1.22015e-07
-1.00799e-06
-1.30661e-07
-1.11148e-06
-1.38647e-07
-1.21882e-06
-1.45302e-07
-1.32416e-06
-1.50075e-07
-1.42103e-06
-1.5262e-07
-1.50758e-06
-1.53025e-07
-1.58411e-06
-1.51899e-07
-1.65208e-06
-1.49707e-07
-1.71321e-06
-1.4675e-07
-1.769e-06
-1.43211e-07
-1.82059e-06
-1.39213e-07
-1.86882e-06
-1.3484e-07
-1.91424e-06
-1.30157e-07
-1.95721e-06
-1.25211e-07
-1.99796e-06
-1.20039e-07
-2.03661e-06
-1.14669e-07
-2.07321e-06
-1.09121e-07
-2.1078e-06
-1.03412e-07
-2.14037e-06
-9.75552e-08
-2.1709e-06
-9.15598e-08
-2.19936e-06
-8.54324e-08
-2.22572e-06
-7.91766e-08
-2.24995e-06
-7.2794e-08
-2.272e-06
-6.62858e-08
-2.29184e-06
-5.96555e-08
-2.30943e-06
-5.2911e-08
-2.32475e-06
-4.60665e-08
-2.33776e-06
-3.91421e-08
-2.34844e-06
-3.21605e-08
-2.35679e-06
-2.51377e-08
-2.3628e-06
-1.80694e-08
-2.36642e-06
-1.09256e-08
-3.67359e-09
1.31586e-06
-2.42457e-09
1.31227e-06
-7.19972e-09
1.30635e-06
-1.18856e-08
1.29813e-06
-1.64912e-08
1.28765e-06
-2.10255e-08
1.27495e-06
-2.54861e-08
1.26007e-06
-2.98621e-08
1.24305e-06
-3.414e-08
1.22396e-06
-3.8308e-08
1.20284e-06
-4.23573e-08
1.17977e-06
-4.62817e-08
1.1548e-06
-5.00775e-08
1.12799e-06
-5.37421e-08
1.09939e-06
-5.72732e-08
1.06908e-06
-6.06678e-08
1.03707e-06
-6.39222e-08
1.00342e-06
-6.7031e-08
9.68106e-07
-6.99868e-08
9.31099e-07
-7.27784e-08
8.92296e-07
-7.5389e-08
8.51507e-07
-7.77927e-08
8.08435e-07
-7.99504e-08
7.6269e-07
-8.18032e-08
7.13865e-07
-8.3264e-08
6.61747e-07
-8.42118e-08
6.06626e-07
-8.45012e-08
5.49869e-07
-8.40621e-08
4.93126e-07
-8.30322e-08
4.37898e-07
-8.15799e-08
3.85154e-07
-7.98939e-08
3.35285e-07
-7.81252e-08
2.88275e-07
-7.63639e-08
2.43898e-07
-7.46478e-08
2.01863e-07
-7.29817e-08
1.61888e-07
-7.13559e-08
1.23732e-07
-6.97571e-08
8.71994e-08
-6.81748e-08
5.21364e-08
-6.66039e-08
1.84177e-08
-6.50445e-08
-1.40684e-08
-6.3492e-08
-4.53963e-08
-6.19325e-08
-7.56244e-08
-6.03678e-08
-1.04802e-07
-5.87997e-08
-1.3297e-07
-5.72291e-08
-1.60163e-07
-5.56567e-08
-1.86414e-07
-5.40827e-08
-2.11747e-07
-5.25073e-08
-2.36189e-07
-5.09305e-08
-2.59763e-07
-4.93538e-08
-2.82498e-07
-4.77807e-08
-3.0443e-07
-4.62196e-08
-3.25615e-07
-4.46882e-08
-3.46185e-07
-4.32254e-08
-3.66294e-07
-4.19331e-08
-3.86261e-07
-4.08919e-08
-4.06825e-07
-4.0433e-08
-4.29732e-07
-4.12735e-08
-4.55271e-07
-4.32986e-08
-4.84361e-07
-4.60503e-08
-5.16748e-07
-4.89973e-08
-5.53263e-07
-5.26322e-08
-5.94581e-07
-5.6587e-08
-6.41441e-07
-6.0802e-08
-6.94693e-07
-6.5175e-08
-7.56877e-07
-6.99321e-08
-8.29545e-07
-7.5536e-08
-9.13642e-07
-8.13543e-08
-1.00867e-06
-8.71235e-08
-1.11211e-06
-9.24559e-08
-1.21935e-06
-9.68998e-08
-1.32444e-06
-1.00171e-07
-1.42116e-06
-1.01704e-07
-1.50759e-06
-1.01935e-07
-1.58402e-06
-1.01184e-07
-1.65191e-06
-9.97328e-08
-1.71297e-06
-9.77724e-08
-1.76871e-06
-9.54237e-08
-1.82026e-06
-9.27672e-08
-1.86846e-06
-8.98601e-08
-1.91386e-06
-8.67451e-08
-1.95683e-06
-8.34542e-08
-1.99757e-06
-8.00118e-08
-2.03622e-06
-7.64364e-08
-2.07284e-06
-7.27423e-08
-2.10744e-06
-6.89404e-08
-2.14003e-06
-6.50394e-08
-2.17058e-06
-6.10456e-08
-2.19907e-06
-5.69633e-08
-2.22547e-06
-5.27949e-08
-2.24972e-06
-4.85414e-08
-2.27181e-06
-4.42035e-08
-2.29168e-06
-3.97836e-08
-2.30931e-06
-3.52869e-08
-2.32465e-06
-3.07232e-08
-2.33769e-06
-2.61059e-08
-2.3484e-06
-2.14503e-08
-2.35677e-06
-1.67672e-08
-2.36278e-06
-1.20534e-08
-2.36642e-06
-7.28845e-09
-2.4507e-09
1.31586e-06
-1.21324e-09
1.31226e-06
-3.60256e-09
1.30632e-06
-5.94725e-09
1.29808e-06
-8.25181e-09
1.28758e-06
-1.05207e-08
1.27484e-06
-1.27528e-08
1.25992e-06
-1.49427e-08
1.24287e-06
-1.70836e-08
1.22373e-06
-1.91695e-08
1.20256e-06
-2.1196e-08
1.17944e-06
-2.31598e-08
1.15441e-06
-2.50592e-08
1.12754e-06
-2.68927e-08
1.09889e-06
-2.86593e-08
1.06851e-06
-3.03575e-08
1.03645e-06
-3.19854e-08
1.00273e-06
-3.35404e-08
9.67358e-07
-3.50188e-08
9.30292e-07
-3.64149e-08
8.91431e-07
-3.77205e-08
8.50584e-07
-3.89227e-08
8.07457e-07
-4.00016e-08
7.61659e-07
-4.09279e-08
7.12785e-07
-4.16578e-08
6.60626e-07
-4.21304e-08
6.05481e-07
-4.22727e-08
5.4872e-07
-4.20499e-08
4.91992e-07
-4.15311e-08
4.36795e-07
-4.08007e-08
3.8409e-07
-3.99536e-08
3.34263e-07
-3.90653e-08
2.87294e-07
-3.81811e-08
2.42957e-07
-3.73199e-08
2.00959e-07
-3.64841e-08
1.61018e-07
-3.56688e-08
1.22895e-07
-3.48675e-08
8.63945e-08
-3.40748e-08
5.13618e-08
-3.32882e-08
1.76725e-08
-3.25077e-08
-1.4785e-08
-3.17308e-08
-4.60846e-08
-3.09506e-08
-7.62849e-08
-3.01681e-08
-1.05435e-07
-2.93839e-08
-1.33575e-07
-2.85987e-08
-1.60741e-07
-2.78126e-08
-1.86963e-07
-2.70258e-08
-2.12269e-07
-2.62384e-08
-2.36682e-07
-2.54503e-08
-2.60227e-07
-2.46622e-08
-2.82932e-07
-2.3876e-08
-3.04834e-07
-2.30958e-08
-3.25989e-07
-2.23305e-08
-3.4653e-07
-2.15997e-08
-3.66611e-07
-2.09543e-08
-3.86551e-07
-2.04347e-08
-4.07098e-07
-2.02088e-08
-4.30004e-07
-2.06335e-08
-4.55539e-07
-2.16476e-08
-4.84666e-07
-2.30236e-08
-5.17077e-07
-2.44961e-08
-5.53612e-07
-2.63123e-08
-5.94949e-07
-2.82882e-08
-6.41829e-07
-3.03937e-08
-6.95091e-07
-3.25776e-08
-7.57308e-07
-3.49535e-08
-8.30001e-07
-3.77496e-08
-9.14122e-07
-4.06483e-08
-1.00918e-06
-4.35236e-08
-1.11263e-06
-4.62117e-08
-1.21979e-06
-4.85074e-08
-1.32476e-06
-5.0298e-08
-1.42136e-06
-5.08277e-08
-1.50769e-06
-5.08658e-08
-1.58404e-06
-5.04921e-08
-1.65186e-06
-4.97867e-08
-1.71287e-06
-4.88244e-08
-1.76857e-06
-4.76635e-08
-1.82009e-06
-4.63452e-08
-1.86826e-06
-4.48991e-08
-1.91365e-06
-4.33472e-08
-1.9566e-06
-4.17061e-08
-1.99734e-06
-3.99884e-08
-2.03598e-06
-3.82036e-08
-2.07261e-06
-3.6359e-08
-2.10722e-06
-3.44603e-08
-2.13982e-06
-3.25118e-08
-2.17039e-06
-3.05166e-08
-2.1989e-06
-2.84771e-08
-2.22531e-06
-2.63943e-08
-2.24958e-06
-2.42686e-08
-2.27169e-06
-2.21005e-08
-2.29158e-06
-1.98911e-08
-2.30923e-06
-1.76431e-08
-2.32459e-06
-1.53614e-08
-2.33764e-06
-1.3053e-08
-2.34837e-06
-1.07256e-08
-2.35675e-06
-8.38456e-09
-2.36278e-06
-6.02799e-09
-2.36642e-06
-3.64544e-09
-1.22611e-09
1.31586e-06
-4.06209e-13
1.31225e-06
-9.93665e-13
1.30631e-06
-1.70283e-12
1.29806e-06
-2.36617e-12
1.28754e-06
-3.10711e-12
1.27479e-06
-4.0819e-12
1.25985e-06
-5.33453e-12
1.24278e-06
-6.80963e-12
1.22361e-06
-8.40815e-12
1.20243e-06
-1.00344e-11
1.17927e-06
-1.16208e-11
1.15422e-06
-1.31346e-11
1.12732e-06
-1.45727e-11
1.09864e-06
-1.59541e-11
1.06823e-06
-1.73113e-11
1.03614e-06
-1.86879e-11
1.00239e-06
-2.01361e-11
9.66989e-07
-2.17162e-11
9.29894e-07
-2.3492e-11
8.91004e-07
-2.55246e-11
8.50131e-07
-2.7857e-11
8.06978e-07
-3.04837e-11
7.61154e-07
-3.3292e-11
7.12257e-07
-3.59811e-11
6.60079e-07
-3.80117e-11
6.04921e-07
-3.86856e-11
5.48157e-07
-3.74609e-11
4.91436e-07
-3.42324e-11
4.36252e-07
-2.93314e-11
3.83564e-07
-2.337e-11
3.33756e-07
-1.69977e-11
2.86806e-07
-1.07409e-11
2.42487e-07
-4.95356e-12
2.00507e-07
1.44428e-13
1.60583e-07
4.52334e-12
1.22476e-07
8.11736e-12
8.59904e-08
1.09794e-11
5.09727e-08
1.31744e-11
1.72979e-08
1.47796e-11
-1.51453e-08
1.5875e-11
-4.64309e-08
1.65363e-11
-7.66172e-08
1.68329e-11
-1.05753e-07
1.68313e-11
-1.33879e-07
1.65899e-11
-1.61032e-07
1.6159e-11
-1.8724e-07
1.55813e-11
-2.12531e-07
1.48935e-11
-2.3693e-07
1.41285e-11
-2.6046e-07
1.33171e-11
-2.83151e-07
1.24883e-11
-3.05038e-07
1.16684e-11
-3.26178e-07
1.08807e-11
-3.46705e-07
1.01517e-11
-3.66771e-07
9.51608e-12
-3.86699e-07
8.99732e-12
-4.07237e-07
8.75883e-12
-4.30141e-07
9.17334e-12
-4.55674e-07
1.03731e-11
-4.84815e-07
1.21486e-11
-5.17238e-07
1.40198e-11
-5.53783e-07
1.61865e-11
-5.95127e-07
1.86987e-11
-6.42015e-07
2.16244e-11
-6.95275e-07
2.49956e-11
-7.57498e-07
2.90317e-11
-8.30181e-07
3.39227e-11
-9.1427e-07
3.94026e-11
-1.00928e-06
4.51832e-11
-1.11272e-06
5.07564e-11
-1.22002e-06
5.55058e-11
-1.32545e-06
5.83833e-11
-1.42201e-06
5.72605e-11
-1.50816e-06
5.55436e-11
-1.58433e-06
5.25763e-11
-1.65203e-06
4.90178e-11
-1.71295e-06
4.53065e-11
-1.76857e-06
4.17051e-11
-1.82005e-06
3.83481e-11
-1.8682e-06
3.53006e-11
-1.91356e-06
3.25869e-11
-1.9565e-06
3.01951e-11
-1.99723e-06
2.80793e-11
-2.03588e-06
2.61666e-11
-2.0725e-06
2.43707e-11
-2.10711e-06
2.26115e-11
-2.13972e-06
2.08355e-11
-2.17029e-06
1.90284e-11
-2.19881e-06
1.72175e-11
-2.22523e-06
1.54622e-11
-2.24952e-06
1.38369e-11
-2.27163e-06
1.24009e-11
-2.29154e-06
1.11643e-11
-2.30919e-06
1.00551e-11
-2.32456e-06
8.90849e-12
-2.33762e-06
7.51099e-12
-2.34835e-06
5.73528e-12
-2.35674e-06
3.73258e-12
-2.36277e-06
1.9769e-12
-2.36642e-06
7.07774e-13
-3.70739e-13
1.31586e-06
1.21243e-09
1.31225e-06
3.60058e-09
1.30631e-06
5.94384e-09
1.29806e-06
8.24706e-09
1.28754e-06
1.05145e-08
1.27479e-06
1.27446e-08
1.25985e-06
1.4932e-08
1.24278e-06
1.707e-08
1.22361e-06
1.91528e-08
1.20243e-06
2.11761e-08
1.17927e-06
2.31368e-08
1.15422e-06
2.50332e-08
1.12732e-06
2.68639e-08
1.09864e-06
2.86278e-08
1.06823e-06
3.03233e-08
1.03614e-06
3.19484e-08
1.00239e-06
3.35005e-08
9.66986e-07
3.49757e-08
9.29891e-07
3.63683e-08
8.91001e-07
3.76699e-08
8.50126e-07
3.88673e-08
8.06973e-07
3.99411e-08
7.61148e-07
4.08617e-08
7.12251e-07
4.15863e-08
6.60072e-07
4.20548e-08
6.04913e-07
4.21957e-08
5.48147e-07
4.19753e-08
4.91426e-07
4.14628e-08
4.36241e-07
4.07422e-08
3.83553e-07
3.99068e-08
3.33746e-07
3.90311e-08
2.86796e-07
3.81593e-08
2.42478e-07
3.73095e-08
2.00497e-07
3.64839e-08
1.60574e-07
3.56774e-08
1.22467e-07
3.48832e-08
8.59827e-08
3.40963e-08
5.09654e-08
3.3314e-08
1.72911e-08
3.25368e-08
-1.51518e-08
3.17621e-08
-4.64371e-08
3.09833e-08
-7.66232e-08
3.02014e-08
-1.05759e-07
2.94173e-08
-1.33885e-07
2.86316e-08
-1.61037e-07
2.78447e-08
-1.87245e-07
2.70568e-08
-2.12537e-07
2.62681e-08
-2.36935e-07
2.54784e-08
-2.60465e-07
2.46888e-08
-2.83156e-07
2.3901e-08
-3.05043e-07
2.31191e-08
-3.26183e-07
2.23522e-08
-3.4671e-07
2.162e-08
-3.66777e-07
2.09732e-08
-3.86704e-07
2.04526e-08
-4.07242e-07
2.02262e-08
-4.30146e-07
2.06519e-08
-4.55677e-07
2.16684e-08
-4.8482e-07
2.30479e-08
-5.17244e-07
2.45243e-08
-5.5379e-07
2.63449e-08
-5.95134e-07
2.83259e-08
-6.42023e-07
3.04373e-08
-6.95283e-07
3.2628e-08
-7.57508e-07
3.50121e-08
-8.30191e-07
3.78182e-08
-9.14281e-07
4.07281e-08
-1.00929e-06
4.3615e-08
-1.11273e-06
4.63142e-08
-1.22003e-06
4.86189e-08
-1.32546e-06
5.04141e-08
-1.42202e-06
5.09429e-08
-1.50817e-06
5.09774e-08
-1.58434e-06
5.05975e-08
-1.65203e-06
4.98847e-08
-1.71295e-06
4.89149e-08
-1.76858e-06
4.77468e-08
-1.82006e-06
4.64219e-08
-1.8682e-06
4.49698e-08
-1.91356e-06
4.34126e-08
-1.9565e-06
4.17668e-08
-1.99723e-06
4.00448e-08
-2.03588e-06
3.82561e-08
-2.0725e-06
3.64078e-08
-2.10712e-06
3.45054e-08
-2.13972e-06
3.25532e-08
-2.1703e-06
3.05544e-08
-2.19881e-06
2.85112e-08
-2.22523e-06
2.64249e-08
-2.24952e-06
2.4296e-08
-2.27163e-06
2.21251e-08
-2.29154e-06
1.99133e-08
-2.30919e-06
1.76631e-08
-2.32456e-06
1.53791e-08
-2.33762e-06
1.30679e-08
-2.34835e-06
1.0737e-08
-2.35674e-06
8.39193e-09
-2.36277e-06
6.03187e-09
-2.36642e-06
3.64695e-09
1.22584e-09
1.31586e-06
2.42382e-09
1.31226e-06
7.19774e-09
1.30632e-06
1.18821e-08
1.29808e-06
1.64864e-08
1.28758e-06
2.10193e-08
1.27484e-06
2.5478e-08
1.25992e-06
2.98515e-08
1.24287e-06
3.41266e-08
1.22373e-06
3.82917e-08
1.20256e-06
4.23379e-08
1.17943e-06
4.62593e-08
1.15441e-06
5.00523e-08
1.12754e-06
5.37141e-08
1.09889e-06
5.72424e-08
1.06851e-06
6.06343e-08
1.03644e-06
6.38858e-08
1.00272e-06
6.69917e-08
9.67351e-07
6.99443e-08
9.30284e-07
7.27324e-08
8.91422e-07
7.5339e-08
8.50574e-07
7.77382e-08
8.07446e-07
7.98908e-08
7.61646e-07
8.17381e-08
7.12769e-07
8.31938e-08
6.60607e-07
8.41376e-08
6.05459e-07
8.44257e-08
5.48694e-07
8.39888e-08
4.91965e-07
8.2965e-08
4.36767e-07
8.15219e-08
3.84061e-07
7.98472e-08
3.34234e-07
7.80907e-08
2.87266e-07
7.63414e-08
2.4293e-07
7.46364e-08
2.00933e-07
7.29803e-08
1.60994e-07
7.1363e-08
1.22872e-07
6.97713e-08
8.63723e-08
6.81948e-08
5.13407e-08
6.66284e-08
1.76524e-08
6.50724e-08
-1.48043e-08
6.35222e-08
-4.61032e-08
6.19642e-08
-7.63029e-08
6.04003e-08
-1.05452e-07
5.88322e-08
-1.33592e-07
5.72613e-08
-1.60758e-07
5.56881e-08
-1.8698e-07
5.41132e-08
-2.12285e-07
5.25366e-08
-2.36698e-07
5.09583e-08
-2.60243e-07
4.93801e-08
-2.82948e-07
4.78054e-08
-3.04851e-07
4.62428e-08
-3.26005e-07
4.47097e-08
-3.46546e-07
4.32454e-08
-3.66626e-07
4.19518e-08
-3.86566e-07
4.09095e-08
-4.07113e-07
4.04505e-08
-4.30018e-07
4.12927e-08
-4.55552e-07
4.33208e-08
-4.84682e-07
4.60766e-08
-5.17097e-07
4.90271e-08
-5.53635e-07
5.26661e-08
-5.94974e-07
5.66259e-08
-6.41857e-07
6.08468e-08
-6.95119e-07
6.52267e-08
-7.5734e-07
6.99925e-08
-8.30034e-07
7.56068e-08
-9.14157e-07
8.14366e-08
-1.00922e-06
8.72176e-08
-1.11267e-06
9.25608e-08
-1.21982e-06
9.70126e-08
-1.32479e-06
1.00288e-07
-1.42138e-06
1.0182e-07
-1.50771e-06
1.02047e-07
-1.58405e-06
1.01289e-07
-1.65187e-06
9.98309e-08
-1.71288e-06
9.78629e-08
-1.76857e-06
9.55069e-08
-1.82009e-06
9.28437e-08
-1.86827e-06
8.99306e-08
-1.91365e-06
8.68101e-08
-1.9566e-06
8.35143e-08
-1.99734e-06
8.00676e-08
-2.03599e-06
7.64883e-08
-2.07261e-06
7.27905e-08
-2.10722e-06
6.8985e-08
-2.13982e-06
6.50804e-08
-2.17039e-06
6.10831e-08
-2.1989e-06
5.69973e-08
-2.22531e-06
5.28255e-08
-2.24958e-06
4.85688e-08
-2.27169e-06
4.42282e-08
-2.29158e-06
3.98058e-08
-2.30923e-06
3.53068e-08
-2.32459e-06
3.07405e-08
-2.33764e-06
2.61203e-08
-2.34837e-06
2.14611e-08
-2.35675e-06
1.67742e-08
-2.36277e-06
1.20574e-08
-2.36642e-06
7.29065e-09
2.45152e-09
1.31586e-06
3.63222e-09
1.31227e-06
1.07859e-08
1.30635e-06
1.78055e-08
1.29813e-06
2.47053e-08
1.28765e-06
3.14981e-08
1.27495e-06
3.818e-08
1.26006e-06
4.47346e-08
1.24305e-06
5.1142e-08
1.22395e-06
5.7385e-08
1.20284e-06
6.34503e-08
1.17976e-06
6.93291e-08
1.15479e-06
7.50159e-08
1.12798e-06
8.05068e-08
1.09939e-06
8.57981e-08
1.06907e-06
9.08855e-08
1.03707e-06
9.57632e-08
1.00341e-06
1.00423e-07
9.68093e-07
1.04854e-07
9.31085e-07
1.0904e-07
8.9228e-07
1.12954e-07
8.51488e-07
1.16558e-07
8.08414e-07
1.19794e-07
7.62665e-07
1.22574e-07
7.13836e-07
1.24768e-07
6.61713e-07
1.26197e-07
6.06588e-07
1.26645e-07
5.49826e-07
1.26003e-07
4.93081e-07
1.24477e-07
4.37852e-07
1.22319e-07
3.85107e-07
1.19809e-07
3.35239e-07
1.17175e-07
2.88231e-07
1.14549e-07
2.43856e-07
1.1199e-07
2.01822e-07
1.09504e-07
1.61849e-07
1.07076e-07
1.23695e-07
1.04687e-07
8.71641e-08
1.02321e-07
5.21026e-08
9.99708e-08
1.83853e-08
9.76362e-08
-1.40997e-08
9.53108e-08
-4.54266e-08
9.29738e-08
-7.5654e-08
9.06282e-08
-1.04831e-07
8.82766e-08
-1.32998e-07
8.59207e-08
-1.60192e-07
8.35616e-08
-1.86442e-07
8.11999e-08
-2.11775e-07
7.88359e-08
-2.36217e-07
7.64695e-08
-2.59791e-07
7.41031e-08
-2.82525e-07
7.1742e-08
-3.04458e-07
6.93988e-08
-3.25642e-07
6.70997e-08
-3.46212e-07
6.49026e-08
-3.6632e-07
6.2961e-08
-3.86286e-07
6.13936e-08
-4.06849e-07
6.0689e-08
-4.29755e-07
6.19261e-08
-4.5529e-07
6.49591e-08
-4.84393e-07
6.9089e-08
-5.16787e-07
7.35129e-08
-5.53308e-07
7.89694e-08
-5.9463e-07
8.49072e-08
-6.41494e-07
9.12367e-08
-6.94749e-07
9.78046e-08
-7.56938e-07
1.04946e-07
-8.2961e-07
1.13362e-07
-9.13711e-07
1.221e-07
-1.00874e-06
1.30759e-07
-1.11218e-06
1.38755e-07
-1.21942e-06
1.45418e-07
-1.3245e-06
1.50194e-07
-1.42121e-06
1.52738e-07
-1.50763e-06
1.53138e-07
-1.58405e-06
1.52004e-07
-1.65193e-06
1.49804e-07
-1.71299e-06
1.46839e-07
-1.76872e-06
1.43293e-07
-1.82028e-06
1.39288e-07
-1.86848e-06
1.3491e-07
-1.91388e-06
1.30221e-07
-1.95684e-06
1.25271e-07
-1.99758e-06
1.20095e-07
-2.03623e-06
1.1472e-07
-2.07284e-06
1.09168e-07
-2.10745e-06
1.03456e-07
-2.14004e-06
9.75953e-08
-2.17059e-06
9.15964e-08
-2.19908e-06
8.54656e-08
-2.22547e-06
7.92065e-08
-2.24973e-06
7.28209e-08
-2.27181e-06
6.631e-08
-2.29168e-06
5.96772e-08
-2.30931e-06
5.29302e-08
-2.32465e-06
4.6083e-08
-2.33769e-06
3.91556e-08
-2.3484e-06
3.21706e-08
-2.35677e-06
2.51443e-08
-2.36278e-06
1.80735e-08
-2.36642e-06
1.09286e-08
3.67555e-09
1.31586e-06
4.83598e-09
1.31229e-06
1.43602e-08
1.30639e-06
2.37061e-08
1.2982e-06
3.28927e-08
1.28776e-06
4.19369e-08
1.27511e-06
5.08338e-08
1.26028e-06
5.95615e-08
1.24333e-06
6.80941e-08
1.2243e-06
7.64083e-08
1.20327e-06
8.44869e-08
1.18027e-06
9.23182e-08
1.15538e-06
9.98948e-08
1.12866e-06
1.07212e-07
1.10016e-06
1.14264e-07
1.06993e-06
1.21045e-07
1.03802e-06
1.27549e-07
1.00445e-06
1.33764e-07
9.69229e-07
1.39675e-07
9.3231e-07
1.4526e-07
8.93592e-07
1.50486e-07
8.52885e-07
1.55301e-07
8.09893e-07
1.59627e-07
7.64223e-07
1.63348e-07
7.15466e-07
1.66293e-07
6.63402e-07
1.68222e-07
6.08313e-07
1.68847e-07
5.51557e-07
1.68017e-07
4.94786e-07
1.66004e-07
4.39509e-07
1.63142e-07
3.86705e-07
1.59805e-07
3.36773e-07
1.56296e-07
2.89701e-07
1.52797e-07
2.45266e-07
1.49384e-07
2.03176e-07
1.46069e-07
1.6315e-07
1.42831e-07
1.24945e-07
1.39646e-07
8.83662e-08
1.36491e-07
5.32583e-08
1.33357e-07
1.94963e-08
1.30244e-07
-1.30322e-08
1.27143e-07
-4.44017e-08
1.24027e-07
-7.46712e-08
1.209e-07
-1.0389e-07
1.17765e-07
-1.32099e-07
1.14625e-07
-1.59334e-07
1.1148e-07
-1.85625e-07
1.08332e-07
-2.11001e-07
1.05181e-07
-2.35485e-07
1.02027e-07
-2.59102e-07
9.88733e-08
-2.81881e-07
9.57265e-08
-3.03858e-07
9.26035e-08
-3.25087e-07
8.95389e-08
-3.45701e-07
8.66086e-08
-3.65854e-07
8.40192e-08
-3.85868e-07
8.19265e-08
-4.06467e-07
8.09607e-08
-4.29357e-07
8.25315e-08
-4.5489e-07
8.65723e-08
-4.8395e-07
9.20772e-08
-5.16312e-07
9.79738e-08
-5.52804e-07
1.05247e-07
-5.94101e-07
1.13161e-07
-6.40936e-07
1.21597e-07
-6.94179e-07
1.30352e-07
-7.56323e-07
1.39861e-07
-8.28968e-07
1.51074e-07
-9.13059e-07
1.62719e-07
-1.0081e-06
1.74261e-07
-1.11159e-06
1.84924e-07
-1.21892e-06
1.9382e-07
-1.32425e-06
2.00216e-07
-1.42111e-06
2.03672e-07
-1.50765e-06
2.04238e-07
-1.58416e-06
2.02736e-07
-1.65212e-06
1.99803e-07
-1.71325e-06
1.95842e-07
-1.76903e-06
1.91106e-07
-1.82062e-06
1.85756e-07
-1.86884e-06
1.79908e-07
-1.91426e-06
1.73646e-07
-1.95723e-06
1.67034e-07
-1.99798e-06
1.60122e-07
-2.03662e-06
1.52946e-07
-2.07323e-06
1.45535e-07
-2.10781e-06
1.3791e-07
-2.14038e-06
1.30089e-07
-2.17091e-06
1.22084e-07
-2.19937e-06
1.13905e-07
-2.22573e-06
1.05556e-07
-2.24995e-06
9.704e-08
-2.272e-06
8.83583e-08
-2.29184e-06
7.95154e-08
-2.30943e-06
7.05217e-08
-2.32475e-06
6.13959e-08
-2.33776e-06
5.21642e-08
-2.34844e-06
4.28565e-08
-2.35679e-06
3.34948e-08
-2.36279e-06
2.40747e-08
-2.36642e-06
1.45572e-08
4.89671e-09
1.31587e-06
6.03331e-09
1.31232e-06
1.79152e-08
1.30645e-06
2.95751e-08
1.2983e-06
4.10364e-08
1.28792e-06
5.23205e-08
1.27533e-06
6.3421e-08
1.26058e-06
7.43113e-08
1.24372e-06
8.49589e-08
1.22479e-06
9.53355e-08
1.20385e-06
1.0542e-07
1.18097e-06
1.15197e-07
1.1562e-06
1.24658e-07
1.12959e-06
1.33796e-07
1.10121e-06
1.42606e-07
1.07111e-06
1.51081e-07
1.03933e-06
1.59211e-07
1.00588e-06
1.66982e-07
9.70781e-07
1.74376e-07
9.33982e-07
1.81365e-07
8.95381e-07
1.87908e-07
8.54788e-07
1.9394e-07
8.11906e-07
1.99366e-07
7.66341e-07
2.0404e-07
7.1768e-07
2.07751e-07
6.65695e-07
2.102e-07
6.10653e-07
2.11027e-07
5.53902e-07
2.10032e-07
4.97096e-07
2.07553e-07
4.41754e-07
2.04001e-07
3.88868e-07
1.99847e-07
3.38848e-07
1.9547e-07
2.9169e-07
1.911e-07
2.47172e-07
1.86836e-07
2.05005e-07
1.82692e-07
1.64906e-07
1.78645e-07
1.26632e-07
1.74663e-07
8.99874e-08
1.7072e-07
5.48164e-08
1.66802e-07
2.09936e-08
1.6291e-07
-1.15936e-08
1.59035e-07
-4.30205e-08
1.5514e-07
-7.33464e-08
1.51232e-07
-1.02621e-07
1.47314e-07
-1.30885e-07
1.43389e-07
-1.58175e-07
1.39459e-07
-1.84521e-07
1.35525e-07
-2.09952e-07
1.31587e-07
-2.34492e-07
1.27646e-07
-2.58167e-07
1.23706e-07
-2.81004e-07
1.19774e-07
-3.03041e-07
1.15873e-07
-3.24332e-07
1.12044e-07
-3.45005e-07
1.08381e-07
-3.6522e-07
1.05144e-07
-3.85299e-07
1.02527e-07
-4.05961e-07
1.01291e-07
-4.28843e-07
1.03114e-07
-4.54372e-07
1.08152e-07
-4.83369e-07
1.15027e-07
-5.15683e-07
1.22397e-07
-5.52137e-07
1.31486e-07
-5.934e-07
1.41375e-07
-6.40201e-07
1.51919e-07
-6.93427e-07
1.62858e-07
-7.55518e-07
1.74729e-07
-8.28138e-07
1.88738e-07
-9.12231e-07
2.03292e-07
-1.00731e-06
2.17728e-07
-1.11088e-06
2.31079e-07
-1.21837e-06
2.42234e-07
-1.32391e-06
2.50274e-07
-1.42098e-06
2.54641e-07
-1.5077e-06
2.55376e-07
-1.58436e-06
2.53511e-07
-1.65244e-06
2.49844e-07
-1.71365e-06
2.44887e-07
-1.7695e-06
2.38956e-07
-1.82114e-06
2.32255e-07
-1.8694e-06
2.24929e-07
-1.91484e-06
2.17085e-07
-1.95782e-06
2.08804e-07
-1.99856e-06
2.00148e-07
-2.0372e-06
1.91162e-07
-2.07378e-06
1.81883e-07
-2.10835e-06
1.72338e-07
-2.14088e-06
1.6255e-07
-2.17137e-06
1.52534e-07
-2.19979e-06
1.42301e-07
-2.2261e-06
1.31859e-07
-2.25028e-06
1.21211e-07
-2.27228e-06
1.10357e-07
-2.29207e-06
9.93051e-08
-2.30961e-06
8.8067e-08
-2.32489e-06
7.66659e-08
-2.33786e-06
6.51343e-08
-2.34851e-06
5.35093e-08
-2.35683e-06
4.18179e-08
-2.36281e-06
3.00549e-08
-2.36643e-06
1.81725e-08
6.11358e-09
1.31588e-06
7.22223e-09
1.31235e-06
2.14451e-08
1.30652e-06
3.54026e-08
1.29843e-06
4.9123e-08
1.28812e-06
6.26317e-08
1.27562e-06
7.59213e-08
1.26097e-06
8.89603e-08
1.24422e-06
1.0171e-07
1.22542e-06
1.14138e-07
1.20462e-06
1.26217e-07
1.18188e-06
1.37932e-07
1.15726e-06
1.49271e-07
1.13081e-06
1.60226e-07
1.10259e-06
1.70791e-07
1.07264e-06
1.80957e-07
1.04102e-06
1.90713e-07
1.00773e-06
2.00043e-07
9.72786e-07
2.08923e-07
9.36139e-07
2.17322e-07
8.97685e-07
2.2519e-07
8.57234e-07
2.32449e-07
8.14489e-07
2.38987e-07
7.69054e-07
2.44631e-07
7.20512e-07
2.49127e-07
6.68624e-07
2.52122e-07
6.13638e-07
2.53181e-07
5.56892e-07
2.52051e-07
5.0004e-07
2.49131e-07
4.44612e-07
2.4491e-07
3.91619e-07
2.3995e-07
3.41485e-07
2.34712e-07
2.94215e-07
2.29475e-07
2.49591e-07
2.24361e-07
2.07323e-07
2.1939e-07
1.6713e-07
2.14535e-07
1.28767e-07
2.09757e-07
9.2038e-08
2.05025e-07
5.67862e-08
2.00323e-07
2.28859e-08
1.95652e-07
-9.77601e-09
1.91002e-07
-4.12755e-08
1.86328e-07
-7.16723e-08
1.81638e-07
-1.01016e-07
1.76937e-07
-1.2935e-07
1.72228e-07
-1.56708e-07
1.67513e-07
-1.83123e-07
1.62793e-07
-2.08623e-07
1.5807e-07
-2.33232e-07
1.53342e-07
-2.56978e-07
1.48616e-07
-2.79888e-07
1.43901e-07
-3.02002e-07
1.39222e-07
-3.23373e-07
1.34631e-07
-3.44117e-07
1.30235e-07
-3.64407e-07
1.2635e-07
-3.84557e-07
1.232e-07
-4.05267e-07
1.21665e-07
-4.28177e-07
1.23708e-07
-4.53719e-07
1.29718e-07
-4.82626e-07
1.37954e-07
-5.14884e-07
1.4679e-07
-5.51295e-07
1.57684e-07
-5.92521e-07
1.69543e-07
-6.39292e-07
1.8219e-07
-6.92489e-07
1.95314e-07
-7.54521e-07
2.09538e-07
-8.27118e-07
2.26342e-07
-9.11222e-07
2.43811e-07
-1.00635e-06
2.61154e-07
-1.11004e-06
2.77215e-07
-1.21771e-06
2.90656e-07
-1.3235e-06
3.00363e-07
-1.42084e-06
3.05662e-07
-1.50781e-06
3.06578e-07
-1.58467e-06
3.04352e-07
-1.65291e-06
2.9995e-07
-1.71424e-06
2.93991e-07
-1.77017e-06
2.86856e-07
-1.82187e-06
2.78795e-07
-1.87018e-06
2.6998e-07
-1.91564e-06
2.60543e-07
-1.95863e-06
2.50581e-07
-1.99938e-06
2.40168e-07
-2.038e-06
2.29362e-07
-2.07456e-06
2.18204e-07
-2.10908e-06
2.06729e-07
-2.14157e-06
1.94965e-07
-2.17201e-06
1.8293e-07
-2.20036e-06
1.70638e-07
-2.22661e-06
1.58098e-07
-2.25072e-06
1.45314e-07
-2.27266e-06
1.32289e-07
-2.29238e-06
1.19028e-07
-2.30986e-06
1.05549e-07
-2.32508e-06
9.18768e-08
-2.33799e-06
7.80514e-08
-2.3486e-06
6.41161e-08
-2.35688e-06
5.0103e-08
-2.36284e-06
3.60062e-08
-2.36643e-06
2.17696e-08
7.32444e-09
1.31589e-06
8.40046e-09
1.31239e-06
2.4943e-08
1.30662e-06
4.11773e-08
1.2986e-06
5.71369e-08
1.28838e-06
7.28509e-08
1.27599e-06
8.83113e-08
1.26147e-06
1.03482e-07
1.24486e-06
1.18318e-07
1.22622e-06
1.32783e-07
1.20559e-06
1.46846e-07
1.18303e-06
1.60488e-07
1.15859e-06
1.73696e-07
1.13234e-06
1.86463e-07
1.10431e-06
1.9878e-07
1.07457e-06
2.10636e-07
1.04314e-06
2.22019e-07
1.01004e-06
2.32911e-07
9.7529e-07
2.43283e-07
9.38828e-07
2.531e-07
9.00553e-07
2.62302e-07
8.60275e-07
2.70802e-07
8.17694e-07
2.78468e-07
7.72415e-07
2.85101e-07
7.24014e-07
2.90408e-07
6.72238e-07
2.93979e-07
6.17317e-07
2.95311e-07
5.60571e-07
2.94082e-07
5.03655e-07
2.90752e-07
4.48117e-07
2.85884e-07
3.94988e-07
2.80133e-07
3.44711e-07
2.74042e-07
2.97299e-07
2.67942e-07
2.52541e-07
2.6198e-07
2.10148e-07
2.56183e-07
1.69837e-07
2.50519e-07
1.31364e-07
2.44945e-07
9.45308e-08
2.39424e-07
5.91794e-08
2.33938e-07
2.51837e-08
2.28487e-07
-7.56956e-09
2.23061e-07
-3.91568e-08
2.17607e-07
-6.96389e-08
2.12135e-07
-9.90668e-08
2.0665e-07
-1.27483e-07
2.01157e-07
-1.54923e-07
1.95656e-07
-1.8142e-07
1.90151e-07
-2.07001e-07
1.84643e-07
-2.31694e-07
1.7913e-07
-2.55523e-07
1.73619e-07
-2.78519e-07
1.68122e-07
-3.00721e-07
1.62667e-07
-3.22185e-07
1.57313e-07
-3.4301e-07
1.52184e-07
-3.63383e-07
1.47645e-07
-3.83606e-07
1.43947e-07
-4.0436e-07
1.42072e-07
-4.27302e-07
1.44305e-07
-4.52871e-07
1.51248e-07
-4.81743e-07
1.60825e-07
-5.13949e-07
1.71115e-07
-5.50306e-07
1.83812e-07
-5.91481e-07
1.97638e-07
-6.38216e-07
2.1239e-07
-6.91364e-07
2.27702e-07
-7.53328e-07
2.44274e-07
-8.25909e-07
2.63873e-07
-9.10038e-07
2.84263e-07
-1.00523e-06
3.04532e-07
-1.10906e-06
3.2333e-07
-1.21697e-06
3.39091e-07
-1.32306e-06
3.50499e-07
-1.42075e-06
3.56757e-07
-1.50802e-06
3.57868e-07
-1.58514e-06
3.55286e-07
-1.65358e-06
3.50146e-07
-1.71506e-06
3.43176e-07
-1.7711e-06
3.34826e-07
-1.82289e-06
3.25389e-07
-1.87125e-06
3.15071e-07
-1.91674e-06
3.04025e-07
-1.95975e-06
2.92365e-07
-2.00049e-06
2.8018e-07
-2.03908e-06
2.67537e-07
-2.07561e-06
2.54486e-07
-2.11008e-06
2.41068e-07
-2.1425e-06
2.27316e-07
-2.17287e-06
2.13252e-07
-2.20114e-06
1.98893e-07
-2.2273e-06
1.8425e-07
-2.25132e-06
1.69327e-07
-2.27317e-06
1.54128e-07
-2.2928e-06
1.38662e-07
-2.3102e-06
1.22945e-07
-2.32533e-06
1.07008e-07
-2.33817e-06
9.08974e-08
-2.34872e-06
7.46615e-08
-2.35695e-06
5.83376e-08
-2.36287e-06
4.19195e-08
-2.36644e-06
2.53428e-08
8.52746e-09
1.3159e-06
9.56522e-09
1.31245e-06
2.84006e-08
1.30674e-06
4.6886e-08
1.29881e-06
6.50598e-08
1.28871e-06
8.29553e-08
1.27646e-06
1.00564e-07
1.26209e-06
1.17844e-07
1.24566e-06
1.34748e-07
1.22721e-06
1.51233e-07
1.20679e-06
1.67265e-07
1.18445e-06
1.82823e-07
1.16024e-06
1.97893e-07
1.13422e-06
2.12465e-07
1.10644e-06
2.2653e-07
1.07693e-06
2.40077e-07
1.04574e-06
2.5309e-07
1.01288e-06
2.65548e-07
9.78353e-07
2.77421e-07
9.4211e-07
2.88665e-07
9.04045e-07
2.99215e-07
8.63967e-07
3.08972e-07
8.21578e-07
3.17786e-07
7.76478e-07
3.25432e-07
7.28238e-07
3.31581e-07
6.76591e-07
3.35766e-07
6.2174e-07
3.37415e-07
5.64988e-07
3.36131e-07
5.0799e-07
3.32429e-07
4.52315e-07
3.26942e-07
3.99017e-07
3.20419e-07
3.4856e-07
3.13485e-07
3.00973e-07
3.06526e-07
2.56049e-07
2.99718e-07
2.13501e-07
2.93093e-07
1.73047e-07
2.86621e-07
1.34439e-07
2.80249e-07
9.74797e-08
2.73937e-07
6.20098e-08
2.67665e-07
2.79005e-08
2.61434e-07
-4.96457e-09
2.55233e-07
-3.66519e-08
2.48989e-07
-6.72345e-08
2.42737e-07
-9.67611e-08
2.3647e-07
-1.25274e-07
2.30191e-07
-1.52809e-07
2.23905e-07
-1.794e-07
2.17615e-07
-2.05076e-07
2.11321e-07
-2.29863e-07
2.05024e-07
-2.53788e-07
1.9873e-07
-2.76882e-07
1.92452e-07
-2.99183e-07
1.86221e-07
-3.20746e-07
1.80104e-07
-3.41668e-07
1.74238e-07
-3.62134e-07
1.6904e-07
-3.82445e-07
1.64781e-07
-4.03264e-07
1.62533e-07
-4.26229e-07
1.64891e-07
-4.51816e-07
1.72728e-07
-4.80668e-07
1.8362e-07
-5.12817e-07
1.95364e-07
-5.49111e-07
2.09862e-07
-5.90227e-07
2.25657e-07
-6.36918e-07
2.42516e-07
-6.90014e-07
2.60021e-07
-7.51907e-07
2.78936e-07
-8.24485e-07
3.01333e-07
-9.08659e-07
3.24655e-07
-1.00395e-06
3.4787e-07
-1.10797e-06
3.69438e-07
-1.21616e-06
3.87558e-07
-1.32264e-06
4.00706e-07
-1.42075e-06
4.07959e-07
-1.50841e-06
4.09283e-07
-1.58584e-06
4.06348e-07
-1.65452e-06
4.00462e-07
-1.71619e-06
3.92469e-07
-1.77238e-06
3.82888e-07
-1.82426e-06
3.72057e-07
-1.87269e-06
3.60214e-07
-1.91823e-06
3.47536e-07
-1.96125e-06
3.34157e-07
-2.00197e-06
3.20179e-07
-2.04054e-06
3.05678e-07
-2.07701e-06
2.90715e-07
-2.11141e-06
2.75336e-07
-2.14375e-06
2.5958e-07
-2.17401e-06
2.43474e-07
-2.20218e-06
2.27038e-07
-2.22822e-06
2.10284e-07
-2.25212e-06
1.93218e-07
-2.27384e-06
1.75845e-07
-2.29336e-06
1.58175e-07
-2.31064e-06
1.40226e-07
-2.32566e-06
1.22034e-07
-2.33841e-06
1.03649e-07
-2.34888e-06
8.51253e-08
-2.35705e-06
6.65055e-08
-2.36291e-06
4.77824e-08
-2.36645e-06
2.88845e-08
9.72004e-09
1.31592e-06
1.07132e-08
1.31251e-06
3.18084e-08
1.30689e-06
5.25126e-08
1.29908e-06
7.28699e-08
1.28911e-06
9.29175e-08
1.27703e-06
1.12646e-07
1.26286e-06
1.32012e-07
1.24665e-06
1.5096e-07
1.22844e-06
1.69444e-07
1.20827e-06
1.87429e-07
1.1862e-06
2.0489e-07
1.16227e-06
2.21811e-07
1.13654e-06
2.38183e-07
1.10904e-06
2.53994e-07
1.07982e-06
2.69231e-07
1.04891e-06
2.83878e-07
1.01633e-06
2.9791e-07
9.82068e-07
3.11294e-07
9.46082e-07
3.2398e-07
9.08263e-07
3.35895e-07
8.68418e-07
3.4693e-07
8.26248e-07
3.56917e-07
7.8135e-07
3.65608e-07
7.33288e-07
3.72636e-07
6.81778e-07
3.77483e-07
6.26994e-07
3.79506e-07
5.70218e-07
3.78218e-07
5.13109e-07
3.74188e-07
4.57257e-07
3.68114e-07
4.03747e-07
3.60838e-07
3.53069e-07
3.5307e-07
3.05266e-07
3.45257e-07
2.60139e-07
3.37602e-07
2.17404e-07
3.30148e-07
1.76776e-07
3.22863e-07
1.38008e-07
3.15691e-07
1.00898e-07
3.08586e-07
6.52885e-08
3.01523e-07
3.10536e-08
2.94502e-07
-1.92206e-09
2.87516e-07
-3.37439e-08
2.8051e-07
-6.44474e-08
2.73468e-07
-9.40858e-08
2.66409e-07
-1.22706e-07
2.59342e-07
-1.50347e-07
2.5227e-07
-1.77042e-07
2.45194e-07
-2.02822e-07
2.38116e-07
-2.27714e-07
2.31036e-07
-2.51745e-07
2.2396e-07
-2.74947e-07
2.16903e-07
-2.97358e-07
2.09898e-07
-3.19033e-07
2.03018e-07
-3.40067e-07
1.96415e-07
-3.60645e-07
1.90552e-07
-3.81063e-07
1.85722e-07
-4.01978e-07
1.83081e-07
-4.24981e-07
1.85489e-07
-4.50577e-07
1.94194e-07
-4.79328e-07
2.0639e-07
-5.11425e-07
2.19564e-07
-5.47671e-07
2.35845e-07
-5.88734e-07
2.53596e-07
-6.35375e-07
2.7256e-07
-6.88411e-07
2.92268e-07
-7.50223e-07
3.13521e-07
-8.22827e-07
3.38719e-07
-9.07081e-07
3.64987e-07
-1.00251e-06
3.9118e-07
-1.10677e-06
4.15562e-07
-1.21533e-06
4.36092e-07
-1.32229e-06
4.51029e-07
-1.42091e-06
4.59316e-07
-1.50904e-06
4.6087e-07
-1.58686e-06
4.57584e-07
-1.65585e-06
4.50943e-07
-1.71776e-06
4.41907e-07
-1.77412e-06
4.3107e-07
-1.82614e-06
4.18818e-07
-1.87465e-06
4.05422e-07
-1.92023e-06
3.91083e-07
-1.96326e-06
3.75955e-07
-2.00397e-06
3.60154e-07
-2.04249e-06
3.43768e-07
-2.07888e-06
3.26867e-07
-2.11319e-06
3.09505e-07
-2.14541e-06
2.91725e-07
-2.17553e-06
2.7356e-07
-2.20355e-06
2.55034e-07
-2.22944e-06
2.3616e-07
-2.25317e-06
2.16947e-07
-2.27473e-06
1.97399e-07
-2.29408e-06
1.77529e-07
-2.31122e-06
1.57356e-07
-2.3261e-06
1.3692e-07
-2.33873e-06
1.16275e-07
-2.34908e-06
9.54819e-08
-2.35717e-06
7.4586e-08
-2.36296e-06
5.35803e-08
-2.36646e-06
3.23859e-08
1.08991e-08
1.31594e-06
1.18405e-08
1.31259e-06
3.51545e-08
1.30707e-06
5.80379e-08
1.2994e-06
8.05408e-08
1.28961e-06
1.02705e-07
1.27774e-06
1.2452e-07
1.26381e-06
1.45939e-07
1.24786e-06
1.66905e-07
1.22994e-06
1.87366e-07
1.21008e-06
2.07284e-07
1.18834e-06
2.26633e-07
1.16474e-06
2.45396e-07
1.13935e-06
2.63561e-07
1.11219e-06
2.81117e-07
1.0833e-06
2.9805e-07
1.05273e-06
3.14338e-07
1.02046e-06
3.29957e-07
9.86508e-07
3.44867e-07
9.50811e-07
3.59015e-07
9.13263e-07
3.72318e-07
8.73672e-07
3.84657e-07
8.31739e-07
3.95848e-07
7.87061e-07
4.05618e-07
7.39193e-07
4.13567e-07
6.87832e-07
4.19126e-07
6.33121e-07
4.21584e-07
5.76314e-07
4.20352e-07
5.1907e-07
4.16047e-07
4.63004e-07
4.09426e-07
4.09236e-07
4.01423e-07
3.58288e-07
3.92834e-07
3.10221e-07
3.84171e-07
2.64845e-07
3.75669e-07
2.21879e-07
3.67384e-07
1.81038e-07
3.59283e-07
1.42073e-07
3.51305e-07
1.04783e-07
3.43399e-07
6.90052e-08
3.35539e-07
3.4611e-08
3.27725e-07
1.48185e-09
3.19955e-07
-3.04626e-08
3.12159e-07
-6.12875e-08
3.04327e-07
-9.10444e-08
2.96478e-07
-1.19778e-07
2.8862e-07
-1.47529e-07
2.80759e-07
-1.74332e-07
2.72897e-07
-2.00219e-07
2.65035e-07
-2.25219e-07
2.57173e-07
-2.49361e-07
2.49318e-07
-2.72677e-07
2.41484e-07
-2.95206e-07
2.33708e-07
-3.17003e-07
2.2607e-07
-3.38163e-07
2.1873e-07
-3.58867e-07
2.12198e-07
-3.79406e-07
2.06782e-07
-4.00425e-07
2.03721e-07
-4.2347e-07
2.06097e-07
-4.49071e-07
2.15632e-07
-4.77786e-07
2.29109e-07
-5.09824e-07
2.43697e-07
-5.45999e-07
2.61736e-07
-5.86981e-07
2.81429e-07
-6.33546e-07
3.02504e-07
-6.86508e-07
3.24433e-07
-7.48238e-07
3.48029e-07
-8.20909e-07
3.76039e-07
-9.05289e-07
4.05278e-07
-1.00091e-06
4.34488e-07
-1.10548e-06
4.61739e-07
-1.2145e-06
4.8474e-07
-1.32205e-06
5.01525e-07
-1.4213e-06
5.1089e-07
-1.51001e-06
5.12696e-07
-1.58831e-06
5.09058e-07
-1.65768e-06
5.01646e-07
-1.71988e-06
4.91543e-07
-1.77647e-06
4.79417e-07
-1.82865e-06
4.65706e-07
-1.87727e-06
4.50717e-07
-1.92291e-06
4.34677e-07
-1.96595e-06
4.1776e-07
-2.00663e-06
4.00097e-07
-2.04508e-06
3.81789e-07
-2.08138e-06
3.62916e-07
-2.11555e-06
3.4354e-07
-2.14761e-06
3.2371e-07
-2.17755e-06
3.03465e-07
-2.20537e-06
2.82831e-07
-2.23105e-06
2.61826e-07
-2.25457e-06
2.40459e-07
-2.27591e-06
2.18737e-07
-2.29505e-06
1.96671e-07
-2.31198e-06
1.74285e-07
-2.32668e-06
1.51621e-07
-2.33914e-06
1.28736e-07
-2.34936e-06
1.05697e-07
-2.35732e-06
8.25515e-08
-2.36303e-06
5.92924e-08
-2.36648e-06
3.58341e-08
1.20604e-08
1.31597e-06
1.2942e-08
1.3127e-06
3.84242e-08
1.3073e-06
6.34379e-08
1.2998e-06
8.80396e-08
1.29023e-06
1.12276e-07
1.27861e-06
1.36137e-07
1.26498e-06
1.59573e-07
1.24936e-06
1.82523e-07
1.23179e-06
2.04933e-07
1.21231e-06
2.26762e-07
1.19095e-06
2.47983e-07
1.16776e-06
2.68576e-07
1.14278e-06
2.8853e-07
1.11603e-06
3.07832e-07
1.08755e-06
3.26464e-07
1.05737e-06
3.44404e-07
1.02549e-06
3.61624e-07
9.91897e-07
3.7808e-07
9.56545e-07
3.93713e-07
9.19321e-07
4.08435e-07
8.80029e-07
4.22113e-07
8.38367e-07
4.3455e-07
7.93927e-07
4.4545e-07
7.46254e-07
4.54381e-07
6.95024e-07
4.60723e-07
6.40345e-07
4.63696e-07
5.83445e-07
4.62597e-07
5.25991e-07
4.58075e-07
4.69632e-07
4.50946e-07
4.15529e-07
4.42236e-07
3.64239e-07
4.32834e-07
3.15844e-07
4.23319e-07
2.70165e-07
4.13964e-07
2.2692e-07
4.0484e-07
1.85824e-07
3.95914e-07
1.46628e-07
3.87121e-07
1.09125e-07
3.78406e-07
7.31527e-08
3.6974e-07
3.85811e-08
3.61123e-07
5.29173e-09
3.52555e-07
-2.67971e-08
3.43958e-07
-5.7754e-08
3.35328e-07
-8.76334e-08
3.26682e-07
-1.16483e-07
3.18028e-07
-1.44343e-07
3.09374e-07
-1.71251e-07
3.00722e-07
-1.97241e-07
2.92074e-07
-2.22345e-07
2.83431e-07
-2.46593e-07
2.748e-07
-2.70019e-07
2.66194e-07
-2.92664e-07
2.57654e-07
-3.14585e-07
2.49262e-07
-3.35877e-07
2.4119e-07
-3.5672e-07
2.3399e-07
-3.77397e-07
2.2798e-07
-3.9854e-07
2.24468e-07
-4.21641e-07
2.26723e-07
-4.47279e-07
2.37066e-07
-4.76016e-07
2.51832e-07
-5.08033e-07
2.67792e-07
-5.44085e-07
2.87485e-07
-5.84905e-07
3.09078e-07
-6.31327e-07
3.32301e-07
-6.84187e-07
3.56497e-07
-7.45821e-07
3.82469e-07
-8.18634e-07
4.13322e-07
-9.03214e-07
4.45571e-07
-9.99112e-07
4.77857e-07
-1.10411e-06
5.08051e-07
-1.21375e-06
5.33605e-07
-1.32206e-06
5.52309e-07
-1.42211e-06
5.62801e-07
-1.51154e-06
5.64873e-07
-1.59044e-06
5.60871e-07
-1.66028e-06
5.52656e-07
-1.72286e-06
5.41441e-07
-1.77972e-06
5.27977e-07
-1.8321e-06
5.12753e-07
-1.88084e-06
4.96116e-07
-1.92655e-06
4.7832e-07
-1.96959e-06
4.59559e-07
-2.01022e-06
4.39983e-07
-2.04856e-06
4.19706e-07
-2.08471e-06
3.98817e-07
-2.1187e-06
3.77387e-07
-2.15053e-06
3.55474e-07
-2.18023e-06
3.33121e-07
-2.20778e-06
3.10359e-07
-2.23317e-06
2.87209e-07
-2.2564e-06
2.63682e-07
-2.27745e-06
2.39786e-07
-2.29632e-06
2.15533e-07
-2.31298e-06
1.90949e-07
-2.32744e-06
1.66077e-07
-2.33968e-06
1.4098e-07
-2.34971e-06
1.15726e-07
-2.35752e-06
9.03666e-08
-2.36313e-06
6.48935e-08
-2.36651e-06
3.9214e-08
1.31986e-08
1.316e-06
1.40118e-08
1.31282e-06
4.15994e-08
1.30758e-06
6.86826e-08
1.30029e-06
9.53257e-08
1.29099e-06
1.2158e-07
1.27969e-06
1.47437e-07
1.26641e-06
1.72846e-07
1.25119e-06
1.97742e-07
1.23406e-06
2.2207e-07
1.21503e-06
2.45786e-07
1.19415e-06
2.68862e-07
1.17144e-06
2.91278e-07
1.14693e-06
3.13019e-07
1.12066e-06
3.34072e-07
1.09264e-06
3.54419e-07
1.06289e-06
3.74033e-07
1.03143e-06
3.92881e-07
9.98218e-07
4.10917e-07
9.63215e-07
4.28074e-07
9.26305e-07
4.44255e-07
8.87295e-07
4.59316e-07
8.45888e-07
4.73043e-07
8.01677e-07
4.8512e-07
7.54206e-07
4.95081e-07
7.03128e-07
5.02264e-07
6.48524e-07
5.05823e-07
5.91533e-07
5.04944e-07
5.33865e-07
5.00273e-07
4.77185e-07
4.92691e-07
4.227e-07
4.8331e-07
3.71007e-07
4.73115e-07
3.22218e-07
4.62754e-07
2.76166e-07
4.52544e-07
2.32579e-07
4.42572e-07
1.91171e-07
4.32808e-07
1.51691e-07
4.23186e-07
1.13933e-07
4.13646e-07
7.77333e-08
4.04157e-07
4.29591e-08
3.94718e-07
9.49171e-09
3.85337e-07
-2.27579e-08
3.75926e-07
-5.38561e-08
3.66482e-07
-8.38603e-08
3.57024e-07
-1.1282e-07
3.47563e-07
-1.40781e-07
3.38107e-07
-1.67782e-07
3.28659e-07
-1.93861e-07
3.19223e-07
-2.19051e-07
3.09798e-07
-2.43387e-07
3.00392e-07
-2.66905e-07
2.91019e-07
-2.89649e-07
2.8172e-07
-3.11679e-07
2.72582e-07
-3.3309e-07
2.63784e-07
-3.54067e-07
2.55918e-07
-3.74884e-07
2.49308e-07
-3.96153e-07
2.45312e-07
-4.19321e-07
2.47348e-07
-4.45055e-07
2.58492e-07
-4.74043e-07
2.74655e-07
-5.06641e-07
2.9229e-07
-5.41961e-07
3.12636e-07
-5.82293e-07
3.36348e-07
-6.28487e-07
3.61929e-07
-6.81195e-07
3.88529e-07
-7.42746e-07
4.16929e-07
-8.15901e-07
4.50649e-07
-9.00805e-07
4.85953e-07
-9.97096e-07
5.21386e-07
-1.10266e-06
5.54606e-07
-1.21308e-06
5.82796e-07
-1.3223e-06
6.03495e-07
-1.42332e-06
6.15162e-07
-1.51361e-06
6.17517e-07
-1.59326e-06
6.13139e-07
-1.66371e-06
6.04088e-07
-1.72676e-06
5.9171e-07
-1.784e-06
5.76843e-07
-1.83665e-06
5.60035e-07
-1.88557e-06
5.41673e-07
-1.93137e-06
5.22042e-07
-1.97443e-06
5.01362e-07
-2.01499e-06
4.798e-07
-2.0532e-06
4.57485e-07
-2.08915e-06
4.34519e-07
-2.12288e-06
4.10982e-07
-2.15442e-06
3.8694e-07
-2.18378e-06
3.62442e-07
-2.21097e-06
3.37526e-07
-2.23599e-06
3.12213e-07
-2.25883e-06
2.86518e-07
-2.2795e-06
2.6045e-07
-2.29799e-06
2.34022e-07
-2.3143e-06
2.0726e-07
-2.32843e-06
1.8021e-07
-2.34039e-06
1.52936e-07
-2.35017e-06
1.25509e-07
-2.35779e-06
9.7984e-08
-2.36325e-06
7.03489e-08
-2.36654e-06
4.25042e-08
1.43064e-08
1.31604e-06
1.50419e-08
1.31298e-06
4.4657e-08
1.30793e-06
7.37343e-08
1.30091e-06
1.02347e-07
1.29193e-06
1.30553e-07
1.28103e-06
1.58345e-07
1.2682e-06
1.85672e-07
1.25347e-06
2.12468e-07
1.23687e-06
2.38675e-07
1.2184e-06
2.64249e-07
1.1981e-06
2.89159e-07
1.17598e-06
3.13385e-07
1.15207e-06
3.3691e-07
1.12639e-06
3.59719e-07
1.09896e-06
3.81791e-07
1.06978e-06
4.03097e-07
1.03886e-06
4.236e-07
1.00616e-06
4.43249e-07
9.71635e-07
4.61971e-07
9.3516e-07
4.79662e-07
8.96534e-07
4.96169e-07
8.55452e-07
5.11264e-07
8.11497e-07
5.24611e-07
7.64193e-07
5.35712e-07
7.13178e-07
5.43857e-07
6.58534e-07
5.48127e-07
6.01218e-07
5.47584e-07
5.4311e-07
5.42839e-07
4.85898e-07
5.34848e-07
4.30844e-07
5.24811e-07
3.78591e-07
5.13814e-07
3.29279e-07
5.02588e-07
2.82753e-07
4.91498e-07
2.3874e-07
4.80652e-07
1.96954e-07
4.70025e-07
1.57139e-07
4.59548e-07
1.19085e-07
4.49157e-07
8.26261e-08
4.38819e-07
4.76276e-08
4.28534e-07
1.39688e-08
4.18313e-07
-1.84439e-08
4.08065e-07
-4.96787e-08
3.97786e-07
-7.97956e-08
3.87496e-07
-1.08848e-07
3.7721e-07
-1.36884e-07
3.66936e-07
-1.63947e-07
3.56682e-07
-1.90079e-07
3.46449e-07
-2.15318e-07
3.36239e-07
-2.39702e-07
3.26059e-07
-2.63271e-07
3.15922e-07
-2.86071e-07
3.05869e-07
-3.08162e-07
2.9599e-07
-3.29636e-07
2.86468e-07
-3.50706e-07
2.77908e-07
-3.71603e-07
2.70668e-07
-3.92925e-07
2.66113e-07
-4.16086e-07
2.67747e-07
-4.41974e-07
2.7957e-07
-4.71768e-07
2.96967e-07
-5.08339e-07
3.16426e-07
-5.3884e-07
3.38556e-07
-5.7792e-07
3.64603e-07
-6.24014e-07
3.9231e-07
-6.76865e-07
4.21161e-07
-7.38542e-07
4.51848e-07
-8.12493e-07
4.88245e-07
-8.97914e-07
5.26642e-07
-9.9482e-07
5.65307e-07
-1.10124e-06
6.01663e-07
-1.21278e-06
6.32609e-07
-1.32332e-06
6.55403e-07
-1.42565e-06
6.68287e-07
-1.51713e-06
6.70906e-07
-1.59775e-06
6.66085e-07
-1.66897e-06
6.561e-07
-1.73261e-06
6.42449e-07
-1.79027e-06
6.26068e-07
-1.84319e-06
6.07563e-07
-1.89228e-06
5.87366e-07
-1.93812e-06
5.65798e-07
-1.98112e-06
5.43101e-07
-2.02153e-06
5.19464e-07
-2.0595e-06
4.9503e-07
-2.09515e-06
4.69914e-07
-2.12851e-06
4.44207e-07
-2.15963e-06
4.17983e-07
-2.18852e-06
3.91299e-07
-2.21522e-06
3.64197e-07
-2.23972e-06
3.36704e-07
-2.26204e-06
3.08835e-07
-2.28219e-06
2.806e-07
-2.30019e-06
2.52015e-07
-2.31603e-06
2.23104e-07
-2.32974e-06
1.93915e-07
-2.34132e-06
1.64513e-07
-2.35078e-06
1.34971e-07
-2.35814e-06
1.05343e-07
-2.3634e-06
7.56142e-08
-2.36657e-06
4.56781e-08
1.53749e-08
1.31609e-06
1.60226e-08
1.31318e-06
4.75678e-08
1.30837e-06
7.85453e-08
1.30167e-06
1.0904e-07
1.29311e-06
1.39114e-07
1.28269e-06
1.68768e-07
1.27041e-06
1.97948e-07
1.25629e-06
2.2659e-07
1.24033e-06
2.54635e-07
1.22254e-06
2.82037e-07
1.20293e-06
3.08766e-07
1.1815e-06
3.348e-07
1.15827e-06
3.60122e-07
1.13325e-06
3.84714e-07
1.10643e-06
4.08551e-07
1.07781e-06
4.31602e-07
1.04738e-06
4.53823e-07
1.01512e-06
4.75156e-07
9.8096e-07
4.95518e-07
9.44782e-07
5.14794e-07
9.06398e-07
5.32818e-07
8.65514e-07
5.49344e-07
8.21726e-07
5.64016e-07
7.74565e-07
5.7631e-07
7.23655e-07
5.85474e-07
6.69039e-07
5.90525e-07
6.11545e-07
5.90419e-07
5.53098e-07
5.8568e-07
4.95415e-07
5.77352e-07
4.39807e-07
5.66711e-07
3.86968e-07
5.54944e-07
3.37075e-07
5.42864e-07
2.89998e-07
5.3089e-07
2.45477e-07
5.19154e-07
2.0323e-07
5.0764e-07
1.63004e-07
4.96278e-07
1.24589e-07
4.85002e-07
8.7819e-08
4.73778e-07
5.25576e-08
4.62607e-07
1.86835e-08
4.51508e-07
-1.3902e-08
4.40387e-07
-4.52694e-08
4.29237e-07
-7.54827e-08
4.18083e-07
-1.046e-07
4.06943e-07
-1.32673e-07
3.95828e-07
-1.59752e-07
3.84747e-07
-1.85885e-07
3.73702e-07
-2.11115e-07
3.62698e-07
-2.35488e-07
3.51739e-07
-2.59051e-07
3.40841e-07
-2.81855e-07
3.30042e-07
-3.03965e-07
3.19435e-07
-3.25472e-07
3.09201e-07
-3.46613e-07
2.99926e-07
-3.6758e-07
2.92049e-07
-3.88938e-07
2.86873e-07
-4.12065e-07
2.87925e-07
-4.37884e-07
3.00351e-07
-4.67532e-07
3.18949e-07
-5.04814e-07
3.40128e-07
-5.35538e-07
3.64329e-07
-5.74315e-07
3.92554e-07
-6.2018e-07
4.22533e-07
-6.72937e-07
4.53837e-07
-7.34702e-07
4.86927e-07
-8.08952e-07
5.26044e-07
-8.94821e-07
5.6769e-07
-9.92415e-07
6.09716e-07
-1.09982e-06
6.49327e-07
-1.21262e-06
6.83138e-07
-1.3246e-06
7.08119e-07
-1.42839e-06
7.22266e-07
-1.5212e-06
7.25162e-07
-1.60297e-06
7.19875e-07
-1.67517e-06
7.08901e-07
-1.73963e-06
6.93894e-07
-1.79796e-06
6.75881e-07
-1.85138e-06
6.55543e-07
-1.90078e-06
6.33366e-07
-1.94678e-06
6.0971e-07
-1.98979e-06
5.84849e-07
-2.03007e-06
5.58995e-07
-2.06779e-06
5.32313e-07
-2.10305e-06
5.04933e-07
-2.13594e-06
4.76959e-07
-2.16651e-06
4.48473e-07
-2.19479e-06
4.19542e-07
-2.22083e-06
3.90211e-07
-2.24465e-06
3.60511e-07
-2.26628e-06
3.3046e-07
-2.28575e-06
3.00068e-07
-2.30308e-06
2.6935e-07
-2.31831e-06
2.3833e-07
-2.33145e-06
2.07056e-07
-2.34253e-06
1.75591e-07
-2.35157e-06
1.44009e-07
-2.35859e-06
1.12362e-07
-2.3636e-06
8.06311e-08
-2.36663e-06
4.87001e-08
1.6392e-08
1.31615e-06
1.69412e-08
1.31342e-06
5.02937e-08
1.30892e-06
8.3053e-08
1.30264e-06
1.15317e-07
1.2946e-06
1.47158e-07
1.28478e-06
1.78578e-07
1.2732e-06
2.0953e-07
1.25984e-06
2.39948e-07
1.24471e-06
2.69773e-07
1.22778e-06
2.98961e-07
1.20906e-06
3.27479e-07
1.18855e-06
3.55305e-07
1.16623e-06
3.82419e-07
1.14212e-06
4.08801e-07
1.11619e-06
4.34422e-07
1.08843e-06
4.59247e-07
1.05883e-06
4.83229e-07
1.02734e-06
5.06304e-07
9.93871e-07
5.28386e-07
9.58296e-07
5.49351e-07
9.20406e-07
5.69018e-07
8.7989e-07
5.87126e-07
8.36331e-07
6.03293e-07
7.8924e-07
6.16968e-07
7.38217e-07
6.27353e-07
6.83258e-07
6.33387e-07
6.25125e-07
6.33912e-07
5.65802e-07
6.29306e-07
5.07107e-07
6.20703e-07
4.50447e-07
6.09467e-07
3.96593e-07
5.96896e-07
3.45768e-07
5.83906e-07
2.9786e-07
5.70979e-07
2.52613e-07
5.58282e-07
2.09738e-07
5.4581e-07
1.68976e-07
5.33494e-07
1.30111e-07
5.21267e-07
9.29676e-08
5.09093e-07
5.74069e-08
4.96975e-07
2.33027e-08
4.84938e-07
-9.44976e-09
4.72888e-07
-4.09244e-08
4.60813e-07
-7.11916e-08
4.48747e-07
-1.00316e-07
4.3671e-07
-1.28356e-07
4.24717e-07
-1.55368e-07
4.12776e-07
-1.81408e-07
4.00895e-07
-2.06528e-07
3.89078e-07
-2.30783e-07
3.77331e-07
-2.54228e-07
3.65668e-07
-2.76927e-07
3.54127e-07
-2.98962e-07
3.42797e-07
-3.20445e-07
3.31863e-07
-3.41586e-07
3.2188e-07
-3.62605e-07
3.13382e-07
-3.83898e-07
3.0761e-07
-4.07063e-07
3.07965e-07
-4.32777e-07
3.21001e-07
-4.61841e-07
3.40979e-07
-4.95981e-07
3.64013e-07
-5.30264e-07
3.8963e-07
-5.69429e-07
4.20225e-07
-6.15148e-07
4.52804e-07
-6.68015e-07
4.86794e-07
-7.30007e-07
5.22499e-07
-8.04579e-07
5.64484e-07
-8.91253e-07
6.09574e-07
-9.90098e-07
6.55174e-07
-1.09924e-06
6.9828e-07
-1.21421e-06
7.35184e-07
-1.32862e-06
7.62506e-07
-1.43473e-06
7.77921e-07
-1.52955e-06
7.80968e-07
-1.61296e-06
7.75016e-07
-1.68644e-06
7.6279e-07
-1.7518e-06
7.46141e-07
-1.81069e-06
7.26221e-07
-1.86439e-06
7.03803e-07
-1.91385e-06
6.79423e-07
-1.95972e-06
6.53483e-07
-2.00243e-06
6.2629e-07
-2.04225e-06
5.98076e-07
-2.07939e-06
5.69022e-07
-2.11398e-06
5.39272e-07
-2.1461e-06
5.08941e-07
-2.17583e-06
4.78123e-07
-2.20321e-06
4.4689e-07
-2.22832e-06
4.15295e-07
-2.25119e-06
3.83373e-07
-2.27188e-06
3.51143e-07
-2.29043e-06
3.18617e-07
-2.30689e-06
2.85806e-07
-2.3213e-06
2.52737e-07
-2.33369e-06
2.19451e-07
-2.34412e-06
1.86013e-07
-2.3526e-06
1.52493e-07
-2.35918e-06
1.18938e-07
-2.36387e-06
8.53243e-08
-2.36669e-06
5.15249e-08
1.73422e-08
1.31623e-06
1.77816e-08
1.31373e-06
5.27875e-08
1.30961e-06
8.71802e-08
1.30385e-06
1.21075e-07
1.29645e-06
1.54556e-07
1.2874e-06
1.87632e-07
1.27666e-06
2.2026e-07
1.26423e-06
2.52379e-07
1.25007e-06
2.83931e-07
1.23416e-06
3.14873e-07
1.21646e-06
3.45173e-07
1.19695e-06
3.74807e-07
1.1756e-06
4.03753e-07
1.15238e-06
4.31988e-07
1.12727e-06
4.59479e-07
1.10023e-06
4.86181e-07
1.07123e-06
5.12037e-07
1.04023e-06
5.3697e-07
1.00715e-06
5.60883e-07
9.71862e-07
5.83646e-07
9.34166e-07
6.05068e-07
8.93749e-07
6.24874e-07
8.50192e-07
6.42661e-07
8.03007e-07
6.57841e-07
7.51779e-07
6.69568e-07
6.96474e-07
6.76703e-07
6.37791e-07
6.77971e-07
5.77742e-07
6.73566e-07
5.18207e-07
6.64728e-07
4.60661e-07
6.52908e-07
4.05929e-07
6.39527e-07
3.54271e-07
6.25607e-07
3.05592e-07
6.11699e-07
2.59643e-07
5.98004e-07
2.16142e-07
5.8453e-07
1.74829e-07
5.71208e-07
1.35492e-07
5.57971e-07
9.7957e-08
5.44782e-07
6.20861e-08
5.31648e-07
2.77525e-08
5.18604e-07
-5.15608e-09
5.0556e-07
-3.6703e-08
4.92483e-07
-6.69766e-08
4.79444e-07
-9.60438e-08
4.66451e-07
-1.23969e-07
4.53524e-07
-1.50817e-07
4.40677e-07
-1.76653e-07
4.27924e-07
-2.01541e-07
4.15269e-07
-2.25551e-07
4.02724e-07
-2.48755e-07
3.90304e-07
-2.71233e-07
3.78051e-07
-2.93078e-07
3.66056e-07
-3.14404e-07
3.54504e-07
-3.35402e-07
3.43921e-07
-3.56269e-07
3.34931e-07
-3.7745e-07
3.28705e-07
-3.99868e-07
3.28574e-07
-4.24956e-07
3.4198e-07
-4.53179e-07
3.63176e-07
-4.86318e-07
3.87951e-07
-5.21995e-07
4.15265e-07
-5.62132e-07
4.48141e-07
-6.08376e-07
4.83376e-07
-6.61711e-07
5.20224e-07
-7.23949e-07
5.58715e-07
-7.99285e-07
6.03606e-07
-8.86841e-07
6.52303e-07
-9.86929e-07
7.01654e-07
-1.09774e-06
7.48434e-07
-1.21478e-06
7.88606e-07
-1.33152e-06
8.18427e-07
-1.43993e-06
8.35165e-07
-1.53697e-06
8.38432e-07
-1.62238e-06
8.31741e-07
-1.6975e-06
8.18134e-07
-1.76421e-06
7.99669e-07
-1.82419e-06
7.77629e-07
-1.87873e-06
7.52891e-07
-1.92877e-06
7.26058e-07
-1.97494e-06
6.97573e-07
-2.01768e-06
6.67777e-07
-2.05729e-06
6.36938e-07
-2.09396e-06
6.05267e-07
-2.12787e-06
5.72932e-07
-2.15913e-06
5.40065e-07
-2.18785e-06
5.0677e-07
-2.21413e-06
4.7313e-07
-2.23806e-06
4.39201e-07
-2.25971e-06
4.0502e-07
-2.27918e-06
3.70606e-07
-2.29654e-06
3.35969e-07
-2.31185e-06
3.01118e-07
-2.32519e-06
2.66073e-07
-2.33661e-06
2.30875e-07
-2.34618e-06
1.9558e-07
-2.35394e-06
1.60254e-07
-2.35994e-06
1.24937e-07
-2.36421e-06
8.95972e-08
-2.36678e-06
5.40938e-08
1.82061e-08
1.31633e-06
1.8521e-08
1.31413e-06
5.49813e-08
1.3105e-06
9.08153e-08
1.30541e-06
1.26161e-07
1.29885e-06
1.61115e-07
1.29079e-06
1.95697e-07
1.28118e-06
2.29871e-07
1.26998e-06
2.63579e-07
1.25714e-06
2.96769e-07
1.24262e-06
3.29397e-07
1.22635e-06
3.61431e-07
1.2083e-06
3.92848e-07
1.18842e-06
4.23625e-07
1.16664e-06
4.53736e-07
1.14292e-06
4.83145e-07
1.11719e-06
5.11809e-07
1.08937e-06
5.39671e-07
1.05937e-06
5.66652e-07
1.02707e-06
5.9262e-07
9.92362e-07
6.17403e-07
9.55064e-07
6.40781e-07
9.14902e-07
6.62462e-07
8.71476e-07
6.82035e-07
8.24288e-07
6.98898e-07
7.72873e-07
7.12183e-07
7.17085e-07
7.20692e-07
6.57493e-07
7.23027e-07
5.96113e-07
7.19096e-07
5.34926e-07
7.10223e-07
4.7556e-07
6.97925e-07
4.1899e-07
6.83748e-07
3.6558e-07
6.68839e-07
3.153e-07
6.53842e-07
2.67932e-07
6.39012e-07
2.23202e-07
6.24381e-07
1.80853e-07
6.09894e-07
1.40663e-07
5.95487e-07
1.02451e-07
5.81128e-07
6.60675e-08
5.66828e-07
3.13825e-08
5.52628e-07
-1.72765e-09
5.38448e-07
-3.33733e-08
5.24273e-07
-6.36147e-08
5.10136e-07
-9.25334e-08
4.96076e-07
-1.20208e-07
4.82117e-07
-1.46715e-07
4.68278e-07
-1.72129e-07
4.54574e-07
-1.96528e-07
4.41018e-07
-2.19995e-07
4.27624e-07
-2.42617e-07
4.14416e-07
-2.64496e-07
4.01443e-07
-2.85748e-07
3.88798e-07
-3.06516e-07
3.76677e-07
-3.27007e-07
3.65573e-07
-3.47469e-07
3.56209e-07
-3.68236e-07
3.49718e-07
-3.90042e-07
3.49349e-07
-4.14405e-07
3.62875e-07
-4.41904e-07
3.85245e-07
-4.74535e-07
4.11899e-07
-5.10678e-07
4.41117e-07
-5.51699e-07
4.7652e-07
-5.98908e-07
5.14622e-07
-6.53404e-07
5.54636e-07
-7.16816e-07
5.96304e-07
-7.93906e-07
6.44403e-07
-8.83781e-07
6.97162e-07
-9.86905e-07
7.50754e-07
-1.10149e-06
8.01655e-07
-1.22283e-06
8.45404e-07
-1.34394e-06
8.77814e-07
-1.45633e-06
8.95743e-07
-1.55677e-06
8.98721e-07
-1.64457e-06
8.90771e-07
-1.72151e-06
8.75257e-07
-1.78953e-06
8.54448e-07
-1.85022e-06
8.29804e-07
-1.905e-06
8.02252e-07
-1.95483e-06
7.72477e-07
-2.00033e-06
7.41014e-07
-2.04206e-06
7.08269e-07
-2.0804e-06
6.74556e-07
-2.11565e-06
6.40091e-07
-2.148e-06
6.05039e-07
-2.17761e-06
5.69538e-07
-2.20461e-06
5.33699e-07
-2.22913e-06
4.9761e-07
-2.25128e-06
4.61333e-07
-2.27118e-06
4.24906e-07
-2.28893e-06
3.8835e-07
-2.30463e-06
3.51671e-07
-2.31839e-06
3.14874e-07
-2.33029e-06
2.77975e-07
-2.34043e-06
2.41007e-07
-2.34886e-06
2.04019e-07
-2.35568e-06
1.67068e-07
-2.36093e-06
1.30184e-07
-2.36465e-06
9.33242e-08
-2.36689e-06
5.6332e-08
1.89584e-08
1.31645e-06
1.91352e-08
1.31463e-06
5.68036e-08
1.3116e-06
9.38445e-08
1.30734e-06
1.30426e-07
1.30179e-06
1.6666e-07
1.29491e-06
2.02582e-07
1.28661e-06
2.38165e-07
1.27683e-06
2.73358e-07
1.26549e-06
3.08113e-07
1.2525e-06
3.42384e-07
1.23779e-06
3.76139e-07
1.22128e-06
4.09349e-07
1.2029e-06
4.41985e-07
1.1826e-06
4.74014e-07
1.1603e-06
5.05392e-07
1.13594e-06
5.36064e-07
1.10948e-06
5.65959e-07
1.08077e-06
5.95053e-07
1.04953e-06
6.23324e-07
1.01553e-06
6.50496e-07
9.78496e-07
6.76292e-07
9.38109e-07
7.00366e-07
8.93968e-07
7.22248e-07
8.4561e-07
7.41276e-07
7.92637e-07
7.56501e-07
7.34986e-07
7.66627e-07
6.73293e-07
7.70125e-07
6.09713e-07
7.66616e-07
5.46385e-07
7.57555e-07
4.85065e-07
7.4457e-07
4.26797e-07
7.29371e-07
3.7196e-07
7.13255e-07
3.20507e-07
6.96973e-07
2.72189e-07
6.80835e-07
2.267e-07
6.64899e-07
1.83758e-07
6.49114e-07
1.43122e-07
6.33415e-07
1.04599e-07
6.17769e-07
6.80342e-08
6.02188e-07
3.32912e-08
5.86721e-07
2.39401e-10
5.71299e-07
-3.12164e-08
5.55901e-07
-6.11782e-08
5.40581e-07
-8.97389e-08
5.25379e-07
-1.16971e-07
5.10307e-07
-1.42942e-07
4.95385e-07
-1.67721e-07
4.80635e-07
-1.91384e-07
4.66079e-07
-2.14019e-07
4.51743e-07
-2.35723e-07
4.37665e-07
-2.56613e-07
4.2391e-07
-2.7683e-07
4.10589e-07
-2.96549e-07
3.97914e-07
-3.16007e-07
3.86365e-07
-3.35497e-07
3.76769e-07
-3.55456e-07
3.70208e-07
-3.76574e-07
3.69837e-07
-4.00286e-07
3.83398e-07
-4.27285e-07
4.07119e-07
-4.59473e-07
4.36019e-07
-4.95409e-07
4.67687e-07
-5.36928e-07
5.05574e-07
-5.84826e-07
5.46497e-07
-6.40201e-07
5.89781e-07
-7.04545e-07
6.34854e-07
-7.82606e-07
6.86311e-07
-8.74038e-07
7.43525e-07
-9.79477e-07
8.01857e-07
-1.09731e-06
8.57466e-07
-1.22288e-06
9.05364e-07
-1.34918e-06
9.40996e-07
-1.4668e-06
9.60409e-07
-1.57166e-06
9.63087e-07
-1.6636e-06
9.5354e-07
-1.74387e-06
9.35607e-07
-1.81425e-06
9.1173e-07
-1.87663e-06
8.83681e-07
-1.93231e-06
8.52576e-07
-1.98233e-06
8.19225e-07
-2.02761e-06
7.84272e-07
-2.06886e-06
7.48308e-07
-2.10647e-06
7.1145e-07
-2.14067e-06
6.73877e-07
-2.17168e-06
6.35812e-07
-2.1997e-06
5.97422e-07
-2.2249e-06
5.58835e-07
-2.24748e-06
5.20148e-07
-2.2676e-06
4.81427e-07
-2.28541e-06
4.42713e-07
-2.30109e-06
4.04022e-07
-2.31478e-06
3.65354e-07
-2.32661e-06
3.26709e-07
-2.33673e-06
2.88091e-07
-2.34525e-06
2.49522e-07
-2.35227e-06
2.11041e-07
-2.35789e-06
1.72688e-07
-2.36219e-06
1.34482e-07
-2.36522e-06
9.63585e-08
-2.36703e-06
5.81465e-08
1.95667e-08
1.31666e-06
1.95429e-08
1.31541e-06
5.80577e-08
1.31325e-06
9.60005e-08
1.31015e-06
1.33521e-07
1.30605e-06
1.70766e-07
1.30084e-06
2.07792e-07
1.29441e-06
2.44592e-07
1.28664e-06
2.8113e-07
1.27738e-06
3.17367e-07
1.2665e-06
3.53267e-07
1.25384e-06
3.88798e-07
1.23925e-06
4.23927e-07
1.22261e-06
4.58615e-07
1.20378e-06
4.9281e-07
1.18269e-06
5.2644e-07
1.15925e-06
5.59407e-07
1.13346e-06
5.91585e-07
1.10533e-06
6.22884e-07
1.07483e-06
6.53311e-07
1.04173e-06
6.82729e-07
1.00568e-06
7.10877e-07
9.66288e-07
7.37371e-07
9.23047e-07
7.61694e-07
8.75381e-07
7.83137e-07
8.22731e-07
8.00703e-07
7.64825e-07
8.13019e-07
7.021e-07
8.18424e-07
6.36703e-07
8.16006e-07
5.70891e-07
8.0729e-07
5.06672e-07
7.93938e-07
4.45355e-07
7.77826e-07
3.87529e-07
7.60451e-07
3.33281e-07
7.4272e-07
2.82434e-07
7.25048e-07
2.34714e-07
7.07546e-07
1.89844e-07
6.90193e-07
1.47576e-07
6.72934e-07
1.077e-07
6.55744e-07
7.00406e-08
6.38639e-07
3.44436e-08
6.21678e-07
7.57768e-10
6.04802e-07
-3.11064e-08
5.87964e-07
-6.12347e-08
5.71224e-07
-8.96937e-08
5.54616e-07
-1.16562e-07
5.38172e-07
-1.4192e-07
5.21919e-07
-1.65849e-07
5.05887e-07
-1.88433e-07
4.90102e-07
-2.09759e-07
4.74597e-07
-2.29929e-07
4.59424e-07
-2.49063e-07
4.44667e-07
-2.67318e-07
4.30466e-07
-2.8491e-07
4.17074e-07
-3.02154e-07
4.04998e-07
-3.19481e-07
3.95222e-07
-3.37503e-07
3.88832e-07
-3.57086e-07
3.88879e-07
-3.79717e-07
4.02872e-07
-4.06238e-07
4.28391e-07
-4.386e-07
4.5989e-07
-4.76817e-07
4.9437e-07
-5.20128e-07
5.35674e-07
-5.70344e-07
5.80436e-07
-6.28771e-07
6.27893e-07
-6.97248e-07
6.77265e-07
-7.79957e-07
7.33046e-07
-8.77407e-07
7.95679e-07
-9.90075e-07
8.59545e-07
-1.11594e-06
9.20373e-07
-1.24937e-06
9.72585e-07
-1.38294e-06
1.01066e-06
-1.50587e-06
1.03002e-06
-1.61418e-06
1.0309e-06
-1.70817e-06
1.01836e-06
-1.78938e-06
9.96794e-07
-1.85974e-06
9.69125e-07
-1.92156e-06
9.37181e-07
-1.97648e-06
9.02245e-07
-2.02572e-06
8.65224e-07
-2.07018e-06
8.26748e-07
-2.11026e-06
7.87206e-07
-2.14625e-06
7.46747e-07
-2.17841e-06
7.05639e-07
-2.20701e-06
6.64177e-07
-2.23229e-06
6.22579e-07
-2.25453e-06
5.81005e-07
-2.27399e-06
5.39567e-07
-2.29092e-06
4.98336e-07
-2.30556e-06
4.57345e-07
-2.31814e-06
4.166e-07
-2.32888e-06
3.76088e-07
-2.33796e-06
3.3579e-07
-2.34556e-06
2.95692e-07
-2.35184e-06
2.55797e-07
-2.35692e-06
2.16123e-07
-2.36092e-06
1.76691e-07
-2.36394e-06
1.37496e-07
-2.36603e-06
9.84536e-08
-2.36725e-06
5.93613e-08
1.99619e-08
1.31678e-06
1.31601e-06
1.31476e-06
1.31296e-06
1.31055e-06
1.30742e-06
1.30347e-06
1.29857e-06
1.29257e-06
1.2853e-06
1.2766e-06
1.26625e-06
1.25404e-06
1.23974e-06
1.22306e-06
1.20372e-06
1.18132e-06
1.15563e-06
1.12664e-06
1.09416e-06
1.05784e-06
1.01721e-06
9.71681e-07
9.20647e-07
8.636e-07
8.00428e-07
7.31815e-07
6.60347e-07
5.88813e-07
5.19569e-07
4.54067e-07
3.92886e-07
3.36014e-07
2.83153e-07
2.33917e-07
1.8793e-07
1.44869e-07
1.04466e-07
6.65007e-08
3.07874e-08
-2.83547e-09
-3.44966e-08
-6.42352e-08
-9.21121e-08
-1.18225e-07
-1.42674e-07
-1.65553e-07
-1.86954e-07
-2.06965e-07
-2.25677e-07
-2.43198e-07
-2.5966e-07
-2.75256e-07
-2.9029e-07
-3.05216e-07
-3.20848e-07
-3.38582e-07
-3.60319e-07
-3.86511e-07
-4.1814e-07
-4.54811e-07
-4.98044e-07
-5.48631e-07
-6.07719e-07
-6.77153e-07
-7.61339e-07
-8.61544e-07
-9.78694e-07
-1.1114e-06
-1.25494e-06
-1.39982e-06
-1.53506e-06
-1.65568e-06
-1.76014e-06
-1.84965e-06
-1.92664e-06
-1.99292e-06
-2.05018e-06
-2.09974e-06
-2.14249e-06
-2.1789e-06
-2.20986e-06
-2.23624e-06
-2.25874e-06
-2.27791e-06
-2.29421e-06
-2.30804e-06
-2.31973e-06
-2.32956e-06
-2.33778e-06
-2.34462e-06
-2.35026e-06
-2.35487e-06
-2.35858e-06
-2.36153e-06
-2.3638e-06
-2.36549e-06
-2.36667e-06
-2.36738e-06
)
;

boundaryField
{
    fuel
    {
        type            calculated;
        value           nonuniform List<scalar> 
40
(
-1.31707e-06
-1.31707e-06
-1.31707e-06
-1.31707e-06
-1.31707e-06
-1.31707e-06
-1.31707e-06
-1.31707e-06
-1.31707e-06
-1.31707e-06
-1.31707e-06
-1.31707e-06
-1.31707e-06
-1.31707e-06
-1.31707e-06
-1.31707e-06
-1.31707e-06
-1.31707e-06
-1.31707e-06
-1.31707e-06
-1.31707e-06
-1.31707e-06
-1.31707e-06
-1.31707e-06
-1.31707e-06
-1.31707e-06
-1.31707e-06
-1.31707e-06
-1.31707e-06
-1.31707e-06
-1.31707e-06
-1.31707e-06
-1.31707e-06
-1.31707e-06
-1.31707e-06
-1.31707e-06
-1.31707e-06
-1.31707e-06
-1.31707e-06
-1.31707e-06
)
;
    }
    air
    {
        type            calculated;
        value           nonuniform List<scalar> 
40
(
-2.36764e-06
-2.36764e-06
-2.36764e-06
-2.36764e-06
-2.36764e-06
-2.36764e-06
-2.36764e-06
-2.36764e-06
-2.36764e-06
-2.36764e-06
-2.36764e-06
-2.36764e-06
-2.36764e-06
-2.36764e-06
-2.36764e-06
-2.36764e-06
-2.36764e-06
-2.36764e-06
-2.36764e-06
-2.36764e-06
-2.36764e-06
-2.36764e-06
-2.36764e-06
-2.36764e-06
-2.36764e-06
-2.36764e-06
-2.36764e-06
-2.36764e-06
-2.36764e-06
-2.36764e-06
-2.36764e-06
-2.36764e-06
-2.36764e-06
-2.36764e-06
-2.36764e-06
-2.36764e-06
-2.36764e-06
-2.36764e-06
-2.36764e-06
-2.36764e-06
)
;
    }
    outlet
    {
        type            calculated;
        value           nonuniform List<scalar> 
200
(
1.98348e-08
5.88191e-08
9.72481e-08
1.35311e-07
1.7317e-07
2.10904e-07
2.48523e-07
2.86008e-07
3.23338e-07
3.60495e-07
3.97463e-07
4.34227e-07
4.70764e-07
5.07042e-07
5.43014e-07
5.78614e-07
6.13766e-07
6.48249e-07
6.81772e-07
7.14348e-07
7.45794e-07
7.75745e-07
8.0364e-07
8.28662e-07
8.49642e-07
8.64949e-07
8.72594e-07
8.71105e-07
8.62163e-07
8.47694e-07
8.299e-07
8.10561e-07
7.90778e-07
7.7107e-07
7.51591e-07
7.3233e-07
7.13231e-07
6.94261e-07
6.75435e-07
6.56805e-07
6.38307e-07
6.19896e-07
6.01554e-07
5.8335e-07
5.65361e-07
5.47624e-07
5.30168e-07
5.1302e-07
4.96212e-07
4.79802e-07
4.63885e-07
4.48624e-07
4.34309e-07
4.21493e-07
4.11338e-07
4.05116e-07
4.06101e-07
4.21396e-07
4.49245e-07
4.83282e-07
5.20886e-07
5.65639e-07
6.1429e-07
6.66078e-07
7.20349e-07
7.81166e-07
8.50278e-07
9.20902e-07
9.88484e-07
1.04684e-06
1.08949e-06
1.1107e-06
1.11021e-06
1.09395e-06
1.06711e-06
1.03352e-06
9.95506e-07
9.54602e-07
9.11821e-07
8.67758e-07
8.22635e-07
7.77168e-07
7.31753e-07
6.8656e-07
6.41721e-07
5.97327e-07
5.53435e-07
5.10069e-07
4.67226e-07
4.24874e-07
3.82972e-07
3.41471e-07
3.00335e-07
2.59543e-07
2.19092e-07
1.78986e-07
1.39202e-07
9.9637e-08
6.00754e-08
2.02309e-08
1.98342e-08
5.88214e-08
9.72537e-08
1.35319e-07
1.73182e-07
2.10919e-07
2.48541e-07
2.86031e-07
3.23366e-07
3.60527e-07
3.975e-07
4.34268e-07
4.7081e-07
5.07093e-07
5.43068e-07
5.78673e-07
6.13829e-07
6.48314e-07
6.8184e-07
7.14419e-07
7.45865e-07
7.75815e-07
8.03706e-07
8.28721e-07
8.49687e-07
8.64974e-07
8.72588e-07
8.71071e-07
8.62108e-07
8.47626e-07
8.29828e-07
8.10491e-07
7.90712e-07
7.71008e-07
7.51534e-07
7.32275e-07
7.13177e-07
6.94209e-07
6.75383e-07
6.56754e-07
6.38256e-07
6.19843e-07
6.01502e-07
5.83299e-07
5.6531e-07
5.47573e-07
5.30117e-07
5.1297e-07
4.96162e-07
4.79753e-07
4.63835e-07
4.48575e-07
4.34262e-07
4.21452e-07
4.11306e-07
4.05104e-07
4.0613e-07
4.21518e-07
4.49438e-07
4.83518e-07
5.21257e-07
5.66073e-07
6.14747e-07
6.66539e-07
7.20801e-07
7.81626e-07
8.50717e-07
9.21309e-07
9.88835e-07
1.04711e-06
1.08964e-06
1.11074e-06
1.11015e-06
1.09386e-06
1.06698e-06
1.03338e-06
9.9536e-07
9.54457e-07
9.11681e-07
8.67625e-07
8.22507e-07
7.7705e-07
7.31644e-07
6.8646e-07
6.41629e-07
5.97244e-07
5.5336e-07
5.10002e-07
4.67166e-07
4.24821e-07
3.82924e-07
3.41429e-07
3.00298e-07
2.59511e-07
2.19066e-07
1.78966e-07
1.39188e-07
9.96285e-08
6.007e-08
2.02277e-08
)
;
    }
    frontAndBack
    {
        type            empty;
    }
}


// ************************************************************************* //
