/*--------------------------------*- C++ -*----------------------------------*\
  =========                 |
  \\      /  F ield         | OpenFOAM: The Open Source CFD Toolbox
   \\    /   O peration     | Website:  https://openfoam.org
    \\  /    A nd           | Version:  11
     \\/     M anipulation  |
\*---------------------------------------------------------------------------*/
FoamFile
{
    format      ascii;
    class       volVectorField;
    location    "0.05";
    object      U;
}
// * * * * * * * * * * * * * * * * * * * * * * * * * * * * * * * * * * * * * //

dimensions      [0 1 -1 0 0 0 0];

internalField   nonuniform List<vector> 
4000
(
(0.199994 -0.00750599 0)
(0.199913 -0.0223 0)
(0.199764 -0.0368846 0)
(0.199536 -0.0513284 0)
(0.199219 -0.0656935 0)
(0.198802 -0.0800092 0)
(0.198269 -0.0942794 0)
(0.197602 -0.108497 0)
(0.196781 -0.122655 0)
(0.195781 -0.136744 0)
(0.194577 -0.15076 0)
(0.19314 -0.164697 0)
(0.19144 -0.178547 0)
(0.189442 -0.192298 0)
(0.187111 -0.205936 0)
(0.184407 -0.21944 0)
(0.181294 -0.232791 0)
(0.177726 -0.245927 0)
(0.173688 -0.258781 0)
(0.16923 -0.271436 0)
(0.164371 -0.283956 0)
(0.159134 -0.296436 0)
(0.153572 -0.309052 0)
(0.147779 -0.322121 0)
(0.141893 -0.336132 0)
(0.136078 -0.351702 0)
(0.130465 -0.369404 0)
(0.125087 -0.389487 0)
(0.119787 -0.411705 0)
(0.114274 -0.435407 0)
(0.108257 -0.459729 0)
(0.101502 -0.483818 0)
(0.0938784 -0.506984 0)
(0.0853502 -0.528746 0)
(0.0759535 -0.548824 0)
(0.0657611 -0.567089 0)
(0.0548585 -0.583525 0)
(0.0433305 -0.59818 0)
(0.0312537 -0.611143 0)
(0.0186919 -0.622514 0)
(0.00569086 -0.632397 0)
(-0.00764613 -0.640881 0)
(-0.0212575 -0.647976 0)
(-0.0351161 -0.653745 0)
(-0.0491477 -0.658269 0)
(-0.0633008 -0.661582 0)
(-0.0775299 -0.663697 0)
(-0.0917886 -0.664619 0)
(-0.106026 -0.664353 0)
(-0.120186 -0.662913 0)
(-0.134204 -0.660334 0)
(-0.148002 -0.656687 0)
(-0.16147 -0.652093 0)
(-0.174436 -0.646736 0)
(-0.186586 -0.640866 0)
(-0.197067 -0.634722 0)
(-0.203895 -0.628087 0)
(-0.205336 -0.619608 0)
(-0.20219 -0.607639 0)
(-0.19701 -0.591658 0)
(-0.191182 -0.572247 0)
(-0.184752 -0.549761 0)
(-0.178114 -0.524444 0)
(-0.171764 -0.496782 0)
(-0.165631 -0.467567 0)
(-0.159537 -0.437316 0)
(-0.15374 -0.406533 0)
(-0.148876 -0.37599 0)
(-0.145545 -0.346768 0)
(-0.144056 -0.319942 0)
(-0.144481 -0.296339 0)
(-0.146607 -0.276342 0)
(-0.15004 -0.259737 0)
(-0.1543 -0.245848 0)
(-0.158922 -0.233835 0)
(-0.163592 -0.222972 0)
(-0.168115 -0.212751 0)
(-0.172367 -0.202865 0)
(-0.176281 -0.193138 0)
(-0.179818 -0.183462 0)
(-0.182924 -0.173742 0)
(-0.185623 -0.164047 0)
(-0.187958 -0.154417 0)
(-0.18997 -0.144862 0)
(-0.191697 -0.135396 0)
(-0.193175 -0.12603 0)
(-0.194434 -0.116773 0)
(-0.195502 -0.107628 0)
(-0.196403 -0.0985919 0)
(-0.19716 -0.089659 0)
(-0.197792 -0.0808197 0)
(-0.198316 -0.0720641 0)
(-0.198746 -0.0633844 0)
(-0.199094 -0.0547764 0)
(-0.199374 -0.0462395 0)
(-0.199592 -0.0377745 0)
(-0.199759 -0.0293766 0)
(-0.199878 -0.0210243 0)
(-0.199956 -0.0126718 0)
(-0.199997 -0.00426018 0)
(0.199995 -0.0073433 0)
(0.199868 -0.0218174 0)
(0.199617 -0.0360699 0)
(0.199224 -0.0501523 0)
(0.19868 -0.0641112 0)
(0.197976 -0.0779617 0)
(0.197097 -0.0916945 0)
(0.196025 -0.105291 0)
(0.194738 -0.11873 0)
(0.193216 -0.131995 0)
(0.191436 -0.145068 0)
(0.189375 -0.157934 0)
(0.187013 -0.170576 0)
(0.184332 -0.182975 0)
(0.181317 -0.195106 0)
(0.177961 -0.206942 0)
(0.174259 -0.218448 0)
(0.170232 -0.229666 0)
(0.165927 -0.240721 0)
(0.161333 -0.251568 0)
(0.156471 -0.262215 0)
(0.151386 -0.272746 0)
(0.146148 -0.283353 0)
(0.140863 -0.294376 0)
(0.135663 -0.306314 0)
(0.130683 -0.319776 0)
(0.125981 -0.335296 0)
(0.121495 -0.3531 0)
(0.117007 -0.372981 0)
(0.112212 -0.394367 0)
(0.106819 -0.416499 0)
(0.10061 -0.438616 0)
(0.0934652 -0.46009 0)
(0.0853599 -0.480468 0)
(0.0763328 -0.499469 0)
(0.0664574 -0.516952 0)
(0.0558183 -0.532875 0)
(0.0444992 -0.547263 0)
(0.0325777 -0.560175 0)
(0.0201176 -0.571691 0)
(0.0071646 -0.581897 0)
(-0.00619244 -0.590882 0)
(-0.0199036 -0.598738 0)
(-0.0339521 -0.605502 0)
(-0.0482757 -0.611145 0)
(-0.0628244 -0.615656 0)
(-0.0775543 -0.619028 0)
(-0.0924203 -0.621253 0)
(-0.107376 -0.622317 0)
(-0.122372 -0.622206 0)
(-0.137356 -0.620906 0)
(-0.152261 -0.618404 0)
(-0.166987 -0.614684 0)
(-0.181365 -0.609714 0)
(-0.195042 -0.603433 0)
(-0.206908 -0.595693 0)
(-0.214382 -0.586111 0)
(-0.215396 -0.573999 0)
(-0.211217 -0.558855 0)
(-0.205042 -0.540683 0)
(-0.198279 -0.519729 0)
(-0.190784 -0.496187 0)
(-0.183061 -0.470487 0)
(-0.175707 -0.443289 0)
(-0.168626 -0.415055 0)
(-0.161639 -0.386277 0)
(-0.155064 -0.357606 0)
(-0.149527 -0.329874 0)
(-0.145582 -0.303982 0)
(-0.143444 -0.280741 0)
(-0.143137 -0.260697 0)
(-0.144441 -0.244013 0)
(-0.146972 -0.230395 0)
(-0.150347 -0.219183 0)
(-0.154195 -0.209602 0)
(-0.158238 -0.200986 0)
(-0.162295 -0.192858 0)
(-0.166251 -0.184928 0)
(-0.170035 -0.177047 0)
(-0.173603 -0.169163 0)
(-0.176952 -0.161284 0)
(-0.180033 -0.15328 0)
(-0.182829 -0.145128 0)
(-0.185346 -0.136872 0)
(-0.187591 -0.128547 0)
(-0.189579 -0.120181 0)
(-0.191327 -0.111799 0)
(-0.192855 -0.103416 0)
(-0.194182 -0.0950437 0)
(-0.195327 -0.0866864 0)
(-0.196307 -0.0783453 0)
(-0.197141 -0.0700203 0)
(-0.197842 -0.0617122 0)
(-0.198426 -0.0534249 0)
(-0.198903 -0.0451655 0)
(-0.199285 -0.0369418 0)
(-0.19958 -0.028756 0)
(-0.199793 -0.0205939 0)
(-0.199929 -0.0124171 0)
(-0.199997 -0.00417463 0)
(0.19999 -0.00714682 0)
(0.199804 -0.0212308 0)
(0.199445 -0.035091 0)
(0.198896 -0.0487712 0)
(0.198153 -0.0623112 0)
(0.197212 -0.0757211 0)
(0.196062 -0.088989 0)
(0.194694 -0.102095 0)
(0.193093 -0.115021 0)
(0.19125 -0.127751 0)
(0.189151 -0.140276 0)
(0.186786 -0.152589 0)
(0.184144 -0.164684 0)
(0.181218 -0.176555 0)
(0.177999 -0.188199 0)
(0.174484 -0.199609 0)
(0.170673 -0.210783 0)
(0.166567 -0.221714 0)
(0.162158 -0.232372 0)
(0.157444 -0.242753 0)
(0.15245 -0.252901 0)
(0.147227 -0.262922 0)
(0.141859 -0.273025 0)
(0.136462 -0.283552 0)
(0.131179 -0.294993 0)
(0.126156 -0.307924 0)
(0.121462 -0.322835 0)
(0.117035 -0.339901 0)
(0.112668 -0.358897 0)
(0.108063 -0.379263 0)
(0.102928 -0.400281 0)
(0.0970398 -0.421246 0)
(0.0902667 -0.441581 0)
(0.0825675 -0.460875 0)
(0.0739634 -0.478876 0)
(0.0645102 -0.495461 0)
(0.0542768 -0.510595 0)
(0.0433337 -0.524304 0)
(0.0317485 -0.536645 0)
(0.019575 -0.547689 0)
(0.00684779 -0.557512 0)
(-0.00633928 -0.56618 0)
(-0.0199548 -0.573734 0)
(-0.0340199 -0.580213 0)
(-0.0484875 -0.585637 0)
(-0.0633147 -0.590011 0)
(-0.0784648 -0.593321 0)
(-0.0939006 -0.595545 0)
(-0.109585 -0.596648 0)
(-0.125478 -0.596588 0)
(-0.141533 -0.595318 0)
(-0.157681 -0.59278 0)
(-0.173794 -0.588908 0)
(-0.189645 -0.583615 0)
(-0.204739 -0.576791 0)
(-0.217628 -0.568261 0)
(-0.225237 -0.557705 0)
(-0.225442 -0.544663 0)
(-0.220046 -0.528973 0)
(-0.212601 -0.510818 0)
(-0.204387 -0.490421 0)
(-0.195252 -0.467928 0)
(-0.185961 -0.44365 0)
(-0.17723 -0.418028 0)
(-0.1689 -0.391548 0)
(-0.160847 -0.364687 0)
(-0.153458 -0.338058 0)
(-0.147291 -0.312388 0)
(-0.142854 -0.288447 0)
(-0.140352 -0.266929 0)
(-0.139762 -0.248322 0)
(-0.140841 -0.232766 0)
(-0.143225 -0.220023 0)
(-0.146516 -0.209517 0)
(-0.15033 -0.200536 0)
(-0.154381 -0.192455 0)
(-0.158478 -0.184822 0)
(-0.162494 -0.177348 0)
(-0.166345 -0.169875 0)
(-0.169988 -0.162333 0)
(-0.173409 -0.154706 0)
(-0.1766 -0.147008 0)
(-0.179549 -0.139246 0)
(-0.182253 -0.131423 0)
(-0.184716 -0.123552 0)
(-0.186947 -0.115644 0)
(-0.188954 -0.107712 0)
(-0.19075 -0.0997647 0)
(-0.192347 -0.0918065 0)
(-0.193758 -0.0838397 0)
(-0.194995 -0.0758641 0)
(-0.19607 -0.0678794 0)
(-0.196995 -0.0598872 0)
(-0.19778 -0.0518929 0)
(-0.198435 -0.0439057 0)
(-0.198968 -0.0359359 0)
(-0.199385 -0.0279887 0)
(-0.199692 -0.0200531 0)
(-0.199891 -0.0120948 0)
(-0.199995 -0.00406718 0)
(0.199988 -0.00689036 0)
(0.199763 -0.0204658 0)
(0.199332 -0.0338154 0)
(0.198675 -0.0469762 0)
(0.197792 -0.059982 0)
(0.196682 -0.0728379 0)
(0.195342 -0.0855279 0)
(0.193765 -0.0980292 0)
(0.191942 -0.11032 0)
(0.189868 -0.122384 0)
(0.187534 -0.134208 0)
(0.184933 -0.145783 0)
(0.18206 -0.157099 0)
(0.178906 -0.168146 0)
(0.175468 -0.178914 0)
(0.171741 -0.189387 0)
(0.167724 -0.199551 0)
(0.163417 -0.209397 0)
(0.15883 -0.21893 0)
(0.153987 -0.228177 0)
(0.148929 -0.2372 0)
(0.143721 -0.246123 0)
(0.138452 -0.255161 0)
(0.133236 -0.264657 0)
(0.128203 -0.275091 0)
(0.123478 -0.287008 0)
(0.119099 -0.300855 0)
(0.114971 -0.316776 0)
(0.110867 -0.334539 0)
(0.106487 -0.353613 0)
(0.101543 -0.373326 0)
(0.0958176 -0.393024 0)
(0.0891849 -0.412175 0)
(0.0816077 -0.430398 0)
(0.0731086 -0.447459 0)
(0.063742 -0.463242 0)
(0.0535739 -0.477711 0)
(0.0426713 -0.490888 0)
(0.031095 -0.50282 0)
(0.0188906 -0.513573 0)
(0.00608087 -0.523207 0)
(-0.00722866 -0.531772 0)
(-0.0210094 -0.539319 0)
(-0.0352957 -0.545864 0)
(-0.0500366 -0.551411 0)
(-0.0651964 -0.555948 0)
(-0.0807459 -0.559449 0)
(-0.0966553 -0.561872 0)
(-0.112891 -0.563167 0)
(-0.129412 -0.563268 0)
(-0.146165 -0.562103 0)
(-0.16306 -0.559585 0)
(-0.179935 -0.555616 0)
(-0.196516 -0.550082 0)
(-0.212214 -0.542851 0)
(-0.225342 -0.533755 0)
(-0.232532 -0.522535 0)
(-0.23181 -0.50891 0)
(-0.225493 -0.492904 0)
(-0.217316 -0.474786 0)
(-0.208374 -0.454792 0)
(-0.198446 -0.433036 0)
(-0.188417 -0.40981 0)
(-0.179043 -0.385527 0)
(-0.170128 -0.360632 0)
(-0.161583 -0.335552 0)
(-0.153837 -0.310813 0)
(-0.147392 -0.287083 0)
(-0.142706 -0.265059 0)
(-0.139959 -0.245361 0)
(-0.139107 -0.228414 0)
(-0.139907 -0.214329 0)
(-0.142009 -0.202866 0)
(-0.145018 -0.193482 0)
(-0.148562 -0.185526 0)
(-0.152392 -0.178425 0)
(-0.156323 -0.171757 0)
(-0.160231 -0.165247 0)
(-0.164035 -0.158732 0)
(-0.167677 -0.152129 0)
(-0.171125 -0.1454 0)
(-0.174364 -0.138533 0)
(-0.177388 -0.131535 0)
(-0.180192 -0.124423 0)
(-0.18278 -0.117214 0)
(-0.185154 -0.109926 0)
(-0.18732 -0.102574 0)
(-0.189285 -0.0951683 0)
(-0.191057 -0.0877173 0)
(-0.192644 -0.080225 0)
(-0.194055 -0.0726931 0)
(-0.195297 -0.0651237 0)
(-0.196379 -0.0575209 0)
(-0.197309 -0.0498924 0)
(-0.198092 -0.04225 0)
(-0.198736 -0.0346068 0)
(-0.199244 -0.0269707 0)
(-0.19962 -0.019334 0)
(-0.199866 -0.0116658 0)
(-0.199993 -0.00392386 0)
(0.199986 -0.00659052 0)
(0.199731 -0.0195739 0)
(0.19924 -0.0323358 0)
(0.198495 -0.0449086 0)
(0.197497 -0.0573216 0)
(0.196248 -0.0695771 0)
(0.194747 -0.0816574 0)
(0.19299 -0.0935387 0)
(0.190973 -0.105199 0)
(0.188692 -0.116622 0)
(0.186143 -0.127796 0)
(0.183321 -0.138713 0)
(0.180225 -0.149368 0)
(0.17685 -0.159754 0)
(0.173196 -0.169865 0)
(0.169264 -0.179694 0)
(0.165057 -0.189238 0)
(0.160586 -0.198496 0)
(0.155868 -0.207478 0)
(0.150928 -0.21621 0)
(0.145808 -0.22475 0)
(0.140568 -0.233214 0)
(0.135291 -0.241807 0)
(0.130089 -0.250852 0)
(0.125092 -0.260793 0)
(0.120422 -0.27213 0)
(0.116114 -0.285247 0)
(0.112062 -0.300242 0)
(0.108043 -0.316879 0)
(0.10376 -0.334661 0)
(0.098932 -0.352981 0)
(0.0933415 -0.371258 0)
(0.0868626 -0.389021 0)
(0.0794518 -0.405937 0)
(0.0711226 -0.421802 0)
(0.0619197 -0.436512 0)
(0.0518994 -0.450036 0)
(0.0411194 -0.46239 0)
(0.0296329 -0.473617 0)
(0.017485 -0.483769 0)
(0.00471112 -0.492895 0)
(-0.00863489 -0.501029 0)
(-0.0225257 -0.50822 0)
(-0.0369541 -0.514473 0)
(-0.0518879 -0.519781 0)
(-0.0672971 -0.524125 0)
(-0.0831518 -0.527472 0)
(-0.0994192 -0.529771 0)
(-0.116061 -0.530961 0)
(-0.133029 -0.530968 0)
(-0.150256 -0.529706 0)
(-0.167631 -0.527079 0)
(-0.184957 -0.522983 0)
(-0.201911 -0.517298 0)
(-0.217813 -0.509899 0)
(-0.230813 -0.500628 0)
(-0.237469 -0.489272 0)
(-0.236045 -0.475736 0)
(-0.229184 -0.460137 0)
(-0.220623 -0.442751 0)
(-0.211124 -0.423789 0)
(-0.200413 -0.403189 0)
(-0.189679 -0.381309 0)
(-0.179754 -0.358595 0)
(-0.170369 -0.335462 0)
(-0.161403 -0.312292 0)
(-0.153323 -0.28953 0)
(-0.146629 -0.267772 0)
(-0.141729 -0.247622 0)
(-0.138782 -0.229609 0)
(-0.137737 -0.214087 0)
(-0.138347 -0.201142 0)
(-0.14027 -0.190554 0)
(-0.143124 -0.181841 0)
(-0.146544 -0.174428 0)
(-0.150275 -0.167801 0)
(-0.154138 -0.161574 0)
(-0.158013 -0.1555 0)
(-0.161819 -0.14943 0)
(-0.165501 -0.143287 0)
(-0.169022 -0.137036 0)
(-0.172357 -0.130666 0)
(-0.175494 -0.124177 0)
(-0.178425 -0.117579 0)
(-0.181148 -0.110882 0)
(-0.183665 -0.104098 0)
(-0.185978 -0.0972399 0)
(-0.188093 -0.0903153 0)
(-0.190015 -0.0833305 0)
(-0.19175 -0.0762887 0)
(-0.193303 -0.0691914 0)
(-0.194682 -0.0620409 0)
(-0.19589 -0.0548418 0)
(-0.196935 -0.0476028 0)
(-0.197821 -0.0403367 0)
(-0.198553 -0.0330578 0)
(-0.199133 -0.0257758 0)
(-0.199564 -0.0184848 0)
(-0.199846 -0.0111569 0)
(-0.199992 -0.00375331 0)
(0.199985 -0.00625666 0)
(0.199706 -0.0185815 0)
(0.199169 -0.0306918 0)
(0.198356 -0.0426159 0)
(0.197269 -0.0543793 0)
(0.195913 -0.0659818 0)
(0.194289 -0.0774041 0)
(0.192397 -0.0886215 0)
(0.190234 -0.0996113 0)
(0.187801 -0.110356 0)
(0.185097 -0.120845 0)
(0.182121 -0.131068 0)
(0.178874 -0.14102 0)
(0.175358 -0.150694 0)
(0.171573 -0.160085 0)
(0.167525 -0.169183 0)
(0.163219 -0.177984 0)
(0.158667 -0.186486 0)
(0.153886 -0.194698 0)
(0.148901 -0.202646 0)
(0.143755 -0.210393 0)
(0.138507 -0.218058 0)
(0.133243 -0.225847 0)
(0.128075 -0.234084 0)
(0.123129 -0.243207 0)
(0.118523 -0.253695 0)
(0.114277 -0.265912 0)
(0.110275 -0.279936 0)
(0.106284 -0.295528 0)
(0.102011 -0.312203 0)
(0.0971806 -0.329382 0)
(0.0915845 -0.346515 0)
(0.085104 -0.363163 0)
(0.0776991 -0.379019 0)
(0.0693832 -0.393898 0)
(0.0601979 -0.407708 0)
(0.0501946 -0.420423 0)
(0.0394251 -0.43206 0)
(0.0279374 -0.442657 0)
(0.0157727 -0.452261 0)
(0.00296593 -0.460918 0)
(-0.010445 -0.468659 0)
(-0.0244355 -0.475511 0)
(-0.0389885 -0.481479 0)
(-0.054076 -0.486552 0)
(-0.0696691 -0.490705 0)
(-0.0857359 -0.493897 0)
(-0.102239 -0.496076 0)
(-0.119134 -0.497175 0)
(-0.136362 -0.497117 0)
(-0.153841 -0.495816 0)
(-0.171443 -0.493176 0)
(-0.18894 -0.489093 0)
(-0.205987 -0.48345 0)
(-0.221828 -0.476132 0)
(-0.234457 -0.46699 0)
(-0.240581 -0.455841 0)
(-0.238735 -0.442648 0)
(-0.231645 -0.427557 0)
(-0.223007 -0.410973 0)
(-0.21296 -0.393117 0)
(-0.201392 -0.373584 0)
(-0.190175 -0.352937 0)
(-0.180002 -0.331689 0)
(-0.170417 -0.310143 0)
(-0.161253 -0.288614 0)
(-0.153031 -0.267514 0)
(-0.146268 -0.247379 0)
(-0.141314 -0.22876 0)
(-0.138311 -0.212146 0)
(-0.137202 -0.197868 0)
(-0.137735 -0.186007 0)
(-0.139568 -0.176354 0)
(-0.142321 -0.168458 0)
(-0.145635 -0.161775 0)
(-0.149262 -0.155822 0)
(-0.153034 -0.150237 0)
(-0.156833 -0.144785 0)
(-0.160581 -0.139323 0)
(-0.164226 -0.133777 0)
(-0.167731 -0.128109 0)
(-0.171074 -0.122309 0)
(-0.174241 -0.116379 0)
(-0.17722 -0.110325 0)
(-0.180009 -0.10416 0)
(-0.182605 -0.0978958 0)
(-0.185009 -0.0915428 0)
(-0.187221 -0.08511 0)
(-0.189244 -0.0786031 0)
(-0.191082 -0.0720257 0)
(-0.192738 -0.06538 0)
(-0.194216 -0.0586686 0)
(-0.195519 -0.051897 0)
(-0.19665 -0.0450747 0)
(-0.197614 -0.0382154 0)
(-0.198412 -0.0313343 0)
(-0.199048 -0.0244421 0)
(-0.19952 -0.0175346 0)
(-0.19983 -0.0105863 0)
(-0.199992 -0.00356183 0)
(0.199984 -0.00589613 0)
(0.199686 -0.0175103 0)
(0.199113 -0.0289194 0)
(0.198245 -0.0401483 0)
(0.197087 -0.0512197 0)
(0.195645 -0.0621319 0)
(0.193921 -0.0728651 0)
(0.191917 -0.0833945 0)
(0.189634 -0.0936979 0)
(0.187072 -0.103758 0)
(0.184234 -0.113565 0)
(0.181121 -0.123109 0)
(0.177735 -0.132387 0)
(0.17408 -0.141394 0)
(0.170159 -0.150124 0)
(0.165977 -0.158574 0)
(0.161544 -0.166741 0)
(0.156873 -0.174627 0)
(0.151984 -0.182245 0)
(0.146906 -0.189624 0)
(0.141685 -0.196828 0)
(0.136385 -0.203972 0)
(0.131095 -0.211255 0)
(0.125927 -0.21898 0)
(0.121006 -0.227549 0)
(0.116445 -0.237394 0)
(0.112255 -0.24883 0)
(0.108306 -0.261903 0)
(0.104358 -0.276379 0)
(0.100117 -0.291815 0)
(0.0953098 -0.307684 0)
(0.0897327 -0.323497 0)
(0.0832702 -0.338862 0)
(0.075884 -0.353505 0)
(0.0675869 -0.36726 0)
(0.0584182 -0.380043 0)
(0.0484266 -0.391831 0)
(0.0376607 -0.402637 0)
(0.0261655 -0.412495 0)
(0.0139795 -0.421445 0)
(0.00113707 -0.429524 0)
(-0.0123299 -0.436759 0)
(-0.0263991 -0.443167 0)
(-0.0410498 -0.448749 0)
(-0.0562545 -0.45349 0)
(-0.0719836 -0.457361 0)
(-0.0882032 -0.460322 0)
(-0.104873 -0.462317 0)
(-0.121941 -0.463281 0)
(-0.139344 -0.46314 0)
(-0.156991 -0.46181 0)
(-0.174733 -0.459204 0)
(-0.192314 -0.455224 0)
(-0.209349 -0.449767 0)
(-0.225016 -0.44272 0)
(-0.237191 -0.43395 0)
(-0.242627 -0.423294 0)
(-0.240106 -0.410702 0)
(-0.232898 -0.396347 0)
(-0.224706 -0.380621 0)
(-0.214158 -0.363672 0)
(-0.201568 -0.345333 0)
(-0.190193 -0.326115 0)
(-0.180039 -0.306439 0)
(-0.170317 -0.28654 0)
(-0.161021 -0.266692 0)
(-0.152719 -0.247286 0)
(-0.145889 -0.228805 0)
(-0.140866 -0.211744 0)
(-0.137789 -0.196536 0)
(-0.136594 -0.183471 0)
(-0.137035 -0.172607 0)
(-0.138775 -0.163748 0)
(-0.14144 -0.156486 0)
(-0.144676 -0.15033 0)
(-0.14824 -0.144844 0)
(-0.151965 -0.139701 0)
(-0.155737 -0.134684 0)
(-0.159475 -0.129663 0)
(-0.163124 -0.124567 0)
(-0.16665 -0.119361 0)
(-0.170025 -0.114032 0)
(-0.173235 -0.108578 0)
(-0.176268 -0.103006 0)
(-0.179118 -0.0973226 0)
(-0.181782 -0.0915388 0)
(-0.184259 -0.085663 0)
(-0.186548 -0.0797026 0)
(-0.188651 -0.0736624 0)
(-0.190569 -0.0675452 0)
(-0.192305 -0.0613529 0)
(-0.193859 -0.0550883 0)
(-0.195233 -0.048757 0)
(-0.196431 -0.0423686 0)
(-0.197454 -0.0359369 0)
(-0.198304 -0.0294777 0)
(-0.198982 -0.0230019 0)
(-0.199487 -0.0165066 0)
(-0.199818 -0.00996811 0)
(-0.199991 -0.00335414 0)
(0.199983 -0.00551441 0)
(0.19967 -0.0163765 0)
(0.199068 -0.0270446 0)
(0.198157 -0.0375407 0)
(0.196942 -0.0478852 0)
(0.195432 -0.0580753 0)
(0.193629 -0.0680913 0)
(0.191537 -0.0779084 0)
(0.189159 -0.087505 0)
(0.186496 -0.0968645 0)
(0.183554 -0.105976 0)
(0.180336 -0.114831 0)
(0.176845 -0.123427 0)
(0.173088 -0.131757 0)
(0.16907 -0.139819 0)
(0.1648 -0.147607 0)
(0.160287 -0.15512 0)
(0.155546 -0.16236 0)
(0.150599 -0.169339 0)
(0.145476 -0.176086 0)
(0.140223 -0.182663 0)
(0.134903 -0.189182 0)
(0.129603 -0.195834 0)
(0.124435 -0.202909 0)
(0.11952 -0.210792 0)
(0.114964 -0.219889 0)
(0.110775 -0.230489 0)
(0.106816 -0.242623 0)
(0.102842 -0.256059 0)
(0.0985624 -0.270374 0)
(0.0937108 -0.285075 0)
(0.0880901 -0.299709 0)
(0.0815897 -0.313918 0)
(0.0741732 -0.327453 0)
(0.0658528 -0.340165 0)
(0.0566658 -0.351983 0)
(0.0466576 -0.362887 0)
(0.0358738 -0.372891 0)
(0.0243561 -0.382024 0)
(0.0121401 -0.390322 0)
(-0.000739799 -0.39782 0)
(-0.0142553 -0.404537 0)
(-0.0283866 -0.410487 0)
(-0.0431108 -0.415666 0)
(-0.0584002 -0.420059 0)
(-0.0742238 -0.423635 0)
(-0.0905458 -0.426353 0)
(-0.107322 -0.42816 0)
(-0.124498 -0.428992 0)
(-0.142002 -0.428777 0)
(-0.159737 -0.42744 0)
(-0.177546 -0.424897 0)
(-0.195149 -0.421063 0)
(-0.21213 -0.415849 0)
(-0.227597 -0.409155 0)
(-0.23932 -0.400867 0)
(-0.244126 -0.39084 0)
(-0.241077 -0.379055 0)
(-0.233588 -0.365713 0)
(-0.225092 -0.350885 0)
(-0.214208 -0.33449 0)
(-0.201509 -0.317396 0)
(-0.190144 -0.299773 0)
(-0.179968 -0.281702 0)
(-0.170155 -0.263423 0)
(-0.160758 -0.245197 0)
(-0.152404 -0.22736 0)
(-0.145559 -0.210382 0)
(-0.140527 -0.194724 0)
(-0.137438 -0.180785 0)
(-0.136225 -0.168827 0)
(-0.136636 -0.158901 0)
(-0.138337 -0.150824 0)
(-0.140954 -0.144215 0)
(-0.144138 -0.138623 0)
(-0.147649 -0.133646 0)
(-0.151326 -0.128982 0)
(-0.155057 -0.124431 0)
(-0.158764 -0.119872 0)
(-0.162396 -0.115238 0)
(-0.165915 -0.110496 0)
(-0.169296 -0.105635 0)
(-0.172522 -0.100651 0)
(-0.175583 -0.0955495 0)
(-0.178469 -0.0903383 0)
(-0.181177 -0.0850257 0)
(-0.183703 -0.0796196 0)
(-0.186047 -0.0741263 0)
(-0.188206 -0.0685501 0)
(-0.190183 -0.0628937 0)
(-0.191976 -0.0571588 0)
(-0.193587 -0.0513482 0)
(-0.195016 -0.0454674 0)
(-0.196264 -0.0395262 0)
(-0.197332 -0.0335383 0)
(-0.198221 -0.0275192 0)
(-0.198932 -0.0214801 0)
(-0.199461 -0.0154187 0)
(-0.199809 -0.0093132 0)
(-0.199991 -0.00313392 0)
(0.199983 -0.0051158 0)
(0.199657 -0.0151927 0)
(0.199032 -0.0250881 0)
(0.198087 -0.0348215 0)
(0.196827 -0.0444113 0)
(0.195261 -0.0538541 0)
(0.193394 -0.0631306 0)
(0.191231 -0.0722172 0)
(0.188774 -0.0810926 0)
(0.186028 -0.0897412 0)
(0.182999 -0.0981524 0)
(0.179691 -0.10632 0)
(0.176109 -0.114238 0)
(0.172262 -0.121905 0)
(0.168155 -0.129317 0)
(0.163797 -0.13647 0)
(0.159201 -0.143365 0)
(0.154381 -0.150003 0)
(0.149362 -0.156399 0)
(0.144174 -0.162583 0)
(0.138866 -0.168612 0)
(0.133503 -0.174596 0)
(0.128176 -0.180713 0)
(0.122996 -0.187235 0)
(0.118083 -0.194516 0)
(0.113536 -0.202924 0)
(0.109362 -0.212711 0)
(0.105414 -0.223891 0)
(0.101435 -0.236246 0)
(0.0971348 -0.249384 0)
(0.0922521 -0.262858 0)
(0.0865945 -0.276258 0)
(0.0800562 -0.289264 0)
(0.0726036 -0.301652 0)
(0.0642503 -0.31329 0)
(0.0550329 -0.324114 0)
(0.044996 -0.334106 0)
(0.0341833 -0.343279 0)
(0.0226346 -0.351658 0)
(0.0103834 -0.359277 0)
(-0.0025344 -0.366163 0)
(-0.0160924 -0.372333 0)
(-0.0302739 -0.377795 0)
(-0.0450541 -0.382544 0)
(-0.0604045 -0.386565 0)
(-0.0762931 -0.389825 0)
(-0.0926822 -0.392286 0)
(-0.109525 -0.393895 0)
(-0.126765 -0.394593 0)
(-0.144326 -0.394314 0)
(-0.162106 -0.392986 0)
(-0.179942 -0.390534 0)
(-0.197544 -0.386881 0)
(-0.214464 -0.381946 0)
(-0.229749 -0.375646 0)
(-0.241083 -0.367877 0)
(-0.245371 -0.358515 0)
(-0.241954 -0.347554 0)
(-0.233912 -0.335178 0)
(-0.224092 -0.321403 0)
(-0.212986 -0.306198 0)
(-0.201385 -0.290477 0)
(-0.190404 -0.27433 0)
(-0.180138 -0.257783 0)
(-0.170193 -0.241061 0)
(-0.160633 -0.224407 0)
(-0.152154 -0.208115 0)
(-0.145276 -0.192617 0)
(-0.140234 -0.178341 0)
(-0.137133 -0.165645 0)
(-0.135899 -0.154763 0)
(-0.136281 -0.145733 0)
(-0.137946 -0.138384 0)
(-0.140525 -0.132368 0)
(-0.143671 -0.127275 0)
(-0.147148 -0.122742 0)
(-0.150797 -0.118494 0)
(-0.154506 -0.11435 0)
(-0.158199 -0.1102 0)
(-0.161825 -0.105981 0)
(-0.165345 -0.101664 0)
(-0.168736 -0.0972342 0)
(-0.171979 -0.0926902 0)
(-0.175062 -0.0880352 0)
(-0.177977 -0.0832752 0)
(-0.180719 -0.0784172 0)
(-0.183283 -0.073468 0)
(-0.185667 -0.0684328 0)
(-0.18787 -0.0633153 0)
(-0.18989 -0.0581175 0)
(-0.191727 -0.0528411 0)
(-0.193381 -0.0474885 0)
(-0.194851 -0.0420653 0)
(-0.196137 -0.0365808 0)
(-0.197239 -0.0310483 0)
(-0.198158 -0.025483 0)
(-0.198893 -0.0198959 0)
(-0.199441 -0.014285 0)
(-0.199802 -0.0086301 0)
(-0.19999 -0.00290409 0)
(0.199982 -0.00470366 0)
(0.199647 -0.0139689 0)
(0.199003 -0.023066 0)
(0.19803 -0.0320124 0)
(0.196733 -0.0408248 0)
(0.195123 -0.0494996 0)
(0.193205 -0.0580181 0)
(0.190983 -0.0663578 0)
(0.188463 -0.0744988 0)
(0.18565 -0.082426 0)
(0.18255 -0.0901294 0)
(0.179169 -0.0976028 0)
(0.175515 -0.104842 0)
(0.171595 -0.111844 0)
(0.167416 -0.118606 0)
(0.162991 -0.125125 0)
(0.15833 -0.131401 0)
(0.153452 -0.137438 0)
(0.148379 -0.143247 0)
(0.143146 -0.148858 0)
(0.137799 -0.154326 0)
(0.132406 -0.159753 0)
(0.127058 -0.165308 0)
(0.121864 -0.171244 0)
(0.116945 -0.177888 0)
(0.112392 -0.185576 0)
(0.108208 -0.194534 0)
(0.104241 -0.204767 0)
(0.100229 -0.216065 0)
(0.0958855 -0.228064 0)
(0.0909525 -0.240356 0)
(0.0852429 -0.252569 0)
(0.0786546 -0.264413 0)
(0.0711564 -0.27569 0)
(0.0627623 -0.286282 0)
(0.0535084 -0.296133 0)
(0.0434381 -0.305229 0)
(0.0325939 -0.31358 0)
(0.0210132 -0.32121 0)
(0.0087259 -0.328149 0)
(-0.00422548 -0.334424 0)
(-0.0178163 -0.340041 0)
(-0.0320366 -0.34501 0)
(-0.0468583 -0.349326 0)
(-0.0622511 -0.352971 0)
(-0.0781822 -0.355915 0)
(-0.0946122 -0.358121 0)
(-0.111493 -0.359541 0)
(-0.128764 -0.360119 0)
(-0.146348 -0.359794 0)
(-0.164137 -0.3585 0)
(-0.181962 -0.356168 0)
(-0.199524 -0.352728 0)
(-0.216351 -0.348108 0)
(-0.231429 -0.342234 0)
(-0.242364 -0.335015 0)
(-0.246132 -0.326339 0)
(-0.242288 -0.316212 0)
(-0.233916 -0.304785 0)
(-0.223776 -0.292219 0)
(-0.212626 -0.278659 0)
(-0.201214 -0.26439 0)
(-0.190314 -0.249592 0)
(-0.180045 -0.234451 0)
(-0.170064 -0.219181 0)
(-0.160434 -0.204 0)
(-0.151895 -0.189184 0)
(-0.145007 -0.175107 0)
(-0.139976 -0.162152 0)
(-0.136885 -0.150645 0)
(-0.135654 -0.140792 0)
(-0.13603 -0.132624 0)
(-0.137679 -0.125983 0)
(-0.140235 -0.120548 0)
(-0.143356 -0.11595 0)
(-0.146808 -0.111856 0)
(-0.150433 -0.108021 0)
(-0.154122 -0.104279 0)
(-0.157801 -0.100529 0)
(-0.161417 -0.0967161 0)
(-0.164935 -0.0928109 0)
(-0.168329 -0.0888016 0)
(-0.171581 -0.0846855 0)
(-0.174678 -0.0804651 0)
(-0.177613 -0.0761456 0)
(-0.180378 -0.071733 0)
(-0.182968 -0.0672331 0)
(-0.185382 -0.0626504 0)
(-0.187616 -0.0579879 0)
(-0.189669 -0.0532474 0)
(-0.191539 -0.0484302 0)
(-0.193225 -0.0435388 0)
(-0.194725 -0.0385781 0)
(-0.19604 -0.0335574 0)
(-0.197168 -0.0284892 0)
(-0.19811 -0.0233879 0)
(-0.198863 -0.0182642 0)
(-0.199426 -0.0131163 0)
(-0.199797 -0.00792535 0)
(-0.19999 -0.00266688 0)
(0.199982 -0.00428063 0)
(0.199639 -0.0127127 0)
(0.19898 -0.020991 0)
(0.197984 -0.0291309 0)
(0.196658 -0.0371475 0)
(0.195011 -0.0450372 0)
(0.193051 -0.0527824 0)
(0.190783 -0.0603621 0)
(0.188211 -0.0677576 0)
(0.185342 -0.0749548 0)
(0.182183 -0.0819444 0)
(0.178742 -0.0887208 0)
(0.175025 -0.0952803 0)
(0.171043 -0.10162 0)
(0.166803 -0.107738 0)
(0.162316 -0.113631 0)
(0.157597 -0.119301 0)
(0.152663 -0.12475 0)
(0.147539 -0.129992 0)
(0.142258 -0.135052 0)
(0.136871 -0.139984 0)
(0.131444 -0.144881 0)
(0.12607 -0.1499 0)
(0.12086 -0.155274 0)
(0.115934 -0.161298 0)
(0.111379 -0.168277 0)
(0.107188 -0.176405 0)
(0.103207 -0.185681 0)
(0.0991683 -0.195908 0)
(0.0947872 -0.206756 0)
(0.089808 -0.217856 0)
(0.0840481 -0.228875 0)
(0.0774095 -0.239555 0)
(0.0698637 -0.24972 0)
(0.0614257 -0.259266 0)
(0.052132 -0.268144 0)
(0.0420257 -0.276342 0)
(0.0311487 -0.28387 0)
(0.0195346 -0.290749 0)
(0.00720547 -0.297005 0)
(-0.00577607 -0.302664 0)
(-0.0193875 -0.307725 0)
(-0.033638 -0.312198 0)
(-0.0484914 -0.316078 0)
(-0.0639141 -0.319347 0)
(-0.0798727 -0.321978 0)
(-0.0963269 -0.323936 0)
(-0.113227 -0.325175 0)
(-0.13051 -0.325646 0)
(-0.148096 -0.325293 0)
(-0.165873 -0.324057 0)
(-0.183669 -0.321875 0)
(-0.201175 -0.318685 0)
(-0.217902 -0.314423 0)
(-0.232787 -0.309028 0)
(-0.243358 -0.30242 0)
(-0.246672 -0.294503 0)
(-0.242471 -0.285291 0)
(-0.233893 -0.274924 0)
(-0.223645 -0.26357 0)
(-0.212457 -0.251372 0)
(-0.201047 -0.238492 0)
(-0.190156 -0.225111 0)
(-0.179883 -0.211422 0)
(-0.169878 -0.197625 0)
(-0.160215 -0.18392 0)
(-0.15165 -0.170564 0)
(-0.144763 -0.157888 0)
(-0.139749 -0.146233 0)
(-0.136672 -0.135889 0)
(-0.135449 -0.12704 0)
(-0.135823 -0.119709 0)
(-0.137463 -0.11375 0)
(-0.140005 -0.108873 0)
(-0.143109 -0.104745 0)
(-0.146544 -0.10107 0)
(-0.150154 -0.0976266 0)
(-0.15383 -0.0942662 0)
(-0.157499 -0.0908987 0)
(-0.16111 -0.0874736 0)
(-0.164626 -0.0839647 0)
(-0.168023 -0.0803607 0)
(-0.171282 -0.076659 0)
(-0.17439 -0.0728614 0)
(-0.177339 -0.0689721 0)
(-0.180121 -0.0649963 0)
(-0.182731 -0.0609387 0)
(-0.185167 -0.0568032 0)
(-0.187425 -0.0525924 0)
(-0.189502 -0.0483076 0)
(-0.191396 -0.0439498 0)
(-0.193106 -0.0395213 0)
(-0.19463 -0.0350269 0)
(-0.195966 -0.030475 0)
(-0.197114 -0.0258775 0)
(-0.198073 -0.0212479 0)
(-0.198841 -0.0165962 0)
(-0.199414 -0.0119207 0)
(-0.199793 -0.00720397 0)
(-0.19999 -0.00242401 0)
(0.199982 -0.00384882 0)
(0.199632 -0.0114305 0)
(0.198961 -0.0188732 0)
(0.197947 -0.0261907 0)
(0.196597 -0.0333965 0)
(0.194921 -0.040487 0)
(0.192927 -0.0474462 0)
(0.190619 -0.0542546 0)
(0.188005 -0.0608949 0)
(0.18509 -0.0673543 0)
(0.181883 -0.0736242 0)
(0.178392 -0.0796994 0)
(0.174624 -0.0855766 0)
(0.17059 -0.0912534 0)
(0.166298 -0.0967274 0)
(0.161762 -0.101997 0)
(0.156994 -0.107063 0)
(0.152014 -0.111929 0)
(0.146846 -0.116605 0)
(0.141527 -0.121118 0)
(0.136104 -0.125516 0)
(0.130649 -0.129883 0)
(0.125252 -0.134364 0)
(0.120027 -0.139168 0)
(0.11509 -0.144565 0)
(0.110527 -0.150824 0)
(0.106325 -0.158115 0)
(0.102322 -0.166432 0)
(0.0982519 -0.175592 0)
(0.0938298 -0.185298 0)
(0.0888032 -0.195218 0)
(0.0829931 -0.205058 0)
(0.076305 -0.21459 0)
(0.0687126 -0.223659 0)
(0.060232 -0.232173 0)
(0.0508997 -0.240091 0)
(0.0407591 -0.247401 0)
(0.0298503 -0.254115 0)
(0.0182037 -0.260249 0)
(0.00583436 -0.265826 0)
(-0.00717322 -0.270861 0)
(-0.0207995 -0.27537 0)
(-0.0350733 -0.279353 0)
(-0.0499499 -0.282803 0)
(-0.0653939 -0.285702 0)
(-0.0813697 -0.288028 0)
(-0.0978365 -0.289747 0)
(-0.114743 -0.290818 0)
(-0.132026 -0.291198 0)
(-0.149603 -0.290836 0)
(-0.167359 -0.289679 0)
(-0.185117 -0.287673 0)
(-0.202566 -0.284762 0)
(-0.219199 -0.280892 0)
(-0.233911 -0.27601 0)
(-0.244164 -0.270053 0)
(-0.247087 -0.262934 0)
(-0.24259 -0.254666 0)
(-0.23386 -0.245378 0)
(-0.223542 -0.235222 0)
(-0.212321 -0.224321 0)
(-0.200892 -0.212811 0)
(-0.189992 -0.200852 0)
(-0.179706 -0.18862 0)
(-0.169684 -0.176295 0)
(-0.160001 -0.16406 0)
(-0.151424 -0.152147 0)
(-0.144544 -0.140849 0)
(-0.13955 -0.130469 0)
(-0.136493 -0.121265 0)
(-0.135283 -0.113396 0)
(-0.135663 -0.106882 0)
(-0.137301 -0.101589 0)
(-0.139835 -0.0972579 0)
(-0.142929 -0.0935912 0)
(-0.146352 -0.0903261 0)
(-0.14995 -0.0872656 0)
(-0.153616 -0.0842785 0)
(-0.157277 -0.0812845 0)
(-0.160883 -0.0782385 0)
(-0.164398 -0.075117 0)
(-0.167796 -0.0719098 0)
(-0.171059 -0.0686141 0)
(-0.174175 -0.0652315 0)
(-0.177134 -0.0617654 0)
(-0.179928 -0.0582202 0)
(-0.182553 -0.0545999 0)
(-0.185005 -0.0509078 0)
(-0.18728 -0.0471459 0)
(-0.189375 -0.0433154 0)
(-0.191288 -0.0394172 0)
(-0.193016 -0.035453 0)
(-0.194558 -0.0314275 0)
(-0.19591 -0.0273482 0)
(-0.197073 -0.0232262 0)
(-0.198045 -0.019074 0)
(-0.198823 -0.0149006 0)
(-0.199405 -0.0107045 0)
(-0.199789 -0.0064698 0)
(-0.19999 -0.00217682 0)
(0.199981 -0.00340991 0)
(0.199626 -0.0101271 0)
(0.198946 -0.0167208 0)
(0.197917 -0.023203 0)
(0.196548 -0.0295856 0)
(0.194848 -0.0358655 0)
(0.192826 -0.042028 0)
(0.190487 -0.0480556 0)
(0.187838 -0.0539326 0)
(0.184885 -0.0596475 0)
(0.181638 -0.0651924 0)
(0.178105 -0.0705628 0)
(0.174295 -0.0757556 0)
(0.170217 -0.0807688 0)
(0.165882 -0.0856003 0)
(0.161302 -0.0902491 0)
(0.156492 -0.0947152 0)
(0.151472 -0.0990026 0)
(0.146266 -0.103122 0)
(0.140911 -0.107095 0)
(0.135457 -0.110966 0)
(0.129975 -0.114813 0)
(0.124557 -0.118763 0)
(0.119316 -0.123003 0)
(0.11437 -0.127773 0)
(0.109799 -0.13331 0)
(0.105585 -0.139759 0)
(0.101563 -0.147111 0)
(0.0974646 -0.155199 0)
(0.093005 -0.163761 0)
(0.0879345 -0.172504 0)
(0.0820776 -0.181169 0)
(0.0753429 -0.189559 0)
(0.0677061 -0.197538 0)
(0.0591844 -0.205028 0)
(0.0498144 -0.211991 0)
(0.0396386 -0.218421 0)
(0.0286972 -0.224325 0)
(0.0170245 -0.229719 0)
(0.00464763 -0.234621 0)
(-0.00838431 -0.23904 0)
(-0.0220493 -0.243001 0)
(-0.0363442 -0.246497 0)
(-0.0512366 -0.249522 0)
(-0.0666934 -0.252059 0)
(-0.0826792 -0.254087 0)
(-0.0991516 -0.255576 0)
(-0.116059 -0.256492 0)
(-0.133335 -0.256794 0)
(-0.150897 -0.256439 0)
(-0.168628 -0.255379 0)
(-0.186349 -0.253567 0)
(-0.203741 -0.250956 0)
(-0.22029 -0.247496 0)
(-0.234863 -0.243146 0)
(-0.24482 -0.237881 0)
(-0.247416 -0.231579 0)
(-0.242666 -0.224267 0)
(-0.233816 -0.21606 0)
(-0.223449 -0.2071 0)
(-0.212197 -0.197488 0)
(-0.200749 -0.18734 0)
(-0.189838 -0.176799 0)
(-0.179539 -0.166019 0)
(-0.169503 -0.155162 0)
(-0.159808 -0.144388 0)
(-0.151225 -0.133905 0)
(-0.144355 -0.123971 0)
(-0.139381 -0.114849 0)
(-0.136344 -0.106766 0)
(-0.135148 -0.0998605 0)
(-0.135536 -0.0941472 0)
(-0.137174 -0.0895056 0)
(-0.139705 -0.0857076 0)
(-0.142791 -0.0824913 0)
(-0.146206 -0.0796263 0)
(-0.149796 -0.0769401 0)
(-0.153455 -0.0743177 0)
(-0.157111 -0.0716889 0)
(-0.160713 -0.0690139 0)
(-0.164227 -0.066272 0)
(-0.167626 -0.0634541 0)
(-0.170892 -0.0605577 0)
(-0.174013 -0.0575837 0)
(-0.176979 -0.0545351 0)
(-0.179783 -0.0514155 0)
(-0.182419 -0.0482284 0)
(-0.184883 -0.0449765 0)
(-0.187171 -0.0416615 0)
(-0.18928 -0.0382841 0)
(-0.191206 -0.0348451 0)
(-0.192948 -0.0313463 0)
(-0.194503 -0.0277914 0)
(-0.195868 -0.0241876 0)
(-0.197042 -0.0205448 0)
(-0.198023 -0.0168742 0)
(-0.19881 -0.0131839 0)
(-0.199399 -0.00947264 0)
(-0.199787 -0.00572582 0)
(-0.19999 -0.0019263 0)
(0.199981 -0.00296528 0)
(0.199622 -0.00880672 0)
(0.198934 -0.0145404 0)
(0.197893 -0.0201768 0)
(0.196508 -0.0257263 0)
(0.194789 -0.031186 0)
(0.192744 -0.0365431 0)
(0.190379 -0.0417819 0)
(0.187702 -0.0468886 0)
(0.184719 -0.0518531 0)
(0.181439 -0.0566684 0)
(0.177872 -0.0613304 0)
(0.174026 -0.0658364 0)
(0.169912 -0.0701847 0)
(0.165541 -0.0743736 0)
(0.160925 -0.0784021 0)
(0.15608 -0.0822705 0)
(0.151025 -0.0859823 0)
(0.145787 -0.0895469 0)
(0.140402 -0.0929842 0)
(0.134921 -0.0963327 0)
(0.129416 -0.0996607 0)
(0.123979 -0.10308 0)
(0.118724 -0.106756 0)
(0.113768 -0.110896 0)
(0.109189 -0.115705 0)
(0.104963 -0.121307 0)
(0.100922 -0.127688 0)
(0.0967965 -0.134704 0)
(0.0923023 -0.142123 0)
(0.0871919 -0.149693 0)
(0.0812927 -0.157191 0)
(0.0745159 -0.164447 0)
(0.0668392 -0.171345 0)
(0.0582805 -0.177819 0)
(0.0488767 -0.183837 0)
(0.0386699 -0.189392 0)
(0.0277003 -0.194492 0)
(0.0160033 -0.199151 0)
(0.00360932 -0.203385 0)
(-0.00944299 -0.207204 0)
(-0.0231314 -0.210622 0)
(-0.037443 -0.213636 0)
(-0.0523481 -0.216241 0)
(-0.0678148 -0.218422 0)
(-0.083807 -0.22016 0)
(-0.100282 -0.22143 0)
(-0.117186 -0.222201 0)
(-0.134453 -0.222438 0)
(-0.151999 -0.222102 0)
(-0.169705 -0.221154 0)
(-0.18739 -0.219551 0)
(-0.20473 -0.217254 0)
(-0.221203 -0.214222 0)
(-0.235662 -0.21042 0)
(-0.245351 -0.205871 0)
(-0.247676 -0.2004 0)
(-0.242705 -0.194057 0)
(-0.233762 -0.186937 0)
(-0.223366 -0.179167 0)
(-0.212092 -0.170835 0)
(-0.200624 -0.162045 0)
(-0.189698 -0.152916 0)
(-0.179386 -0.143584 0)
(-0.169337 -0.134187 0)
(-0.159635 -0.124866 0)
(-0.151052 -0.115801 0)
(-0.144194 -0.107216 0)
(-0.139238 -0.0993373 0)
(-0.13622 -0.0923599 0)
(-0.13504 -0.0864025 0)
(-0.135437 -0.0814759 0)
(-0.137078 -0.0774747 0)
(-0.139606 -0.0742005 0)
(-0.142689 -0.0714271 0)
(-0.146098 -0.0689557 0)
(-0.149682 -0.0666379 0)
(-0.153336 -0.0643748 0)
(-0.156988 -0.0621056 0)
(-0.160587 -0.0597962 0)
(-0.164099 -0.0574286 0)
(-0.167499 -0.0549949 0)
(-0.170768 -0.0524927 0)
(-0.173892 -0.0499227 0)
(-0.176864 -0.0472875 0)
(-0.179674 -0.0445899 0)
(-0.182318 -0.041833 0)
(-0.184791 -0.0390188 0)
(-0.187089 -0.0361488 0)
(-0.189207 -0.0332236 0)
(-0.191144 -0.0302437 0)
(-0.192897 -0.0272107 0)
(-0.194461 -0.0241279 0)
(-0.195835 -0.0210017 0)
(-0.197018 -0.0178406 0)
(-0.198007 -0.0146548 0)
(-0.1988 -0.0114513 0)
(-0.199393 -0.00822873 0)
(-0.199785 -0.00497431 0)
(-0.19999 -0.00167325 0)
(0.199981 -0.00251608 0)
(0.199619 -0.00747263 0)
(0.198924 -0.0123376 0)
(0.197874 -0.0171197 0)
(0.196476 -0.0218279 0)
(0.194742 -0.0264598 0)
(0.192679 -0.0310041 0)
(0.190293 -0.0354475 0)
(0.187593 -0.0397782 0)
(0.184585 -0.0439873 0)
(0.181279 -0.0480688 0)
(0.177683 -0.0520192 0)
(0.173809 -0.0558364 0)
(0.169665 -0.0595186 0)
(0.165264 -0.0630645 0)
(0.160618 -0.0664734 0)
(0.155743 -0.0697455 0)
(0.15066 -0.072884 0)
(0.145395 -0.0758969 0)
(0.139984 -0.0788015 0)
(0.134481 -0.0816308 0)
(0.128956 -0.0844436 0)
(0.123502 -0.0873356 0)
(0.118235 -0.0904474 0)
(0.11327 -0.0939555 0)
(0.108683 -0.0980324 0)
(0.104447 -0.102781 0)
(0.100389 -0.108188 0)
(0.0962395 -0.114128 0)
(0.0917151 -0.120405 0)
(0.0865698 -0.126805 0)
(0.0806336 -0.133141 0)
(0.07382 -0.139269 0)
(0.0661081 -0.145094 0)
(0.0575168 -0.150558 0)
(0.0480832 -0.155637 0)
(0.0378494 -0.160325 0)
(0.0268552 -0.164628 0)
(0.0151367 -0.168559 0)
(0.00272534 -0.17213 0)
(-0.0103443 -0.175352 0)
(-0.0240501 -0.178232 0)
(-0.0383752 -0.180771 0)
(-0.0532908 -0.182962 0)
(-0.0687651 -0.184795 0)
(-0.0847616 -0.186252 0)
(-0.101237 -0.187311 0)
(-0.118137 -0.187946 0)
(-0.135395 -0.188128 0)
(-0.152925 -0.187824 0)
(-0.170607 -0.187 0)
(-0.188257 -0.185619 0)
(-0.20555 -0.183649 0)
(-0.221958 -0.181055 0)
(-0.236325 -0.177817 0)
(-0.245791 -0.173981 0)
(-0.247892 -0.169368 0)
(-0.242734 -0.163996 0)
(-0.2337 -0.157965 0)
(-0.223276 -0.15138 0)
(-0.211989 -0.144326 0)
(-0.200512 -0.136888 0)
(-0.189577 -0.129169 0)
(-0.179253 -0.12128 0)
(-0.169194 -0.113338 0)
(-0.159488 -0.105464 0)
(-0.150907 -0.097809 0)
(-0.144059 -0.0905622 0)
(-0.139121 -0.0839151 0)
(-0.13612 -0.0780311 0)
(-0.134953 -0.0730096 0)
(-0.135359 -0.0688586 0)
(-0.137004 -0.065488 0)
(-0.139532 -0.0627297 0)
(-0.142612 -0.0603927 0)
(-0.146018 -0.0583095 0)
(-0.149598 -0.0563554 0)
(-0.153248 -0.0544468 0)
(-0.156897 -0.0525329 0)
(-0.160494 -0.0505848 0)
(-0.164005 -0.0485873 0)
(-0.167405 -0.0465337 0)
(-0.170675 -0.0444219 0)
(-0.173802 -0.0422524 0)
(-0.176778 -0.0400273 0)
(-0.179593 -0.0377489 0)
(-0.182243 -0.0354197 0)
(-0.184722 -0.0330414 0)
(-0.187027 -0.030615 0)
(-0.189153 -0.0281412 0)
(-0.191098 -0.0256202 0)
(-0.192858 -0.0230534 0)
(-0.19443 -0.0204437 0)
(-0.195811 -0.0177965 0)
(-0.197 -0.0151192 0)
(-0.197994 -0.0124205 0)
(-0.198792 -0.00970638 0)
(-0.199389 -0.00697561 0)
(-0.199784 -0.00421705 0)
(-0.19999 -0.00141829 0)
(0.199981 -0.00206323 0)
(0.199616 -0.00612767 0)
(0.198916 -0.0101168 0)
(0.197859 -0.014038 0)
(0.196451 -0.0178984 0)
(0.194704 -0.0216962 0)
(0.192627 -0.0254219 0)
(0.190226 -0.0290646 0)
(0.187507 -0.0326144 0)
(0.184479 -0.0360639 0)
(0.181152 -0.0394082 0)
(0.177534 -0.0426444 0)
(0.173636 -0.0457705 0)
(0.169468 -0.0487854 0)
(0.165043 -0.0516878 0)
(0.160373 -0.0544772 0)
(0.155475 -0.0571538 0)
(0.150368 -0.0597203 0)
(0.14508 -0.0621834 0)
(0.139649 -0.0645575 0)
(0.134127 -0.06687 0)
(0.128585 -0.0691693 0)
(0.123118 -0.0715346 0)
(0.11784 -0.0740818 0)
(0.112867 -0.0769556 0)
(0.108273 -0.0802968 0)
(0.104027 -0.0841886 0)
(0.0999551 -0.0886177 0)
(0.0957855 -0.0934802 0)
(0.0912354 -0.0986148 0)
(0.0860605 -0.103848 0)
(0.080093 -0.109025 0)
(0.0732483 -0.114032 0)
(0.0655068 -0.118788 0)
(0.0568879 -0.12325 0)
(0.0474292 -0.127396 0)
(0.0371725 -0.131223 0)
(0.0261578 -0.134735 0)
(0.014421 -0.137943 0)
(0.00199432 -0.140856 0)
(-0.0110896 -0.143485 0)
(-0.0248089 -0.145833 0)
(-0.0391448 -0.147902 0)
(-0.0540687 -0.149687 0)
(-0.0695488 -0.151177 0)
(-0.0855484 -0.152359 0)
(-0.102023 -0.153215 0)
(-0.11892 -0.153724 0)
(-0.13617 -0.15386 0)
(-0.153686 -0.153598 0)
(-0.171347 -0.152908 0)
(-0.188965 -0.151761 0)
(-0.206217 -0.150131 0)
(-0.222566 -0.147987 0)
(-0.236856 -0.145311 0)
(-0.246143 -0.142167 0)
(-0.248035 -0.138479 0)
(-0.24274 -0.134053 0)
(-0.23364 -0.1291 0)
(-0.223202 -0.123704 0)
(-0.211907 -0.117929 0)
(-0.200421 -0.111844 0)
(-0.189478 -0.105531 0)
(-0.179145 -0.0990835 0)
(-0.169078 -0.0925932 0)
(-0.15937 -0.0861592 0)
(-0.150791 -0.0799071 0)
(-0.143952 -0.0739903 0)
(-0.139027 -0.0685648 0)
(-0.13604 -0.0637638 0)
(-0.134885 -0.0596676 0)
(-0.135299 -0.0562824 0)
(-0.136948 -0.0535344 0)
(-0.139476 -0.0512857 0)
(-0.142555 -0.0493801 0)
(-0.145959 -0.0476812 0)
(-0.149536 -0.046087 0)
(-0.153184 -0.0445299 0)
(-0.15683 -0.0429681 0)
(-0.160426 -0.0413782 0)
(-0.163936 -0.0397478 0)
(-0.167335 -0.0380713 0)
(-0.170607 -0.036347 0)
(-0.173736 -0.0345754 0)
(-0.176714 -0.032758 0)
(-0.179533 -0.0308966 0)
(-0.182187 -0.0289933 0)
(-0.184671 -0.0270493 0)
(-0.186981 -0.0250656 0)
(-0.189113 -0.0230425 0)
(-0.191063 -0.0209803 0)
(-0.192829 -0.01888 0)
(-0.194406 -0.016744 0)
(-0.195793 -0.0145769 0)
(-0.196986 -0.0123849 0)
(-0.197985 -0.010175 0)
(-0.198786 -0.00795225 0)
(-0.199386 -0.00571549 0)
(-0.199783 -0.00345543 0)
(-0.199989 -0.00116195 0)
(0.199981 -0.00160756 0)
(0.199614 -0.00477431 0)
(0.198911 -0.00788236 0)
(0.197847 -0.0109373 0)
(0.196432 -0.013945 0)
(0.194676 -0.0169037 0)
(0.192588 -0.0198063 0)
(0.190174 -0.0226439 0)
(0.187441 -0.025409 0)
(0.184398 -0.0280955 0)
(0.181054 -0.0306998 0)
(0.177419 -0.0332193 0)
(0.173503 -0.0356528 0)
(0.169317 -0.0379991 0)
(0.164873 -0.0402574 0)
(0.160184 -0.0424272 0)
(0.155267 -0.0445088 0)
(0.150142 -0.0465043 0)
(0.144836 -0.048419 0)
(0.139389 -0.0502643 0)
(0.133851 -0.0520615 0)
(0.128296 -0.0538489 0)
(0.122818 -0.0556883 0)
(0.117532 -0.0576704 0)
(0.112553 -0.059908 0)
(0.107953 -0.0625104 0)
(0.1037 -0.0655412 0)
(0.0996154 -0.0689892 0)
(0.0954294 -0.0727725 0)
(0.0908586 -0.0767653 0)
(0.0856599 -0.0808326 0)
(0.0796672 -0.0848555 0)
(0.0727974 -0.0887439 0)
(0.0650319 -0.0924376 0)
(0.0563908 -0.0959018 0)
(0.0469117 -0.0991206 0)
(0.0366364 -0.102091 0)
(0.0256049 -0.104817 0)
(0.0138531 -0.107306 0)
(0.00141378 -0.109567 0)
(-0.0116816 -0.111607 0)
(-0.0254116 -0.113428 0)
(-0.0397561 -0.115032 0)
(-0.0546866 -0.116414 0)
(-0.0701711 -0.117567 0)
(-0.0861729 -0.118481 0)
(-0.102647 -0.11914 0)
(-0.11954 -0.119528 0)
(-0.136783 -0.119626 0)
(-0.154287 -0.119414 0)
(-0.171931 -0.118868 0)
(-0.189526 -0.117967 0)
(-0.206744 -0.116687 0)
(-0.223043 -0.115007 0)
(-0.237269 -0.112904 0)
(-0.246408 -0.110452 0)
(-0.248129 -0.107668 0)
(-0.242741 -0.104191 0)
(-0.233597 -0.100319 0)
(-0.223148 -0.0961152 0)
(-0.211846 -0.0916221 0)
(-0.200353 -0.0868905 0)
(-0.189406 -0.0819841 0)
(-0.179065 -0.0769739 0)
(-0.168989 -0.0719312 0)
(-0.159279 -0.0669332 0)
(-0.150703 -0.0620778 0)
(-0.143871 -0.0574841 0)
(-0.138956 -0.0532732 0)
(-0.135979 -0.0495476 0)
(-0.134832 -0.0463685 0)
(-0.135253 -0.0437392 0)
(-0.136906 -0.0416064 0)
(-0.139436 -0.0398621 0)
(-0.142515 -0.0383842 0)
(-0.145917 -0.0370665 0)
(-0.149493 -0.0358299 0)
(-0.153138 -0.0346217 0)
(-0.156783 -0.0334097 0)
(-0.160377 -0.0321758 0)
(-0.163886 -0.0309102 0)
(-0.167286 -0.0296087 0)
(-0.170558 -0.0282698 0)
(-0.173688 -0.026894 0)
(-0.176668 -0.0254824 0)
(-0.17949 -0.0240365 0)
(-0.182147 -0.0225576 0)
(-0.184634 -0.0210469 0)
(-0.186948 -0.0195049 0)
(-0.189084 -0.017932 0)
(-0.191038 -0.0163283 0)
(-0.192808 -0.0146947 0)
(-0.194389 -0.0130331 0)
(-0.195779 -0.0113469 0)
(-0.196976 -0.0096411 0)
(-0.197978 -0.00792124 0)
(-0.198782 -0.00619127 0)
(-0.199384 -0.00445016 0)
(-0.199782 -0.00269056 0)
(-0.199989 -0.000904628 0)
(0.199981 -0.00114977 0)
(0.199612 -0.00341465 0)
(0.198906 -0.00563752 0)
(0.197839 -0.00782239 0)
(0.196418 -0.00997339 0)
(0.194656 -0.0120894 0)
(0.192559 -0.0141653 0)
(0.190136 -0.0161946 0)
(0.187393 -0.0181719 0)
(0.184339 -0.0200929 0)
(0.180983 -0.0219548 0)
(0.177335 -0.023756 0)
(0.173406 -0.0254953 0)
(0.169207 -0.0271722 0)
(0.164749 -0.0287858 0)
(0.160046 -0.030336 0)
(0.155115 -0.0318229 0)
(0.149976 -0.0332481 0)
(0.144658 -0.0346153 0)
(0.139198 -0.0359328 0)
(0.133649 -0.0372161 0)
(0.128084 -0.0384925 0)
(0.122598 -0.0398065 0)
(0.117305 -0.0412231 0)
(0.112321 -0.042823 0)
(0.107717 -0.044684 0)
(0.103457 -0.0468511 0)
(0.0993642 -0.0493156 0)
(0.0951657 -0.0520186 0)
(0.0905791 -0.05487 0)
(0.0853625 -0.0577733 0)
(0.0793508 -0.060644 0)
(0.072462 -0.0634181 0)
(0.0646784 -0.0660528 0)
(0.0560205 -0.0685234 0)
(0.046526 -0.0708188 0)
(0.0362368 -0.0729368 0)
(0.0251927 -0.0748805 0)
(0.0134295 -0.0766553 0)
(0.000980606 -0.0782672 0)
(-0.0121234 -0.0797208 0)
(-0.0258611 -0.0810188 0)
(-0.0402118 -0.0821613 0)
(-0.0551469 -0.0831455 0)
(-0.0706344 -0.0839659 0)
(-0.0866374 -0.0846147 0)
(-0.103111 -0.0850819 0)
(-0.120001 -0.0853553 0)
(-0.137237 -0.0854213 0)
(-0.154733 -0.085265 0)
(-0.172364 -0.0848707 0)
(-0.18994 -0.0842222 0)
(-0.207132 -0.0833036 0)
(-0.223396 -0.0820983 0)
(-0.237573 -0.0805937 0)
(-0.246589 -0.0788512 0)
(-0.248212 -0.0768624 0)
(-0.242745 -0.0743712 0)
(-0.233569 -0.0716012 0)
(-0.223114 -0.0685966 0)
(-0.211807 -0.0653874 0)
(-0.200308 -0.0620087 0)
(-0.189357 -0.0585058 0)
(-0.179009 -0.0549295 0)
(-0.168927 -0.0513304 0)
(-0.159216 -0.047764 0)
(-0.150642 -0.0443006 0)
(-0.143816 -0.0410263 0)
(-0.138911 -0.0380287 0)
(-0.135941 -0.0353776 0)
(-0.134797 -0.033107 0)
(-0.135216 -0.0312179 0)
(-0.136875 -0.029694 0)
(-0.139408 -0.028451 0)
(-0.142488 -0.0273989 0)
(-0.14589 -0.0264609 0)
(-0.149464 -0.0255803 0)
(-0.153108 -0.0247197 0)
(-0.156751 -0.0238561 0)
(-0.160345 -0.0229765 0)
(-0.163853 -0.0220743 0)
(-0.167252 -0.0211461 0)
(-0.170524 -0.0201912 0)
(-0.173656 -0.0192098 0)
(-0.176637 -0.0182026 0)
(-0.17946 -0.0171708 0)
(-0.182119 -0.0161154 0)
(-0.184608 -0.0150371 0)
(-0.186925 -0.0139362 0)
(-0.189063 -0.0128131 0)
(-0.191021 -0.0116679 0)
(-0.192793 -0.010501 0)
(-0.194377 -0.009314 0)
(-0.19577 -0.00810929 0)
(-0.196969 -0.00689048 0)
(-0.197973 -0.00566155 0)
(-0.198779 -0.00442534 0)
(-0.199383 -0.00318106 0)
(-0.199781 -0.00192336 0)
(-0.199989 -0.000646648 0)
(0.199981 -0.000690502 0)
(0.199612 -0.00205064 0)
(0.198904 -0.00338555 0)
(0.197833 -0.00469762 0)
(0.196409 -0.00598936 0)
(0.194642 -0.00726013 0)
(0.192541 -0.0085068 0)
(0.190112 -0.00972556 0)
(0.187362 -0.010913 0)
(0.184301 -0.0120666 0)
(0.180937 -0.0131846 0)
(0.177281 -0.0142661 0)
(0.173343 -0.0153104 0)
(0.169135 -0.016317 0)
(0.164668 -0.0172855 0)
(0.159956 -0.0182159 0)
(0.155015 -0.0191082 0)
(0.149868 -0.0199634 0)
(0.144541 -0.0207838 0)
(0.139073 -0.0215743 0)
(0.133516 -0.0223443 0)
(0.127945 -0.0231102 0)
(0.122453 -0.0238989 0)
(0.117156 -0.0247495 0)
(0.112169 -0.0257103 0)
(0.107562 -0.026828 0)
(0.103298 -0.0281293 0)
(0.0991985 -0.0296085 0)
(0.0949916 -0.0312301 0)
(0.0903944 -0.0329401 0)
(0.0851657 -0.0346805 0)
(0.0791413 -0.0364009 0)
(0.0722398 -0.038063 0)
(0.0644441 -0.0396413 0)
(0.0557749 -0.0411212 0)
(0.04627 -0.042496 0)
(0.0359714 -0.0437646 0)
(0.0249188 -0.0449286 0)
(0.013148 -0.0459916 0)
(0.000692633 -0.046957 0)
(-0.0124171 -0.0478275 0)
(-0.02616 -0.0486049 0)
(-0.0405148 -0.049289 0)
(-0.055453 -0.0498781 0)
(-0.0709425 -0.050369 0)
(-0.0869461 -0.0507569 0)
(-0.103419 -0.0510358 0)
(-0.120306 -0.0511984 0)
(-0.137539 -0.0512364 0)
(-0.155028 -0.0511411 0)
(-0.17265 -0.0509029 0)
(-0.190213 -0.0505121 0)
(-0.207389 -0.0499593 0)
(-0.22363 -0.0492346 0)
(-0.237778 -0.0483305 0)
(-0.246714 -0.0472887 0)
(-0.248273 -0.0460955 0)
(-0.242747 -0.0445994 0)
(-0.23355 -0.0429358 0)
(-0.223093 -0.0411318 0)
(-0.211782 -0.0392056 0)
(-0.200279 -0.0371781 0)
(-0.189324 -0.0350765 0)
(-0.178971 -0.0329312 0)
(-0.168885 -0.0307724 0)
(-0.159174 -0.0286337 0)
(-0.150604 -0.0265579 0)
(-0.143788 -0.0245991 0)
(-0.138888 -0.022811 0)
(-0.135915 -0.0212282 0)
(-0.134812 -0.0199138 0)
(-0.135192 -0.0187097 0)
(-0.136862 -0.017786 0)
(-0.139397 -0.0170447 0)
(-0.142476 -0.0164195 0)
(-0.145877 -0.0158614 0)
(-0.14945 -0.0153366 0)
(-0.153092 -0.0148228 0)
(-0.156734 -0.0143066 0)
(-0.160326 -0.0137804 0)
(-0.163834 -0.0132402 0)
(-0.167233 -0.0126843 0)
(-0.170504 -0.0121122 0)
(-0.173636 -0.011524 0)
(-0.176618 -0.0109204 0)
(-0.179442 -0.0103018 0)
(-0.182101 -0.00966906 0)
(-0.184593 -0.00902247 0)
(-0.18691 -0.00836232 0)
(-0.189051 -0.00768871 0)
(-0.19101 -0.00700172 0)
(-0.192784 -0.00630169 0)
(-0.19437 -0.00558947 0)
(-0.195764 -0.00486659 0)
(-0.196965 -0.00413524 0)
(-0.19797 -0.00339783 0)
(-0.198777 -0.00265606 0)
(-0.199382 -0.00190941 0)
(-0.199781 -0.00115458 0)
(-0.199989 -0.000388225 0)
(0.199981 -0.000230364 0)
(0.199611 -0.000684081 0)
(0.198902 -0.00112941 0)
(0.197831 -0.00156712 0)
(0.196405 -0.00199806 0)
(0.194636 -0.00242207 0)
(0.192532 -0.00283811 0)
(0.1901 -0.00324489 0)
(0.187347 -0.00364126 0)
(0.184282 -0.00402633 0)
(0.180914 -0.00439953 0)
(0.177254 -0.00476049 0)
(0.173312 -0.005109 0)
(0.169099 -0.00544494 0)
(0.164627 -0.00576817 0)
(0.159911 -0.00607866 0)
(0.154966 -0.00637645 0)
(0.149814 -0.00666188 0)
(0.144483 -0.00693575 0)
(0.139011 -0.00719972 0)
(0.133451 -0.00745693 0)
(0.127876 -0.0077129 0)
(0.122382 -0.00797658 0)
(0.117082 -0.00826096 0)
(0.112094 -0.00858212 0)
(0.107485 -0.00895542 0)
(0.103219 -0.00938954 0)
(0.0991161 -0.00988247 0)
(0.0949047 -0.0104222 0)
(0.0903021 -0.0109908 0)
(0.0850671 -0.0115691 0)
(0.0790361 -0.0121403 0)
(0.0721282 -0.0126918 0)
(0.0643263 -0.0132155 0)
(0.0556514 -0.0137063 0)
(0.0461413 -0.0141624 0)
(0.035838 -0.0145832 0)
(0.0247811 -0.0149694 0)
(0.0130064 -0.0153222 0)
(0.000547773 -0.0156427 -2.22436e-29)
(-0.0125648 -0.0159318 0)
(-0.0263103 -0.0161901 0)
(-0.0406672 -0.0164174 -2.18665e-29)
(-0.0556068 -0.0166133 0)
(-0.0710972 -0.0167766 0)
(-0.0871011 -0.0169057 2.14693e-29)
(-0.103574 -0.0169985 0)
(-0.12046 -0.0170526 0)
(-0.13769 -0.0170652 0)
(-0.155176 -0.0170335 0)
(-0.172793 -0.0169541 0)
(-0.190351 -0.0168241 0)
(-0.207518 -0.01664 0)
(-0.223748 -0.0163987 0)
(-0.237882 -0.0160976 0)
(-0.246778 -0.0157512 0)
(-0.248304 -0.0153534 0)
(-0.242749 -0.0148541 0)
(-0.23354 -0.0142988 0)
(-0.22308 -0.0136967 0)
(-0.211768 -0.013054 -9.50234e-30)
(-0.200263 -0.0123776 0)
(-0.189307 -0.0116765 -9.04349e-30)
(-0.178951 -0.0109607 0)
(-0.16886 -0.01024 0)
(-0.159147 -0.00952507 -7.93163e-30)
(-0.15058 -0.00882993 1.48644e-29)
(-0.143773 -0.00817289 0)
(-0.138832 -0.00757247 -6.3188e-30)
(-0.135913 -0.00706919 1.12055e-29)
(-0.134918 -0.00669816 0)
(-0.135206 -0.00625488 0)
(-0.136893 -0.00591779 0)
(-0.139421 -0.00566629 -4.96238e-30)
(-0.14249 -0.00546011 0)
(-0.145883 -0.00527664 0)
(-0.149451 -0.00510361 -4.78918e-30)
(-0.15309 -0.00493374 0)
(-0.156729 -0.00476271 4.75439e-30)
(-0.160319 -0.0045881 0)
(-0.163826 -0.00440867 0)
(-0.167224 -0.00422389 0)
(-0.170495 -0.00403362 9.4735e-30)
(-0.173627 -0.00383794 0)
(-0.176609 -0.00363707 -9.47044e-30)
(-0.179433 -0.00343122 0)
(-0.182093 -0.0032206 0)
(-0.184585 -0.00300538 9.46932e-30)
(-0.186903 -0.00278561 0)
(-0.189045 -0.00256132 0)
(-0.191005 -0.00233253 0)
(-0.19278 -0.00209935 0)
(-0.194366 -0.00186208 0)
(-0.195761 -0.00162125 4.73457e-30)
(-0.196963 -0.00137762 0)
(-0.197969 -0.00113203 0)
(-0.198776 -0.000885005 9.46913e-30)
(-0.199381 -0.000636331 0)
(-0.199781 -0.000384858 9.46913e-30)
(-0.199989 -0.000129506 0)
(0.199981 0.000230056 0)
(0.199611 0.000683327 0)
(0.198902 0.00112812 0)
(0.197831 0.00156533 0)
(0.196405 0.00199571 0)
(0.194636 0.00241898 0)
(0.192532 0.00283407 0)
(0.1901 0.00323973 0)
(0.187347 0.00363489 0)
(0.184282 0.00401873 0)
(0.180914 0.00439072 0)
(0.177254 0.00475053 0)
(0.173312 0.00509796 0)
(0.169099 0.00543284 0)
(0.164627 0.00575504 0)
(0.159911 0.00606447 0)
(0.154966 0.00636115 0)
(0.149814 0.00664536 0)
(0.144483 0.00691784 0)
(0.13901 0.0071802 0)
(0.13345 0.00743553 0)
(0.127875 0.00768931 0)
(0.122381 0.00795052 0)
(0.117082 0.00823227 0)
(0.112093 0.00855096 0)
(0.107484 0.00892241 0)
(0.103218 0.00935584 0)
(0.0991152 0.00984966 0)
(0.0949036 0.0103921 0)
(0.0903007 0.010965 0)
(0.0850655 0.0115488 0)
(0.0790343 0.0121265 0)
(0.0721262 0.0126851 0)
(0.0643241 0.0132157 0)
(0.0556491 0.0137132 0)
(0.0461389 0.0141755 0)
(0.0358355 0.0146019 0)
(0.0247785 0.014993 0)
(0.0130039 0.0153499 0)
(0.000545143 0.0156738 2.22436e-29)
(-0.0125675 0.0159656 0)
(-0.0263131 0.0162259 0)
(-0.04067 0.0164547 2.18665e-29)
(-0.0556097 0.0166514 0)
(-0.0711002 0.0168151 0)
(-0.0871042 0.0169442 -2.14693e-29)
(-0.103577 0.0170366 0)
(-0.120463 0.0170901 0)
(-0.137693 0.0171019 0)
(-0.155179 0.017069 0)
(-0.172797 0.0169884 0)
(-0.190355 0.0168568 0)
(-0.207522 0.0166712 0)
(-0.223751 0.0164282 0)
(-0.237885 0.0161255 0)
(-0.24678 0.0157779 0)
(-0.248304 0.01538 0)
(-0.242748 0.014882 0)
(-0.233538 0.0143285 0)
(-0.223079 0.0137278 0)
(-0.211767 0.013086 9.50232e-30)
(-0.200262 0.0124105 0)
(-0.189306 0.0117101 9.04345e-30)
(-0.17895 0.0109948 0)
(-0.168859 0.0102746 0)
(-0.159146 0.00956001 7.93156e-30)
(-0.150579 0.00886493 -1.48642e-29)
(-0.143772 0.0082076 0)
(-0.138831 0.00760646 6.31878e-30)
(-0.135912 0.00710206 -1.12054e-29)
(-0.134917 0.00672944 0)
(-0.135206 0.00628332 0)
(-0.136893 0.0059439 0)
(-0.13942 0.00569008 4.96236e-30)
(-0.14249 0.00548173 0)
(-0.145883 0.00529629 0)
(-0.149451 0.00512151 4.78918e-30)
(-0.15309 0.0049501 0)
(-0.156729 0.00477771 -4.75439e-30)
(-0.160319 0.00460192 0)
(-0.163826 0.00442145 0)
(-0.167224 0.00423575 0)
(-0.170495 0.00404465 -9.4735e-30)
(-0.173627 0.0038482 0)
(-0.176609 0.00364657 9.47044e-30)
(-0.179433 0.00343997 0)
(-0.182093 0.0032286 0)
(-0.184585 0.00301261 -9.46932e-30)
(-0.186903 0.00279211 0)
(-0.189045 0.00256715 0)
(-0.191005 0.00233777 0)
(-0.19278 0.00210409 0)
(-0.194366 0.00186637 0)
(-0.195761 0.00162506 -4.73457e-30)
(-0.196963 0.00138085 0)
(-0.197969 0.00113451 0)
(-0.198776 0.000886651 -9.46913e-30)
(-0.199381 0.00063721 0)
(-0.199781 0.00038519 -9.46913e-30)
(-0.199989 0.00012939 0)
(0.199981 0.000690205 0)
(0.199612 0.00204989 0)
(0.198904 0.00338426 0)
(0.197833 0.00469582 0)
(0.196409 0.005987 0)
(0.194642 0.00725704 0)
(0.192541 0.00850278 0)
(0.190112 0.00972045 0)
(0.187362 0.0109067 0)
(0.184301 0.0120591 0)
(0.180937 0.013176 0)
(0.177281 0.0142563 0)
(0.173343 0.0152995 0)
(0.169134 0.0163051 0)
(0.164667 0.0172726 0)
(0.159955 0.0182019 0)
(0.155014 0.0190931 0)
(0.149867 0.019947 0)
(0.14454 0.020766 0)
(0.139071 0.021555 0)
(0.133515 0.0223231 0)
(0.127943 0.023087 0)
(0.122452 0.0238733 0)
(0.117154 0.0247214 0)
(0.112167 0.0256799 0)
(0.10756 0.0267959 0)
(0.103296 0.0280966 0)
(0.0991962 0.0295768 0)
(0.0949886 0.0312011 0)
(0.0903909 0.0329153 0)
(0.0851614 0.0346613 0)
(0.0791363 0.036388 0)
(0.0722342 0.0380569 0)
(0.064438 0.039642 0)
(0.0557684 0.0411285 0)
(0.0462632 0.0425094 0)
(0.0359644 0.0437835 0)
(0.0249115 0.0449525 0)
(0.0131405 0.0460196 0)
(0.000684914 0.0469885 0)
(-0.0124251 0.0478617 0)
(-0.0261682 0.0486412 0)
(-0.0405233 0.0493268 0)
(-0.0554618 0.0499168 0)
(-0.0709515 0.0504082 0)
(-0.0869554 0.0507961 0)
(-0.103429 0.0510746 0)
(-0.120316 0.0512365 0)
(-0.137549 0.0512736 0)
(-0.155038 0.051177 0)
(-0.17266 0.0509374 0)
(-0.190224 0.0505451 0)
(-0.207399 0.0499907 0)
(-0.22364 0.0492643 0)
(-0.237787 0.0483586 0)
(-0.246719 0.0473158 0)
(-0.248274 0.0461226 0)
(-0.242745 0.0446277 0)
(-0.233546 0.0429658 0)
(-0.22309 0.0411628 0)
(-0.21178 0.0392369 0)
(-0.200277 0.0372098 0)
(-0.189322 0.0351087 0)
(-0.178969 0.0329638 0)
(-0.168882 0.0308056 0)
(-0.15917 0.0286673 0)
(-0.150601 0.0265918 0)
(-0.143785 0.024633 0)
(-0.138886 0.0228443 0)
(-0.135913 0.0212604 0)
(-0.134811 0.019944 0)
(-0.135191 0.018738 0)
(-0.136862 0.0178121 0)
(-0.139397 0.0170684 0)
(-0.142476 0.016441 0)
(-0.145877 0.015881 0)
(-0.14945 0.0153544 0)
(-0.153092 0.0148391 0)
(-0.156734 0.0143215 0)
(-0.160326 0.0137941 0)
(-0.163834 0.0132529 0)
(-0.167233 0.0126961 0)
(-0.170505 0.0121231 0)
(-0.173636 0.0115342 0)
(-0.176618 0.0109298 0)
(-0.179442 0.0103105 0)
(-0.182101 0.00967694 0)
(-0.184593 0.0090296 0)
(-0.18691 0.00836874 0)
(-0.189051 0.00769447 0)
(-0.19101 0.0070069 0)
(-0.192784 0.00630638 0)
(-0.19437 0.0055937 0)
(-0.195764 0.00487034 0)
(-0.196965 0.00413839 0)
(-0.19797 0.00340024 0)
(-0.198777 0.00265764 0)
(-0.199382 0.00191027 0)
(-0.199781 0.00115499 0)
(-0.199989 0.000388285 0)
(0.199981 0.00114951 0)
(0.199612 0.00341391 0)
(0.198906 0.00563622 0)
(0.197839 0.00782057 0)
(0.196418 0.00997103 0)
(0.194656 0.0120863 0)
(0.192559 0.0141613 0)
(0.190136 0.0161896 0)
(0.187393 0.0181658 0)
(0.184339 0.0200857 0)
(0.180983 0.0219465 0)
(0.177335 0.0237466 0)
(0.173406 0.0254849 0)
(0.169206 0.0271607 0)
(0.164747 0.0287733 0)
(0.160044 0.0303225 0)
(0.155113 0.0318083 0)
(0.149974 0.0332322 0)
(0.144656 0.0345981 0)
(0.139196 0.0359141 0)
(0.133647 0.0371956 0)
(0.128082 0.0384699 0)
(0.122595 0.0397817 0)
(0.117302 0.041196 0)
(0.112318 0.0427938 0)
(0.107714 0.0446533 0)
(0.103454 0.04682 0)
(0.0993606 0.0492856 0)
(0.0951613 0.0519911 0)
(0.0905737 0.0548464 0)
(0.085356 0.0577549 0)
(0.0793432 0.0606315 0)
(0.0724535 0.063412 0)
(0.0646691 0.0660531 0)
(0.0560104 0.0685301 0)
(0.0465154 0.0708315 0)
(0.0362257 0.0729549 0)
(0.0251811 0.0749034 0)
(0.0134175 0.0766824 0)
(0.00096814 0.0782979 0)
(-0.0121363 0.0797543 0)
(-0.0258746 0.0810545 0)
(-0.0402259 0.0821987 0)
(-0.0551615 0.0831839 0)
(-0.0706496 0.0840048 0)
(-0.0866531 0.0846538 0)
(-0.103127 0.0851206 0)
(-0.120017 0.0853933 0)
(-0.137254 0.0854582 0)
(-0.15475 0.0853005 0)
(-0.172381 0.0849046 0)
(-0.189957 0.0842544 0)
(-0.207149 0.083334 0)
(-0.223413 0.0821268 0)
(-0.237587 0.0806205 0)
(-0.246598 0.0788768 0)
(-0.248213 0.0768878 0)
(-0.242739 0.0743978 0)
(-0.233563 0.0716296 0)
(-0.223112 0.0686257 0)
(-0.211805 0.0654166 0)
(-0.200306 0.0620381 0)
(-0.189354 0.0585356 0)
(-0.179005 0.0549598 0)
(-0.168922 0.0513613 0)
(-0.159211 0.0477955 0)
(-0.150637 0.0443325 0)
(-0.143811 0.0410584 0)
(-0.138907 0.0380605 0)
(-0.135939 0.0354085 0)
(-0.134795 0.0331365 0)
(-0.135216 0.0312456 0)
(-0.136875 0.0297196 0)
(-0.139409 0.0284745 0)
(-0.142489 0.0274203 0)
(-0.145891 0.0264803 0)
(-0.149465 0.0255981 0)
(-0.153109 0.0247359 0)
(-0.156752 0.0238711 0)
(-0.160345 0.0229904 0)
(-0.163854 0.022087 0)
(-0.167253 0.021158 0)
(-0.170525 0.0202023 0)
(-0.173656 0.01922 0)
(-0.176637 0.0182121 0)
(-0.17946 0.0171795 0)
(-0.182119 0.0161233 0)
(-0.184609 0.0150442 0)
(-0.186925 0.0139427 0)
(-0.189063 0.0128189 0)
(-0.191021 0.0116731 0)
(-0.192793 0.0105057 0)
(-0.194377 0.00931813 0)
(-0.19577 0.00811286 0)
(-0.196969 0.0068934 0)
(-0.197973 0.00566373 0)
(-0.198779 0.00442676 0)
(-0.199383 0.0031819 0)
(-0.199781 0.00192391 0)
(-0.199989 0.000646941 0)
(0.199981 0.00160737 0)
(0.199614 0.0047736 0)
(0.198911 0.00788106 0)
(0.197847 0.0109355 0)
(0.196432 0.0139426 0)
(0.194676 0.0169006 0)
(0.192588 0.0198024 0)
(0.190174 0.0226391 0)
(0.187441 0.0254031 0)
(0.184397 0.0280886 0)
(0.181053 0.0306918 0)
(0.177418 0.0332104 0)
(0.173502 0.0356428 0)
(0.169316 0.0379881 0)
(0.164871 0.0402454 0)
(0.160182 0.0424142 0)
(0.155265 0.0444947 0)
(0.150139 0.046489 0)
(0.144834 0.0484024 0)
(0.139386 0.0502462 0)
(0.133848 0.0520418 0)
(0.128293 0.0538273 0)
(0.122815 0.0556647 0)
(0.117528 0.0576448 0)
(0.112549 0.0598807 0)
(0.10795 0.062482 0)
(0.103696 0.0655127 0)
(0.099611 0.0689619 0)
(0.0954241 0.0727478 0)
(0.0908521 0.0767445 0)
(0.0856522 0.0808166 0)
(0.0796581 0.0848452 0)
(0.072787 0.0887397 0)
(0.0650203 0.0924396 0)
(0.0563781 0.0959099 0)
(0.0468981 0.0991346 0)
(0.036622 0.10211 0)
(0.0255897 0.104841 0)
(0.013837 0.107335 0)
(0.00139686 0.109599 0)
(-0.0116994 0.111641 0)
(-0.0254303 0.113465 0)
(-0.0397757 0.115071 0)
(-0.054707 0.116454 0)
(-0.0701924 0.117608 0)
(-0.086195 0.118521 0)
(-0.10267 0.11918 0)
(-0.119564 0.119567 0)
(-0.136807 0.119664 0)
(-0.154312 0.11945 0)
(-0.171957 0.118903 0)
(-0.189551 0.117999 0)
(-0.206768 0.116717 0)
(-0.223066 0.115034 0)
(-0.237289 0.112929 0)
(-0.24642 0.110475 0)
(-0.24813 0.107689 0)
(-0.242733 0.104212 0)
(-0.233589 0.100341 0)
(-0.223144 0.0961382 0)
(-0.211844 0.0916462 0)
(-0.200351 0.0869157 0)
(-0.189402 0.0820102 0)
(-0.17906 0.0770008 0)
(-0.168984 0.0719588 0)
(-0.159273 0.0669615 0)
(-0.150697 0.0621067 0)
(-0.143865 0.0575134 0)
(-0.138952 0.0533024 0)
(-0.135977 0.0495764 0)
(-0.134831 0.0463962 0)
(-0.135252 0.0437653 0)
(-0.136906 0.0416307 0)
(-0.139437 0.0398845 0)
(-0.142516 0.0384048 0)
(-0.145919 0.0370853 0)
(-0.149494 0.0358471 0)
(-0.15314 0.0346375 0)
(-0.156784 0.0334243 0)
(-0.160379 0.0321892 0)
(-0.163888 0.0309226 0)
(-0.167287 0.0296201 0)
(-0.170559 0.0282805 0)
(-0.173689 0.0269039 0)
(-0.176669 0.0254915 0)
(-0.17949 0.0240448 0)
(-0.182147 0.0225652 0)
(-0.184634 0.0210538 0)
(-0.186948 0.0195112 0)
(-0.189084 0.0179377 0)
(-0.191038 0.0163334 0)
(-0.192808 0.0146992 0)
(-0.194389 0.013037 0)
(-0.195779 0.0113503 0)
(-0.196976 0.00964382 0)
(-0.197978 0.00792322 0)
(-0.198782 0.00619254 0)
(-0.199384 0.00445096 0)
(-0.199782 0.00269122 0)
(-0.199989 0.000905125 0)
(0.199981 0.00206312 0)
(0.199616 0.00612703 0)
(0.198916 0.0101156 0)
(0.197859 0.0140362 0)
(0.196451 0.0178962 0)
(0.194704 0.0216932 0)
(0.192627 0.0254182 0)
(0.190225 0.0290601 0)
(0.187506 0.032609 0)
(0.184478 0.0360576 0)
(0.181151 0.039401 0)
(0.177533 0.0426362 0)
(0.173634 0.0457614 0)
(0.169467 0.0487753 0)
(0.165041 0.0516767 0)
(0.160371 0.0544651 0)
(0.155472 0.0571406 0)
(0.150365 0.0597059 0)
(0.145077 0.0621677 0)
(0.139645 0.0645403 0)
(0.134122 0.0668512 0)
(0.12858 0.0691487 0)
(0.123114 0.0715122 0)
(0.117836 0.0740575 0)
(0.112863 0.0769299 0)
(0.108269 0.0802702 0)
(0.104023 0.0841621 0)
(0.0999506 0.0885926 0)
(0.0957802 0.0934577 0)
(0.091229 0.098596 0)
(0.0860527 0.103833 0)
(0.0800836 0.109017 0)
(0.0732373 0.114029 0)
(0.0654943 0.118791 0)
(0.056874 0.123259 0)
(0.0474139 0.127411 0)
(0.0371559 0.131243 0)
(0.0261399 0.134759 0)
(0.0144017 0.137971 0)
(0.00197373 0.140889 0)
(-0.0111115 0.14352 0)
(-0.0248322 0.145871 0)
(-0.0391695 0.147942 0)
(-0.0540948 0.149727 0)
(-0.0695762 0.151218 0)
(-0.0855771 0.1524 0)
(-0.102053 0.153255 0)
(-0.118951 0.153763 0)
(-0.136202 0.153898 0)
(-0.153719 0.153634 0)
(-0.17138 0.152942 0)
(-0.188999 0.151794 0)
(-0.20625 0.15016 0)
(-0.222598 0.148013 0)
(-0.236885 0.145334 0)
(-0.246162 0.142187 0)
(-0.248042 0.138494 0)
(-0.242735 0.134066 0)
(-0.233631 0.129113 0)
(-0.223196 0.123719 0)
(-0.211901 0.117947 0)
(-0.200415 0.111864 0)
(-0.189473 0.105553 0)
(-0.179139 0.0991067 0)
(-0.169071 0.0926174 0)
(-0.159362 0.0861843 0)
(-0.150784 0.079933 0)
(-0.143945 0.0740169 0)
(-0.139022 0.0685917 0)
(-0.136037 0.0637905 0)
(-0.134883 0.0596937 0)
(-0.135299 0.0563073 0)
(-0.136949 0.0535577 0)
(-0.139478 0.0513073 0)
(-0.142558 0.0494001 0)
(-0.145962 0.0476995 0)
(-0.149539 0.0461039 0)
(-0.153186 0.0445453 0)
(-0.156832 0.0429823 0)
(-0.160428 0.0413913 0)
(-0.163938 0.0397599 0)
(-0.167337 0.0380825 0)
(-0.170608 0.0363574 0)
(-0.173738 0.034585 0)
(-0.176715 0.0327668 0)
(-0.179534 0.0309047 0)
(-0.182188 0.0290007 0)
(-0.184672 0.0270561 0)
(-0.186982 0.0250717 0)
(-0.189113 0.023048 0)
(-0.191064 0.0209851 0)
(-0.192829 0.0188843 0)
(-0.194406 0.0167478 0)
(-0.195793 0.0145801 0)
(-0.196986 0.0123874 0)
(-0.197985 0.0101768 0)
(-0.198786 0.00795342 0)
(-0.199386 0.00571627 0)
(-0.199783 0.00345617 0)
(-0.199989 0.00116254 0)
(0.199981 0.00251606 0)
(0.199619 0.00747207 0)
(0.198924 0.0123364 0)
(0.197874 0.017118 0)
(0.196476 0.0218257 0)
(0.194741 0.0264569 0)
(0.192678 0.0310006 0)
(0.190293 0.0354433 0)
(0.187592 0.0397732 0)
(0.184584 0.0439815 0)
(0.181277 0.0480622 0)
(0.177682 0.0520119 0)
(0.173807 0.0558281 0)
(0.169663 0.0595094 0)
(0.165261 0.0630545 0)
(0.160615 0.0664623 0)
(0.15574 0.0697333 0)
(0.150656 0.0728706 0)
(0.14539 0.0758822 0)
(0.13998 0.0787854 0)
(0.134476 0.0816132 0)
(0.12895 0.0844243 0)
(0.123497 0.0873145 0)
(0.11823 0.0904248 0)
(0.113265 0.0939317 0)
(0.108678 0.098008 0)
(0.104442 0.102757 0)
(0.100384 0.108166 0)
(0.0962336 0.114109 0)
(0.0917081 0.120389 0)
(0.0865613 0.126794 0)
(0.0806233 0.133135 0)
(0.0738079 0.139269 0)
(0.0660943 0.145099 0)
(0.0575012 0.15057 0)
(0.0480659 0.155654 0)
(0.0378303 0.160347 0)
(0.0268344 0.164655 0)
(0.0151141 0.16859 0)
(0.00270104 0.172164 0)
(-0.0103703 0.175389 0)
(-0.0240779 0.178271 0)
(-0.0384047 0.180812 0)
(-0.0533219 0.183004 0)
(-0.0687977 0.184837 0)
(-0.0847957 0.186293 0)
(-0.101272 0.187352 0)
(-0.118174 0.187987 0)
(-0.135434 0.188167 0)
(-0.152965 0.187862 0)
(-0.170648 0.187035 0)
(-0.188298 0.185652 0)
(-0.205591 0.18368 0)
(-0.221999 0.181084 0)
(-0.236363 0.177843 0)
(-0.245819 0.174005 0)
(-0.247907 0.169389 0)
(-0.242736 0.164015 0)
(-0.23369 0.157984 0)
(-0.223261 0.1514 0)
(-0.211975 0.144347 0)
(-0.200501 0.136909 0)
(-0.189567 0.129189 0)
(-0.179244 0.121301 0)
(-0.169185 0.113359 0)
(-0.159479 0.105485 0)
(-0.150898 0.097831 0)
(-0.144051 0.0905849 0)
(-0.139115 0.0839383 0)
(-0.136116 0.0780545 0)
(-0.134951 0.0730328 0)
(-0.135359 0.0688812 0)
(-0.137005 0.0655096 0)
(-0.139534 0.06275 0)
(-0.142615 0.0604116 0)
(-0.146021 0.058327 0)
(-0.149601 0.0563714 0)
(-0.153251 0.0544615 0)
(-0.1569 0.0525464 0)
(-0.160497 0.0505971 0)
(-0.164008 0.0485986 0)
(-0.167407 0.0465441 0)
(-0.170677 0.0444314 0)
(-0.173804 0.0422612 0)
(-0.17678 0.0400354 0)
(-0.179595 0.0377564 0)
(-0.182244 0.0354265 0)
(-0.184723 0.0330476 0)
(-0.187028 0.0306207 0)
(-0.189154 0.0281463 0)
(-0.191099 0.0256248 0)
(-0.192858 0.0230575 0)
(-0.19443 0.0204472 0)
(-0.195811 0.0177994 0)
(-0.197 0.0151216 0)
(-0.197994 0.0124222 0)
(-0.198792 0.00970747 0)
(-0.199389 0.00697636 0)
(-0.199784 0.00421779 0)
(-0.19999 0.00141888 0)
(0.199981 0.00296537 0)
(0.199622 0.00880626 0)
(0.198934 0.0145394 0)
(0.197893 0.0201752 0)
(0.196508 0.0257242 0)
(0.194789 0.0311834 0)
(0.192744 0.0365399 0)
(0.190379 0.0417781 0)
(0.187701 0.0468842 0)
(0.184718 0.051848 0)
(0.181438 0.0566626 0)
(0.17787 0.0613239 0)
(0.174024 0.0658292 0)
(0.169909 0.0701766 0)
(0.165538 0.0743647 0)
(0.160921 0.0783922 0)
(0.156076 0.0822595 0)
(0.15102 0.0859701 0)
(0.145782 0.0895334 0)
(0.140396 0.0929693 0)
(0.134916 0.0963163 0)
(0.12941 0.0996427 0)
(0.123973 0.103061 0)
(0.118718 0.106735 0)
(0.113762 0.110874 0)
(0.109183 0.115683 0)
(0.104958 0.121285 0)
(0.100916 0.127668 0)
(0.0967901 0.134687 0)
(0.0922948 0.14211 0)
(0.0871828 0.149685 0)
(0.0812817 0.157189 0)
(0.0745029 0.16445 0)
(0.0668241 0.171354 0)
(0.0582633 0.177834 0)
(0.0488575 0.183857 0)
(0.0386485 0.189417 0)
(0.0276767 0.194522 0)
(0.0159775 0.199185 0)
(0.00358144 0.203422 0)
(-0.00947308 0.207244 0)
(-0.0231637 0.210664 0)
(-0.0374773 0.213679 0)
(-0.0523843 0.216285 0)
(-0.0678527 0.218466 0)
(-0.0838466 0.220204 0)
(-0.100323 0.221473 0)
(-0.117229 0.222243 0)
(-0.134497 0.222478 0)
(-0.152044 0.22214 0)
(-0.16975 0.22119 0)
(-0.187435 0.219585 0)
(-0.204776 0.217286 0)
(-0.221248 0.214252 0)
(-0.235703 0.210449 0)
(-0.245379 0.2059 0)
(-0.247688 0.20043 0)
(-0.242703 0.19409 0)
(-0.23375 0.186972 0)
(-0.223352 0.179196 0)
(-0.212082 0.170859 0)
(-0.200617 0.162064 0)
(-0.189692 0.152934 0)
(-0.179379 0.143601 0)
(-0.169328 0.134203 0)
(-0.159625 0.124882 0)
(-0.151042 0.115818 0)
(-0.144185 0.107234 0)
(-0.139232 0.0993563 0)
(-0.136216 0.0923797 0)
(-0.135038 0.0864228 0)
(-0.135438 0.0814963 0)
(-0.13708 0.0774946 0)
(-0.13961 0.0742195 0)
(-0.142693 0.0714448 0)
(-0.146103 0.0689721 0)
(-0.149687 0.066653 0)
(-0.15334 0.0643886 0)
(-0.156992 0.0621182 0)
(-0.160591 0.0598077 0)
(-0.164103 0.0574391 0)
(-0.167502 0.0550045 0)
(-0.170771 0.0525015 0)
(-0.173895 0.0499308 0)
(-0.176866 0.047295 0)
(-0.179677 0.0445968 0)
(-0.18232 0.0418393 0)
(-0.184793 0.0390246 0)
(-0.18709 0.036154 0)
(-0.189208 0.0332282 0)
(-0.191145 0.0302479 0)
(-0.192897 0.0272143 0)
(-0.194462 0.0241311 0)
(-0.195836 0.0210043 0)
(-0.197018 0.0178427 0)
(-0.198007 0.0146563 0)
(-0.1988 0.0114523 0)
(-0.199393 0.00822946 0)
(-0.199785 0.004975 0)
(-0.19999 0.00167375 0)
(0.199981 0.00341009 0)
(0.199626 0.0101268 0)
(0.198946 0.0167199 0)
(0.197917 0.0232016 0)
(0.196547 0.0295838 0)
(0.194848 0.0358632 0)
(0.192825 0.0420253 0)
(0.190486 0.0480523 0)
(0.187837 0.0539288 0)
(0.184884 0.0596431 0)
(0.181637 0.0651876 0)
(0.178103 0.0705573 0)
(0.174292 0.0757495 0)
(0.170214 0.0807619 0)
(0.165878 0.0855926 0)
(0.161298 0.0902404 0)
(0.156488 0.0947056 0)
(0.151466 0.0989919 0)
(0.14626 0.10311 0)
(0.140905 0.107082 0)
(0.135451 0.110952 0)
(0.129968 0.114797 0)
(0.12455 0.118745 0)
(0.119309 0.122984 0)
(0.114363 0.127753 0)
(0.109792 0.13329 0)
(0.105579 0.13974 0)
(0.101556 0.147094 0)
(0.0974571 0.155186 0)
(0.0929962 0.163751 0)
(0.087924 0.172499 0)
(0.082065 0.18117 0)
(0.0753281 0.189566 0)
(0.067689 0.197551 0)
(0.0591649 0.205046 0)
(0.0497926 0.212015 0)
(0.0396143 0.218449 0)
(0.0286705 0.224358 0)
(0.0169954 0.229756 0)
(0.00461637 0.234661 0)
(-0.00841803 0.239083 0)
(-0.0220858 0.243045 0)
(-0.036383 0.246542 0)
(-0.0512775 0.249567 0)
(-0.0667364 0.252104 0)
(-0.082724 0.254131 0)
(-0.0991983 0.25562 0)
(-0.116107 0.256534 0)
(-0.133385 0.256834 0)
(-0.150947 0.256477 0)
(-0.168678 0.255414 0)
(-0.186399 0.2536 0)
(-0.20379 0.250986 0)
(-0.220336 0.247524 0)
(-0.234901 0.243171 0)
(-0.244841 0.237905 0)
(-0.247412 0.231602 0)
(-0.242647 0.22429 0)
(-0.233806 0.216083 0)
(-0.223453 0.207119 0)
(-0.212201 0.197503 0)
(-0.200748 0.187353 0)
(-0.189833 0.17681 0)
(-0.179532 0.16603 0)
(-0.169493 0.155172 0)
(-0.159796 0.144399 0)
(-0.151212 0.133917 0)
(-0.144345 0.123984 0)
(-0.139373 0.114864 0)
(-0.136339 0.106782 0)
(-0.135147 0.0998778 0)
(-0.135538 0.0941651 0)
(-0.137178 0.0895236 0)
(-0.139709 0.0857251 0)
(-0.142796 0.0825079 0)
(-0.146212 0.0796416 0)
(-0.149801 0.0769542 0)
(-0.15346 0.0743306 0)
(-0.157116 0.0717006 0)
(-0.160718 0.0690245 0)
(-0.164231 0.0662816 0)
(-0.167629 0.0634629 0)
(-0.170896 0.0605657 0)
(-0.174017 0.057591 0)
(-0.176982 0.0545418 0)
(-0.179786 0.0514217 0)
(-0.182422 0.0482341 0)
(-0.184885 0.0449816 0)
(-0.187173 0.0416661 0)
(-0.189281 0.0382882 0)
(-0.191208 0.0348487 0)
(-0.192949 0.0313494 0)
(-0.194503 0.0277942 0)
(-0.195868 0.0241899 0)
(-0.197042 0.0205467 0)
(-0.198023 0.0168756 0)
(-0.19881 0.0131849 0)
(-0.199399 0.0094733 0)
(-0.199787 0.00572638 0)
(-0.19999 0.00192668 0)
(0.199982 0.00384907 0)
(0.199632 0.0114303 0)
(0.198961 0.0188725 0)
(0.197947 0.0261896 0)
(0.196597 0.0333949 0)
(0.194921 0.0404851 0)
(0.192926 0.0474439 0)
(0.190619 0.0542519 0)
(0.188004 0.0608918 0)
(0.185089 0.0673508 0)
(0.181881 0.0736203 0)
(0.17839 0.079695 0)
(0.174622 0.0855717 0)
(0.170587 0.0912478 0)
(0.166295 0.0967211 0)
(0.161757 0.10199 0)
(0.156989 0.107055 0)
(0.152008 0.111919 0)
(0.14684 0.116595 0)
(0.14152 0.121107 0)
(0.136097 0.125503 0)
(0.130641 0.129869 0)
(0.125245 0.134348 0)
(0.120019 0.139151 0)
(0.115083 0.144548 0)
(0.11052 0.150807 0)
(0.106318 0.158099 0)
(0.102314 0.166419 0)
(0.0982436 0.175583 0)
(0.09382 0.185293 0)
(0.0887914 0.195218 0)
(0.0829789 0.205064 0)
(0.0762883 0.214602 0)
(0.0686932 0.223676 0)
(0.0602098 0.232196 0)
(0.0508747 0.240119 0)
(0.0407313 0.247434 0)
(0.0298195 0.254152 0)
(0.0181703 0.26029 0)
(0.00580004 0.265869 0)
(-0.00721018 0.270907 0)
(-0.0208405 0.275417 0)
(-0.0351167 0.279401 0)
(-0.0499954 0.28285 0)
(-0.0654414 0.28575 0)
(-0.0814192 0.288074 0)
(-0.0978879 0.289791 0)
(-0.114797 0.290861 0)
(-0.132081 0.291239 0)
(-0.149658 0.290874 0)
(-0.167415 0.289714 0)
(-0.185172 0.287704 0)
(-0.202619 0.28479 0)
(-0.21925 0.280916 0)
(-0.233954 0.276029 0)
(-0.244191 0.270068 0)
(-0.247092 0.262945 0)
(-0.242581 0.254672 0)
(-0.23385 0.24538 0)
(-0.223537 0.235225 0)
(-0.212317 0.224325 0)
(-0.200888 0.212815 0)
(-0.189987 0.200855 0)
(-0.1797 0.188622 0)
(-0.169675 0.176298 0)
(-0.15999 0.164063 0)
(-0.151411 0.152151 0)
(-0.144533 0.140856 0)
(-0.139542 0.130478 0)
(-0.136489 0.121276 0)
(-0.135283 0.113409 0)
(-0.135666 0.106897 0)
(-0.137305 0.101604 0)
(-0.139841 0.0972732 0)
(-0.142935 0.093606 0)
(-0.146358 0.0903399 0)
(-0.149956 0.0872783 0)
(-0.153622 0.0842901 0)
(-0.157283 0.081295 0)
(-0.160889 0.0782479 0)
(-0.164403 0.0751255 0)
(-0.1678 0.0719174 0)
(-0.171063 0.0686211 0)
(-0.174179 0.0652378 0)
(-0.177137 0.0617712 0)
(-0.179931 0.0582254 0)
(-0.182556 0.0546045 0)
(-0.185007 0.0509119 0)
(-0.187282 0.0471496 0)
(-0.189377 0.0433187 0)
(-0.191289 0.03942 0)
(-0.193017 0.0354555 0)
(-0.194558 0.0314296 0)
(-0.195911 0.0273501 0)
(-0.197073 0.0232278 0)
(-0.198045 0.0190752 0)
(-0.198824 0.0149014 0)
(-0.199406 0.0107051 0)
(-0.199789 0.00647021 0)
(-0.19999 0.00217708 0)
(0.199982 0.00428093 0)
(0.199638 0.0127126 0)
(0.19898 0.0209905 0)
(0.197984 0.0291301 0)
(0.196658 0.0371463 0)
(0.195011 0.0450357 0)
(0.193051 0.0527807 0)
(0.190781 0.0603601 0)
(0.188209 0.0677553 0)
(0.18534 0.0749522 0)
(0.182181 0.0819416 0)
(0.178739 0.0887176 0)
(0.175022 0.0952766 0)
(0.171039 0.101616 0)
(0.166798 0.107733 0)
(0.162311 0.113626 0)
(0.157592 0.119294 0)
(0.152657 0.124743 0)
(0.147532 0.129983 0)
(0.142251 0.135042 0)
(0.136862 0.139973 0)
(0.131435 0.144869 0)
(0.126061 0.149887 0)
(0.120851 0.155259 0)
(0.115925 0.161283 0)
(0.11137 0.168262 0)
(0.10718 0.176392 0)
(0.103198 0.185672 0)
(0.0991588 0.195903 0)
(0.0947761 0.206756 0)
(0.0897948 0.217861 0)
(0.0840324 0.228885 0)
(0.077391 0.239571 0)
(0.0698423 0.249742 0)
(0.0614015 0.259294 0)
(0.0521049 0.268177 0)
(0.0419956 0.276379 0)
(0.0311157 0.283911 0)
(0.0194986 0.290793 0)
(0.00716613 0.297051 0)
(-0.00581837 0.302712 0)
(-0.0194323 0.307774 0)
(-0.0336855 0.312248 0)
(-0.0485415 0.316128 0)
(-0.0639667 0.319396 0)
(-0.0799275 0.322026 0)
(-0.0963837 0.323981 0)
(-0.113285 0.325218 0)
(-0.13057 0.325687 0)
(-0.148157 0.32533 0)
(-0.165935 0.32409 0)
(-0.18373 0.321904 0)
(-0.201235 0.318709 0)
(-0.217959 0.314443 0)
(-0.232836 0.309042 0)
(-0.24339 0.302429 0)
(-0.246681 0.294507 0)
(-0.242464 0.28529 0)
(-0.233883 0.274921 0)
(-0.223638 0.263567 0)
(-0.212453 0.251367 0)
(-0.201044 0.238486 0)
(-0.190153 0.225104 0)
(-0.179877 0.211415 0)
(-0.16987 0.197619 0)
(-0.160204 0.183915 0)
(-0.151637 0.170561 0)
(-0.144751 0.157888 0)
(-0.13974 0.146236 0)
(-0.136668 0.135896 0)
(-0.135448 0.127049 0)
(-0.135826 0.119721 0)
(-0.137468 0.113763 0)
(-0.140011 0.108887 0)
(-0.143116 0.104758 0)
(-0.146552 0.101083 0)
(-0.150161 0.0976381 0)
(-0.153837 0.0942765 0)
(-0.157506 0.090908 0)
(-0.161116 0.0874818 0)
(-0.164632 0.083972 0)
(-0.168028 0.0803673 0)
(-0.171287 0.0766649 0)
(-0.174394 0.0728666 0)
(-0.177343 0.0689768 0)
(-0.180124 0.0650004 0)
(-0.182735 0.0609423 0)
(-0.18517 0.0568064 0)
(-0.187427 0.0525952 0)
(-0.189504 0.04831 0)
(-0.191398 0.0439519 0)
(-0.193108 0.0395232 0)
(-0.194631 0.0350285 0)
(-0.195967 0.0304764 0)
(-0.197115 0.0258787 0)
(-0.198073 0.0212489 0)
(-0.198841 0.0165969 0)
(-0.199415 0.0119211 0)
(-0.199793 0.00720421 0)
(-0.19999 0.00242417 0)
(0.199982 0.00470396 0)
(0.199647 0.0139689 0)
(0.199003 0.0230657 0)
(0.19803 0.0320119 0)
(0.196733 0.0408241 0)
(0.195122 0.0494986 0)
(0.193204 0.058017 0)
(0.190982 0.0663566 0)
(0.188462 0.0744974 0)
(0.185648 0.0824245 0)
(0.182547 0.0901277 0)
(0.179166 0.0976008 0)
(0.175511 0.10484 0)
(0.17159 0.111841 0)
(0.167412 0.118603 0)
(0.162985 0.125121 0)
(0.158324 0.131396 0)
(0.153445 0.137432 0)
(0.148372 0.14324 0)
(0.143138 0.14885 0)
(0.13779 0.154317 0)
(0.132397 0.159743 0)
(0.127048 0.165296 0)
(0.121854 0.171231 0)
(0.116935 0.177875 0)
(0.112383 0.185565 0)
(0.108198 0.194525 0)
(0.104231 0.204762 0)
(0.100218 0.216064 0)
(0.0958731 0.228069 0)
(0.0909378 0.240367 0)
(0.0852254 0.252585 0)
(0.0786339 0.264435 0)
(0.0711324 0.275718 0)
(0.062735 0.286315 0)
(0.0534779 0.296171 0)
(0.0434043 0.30527 0)
(0.0325569 0.313625 0)
(0.020973 0.321258 0)
(0.00868253 0.328199 0)
(-0.00427178 0.334475 0)
(-0.0178653 0.340094 0)
(-0.0320884 0.345063 0)
(-0.0469127 0.349379 0)
(-0.0623082 0.353022 0)
(-0.0782419 0.355965 0)
(-0.0946744 0.358169 0)
(-0.111558 0.359586 0)
(-0.128831 0.36016 0)
(-0.146416 0.359831 0)
(-0.164205 0.358532 0)
(-0.18203 0.356195 0)
(-0.199591 0.352749 0)
(-0.216415 0.348123 0)
(-0.231487 0.342242 0)
(-0.242402 0.335017 0)
(-0.246146 0.326335 0)
(-0.242283 0.316204 0)
(-0.233904 0.304775 0)
(-0.223768 0.292206 0)
(-0.212623 0.278641 0)
(-0.201212 0.264369 0)
(-0.190311 0.249571 0)
(-0.180039 0.23443 0)
(-0.170055 0.219162 0)
(-0.160421 0.203984 0)
(-0.15188 0.189171 0)
(-0.144994 0.175099 0)
(-0.139968 0.162148 0)
(-0.136881 0.150645 0)
(-0.135654 0.140795 0)
(-0.136033 0.132631 0)
(-0.137685 0.125992 0)
(-0.140243 0.120559 0)
(-0.143365 0.11596 0)
(-0.146817 0.111866 0)
(-0.150442 0.10803 0)
(-0.154131 0.104287 0)
(-0.157809 0.100537 0)
(-0.161425 0.0967227 0)
(-0.164942 0.0928168 0)
(-0.168335 0.0888067 0)
(-0.171586 0.0846899 0)
(-0.174684 0.080469 0)
(-0.177617 0.0761489 0)
(-0.180381 0.0717359 0)
(-0.182972 0.0672355 0)
(-0.185385 0.0626524 0)
(-0.187618 0.0579896 0)
(-0.189671 0.0532488 0)
(-0.191541 0.0484314 0)
(-0.193226 0.0435398 0)
(-0.194726 0.038579 0)
(-0.196041 0.0335581 0)
(-0.197169 0.0284898 0)
(-0.19811 0.0233885 0)
(-0.198864 0.0182646 0)
(-0.199426 0.0131165 0)
(-0.199797 0.00792543 0)
(-0.19999 0.00266693 0)
(0.199983 0.00511607 0)
(0.199657 0.0151929 0)
(0.199032 0.0250881 0)
(0.198087 0.0348214 0)
(0.196826 0.0444111 0)
(0.19526 0.0538538 0)
(0.193393 0.0631303 0)
(0.191229 0.0722168 0)
(0.188772 0.0810923 0)
(0.186026 0.0897409 0)
(0.182996 0.098152 0)
(0.179687 0.106319 0)
(0.176106 0.114238 0)
(0.172257 0.121904 0)
(0.168149 0.129315 0)
(0.163791 0.136468 0)
(0.159194 0.143362 0)
(0.154374 0.15 0)
(0.149354 0.156395 0)
(0.144165 0.162577 0)
(0.138856 0.168605 0)
(0.133493 0.174588 0)
(0.128165 0.180704 0)
(0.122985 0.187226 0)
(0.118072 0.194507 0)
(0.113525 0.202916 0)
(0.109351 0.212706 0)
(0.105403 0.223891 0)
(0.101423 0.23625 0)
(0.097121 0.249394 0)
(0.0922358 0.262874 0)
(0.0865752 0.27628 0)
(0.0800336 0.289291 0)
(0.0725777 0.301685 0)
(0.0642209 0.313328 0)
(0.0550001 0.324157 0)
(0.0449597 0.334153 0)
(0.0341436 0.343329 0)
(0.0225915 0.351711 0)
(0.0103368 0.359331 0)
(-0.00258432 0.366219 0)
(-0.0161456 0.372389 0)
(-0.0303304 0.377851 0)
(-0.0451137 0.3826 0)
(-0.0604671 0.386618 0)
(-0.0763585 0.389877 0)
(-0.0927502 0.392334 0)
(-0.109596 0.39394 0)
(-0.126837 0.394634 0)
(-0.1444 0.394351 0)
(-0.162181 0.393018 0)
(-0.180018 0.39056 0)
(-0.19762 0.386899 0)
(-0.214538 0.381958 0)
(-0.229814 0.37565 0)
(-0.241129 0.367872 0)
(-0.245387 0.358499 0)
(-0.241947 0.347527 0)
(-0.233898 0.335131 0)
(-0.22409 0.321333 0)
(-0.212994 0.306127 0)
(-0.201389 0.290417 0)
(-0.190399 0.274281 0)
(-0.180129 0.257742 0)
(-0.17018 0.241027 0)
(-0.160615 0.224377 0)
(-0.152134 0.208091 0)
(-0.14526 0.192599 0)
(-0.140224 0.178328 0)
(-0.137129 0.165638 0)
(-0.1359 0.154761 0)
(-0.136286 0.145735 0)
(-0.137953 0.13839 0)
(-0.140533 0.132375 0)
(-0.14368 0.127283 0)
(-0.147158 0.12275 0)
(-0.150806 0.118501 0)
(-0.154515 0.114357 0)
(-0.158208 0.110206 0)
(-0.161833 0.105986 0)
(-0.165353 0.101668 0)
(-0.168743 0.0972377 0)
(-0.171985 0.0926931 0)
(-0.175068 0.0880375 0)
(-0.177982 0.0832771 0)
(-0.180723 0.0784187 0)
(-0.183287 0.0734691 0)
(-0.18567 0.0684336 0)
(-0.187872 0.0633158 0)
(-0.189892 0.0581179 0)
(-0.191729 0.0528413 0)
(-0.193383 0.0474887 0)
(-0.194852 0.0420654 0)
(-0.196138 0.0365809 0)
(-0.19724 0.0310485 0)
(-0.198159 0.0254832 0)
(-0.198893 0.0198961 0)
(-0.199441 0.0142851 0)
(-0.199802 0.00863005 0)
(-0.19999 0.00290404 0)
(0.199983 0.00551462 0)
(0.19967 0.0163768 0)
(0.199068 0.027045 0)
(0.198157 0.0375411 0)
(0.196942 0.0478856 0)
(0.195431 0.0580758 0)
(0.193628 0.0680919 0)
(0.191536 0.0779092 0)
(0.189157 0.0875059 0)
(0.186494 0.0968654 0)
(0.183551 0.105977 0)
(0.180332 0.114832 0)
(0.176841 0.123428 0)
(0.173083 0.131758 0)
(0.169065 0.139819 0)
(0.164793 0.147607 0)
(0.16028 0.155119 0)
(0.155538 0.162359 0)
(0.15059 0.169337 0)
(0.145467 0.176083 0)
(0.140212 0.182659 0)
(0.134891 0.189177 0)
(0.129592 0.195828 0)
(0.124423 0.202903 0)
(0.119508 0.210786 0)
(0.114952 0.219885 0)
(0.110763 0.230489 0)
(0.106804 0.242628 0)
(0.102829 0.256069 0)
(0.0985472 0.27039 0)
(0.0936929 0.285098 0)
(0.0880689 0.299738 0)
(0.0815649 0.313952 0)
(0.0741446 0.327492 0)
(0.0658204 0.34021 0)
(0.0566295 0.352032 0)
(0.0466175 0.362939 0)
(0.0358299 0.372946 0)
(0.0243085 0.382081 0)
(0.0120889 0.390381 0)
(-0.000794582 0.39788 0)
(-0.0143136 0.404597 0)
(-0.0284484 0.410546 0)
(-0.0431758 0.415725 0)
(-0.0584682 0.420115 0)
(-0.0742945 0.423689 0)
(-0.0906189 0.426403 0)
(-0.107397 0.428206 0)
(-0.124575 0.429033 0)
(-0.142082 0.428814 0)
(-0.159818 0.427472 0)
(-0.177628 0.424923 0)
(-0.195233 0.421084 0)
(-0.212213 0.415864 0)
(-0.227675 0.409165 0)
(-0.239386 0.400872 0)
(-0.244174 0.39084 0)
(-0.241131 0.379051 0)
(-0.233668 0.365702 0)
(-0.225133 0.350859 0)
(-0.214174 0.334452 0)
(-0.201453 0.317353 0)
(-0.190096 0.299729 0)
(-0.179932 0.28166 0)
(-0.170127 0.263385 0)
(-0.16073 0.245163 0)
(-0.152377 0.22733 0)
(-0.14554 0.210357 0)
(-0.140516 0.194704 0)
(-0.137434 0.180771 0)
(-0.136226 0.168819 0)
(-0.136642 0.158899 0)
(-0.138345 0.150826 0)
(-0.140964 0.144219 0)
(-0.144148 0.138628 0)
(-0.14766 0.133651 0)
(-0.151337 0.128987 0)
(-0.155068 0.124435 0)
(-0.158774 0.119875 0)
(-0.162405 0.115241 0)
(-0.165923 0.110499 0)
(-0.169304 0.105636 0)
(-0.172529 0.100652 0)
(-0.175589 0.09555 0)
(-0.178475 0.0903385 0)
(-0.181182 0.0850256 0)
(-0.183707 0.0796192 0)
(-0.18605 0.0741257 0)
(-0.188209 0.0685494 0)
(-0.190185 0.0628929 0)
(-0.191978 0.057158 0)
(-0.193589 0.0513474 0)
(-0.195017 0.0454666 0)
(-0.196265 0.0395255 0)
(-0.197333 0.0335378 0)
(-0.198222 0.0275188 0)
(-0.198932 0.0214799 0)
(-0.199461 0.0154186 0)
(-0.199809 0.00931301 0)
(-0.199991 0.00313378 0)
(0.199984 0.00589626 0)
(0.199686 0.0175107 0)
(0.199113 0.0289201 0)
(0.198245 0.0401492 0)
(0.197086 0.0512208 0)
(0.195644 0.0621332 0)
(0.19392 0.0728667 0)
(0.191916 0.0833964 0)
(0.189632 0.0937 0)
(0.18707 0.103761 0)
(0.184231 0.113567 0)
(0.181117 0.123112 0)
(0.177731 0.13239 0)
(0.174075 0.141396 0)
(0.170153 0.150126 0)
(0.16597 0.158576 0)
(0.161537 0.166743 0)
(0.156864 0.174628 0)
(0.151974 0.182245 0)
(0.146895 0.189623 0)
(0.141673 0.196826 0)
(0.136372 0.20397 0)
(0.131081 0.211252 0)
(0.125913 0.218977 0)
(0.120992 0.227547 0)
(0.116431 0.237395 0)
(0.112241 0.248835 0)
(0.108292 0.261913 0)
(0.104343 0.276396 0)
(0.1001 0.291838 0)
(0.0952897 0.307714 0)
(0.0897091 0.323534 0)
(0.0832427 0.338904 0)
(0.0758525 0.353552 0)
(0.0675513 0.367311 0)
(0.0583786 0.380098 0)
(0.0483831 0.391889 0)
(0.0376134 0.402698 0)
(0.0261143 0.412558 0)
(0.0139246 0.421508 0)
(0.00107848 0.429588 0)
(-0.0123922 0.436822 0)
(-0.0264652 0.443229 0)
(-0.0411195 0.448809 0)
(-0.0563276 0.453547 0)
(-0.0720597 0.457415 0)
(-0.0882819 0.460372 0)
(-0.104953 0.462363 0)
(-0.122023 0.463322 0)
(-0.139427 0.463176 0)
(-0.157074 0.461842 0)
(-0.174816 0.45923 0)
(-0.192394 0.455245 0)
(-0.209425 0.449784 0)
(-0.22508 0.442732 0)
(-0.237234 0.433958 0)
(-0.242639 0.423298 0)
(-0.240099 0.410701 0)
(-0.232912 0.396345 0)
(-0.224751 0.380622 0)
(-0.214195 0.363663 0)
(-0.201577 0.345309 0)
(-0.190181 0.326081 0)
(-0.180017 0.306399 0)
(-0.170291 0.2865 0)
(-0.160993 0.266653 0)
(-0.152694 0.24725 0)
(-0.145871 0.228773 0)
(-0.140855 0.211716 0)
(-0.137785 0.196515 0)
(-0.136597 0.183457 0)
(-0.137042 0.172598 0)
(-0.138786 0.163745 0)
(-0.141452 0.156486 0)
(-0.144689 0.150331 0)
(-0.148253 0.144846 0)
(-0.151978 0.139702 0)
(-0.155749 0.134685 0)
(-0.159486 0.129664 0)
(-0.163135 0.124568 0)
(-0.166659 0.119361 0)
(-0.170034 0.114032 0)
(-0.173242 0.108577 0)
(-0.176275 0.103004 0)
(-0.179124 0.0973209 0)
(-0.181787 0.0915368 0)
(-0.184263 0.085661 0)
(-0.186552 0.0797005 0)
(-0.188654 0.0736603 0)
(-0.190572 0.0675432 0)
(-0.192307 0.061351 0)
(-0.19386 0.0550866 0)
(-0.195235 0.0487554 0)
(-0.196432 0.0423672 0)
(-0.197455 0.0359358 0)
(-0.198305 0.0294768 0)
(-0.198982 0.0230014 0)
(-0.199487 0.0165062 0)
(-0.199818 0.00996779 0)
(-0.199991 0.00335391 0)
(0.199985 0.00625671 0)
(0.199706 0.0185819 0)
(0.199169 0.0306928 0)
(0.198356 0.0426173 0)
(0.197268 0.054381 0)
(0.195912 0.0659839 0)
(0.194288 0.0774067 0)
(0.192395 0.0886245 0)
(0.190232 0.0996148 0)
(0.187798 0.11036 0)
(0.185094 0.120849 0)
(0.182117 0.131072 0)
(0.17887 0.141024 0)
(0.175352 0.150699 0)
(0.171567 0.160089 0)
(0.167517 0.169187 0)
(0.163211 0.177988 0)
(0.158658 0.18649 0)
(0.153875 0.194701 0)
(0.14889 0.202648 0)
(0.143742 0.210394 0)
(0.138493 0.218058 0)
(0.133229 0.225847 0)
(0.12806 0.234085 0)
(0.123114 0.243209 0)
(0.118508 0.2537 0)
(0.114262 0.265922 0)
(0.110259 0.279953 0)
(0.106267 0.295552 0)
(0.101992 0.312235 0)
(0.0971581 0.32942 0)
(0.0915582 0.346559 0)
(0.0850734 0.363213 0)
(0.077664 0.379074 0)
(0.0693437 0.393957 0)
(0.0601539 0.40777 0)
(0.0501461 0.420488 0)
(0.0393723 0.432127 0)
(0.0278803 0.442725 0)
(0.0157116 0.452329 0)
(0.00290098 0.460985 0)
(-0.0105137 0.468725 0)
(-0.024508 0.475576 0)
(-0.0390644 0.481541 0)
(-0.0541547 0.486611 0)
(-0.0697501 0.490759 0)
(-0.0858186 0.493947 0)
(-0.102323 0.496121 0)
(-0.119219 0.497214 0)
(-0.136447 0.497151 0)
(-0.153927 0.495843 0)
(-0.171528 0.493196 0)
(-0.189022 0.489105 0)
(-0.206064 0.483455 0)
(-0.221897 0.476128 0)
(-0.234509 0.466976 0)
(-0.240618 0.455812 0)
(-0.238772 0.4426 0)
(-0.231692 0.427492 0)
(-0.223042 0.410904 0)
(-0.212965 0.393055 0)
(-0.201379 0.373527 0)
(-0.190155 0.352884 0)
(-0.179978 0.331637 0)
(-0.170389 0.310092 0)
(-0.161225 0.288564 0)
(-0.153007 0.267467 0)
(-0.146251 0.247336 0)
(-0.141305 0.228723 0)
(-0.13831 0.212116 0)
(-0.137207 0.197847 0)
(-0.137744 0.185993 0)
(-0.13958 0.176346 0)
(-0.142335 0.168454 0)
(-0.14565 0.161773 0)
(-0.149277 0.15582 0)
(-0.153048 0.150236 0)
(-0.156847 0.144783 0)
(-0.160594 0.139321 0)
(-0.164238 0.133774 0)
(-0.167742 0.128106 0)
(-0.171084 0.122306 0)
(-0.174249 0.116375 0)
(-0.177228 0.110321 0)
(-0.180016 0.104156 0)
(-0.182611 0.0978917 0)
(-0.185013 0.0915388 0)
(-0.187225 0.0851061 0)
(-0.189247 0.0785994 0)
(-0.191085 0.0720223 0)
(-0.192741 0.0653768 0)
(-0.194218 0.0586657 0)
(-0.19552 0.0518944 0)
(-0.196651 0.0450725 0)
(-0.197614 0.0382135 0)
(-0.198413 0.0313329 0)
(-0.199048 0.0244412 0)
(-0.19952 0.017534 0)
(-0.19983 0.0105859 0)
(-0.199992 0.00356153 0)
(0.199986 0.00659049 0)
(0.199731 0.0195744 0)
(0.19924 0.032337 0)
(0.198495 0.0449104 0)
(0.197496 0.057324 0)
(0.196247 0.0695801 0)
(0.194746 0.081661 0)
(0.192988 0.0935429 0)
(0.190971 0.105204 0)
(0.188689 0.116628 0)
(0.186139 0.127802 0)
(0.183317 0.13872 0)
(0.18022 0.149374 0)
(0.176845 0.159761 0)
(0.17319 0.169872 0)
(0.169256 0.179701 0)
(0.165048 0.189245 0)
(0.160576 0.198503 0)
(0.155856 0.207485 0)
(0.150916 0.216216 0)
(0.145795 0.224755 0)
(0.140553 0.233219 0)
(0.135275 0.241812 0)
(0.130073 0.250858 0)
(0.125075 0.260801 0)
(0.120405 0.272141 0)
(0.116096 0.285264 0)
(0.112044 0.300267 0)
(0.108023 0.316911 0)
(0.103738 0.334701 0)
(0.0989064 0.353027 0)
(0.0933116 0.371311 0)
(0.086828 0.389079 0)
(0.0794123 0.406 0)
(0.0710783 0.421869 0)
(0.0618707 0.436581 0)
(0.0518458 0.450107 0)
(0.0410613 0.462463 0)
(0.0295705 0.47369 0)
(0.0174186 0.483841 0)
(0.00464132 0.492966 0)
(-0.0087086 0.501099 0)
(-0.0226038 0.508287 0)
(-0.0370357 0.514536 0)
(-0.0519725 0.51984 0)
(-0.0673841 0.52418 0)
(-0.0832404 0.52752 0)
(-0.0995088 0.529813 0)
(-0.116151 0.530996 0)
(-0.13312 0.530995 0)
(-0.150347 0.529725 0)
(-0.167722 0.52709 0)
(-0.185046 0.522985 0)
(-0.201996 0.51729 0)
(-0.217891 0.509882 0)
(-0.230881 0.5006 0)
(-0.23753 0.489233 0)
(-0.2361 0.47569 0)
(-0.229227 0.460093 0)
(-0.220642 0.442713 0)
(-0.211115 0.423746 0)
(-0.200387 0.403138 0)
(-0.18965 0.381252 0)
(-0.179728 0.358533 0)
(-0.170341 0.335398 0)
(-0.161378 0.312228 0)
(-0.153303 0.289469 0)
(-0.146616 0.267716 0)
(-0.141724 0.247573 0)
(-0.138784 0.229569 0)
(-0.137745 0.214057 0)
(-0.13836 0.20112 0)
(-0.140286 0.190539 0)
(-0.143142 0.18183 0)
(-0.146562 0.17442 0)
(-0.150292 0.167794 0)
(-0.154154 0.161568 0)
(-0.158028 0.155494 0)
(-0.161834 0.149423 0)
(-0.165514 0.14328 0)
(-0.169033 0.137029 0)
(-0.172367 0.130659 0)
(-0.175503 0.124171 0)
(-0.178433 0.117572 0)
(-0.181155 0.110875 0)
(-0.183671 0.104092 0)
(-0.185984 0.0972339 0)
(-0.188098 0.0903097 0)
(-0.190019 0.0833253 0)
(-0.191753 0.0762838 0)
(-0.193306 0.069187 0)
(-0.194683 0.0620369 0)
(-0.195892 0.0548382 0)
(-0.196936 0.0475997 0)
(-0.197822 0.0403341 0)
(-0.198553 0.0330559 0)
(-0.199134 0.0257745 0)
(-0.199564 0.018484 0)
(-0.199846 0.0111563 0)
(-0.199992 0.00375295 0)
(0.199988 0.00689028 0)
(0.199763 0.0204664 0)
(0.199331 0.0338169 0)
(0.198674 0.0469785 0)
(0.197791 0.059985 0)
(0.196682 0.0728416 0)
(0.195341 0.0855325 0)
(0.193763 0.0980346 0)
(0.19194 0.110327 0)
(0.189865 0.122391 0)
(0.187531 0.134216 0)
(0.184929 0.145791 0)
(0.182055 0.157107 0)
(0.1789 0.168156 0)
(0.175461 0.178923 0)
(0.171733 0.189396 0)
(0.167715 0.199561 0)
(0.163407 0.209406 0)
(0.158819 0.218939 0)
(0.153974 0.228185 0)
(0.148915 0.237209 0)
(0.143706 0.246131 0)
(0.138436 0.255169 0)
(0.133218 0.264667 0)
(0.128185 0.275103 0)
(0.12346 0.287025 0)
(0.119081 0.300879 0)
(0.114951 0.316808 0)
(0.110845 0.33458 0)
(0.106462 0.353662 0)
(0.101514 0.373382 0)
(0.0957837 0.393087 0)
(0.0891456 0.412243 0)
(0.0815629 0.430471 0)
(0.0730583 0.447535 0)
(0.0636863 0.46332 0)
(0.0535131 0.477791 0)
(0.0426056 0.490967 0)
(0.0310243 0.5029 0)
(0.0188154 0.513651 0)
(0.0060045 0.523282 0)
(-0.00730868 0.531843 0)
(-0.0210957 0.539386 0)
(-0.035385 0.545927 0)
(-0.0501282 0.551469 0)
(-0.0652903 0.556 0)
(-0.0808416 0.559494 0)
(-0.0967521 0.56191 0)
(-0.112988 0.563196 0)
(-0.12951 0.563289 0)
(-0.146261 0.562115 0)
(-0.163155 0.559589 0)
(-0.180028 0.555612 0)
(-0.196605 0.550069 0)
(-0.212296 0.54283 0)
(-0.225411 0.533725 0)
(-0.232576 0.522498 0)
(-0.23182 0.508871 0)
(-0.225483 0.492869 0)
(-0.217315 0.474748 0)
(-0.208382 0.454743 0)
(-0.198447 0.432988 0)
(-0.188413 0.409756 0)
(-0.179034 0.385463 0)
(-0.17011 0.360558 0)
(-0.161563 0.335475 0)
(-0.153821 0.310737 0)
(-0.147383 0.287012 0)
(-0.142704 0.264995 0)
(-0.139963 0.245308 0)
(-0.139118 0.228372 0)
(-0.139922 0.214298 0)
(-0.142027 0.202844 0)
(-0.145037 0.193466 0)
(-0.148582 0.185514 0)
(-0.152411 0.178415 0)
(-0.156341 0.171748 0)
(-0.160248 0.165237 0)
(-0.16405 0.158723 0)
(-0.167691 0.15212 0)
(-0.171138 0.145391 0)
(-0.174375 0.138523 0)
(-0.177397 0.131526 0)
(-0.180201 0.124414 0)
(-0.182787 0.117205 0)
(-0.18516 0.109918 0)
(-0.187325 0.102566 0)
(-0.189289 0.0951607 0)
(-0.191061 0.0877103 0)
(-0.192647 0.0802186 0)
(-0.194057 0.0726873 0)
(-0.195299 0.0651185 0)
(-0.196381 0.0575162 0)
(-0.19731 0.0498884 0)
(-0.198093 0.0422467 0)
(-0.198736 0.0346042 0)
(-0.199244 0.026969 0)
(-0.19962 0.0193329 0)
(-0.199866 0.0116651 0)
(-0.199993 0.00392342 0)
(0.19999 0.00714669 0)
(0.199804 0.0212316 0)
(0.199445 0.0350928 0)
(0.198896 0.0487739 0)
(0.198153 0.0623148 0)
(0.197211 0.0757256 0)
(0.196061 0.0889945 0)
(0.194692 0.102102 0)
(0.193092 0.115028 0)
(0.191248 0.12776 0)
(0.189148 0.140286 0)
(0.186782 0.152599 0)
(0.18414 0.164695 0)
(0.181212 0.176567 0)
(0.177992 0.188212 0)
(0.174476 0.199622 0)
(0.170663 0.210797 0)
(0.166556 0.221728 0)
(0.162145 0.232386 0)
(0.15743 0.242768 0)
(0.152434 0.252915 0)
(0.147209 0.262937 0)
(0.141839 0.27304 0)
(0.136441 0.283569 0)
(0.131158 0.295013 0)
(0.126134 0.30795 0)
(0.12144 0.322868 0)
(0.117012 0.339944 0)
(0.112643 0.358949 0)
(0.108034 0.379325 0)
(0.102895 0.40035 0)
(0.0970012 0.421321 0)
(0.0902223 0.44166 0)
(0.082517 0.460958 0)
(0.0739071 0.478962 0)
(0.0644483 0.495547 0)
(0.0542095 0.510682 0)
(0.0432615 0.52439 0)
(0.031672 0.536729 0)
(0.0194939 0.547771 0)
(0.00675905 0.557591 0)
(-0.00643179 0.566253 0)
(-0.0200475 0.573802 0)
(-0.0341157 0.580275 0)
(-0.0485865 0.585693 0)
(-0.063416 0.590058 0)
(-0.0785674 0.59336 0)
(-0.0940036 0.595575 0)
(-0.109687 0.596668 0)
(-0.125579 0.596598 0)
(-0.141632 0.595317 0)
(-0.157776 0.592768 0)
(-0.173885 0.588885 0)
(-0.189731 0.583581 0)
(-0.204818 0.576746 0)
(-0.217692 0.568208 0)
(-0.225273 0.557646 0)
(-0.225445 0.544604 0)
(-0.220049 0.528921 0)
(-0.212623 0.510784 0)
(-0.204376 0.490398 0)
(-0.195215 0.467863 0)
(-0.185959 0.443545 0)
(-0.177248 0.417909 0)
(-0.168909 0.391428 0)
(-0.160845 0.364573 0)
(-0.153457 0.337951 0)
(-0.147292 0.31229 0)
(-0.142859 0.288361 0)
(-0.140361 0.266855 0)
(-0.139776 0.248263 0)
(-0.14086 0.232722 0)
(-0.143246 0.219989 0)
(-0.146539 0.209491 0)
(-0.150352 0.200515 0)
(-0.154403 0.192436 0)
(-0.158498 0.184805 0)
(-0.162513 0.177332 0)
(-0.166362 0.16986 0)
(-0.170003 0.162318 0)
(-0.173423 0.154691 0)
(-0.176611 0.146994 0)
(-0.179559 0.139232 0)
(-0.182261 0.131411 0)
(-0.184724 0.12354 0)
(-0.186953 0.115633 0)
(-0.188959 0.107702 0)
(-0.190754 0.099755 0)
(-0.192351 0.0917976 0)
(-0.193761 0.0838317 0)
(-0.194997 0.0758569 0)
(-0.196072 0.0678729 0)
(-0.196996 0.0598814 0)
(-0.197781 0.0518879 0)
(-0.198435 0.0439015 0)
(-0.198968 0.0359327 0)
(-0.199385 0.0279865 0)
(-0.199692 0.0200518 0)
(-0.199891 0.0120939 0)
(-0.199995 0.00406667 0)
(0.199995 0.00734314 0)
(0.199868 0.0218183 0)
(0.199617 0.0360719 0)
(0.199224 0.0501553 0)
(0.19868 0.0641152 0)
(0.197976 0.0779668 0)
(0.197097 0.0917008 0)
(0.196024 0.105298 0)
(0.194737 0.118739 0)
(0.193214 0.132005 0)
(0.191433 0.145079 0)
(0.189371 0.157946 0)
(0.187009 0.17059 0)
(0.184327 0.182989 0)
(0.181311 0.195121 0)
(0.177953 0.206957 0)
(0.174249 0.218463 0)
(0.170221 0.229683 0)
(0.165915 0.240738 0)
(0.161319 0.251585 0)
(0.156455 0.262232 0)
(0.151368 0.272764 0)
(0.146129 0.283372 0)
(0.140843 0.294396 0)
(0.135642 0.306339 0)
(0.13066 0.319807 0)
(0.125958 0.335335 0)
(0.12147 0.35315 0)
(0.116979 0.373042 0)
(0.112179 0.394438 0)
(0.106781 0.416578 0)
(0.100565 0.438702 0)
(0.0934136 0.460181 0)
(0.0853013 0.480562 0)
(0.0762676 0.499564 0)
(0.0663857 0.517047 0)
(0.0557408 0.532969 0)
(0.0444163 0.547355 0)
(0.03249 0.560264 0)
(0.0200253 0.571776 0)
(0.00706586 0.581977 0)
(-0.00629495 0.590959 0)
(-0.0200075 0.59881 0)
(-0.0340592 0.605565 0)
(-0.0483858 0.6112 0)
(-0.0629369 0.615701 0)
(-0.0776681 0.619064 0)
(-0.0925346 0.621277 0)
(-0.10749 0.622329 0)
(-0.122485 0.622206 0)
(-0.137467 0.620894 0)
(-0.152369 0.618379 0)
(-0.16709 0.614643 0)
(-0.181461 0.609658 0)
(-0.195126 0.603361 0)
(-0.206966 0.595603 0)
(-0.214393 0.586001 0)
(-0.215344 0.573862 0)
(-0.211095 0.558687 0)
(-0.204915 0.540483 0)
(-0.198316 0.519502 0)
(-0.190957 0.49595 0)
(-0.18318 0.470268 0)
(-0.175744 0.443093 0)
(-0.168623 0.414881 0)
(-0.161625 0.386122 0)
(-0.155053 0.357469 0)
(-0.149525 0.329754 0)
(-0.145588 0.30388 0)
(-0.143453 0.280658 0)
(-0.143149 0.260632 0)
(-0.14446 0.243962 0)
(-0.146993 0.230357 0)
(-0.150367 0.219152 0)
(-0.154217 0.209576 0)
(-0.15826 0.200963 0)
(-0.162315 0.192837 0)
(-0.16627 0.184908 0)
(-0.170052 0.177028 0)
(-0.173618 0.169144 0)
(-0.176965 0.161267 0)
(-0.180044 0.153263 0)
(-0.182839 0.145112 0)
(-0.185354 0.136857 0)
(-0.187598 0.128532 0)
(-0.189585 0.120168 0)
(-0.191332 0.111786 0)
(-0.192859 0.103405 0)
(-0.194185 0.0950333 0)
(-0.195329 0.086677 0)
(-0.196309 0.0783369 0)
(-0.197142 0.0700127 0)
(-0.197843 0.0617055 0)
(-0.198426 0.0534191 0)
(-0.198904 0.0451606 0)
(-0.199286 0.0369381 0)
(-0.19958 0.0287535 0)
(-0.199793 0.0205923 0)
(-0.199929 0.0124161 0)
(-0.199997 0.00417404 0)
(0.199994 0.00750578 0)
(0.199913 0.0223009 0)
(0.199764 0.0368868 0)
(0.199536 0.0513316 0)
(0.199219 0.0656979 0)
(0.198801 0.0800148 0)
(0.198268 0.0942865 0)
(0.197602 0.108506 0)
(0.19678 0.122665 0)
(0.19578 0.136756 0)
(0.194575 0.150774 0)
(0.193138 0.164713 0)
(0.191436 0.178564 0)
(0.189437 0.192317 0)
(0.187105 0.205956 0)
(0.1844 0.219462 0)
(0.181284 0.232815 0)
(0.177714 0.245952 0)
(0.173674 0.258807 0)
(0.169214 0.271463 0)
(0.164352 0.283985 0)
(0.159113 0.296466 0)
(0.153548 0.309085 0)
(0.147753 0.322157 0)
(0.141865 0.336173 0)
(0.136048 0.351752 0)
(0.130434 0.369465 0)
(0.125054 0.389561 0)
(0.119751 0.411791 0)
(0.114233 0.435503 0)
(0.10821 0.459833 0)
(0.101449 0.483927 0)
(0.0938176 0.507095 0)
(0.085282 0.528858 0)
(0.0758782 0.548934 0)
(0.0656791 0.567197 0)
(0.0547703 0.583629 0)
(0.0432365 0.59828 0)
(0.0311541 0.611237 0)
(0.0185878 0.622602 0)
(0.00558506 0.632478 0)
(-0.00775591 0.640954 0)
(-0.0213732 0.64804 0)
(-0.0352348 0.653799 0)
(-0.0492682 0.658313 0)
(-0.0634227 0.661615 0)
(-0.0776525 0.663719 0)
(-0.0919112 0.664628 0)
(-0.106148 0.66435 0)
(-0.120307 0.662897 0)
(-0.134323 0.660306 0)
(-0.14812 0.656646 0)
(-0.161586 0.65204 0)
(-0.174551 0.646673 0)
(-0.1867 0.640793 0)
(-0.19718 0.634641 0)
(-0.204 0.627994 0)
(-0.205438 0.619493 0)
(-0.202314 0.607496 0)
(-0.197147 0.591489 0)
(-0.19124 0.572073 0)
(-0.184701 0.549608 0)
(-0.178027 0.524301 0)
(-0.171684 0.496639 0)
(-0.165564 0.467419 0)
(-0.159488 0.437163 0)
(-0.15371 0.406379 0)
(-0.148859 0.375842 0)
(-0.145539 0.346633 0)
(-0.144065 0.319824 0)
(-0.144501 0.29624 0)
(-0.146632 0.276262 0)
(-0.150069 0.259673 0)
(-0.154332 0.245795 0)
(-0.15895 0.233791 0)
(-0.163618 0.222932 0)
(-0.168139 0.212715 0)
(-0.172387 0.202832 0)
(-0.176298 0.193108 0)
(-0.179833 0.183433 0)
(-0.182937 0.173715 0)
(-0.185633 0.164022 0)
(-0.187966 0.154394 0)
(-0.189976 0.144841 0)
(-0.191702 0.135377 0)
(-0.193179 0.126013 0)
(-0.194437 0.116758 0)
(-0.195504 0.107614 0)
(-0.196406 0.0985793 0)
(-0.197162 0.0896477 0)
(-0.197794 0.0808097 0)
(-0.198317 0.0720553 0)
(-0.198746 0.0633767 0)
(-0.199095 0.0547697 0)
(-0.199374 0.046234 0)
(-0.199593 0.0377703 0)
(-0.199759 0.0293738 0)
(-0.199878 0.0210225 0)
(-0.199956 0.0126706 0)
(-0.199997 0.00425952 0)
)
;

boundaryField
{
    fuel
    {
        type            fixedValue;
        value           uniform (0.2 0 0);
    }
    air
    {
        type            fixedValue;
        value           uniform (-0.2 0 0);
    }
    outlet
    {
        type            pressureInletOutletVelocity;
        value           nonuniform List<vector> 
200
(
(0.199994 -0.00750599 0)
(0.199913 -0.0223 0)
(0.199764 -0.0368846 0)
(0.199536 -0.0513284 0)
(0.199219 -0.0656935 0)
(0.198802 -0.0800092 0)
(0.198269 -0.0942794 0)
(0.197602 -0.108497 0)
(0.196781 -0.122655 0)
(0.195781 -0.136744 0)
(0.194577 -0.15076 0)
(0.19314 -0.164697 0)
(0.19144 -0.178547 0)
(0.189442 -0.192298 0)
(0.187111 -0.205936 0)
(0.184407 -0.21944 0)
(0.181294 -0.232791 0)
(0.177726 -0.245927 0)
(0.173688 -0.258781 0)
(0.16923 -0.271436 0)
(0.164371 -0.283956 0)
(0.159134 -0.296436 0)
(0.153572 -0.309052 0)
(0.147779 -0.322121 0)
(0.141893 -0.336132 0)
(0.136078 -0.351702 0)
(0.130465 -0.369404 0)
(0.125087 -0.389487 0)
(0.119787 -0.411705 0)
(0.114274 -0.435407 0)
(0.108257 -0.459729 0)
(0.101502 -0.483818 0)
(0.0938784 -0.506984 0)
(0.0853502 -0.528746 0)
(0.0759535 -0.548824 0)
(0.0657611 -0.567089 0)
(0.0548585 -0.583525 0)
(0.0433305 -0.59818 0)
(0.0312537 -0.611143 0)
(0.0186919 -0.622514 0)
(0.00569086 -0.632397 0)
(-0.00764613 -0.640881 0)
(-0.0212575 -0.647976 0)
(-0.0351161 -0.653745 0)
(-0.0491477 -0.658269 0)
(-0.0633008 -0.661582 0)
(-0.0775299 -0.663697 0)
(-0.0917886 -0.664619 0)
(-0.106026 -0.664353 0)
(-0.120186 -0.662913 0)
(-0.134204 -0.660334 0)
(-0.148002 -0.656687 0)
(-0.16147 -0.652093 0)
(-0.174436 -0.646736 0)
(-0.186586 -0.640866 0)
(-0.197067 -0.634722 0)
(-0.203895 -0.628087 0)
(-0.205336 -0.619608 0)
(-0.20219 -0.607639 0)
(-0.19701 -0.591658 0)
(-0.191182 -0.572247 0)
(-0.184752 -0.549761 0)
(-0.178114 -0.524444 0)
(-0.171764 -0.496782 0)
(-0.165631 -0.467567 0)
(-0.159537 -0.437316 0)
(-0.15374 -0.406533 0)
(-0.148876 -0.37599 0)
(-0.145545 -0.346768 0)
(-0.144056 -0.319942 0)
(-0.144481 -0.296339 0)
(-0.146607 -0.276342 0)
(-0.15004 -0.259737 0)
(-0.1543 -0.245848 0)
(-0.158922 -0.233835 0)
(-0.163592 -0.222972 0)
(-0.168115 -0.212751 0)
(-0.172367 -0.202865 0)
(-0.176281 -0.193138 0)
(-0.179818 -0.183462 0)
(-0.182924 -0.173742 0)
(-0.185623 -0.164047 0)
(-0.187958 -0.154417 0)
(-0.18997 -0.144862 0)
(-0.191697 -0.135396 0)
(-0.193175 -0.12603 0)
(-0.194434 -0.116773 0)
(-0.195502 -0.107628 0)
(-0.196403 -0.0985919 0)
(-0.19716 -0.089659 0)
(-0.197792 -0.0808197 0)
(-0.198316 -0.0720641 0)
(-0.198746 -0.0633844 0)
(-0.199094 -0.0547764 0)
(-0.199374 -0.0462395 0)
(-0.199592 -0.0377745 0)
(-0.199759 -0.0293766 0)
(-0.199878 -0.0210243 0)
(-0.199956 -0.0126718 0)
(-0.199997 -0.00426018 0)
(0.199994 0.00750578 0)
(0.199913 0.0223009 0)
(0.199764 0.0368868 0)
(0.199536 0.0513316 0)
(0.199219 0.0656979 0)
(0.198801 0.0800148 0)
(0.198268 0.0942865 0)
(0.197602 0.108506 0)
(0.19678 0.122665 0)
(0.19578 0.136756 0)
(0.194575 0.150774 0)
(0.193138 0.164713 0)
(0.191436 0.178564 0)
(0.189437 0.192317 0)
(0.187105 0.205956 0)
(0.1844 0.219462 0)
(0.181284 0.232815 0)
(0.177714 0.245952 0)
(0.173674 0.258807 0)
(0.169214 0.271463 0)
(0.164352 0.283985 0)
(0.159113 0.296466 0)
(0.153548 0.309085 0)
(0.147753 0.322157 0)
(0.141865 0.336173 0)
(0.136048 0.351752 0)
(0.130434 0.369465 0)
(0.125054 0.389561 0)
(0.119751 0.411791 0)
(0.114233 0.435503 0)
(0.10821 0.459833 0)
(0.101449 0.483927 0)
(0.0938176 0.507095 0)
(0.085282 0.528858 0)
(0.0758782 0.548934 0)
(0.0656791 0.567197 0)
(0.0547703 0.583629 0)
(0.0432365 0.59828 0)
(0.0311541 0.611237 0)
(0.0185878 0.622602 0)
(0.00558506 0.632478 0)
(-0.00775591 0.640954 0)
(-0.0213732 0.64804 0)
(-0.0352348 0.653799 0)
(-0.0492682 0.658313 0)
(-0.0634227 0.661615 0)
(-0.0776525 0.663719 0)
(-0.0919112 0.664628 0)
(-0.106148 0.66435 0)
(-0.120307 0.662897 0)
(-0.134323 0.660306 0)
(-0.14812 0.656646 0)
(-0.161586 0.65204 0)
(-0.174551 0.646673 0)
(-0.1867 0.640793 0)
(-0.19718 0.634641 0)
(-0.204 0.627994 0)
(-0.205438 0.619493 0)
(-0.202314 0.607496 0)
(-0.197147 0.591489 0)
(-0.19124 0.572073 0)
(-0.184701 0.549608 0)
(-0.178027 0.524301 0)
(-0.171684 0.496639 0)
(-0.165564 0.467419 0)
(-0.159488 0.437163 0)
(-0.15371 0.406379 0)
(-0.148859 0.375842 0)
(-0.145539 0.346633 0)
(-0.144065 0.319824 0)
(-0.144501 0.29624 0)
(-0.146632 0.276262 0)
(-0.150069 0.259673 0)
(-0.154332 0.245795 0)
(-0.15895 0.233791 0)
(-0.163618 0.222932 0)
(-0.168139 0.212715 0)
(-0.172387 0.202832 0)
(-0.176298 0.193108 0)
(-0.179833 0.183433 0)
(-0.182937 0.173715 0)
(-0.185633 0.164022 0)
(-0.187966 0.154394 0)
(-0.189976 0.144841 0)
(-0.191702 0.135377 0)
(-0.193179 0.126013 0)
(-0.194437 0.116758 0)
(-0.195504 0.107614 0)
(-0.196406 0.0985793 0)
(-0.197162 0.0896477 0)
(-0.197794 0.0808097 0)
(-0.198317 0.0720553 0)
(-0.198746 0.0633767 0)
(-0.199095 0.0547697 0)
(-0.199374 0.046234 0)
(-0.199593 0.0377703 0)
(-0.199759 0.0293738 0)
(-0.199878 0.0210225 0)
(-0.199956 0.0126706 0)
(-0.199997 0.00425952 0)
)
;
    }
    frontAndBack
    {
        type            empty;
    }
}


// ************************************************************************* //
