/*--------------------------------*- C++ -*----------------------------------*\
  =========                 |
  \\      /  F ield         | OpenFOAM: The Open Source CFD Toolbox
   \\    /   O peration     | Website:  https://openfoam.org
    \\  /    A nd           | Version:  11
     \\/     M anipulation  |
\*---------------------------------------------------------------------------*/
FoamFile
{
    format      ascii;
    class       surfaceScalarField;
    location    "0.05";
    object      phi;
}
// * * * * * * * * * * * * * * * * * * * * * * * * * * * * * * * * * * * * * //

dimensions      [1 0 -1 0 0 0 0];

internalField   nonuniform List<scalar> 
7860
(
6.57593e-07
-1.08049e-08
6.5546e-07
-3.29727e-08
6.52198e-07
-5.55384e-08
6.47577e-07
-7.84943e-08
6.413e-07
-1.01961e-07
6.32998e-07
-1.25996e-07
6.22244e-07
-1.5059e-07
6.08589e-07
-1.7563e-07
5.91631e-07
-2.00821e-07
5.71119e-07
-2.25597e-07
5.47084e-07
-2.49081e-07
5.19983e-07
-2.70312e-07
4.90559e-07
-2.88367e-07
4.5973e-07
-3.02564e-07
4.28414e-07
-3.12601e-07
3.97406e-07
-3.1856e-07
3.67343e-07
-3.20817e-07
3.38467e-07
-3.19934e-07
3.11052e-07
-3.16488e-07
2.85202e-07
-3.11053e-07
2.60926e-07
-3.04144e-07
2.38185e-07
-2.96199e-07
2.16909e-07
-2.8758e-07
1.97019e-07
-2.78578e-07
1.78433e-07
-2.69423e-07
1.6108e-07
-2.60292e-07
1.44883e-07
-2.51319e-07
1.2976e-07
-2.42602e-07
1.15633e-07
-2.34215e-07
1.0243e-07
-2.26206e-07
9.00835e-08
-2.18608e-07
7.85305e-08
-2.11441e-07
6.77135e-08
-2.04712e-07
5.75765e-08
-1.98421e-07
4.80655e-08
-1.92553e-07
3.91359e-08
-1.87097e-07
3.07454e-08
-1.82042e-07
2.2854e-08
-1.77377e-07
1.5424e-08
-1.73088e-07
8.41923e-09
-1.69161e-07
1.80564e-09
-1.65581e-07
-4.44963e-09
-1.62333e-07
-1.03781e-08
-1.59404e-07
-1.60102e-08
-1.56778e-07
-2.13756e-08
-1.54443e-07
-2.65032e-08
-1.52385e-07
-3.14205e-08
-1.50593e-07
-3.61455e-08
-1.4906e-07
-4.07039e-08
-1.47771e-07
-4.51207e-08
-1.46716e-07
-4.94194e-08
-1.45889e-07
-5.36225e-08
-1.45286e-07
-5.77529e-08
-1.44905e-07
-6.18334e-08
-1.44751e-07
-6.5879e-08
-1.4485e-07
-6.99233e-08
-1.45214e-07
-7.39883e-08
-1.45859e-07
-7.81014e-08
-1.46875e-07
-8.232e-08
-1.48383e-07
-8.66883e-08
-1.50568e-07
-9.12652e-08
-1.53711e-07
-9.61087e-08
-1.58334e-07
-1.01322e-07
-1.6528e-07
-1.07197e-07
-1.74106e-07
-1.13925e-07
-1.84354e-07
-1.21674e-07
-1.95768e-07
-1.30603e-07
-2.082e-07
-1.40878e-07
-2.21561e-07
-1.52671e-07
-2.35798e-07
-1.66155e-07
-2.50873e-07
-1.81531e-07
-2.6675e-07
-1.99012e-07
-2.8339e-07
-2.1883e-07
-3.00732e-07
-2.41227e-07
-3.1867e-07
-2.66466e-07
-3.37053e-07
-2.94838e-07
-3.55696e-07
-3.26684e-07
-3.74446e-07
-3.62408e-07
-3.93207e-07
-4.02279e-07
-4.11479e-07
-4.46506e-07
-4.2871e-07
-4.95277e-07
-4.44241e-07
-5.48803e-07
-4.5727e-07
-6.067e-07
-4.66803e-07
-6.68368e-07
-4.71813e-07
-7.32639e-07
-4.71322e-07
-7.98013e-07
-4.64584e-07
-8.6235e-07
-4.51169e-07
-9.23171e-07
-4.31226e-07
-9.78025e-07
-4.05287e-07
-1.02547e-06
-3.74562e-07
-1.06496e-06
-3.40716e-07
-1.09676e-06
-3.05142e-07
-1.12171e-06
-2.68801e-07
-1.14086e-06
-2.32247e-07
-1.15528e-06
-1.95758e-07
-1.16594e-06
-1.59467e-07
-1.17363e-06
-1.23453e-07
-1.17895e-06
-8.7747e-08
-1.18236e-06
-5.22878e-08
-1.71792e-08
6.58244e-07
-1.05303e-08
6.56987e-07
-3.17913e-08
6.54501e-07
-5.32411e-08
6.50639e-07
-7.50148e-08
6.45154e-07
-9.71761e-08
6.37718e-07
-1.19753e-07
6.2793e-07
-1.42729e-07
6.15347e-07
-1.66003e-07
5.99539e-07
-1.89322e-07
5.80187e-07
-2.12201e-07
5.57218e-07
-2.33874e-07
5.30993e-07
-2.53509e-07
5.02183e-07
-2.70275e-07
4.71674e-07
-2.83546e-07
4.404e-07
-2.93026e-07
4.09176e-07
-2.98765e-07
3.78582e-07
-3.01083e-07
3.49182e-07
-3.00454e-07
3.21193e-07
-2.97436e-07
2.9473e-07
-2.92551e-07
2.69821e-07
-2.86274e-07
2.46442e-07
-2.79013e-07
2.24532e-07
-2.71106e-07
2.04019e-07
-2.6283e-07
1.84825e-07
-2.544e-07
1.66873e-07
-2.4599e-07
1.50089e-07
-2.37723e-07
1.34397e-07
-2.29687e-07
1.19724e-07
-2.21948e-07
1.06001e-07
-2.14554e-07
9.3161e-08
-2.07533e-07
8.11434e-08
-2.00904e-07
6.98894e-08
-1.94676e-07
5.93406e-08
-1.88847e-07
4.94402e-08
-1.83403e-07
4.01415e-08
-1.78336e-07
3.14002e-08
-1.73635e-07
2.31744e-08
-1.6929e-07
1.54241e-08
-1.65288e-07
8.1114e-09
-1.61618e-07
1.20052e-09
-1.58267e-07
-5.34265e-09
-1.5522e-07
-1.15508e-08
-1.52467e-07
-1.74558e-08
-1.49993e-07
-2.30899e-08
-1.47788e-07
-2.84881e-08
-1.45839e-07
-3.36973e-08
-1.44135e-07
-3.86933e-08
-1.42657e-07
-4.35222e-08
-1.41404e-07
-4.8215e-08
-1.4037e-07
-5.27986e-08
-1.39546e-07
-5.72981e-08
-1.38929e-07
-6.17395e-08
-1.38516e-07
-6.61486e-08
-1.3831e-07
-7.05406e-08
-1.38333e-07
-7.49591e-08
-1.38597e-07
-7.9429e-08
-1.39107e-07
-8.39757e-08
-1.39947e-07
-8.86691e-08
-1.4122e-07
-9.35197e-08
-1.4309e-07
-9.85398e-08
-1.45827e-07
-1.03691e-07
-1.49945e-07
-1.09052e-07
-1.56261e-07
-1.15003e-07
-1.64336e-07
-1.21799e-07
-1.73767e-07
-1.29636e-07
-1.8432e-07
-1.38692e-07
-1.9585e-07
-1.49138e-07
-2.08269e-07
-1.6115e-07
-2.2152e-07
-1.7493e-07
-2.35561e-07
-1.90657e-07
-2.50353e-07
-2.08552e-07
-2.65854e-07
-2.28859e-07
-2.82003e-07
-2.51823e-07
-2.98686e-07
-2.77706e-07
-3.15756e-07
-3.06797e-07
-3.33029e-07
-3.39426e-07
-3.50361e-07
-3.76009e-07
-3.67667e-07
-4.16787e-07
-3.84471e-07
-4.61984e-07
-4.00268e-07
-5.11699e-07
-4.14411e-07
-5.65713e-07
-4.26123e-07
-6.23901e-07
-4.34611e-07
-6.85646e-07
-4.38953e-07
-7.49971e-07
-4.38284e-07
-8.15063e-07
-4.31957e-07
-8.78665e-07
-4.19617e-07
-9.3808e-07
-4.01324e-07
-9.91153e-07
-3.77648e-07
-1.03668e-06
-3.49664e-07
-1.07431e-06
-3.18826e-07
-1.10447e-06
-2.86325e-07
-1.12802e-06
-2.52968e-07
-1.14605e-06
-2.19213e-07
-1.15958e-06
-1.85296e-07
-1.16946e-06
-1.51346e-07
-1.17641e-06
-1.17457e-07
-1.1809e-06
-8.37098e-08
-1.18323e-06
-5.01347e-08
-1.66193e-08
6.57966e-07
-9.978e-09
6.56262e-07
-3.01662e-08
6.53326e-07
-5.05024e-08
6.48986e-07
-7.10729e-08
6.43018e-07
-9.19366e-08
6.35138e-07
-1.13115e-07
6.25004e-07
-1.34592e-07
6.12231e-07
-1.56285e-07
5.96444e-07
-1.77975e-07
5.77363e-07
-1.99231e-07
5.54935e-07
-2.19371e-07
5.29487e-07
-2.37646e-07
5.01621e-07
-2.53291e-07
4.72143e-07
-2.65722e-07
4.4191e-07
-2.74652e-07
4.11687e-07
-2.80115e-07
3.82072e-07
-2.82395e-07
3.53486e-07
-2.8193e-07
3.26164e-07
-2.79217e-07
3.00225e-07
-2.74747e-07
2.75705e-07
-2.68965e-07
2.52585e-07
-2.62257e-07
2.30819e-07
-2.54942e-07
2.10344e-07
-2.47279e-07
1.91092e-07
-2.39474e-07
1.72988e-07
-2.31685e-07
1.55965e-07
-2.24029e-07
1.39958e-07
-2.16594e-07
1.24911e-07
-2.0944e-07
1.10767e-07
-2.02609e-07
9.74715e-08
-1.96127e-07
8.49734e-08
-1.90009e-07
7.32218e-08
-1.84261e-07
6.21634e-08
-1.7888e-07
5.17463e-08
-1.73852e-07
4.19274e-08
-1.69168e-07
3.26652e-08
-1.64818e-07
2.39196e-08
-1.60793e-07
1.56518e-08
-1.57081e-07
7.82483e-09
-1.5367e-07
4.02731e-10
-1.50549e-07
-6.64902e-09
-1.47704e-07
-1.33633e-08
-1.45126e-07
-1.97716e-08
-1.42802e-07
-2.59031e-08
-1.40721e-07
-3.17835e-08
-1.38873e-07
-3.74306e-08
-1.37246e-07
-4.291e-08
-1.35834e-07
-4.8237e-08
-1.34625e-07
-5.34351e-08
-1.33612e-07
-5.85307e-08
-1.32789e-07
-6.35515e-08
-1.32151e-07
-6.8526e-08
-1.31695e-07
-7.34835e-08
-1.31423e-07
-7.84415e-08
-1.31354e-07
-8.34455e-08
-1.31501e-07
-8.85213e-08
-1.31862e-07
-9.36979e-08
-1.32514e-07
-9.89276e-08
-1.33553e-07
-1.04332e-07
-1.35147e-07
-1.09851e-07
-1.37545e-07
-1.15407e-07
-1.41256e-07
-1.21119e-07
-1.47054e-07
-1.27364e-07
-1.54476e-07
-1.34407e-07
-1.63166e-07
-1.42461e-07
-1.72909e-07
-1.51713e-07
-1.83577e-07
-1.62339e-07
-1.95087e-07
-1.74517e-07
-2.07383e-07
-1.88435e-07
-2.20424e-07
-2.04304e-07
-2.34175e-07
-2.2231e-07
-2.48589e-07
-2.42652e-07
-2.63608e-07
-2.65567e-07
-2.79125e-07
-2.91292e-07
-2.94998e-07
-3.20077e-07
-3.11054e-07
-3.52215e-07
-3.27156e-07
-3.88086e-07
-3.43233e-07
-4.27899e-07
-3.58816e-07
-4.71904e-07
-3.73405e-07
-5.20223e-07
-3.86413e-07
-5.72786e-07
-3.97141e-07
-6.29321e-07
-4.04808e-07
-6.89249e-07
-4.08606e-07
-7.51549e-07
-4.07781e-07
-8.14367e-07
-4.01664e-07
-8.75401e-07
-3.89974e-07
-9.32928e-07
-3.72949e-07
-9.84642e-07
-3.51093e-07
-1.02938e-06
-3.25346e-07
-1.0668e-06
-2.97017e-07
-1.09725e-06
-2.67144e-07
-1.12149e-06
-2.36417e-07
-1.14046e-06
-2.05217e-07
-1.15508e-06
-1.73735e-07
-1.16611e-06
-1.42088e-07
-1.17412e-06
-1.10384e-07
-1.17957e-06
-7.87189e-08
-1.18275e-06
-4.71297e-08
-1.55848e-08
6.57996e-07
-9.45624e-09
6.56296e-07
-2.85488e-08
6.53326e-07
-4.77376e-08
6.4894e-07
-6.71037e-08
6.42938e-07
-8.66947e-08
6.35058e-07
-1.06527e-07
6.2498e-07
-1.26587e-07
6.12338e-07
-1.46802e-07
5.96765e-07
-1.66979e-07
5.77976e-07
-1.86727e-07
5.5594e-07
-2.05434e-07
5.30939e-07
-2.2242e-07
5.03548e-07
-2.36981e-07
4.74547e-07
-2.48574e-07
4.44766e-07
-2.56932e-07
4.14951e-07
-2.62077e-07
3.8569e-07
-2.64266e-07
3.5739e-07
-2.63898e-07
3.30297e-07
-2.61432e-07
3.04531e-07
-2.57321e-07
2.80132e-07
-2.51981e-07
2.57083e-07
-2.45771e-07
2.35337e-07
-2.38992e-07
2.14834e-07
-2.31889e-07
1.95503e-07
-2.24653e-07
1.77276e-07
-2.17434e-07
1.60087e-07
-2.10343e-07
1.43872e-07
-2.03461e-07
1.28574e-07
-1.96845e-07
1.14139e-07
-1.90533e-07
1.00516e-07
-1.84549e-07
8.76552e-08
-1.78904e-07
7.55108e-08
-1.73603e-07
6.40321e-08
-1.68642e-07
5.31723e-08
-1.64006e-07
4.2892e-08
-1.59685e-07
3.3153e-08
-1.5567e-07
2.39182e-08
-1.51951e-07
1.51516e-08
-1.48517e-07
6.81836e-09
-1.45357e-07
-1.11529e-09
-1.4246e-07
-8.68201e-09
-1.39813e-07
-1.59134e-08
-1.37408e-07
-2.28398e-08
-1.35232e-07
-2.94899e-08
-1.33276e-07
-3.58904e-08
-1.3153e-07
-4.20654e-08
-1.29985e-07
-4.80657e-08
-1.28633e-07
-5.39131e-08
-1.27464e-07
-5.96323e-08
-1.26471e-07
-6.52503e-08
-1.25647e-07
-7.07949e-08
-1.24986e-07
-7.62946e-08
-1.24487e-07
-8.17772e-08
-1.24148e-07
-8.72579e-08
-1.23989e-07
-9.27774e-08
-1.24023e-07
-9.83562e-08
-1.24245e-07
-1.04012e-07
-1.24731e-07
-1.09741e-07
-1.25581e-07
-1.15484e-07
-1.26935e-07
-1.21325e-07
-1.29064e-07
-1.27167e-07
-1.32447e-07
-1.33153e-07
-1.37797e-07
-1.39641e-07
-1.44638e-07
-1.46892e-07
-1.52648e-07
-1.5512e-07
-1.6164e-07
-1.64512e-07
-1.71496e-07
-1.75246e-07
-1.82142e-07
-1.87499e-07
-1.93528e-07
-2.01453e-07
-2.05614e-07
-2.17297e-07
-2.18364e-07
-2.35252e-07
-2.31739e-07
-2.55549e-07
-2.45684e-07
-2.78377e-07
-2.60087e-07
-3.0395e-07
-2.74814e-07
-3.32529e-07
-2.89699e-07
-3.64421e-07
-3.04615e-07
-4.00016e-07
-3.19499e-07
-4.39503e-07
-3.33901e-07
-4.83095e-07
-3.4735e-07
-5.30902e-07
-3.59299e-07
-5.82883e-07
-3.69107e-07
-6.38814e-07
-3.7606e-07
-6.97997e-07
-3.79389e-07
-7.58916e-07
-3.78349e-07
-8.20167e-07
-3.72481e-07
-8.80043e-07
-3.61589e-07
-9.36289e-07
-3.45819e-07
-9.86799e-07
-3.25689e-07
-1.03053e-06
-3.02012e-07
-1.06716e-06
-2.75962e-07
-1.09709e-06
-2.48471e-07
-1.12106e-06
-2.2014e-07
-1.13996e-06
-1.913e-07
-1.15464e-06
-1.62116e-07
-1.1658e-06
-1.327e-07
-1.17398e-06
-1.0316e-07
-1.17955e-06
-7.36023e-08
-1.18278e-06
-4.40814e-08
-1.45763e-08
6.57953e-07
-8.89202e-09
6.56157e-07
-2.68402e-08
6.5306e-07
-4.48551e-08
6.48523e-07
-6.30038e-08
6.42364e-07
-8.13294e-08
6.34338e-07
-9.98471e-08
6.24145e-07
-1.18546e-07
6.11438e-07
-1.37365e-07
5.95872e-07
-1.56131e-07
5.77176e-07
-1.74488e-07
5.5533e-07
-1.9188e-07
5.3061e-07
-2.07678e-07
5.03574e-07
-2.21231e-07
4.74976e-07
-2.32036e-07
4.45615e-07
-2.3984e-07
4.16214e-07
-2.44659e-07
3.87339e-07
-2.46729e-07
3.59384e-07
-2.46418e-07
3.32585e-07
-2.4415e-07
3.07064e-07
-2.40346e-07
2.82856e-07
-2.35394e-07
2.59948e-07
-2.29629e-07
2.38293e-07
-2.23334e-07
2.17831e-07
-2.16737e-07
1.98494e-07
-2.10019e-07
1.80214e-07
-2.0332e-07
1.62926e-07
-1.96744e-07
1.4657e-07
-1.90368e-07
1.31089e-07
-1.84245e-07
1.16431e-07
-1.78409e-07
1.02547e-07
-1.72882e-07
8.93907e-08
-1.67673e-07
7.6919e-08
-1.62785e-07
6.50826e-08
-1.58212e-07
5.38393e-08
-1.53939e-07
4.31529e-08
-1.49957e-07
3.29883e-08
-1.46256e-07
2.33116e-08
-1.42826e-07
1.40898e-08
-1.39656e-07
5.29043e-09
-1.36736e-07
-3.1178e-09
-1.34053e-07
-1.11655e-08
-1.31597e-07
-1.88825e-08
-1.29359e-07
-2.62973e-08
-1.27328e-07
-3.3437e-08
-1.25493e-07
-4.03261e-08
-1.23847e-07
-4.6984e-08
-1.2238e-07
-5.34756e-08
-1.21091e-07
-5.98114e-08
-1.19968e-07
-6.60129e-08
-1.19e-07
-7.21059e-08
-1.18181e-07
-7.8117e-08
-1.17506e-07
-8.40725e-08
-1.16973e-07
-8.99987e-08
-1.16581e-07
-9.59081e-08
-1.16347e-07
-1.01839e-07
-1.16286e-07
-1.07809e-07
-1.1639e-07
-1.13832e-07
-1.16734e-07
-1.19912e-07
-1.17417e-07
-1.26044e-07
-1.18571e-07
-1.3213e-07
-1.2044e-07
-1.38154e-07
-1.23507e-07
-1.44344e-07
-1.28429e-07
-1.51037e-07
-1.34733e-07
-1.58498e-07
-1.42126e-07
-1.66914e-07
-1.5043e-07
-1.76467e-07
-1.59539e-07
-1.8733e-07
-1.69384e-07
-1.99679e-07
-1.7992e-07
-2.13695e-07
-1.91111e-07
-2.29568e-07
-2.02925e-07
-2.47501e-07
-2.1532e-07
-2.67708e-07
-2.2824e-07
-2.90415e-07
-2.41586e-07
-3.15839e-07
-2.55229e-07
-3.44194e-07
-2.69008e-07
-3.7578e-07
-2.82806e-07
-4.11e-07
-2.96571e-07
-4.50016e-07
-3.09875e-07
-4.9303e-07
-3.22274e-07
-5.40171e-07
-3.33266e-07
-5.91428e-07
-3.42256e-07
-6.46372e-07
-3.48543e-07
-7.04088e-07
-3.51423e-07
-7.63827e-07
-3.50321e-07
-8.23974e-07
-3.44753e-07
-8.82617e-07
-3.34544e-07
-9.37705e-07
-3.1988e-07
-9.87254e-07
-3.01265e-07
-1.03024e-06
-2.79417e-07
-1.06642e-06
-2.55412e-07
-1.09609e-06
-2.30078e-07
-1.12e-06
-2.03954e-07
-1.13898e-06
-1.7733e-07
-1.15383e-06
-1.50351e-07
-1.16521e-06
-1.23116e-07
-1.1736e-06
-9.57322e-08
-1.17936e-06
-6.83075e-08
-1.18272e-06
-4.09012e-08
-1.35105e-08
6.5795e-07
-8.32613e-09
6.56138e-07
-2.51179e-08
6.5301e-07
-4.19516e-08
6.48442e-07
-5.88884e-08
6.42257e-07
-7.59675e-08
6.34219e-07
-9.32019e-08
6.24034e-07
-1.10583e-07
6.11361e-07
-1.28057e-07
5.95852e-07
-1.45467e-07
5.77237e-07
-1.62486e-07
5.55498e-07
-1.78609e-07
5.30906e-07
-1.93256e-07
5.04015e-07
-2.05827e-07
4.75572e-07
-2.15856e-07
4.46369e-07
-2.23109e-07
4.17122e-07
-2.27599e-07
3.88391e-07
-2.29541e-07
3.60568e-07
-2.29273e-07
3.33886e-07
-2.27187e-07
3.08463e-07
-2.23672e-07
2.84336e-07
-2.19087e-07
2.61486e-07
-2.13745e-07
2.39867e-07
-2.07908e-07
2.19416e-07
-2.01791e-07
2.00064e-07
-1.95562e-07
1.81742e-07
-1.89352e-07
1.64383e-07
-1.83261e-07
1.47925e-07
-1.77358e-07
1.32312e-07
-1.71694e-07
1.17492e-07
-1.66301e-07
1.03414e-07
-1.61197e-07
9.00355e-08
-1.56392e-07
7.73132e-08
-1.51888e-07
6.51983e-08
-1.47675e-07
5.36519e-08
-1.4374e-07
4.26403e-08
-1.40073e-07
3.21308e-08
-1.36665e-07
2.20919e-08
-1.33506e-07
1.24928e-08
-1.30584e-07
3.30362e-09
-1.27889e-07
-5.50461e-09
-1.2541e-07
-1.39602e-08
-1.23138e-07
-2.20909e-08
-1.21061e-07
-2.99236e-08
-1.1917e-07
-3.74843e-08
-1.17458e-07
-4.47973e-08
-1.15913e-07
-5.18807e-08
-1.14532e-07
-5.88074e-08
-1.1331e-07
-6.55553e-08
-1.12234e-07
-7.21557e-08
-1.11295e-07
-7.86363e-08
-1.10488e-07
-8.50229e-08
-1.09809e-07
-9.13393e-08
-1.09255e-07
-9.76083e-08
-1.08826e-07
-1.03839e-07
-1.0854e-07
-1.10065e-07
-1.08411e-07
-1.16298e-07
-1.08431e-07
-1.22552e-07
-1.08673e-07
-1.28827e-07
-1.09235e-07
-1.35137e-07
-1.10239e-07
-1.41462e-07
-1.11927e-07
-1.47714e-07
-1.14742e-07
-1.54169e-07
-1.19273e-07
-1.61123e-07
-1.25068e-07
-1.68793e-07
-1.31861e-07
-1.77391e-07
-1.39499e-07
-1.87101e-07
-1.47883e-07
-1.98095e-07
-1.56951e-07
-2.10541e-07
-1.66661e-07
-2.24603e-07
-1.76979e-07
-2.40483e-07
-1.8788e-07
-2.58385e-07
-1.99326e-07
-2.78523e-07
-2.11265e-07
-3.01112e-07
-2.23598e-07
-3.26369e-07
-2.36201e-07
-3.54543e-07
-2.48923e-07
-3.85909e-07
-2.61652e-07
-4.20856e-07
-2.74342e-07
-4.59552e-07
-2.86597e-07
-5.02228e-07
-2.98e-07
-5.48981e-07
-3.08069e-07
-5.99536e-07
-3.16225e-07
-6.53618e-07
-3.21884e-07
-7.10741e-07
-3.24435e-07
-7.69753e-07
-3.23283e-07
-8.2909e-07
-3.18017e-07
-8.86863e-07
-3.08491e-07
-9.41084e-07
-2.94892e-07
-9.8984e-07
-2.77714e-07
-1.03216e-06
-2.57591e-07
-1.06772e-06
-2.35494e-07
-1.09695e-06
-2.12189e-07
-1.12053e-06
-1.88145e-07
-1.13929e-06
-1.63623e-07
-1.154e-06
-1.38754e-07
-1.1653e-06
-1.1363e-07
-1.17365e-06
-8.83563e-08
-1.17939e-06
-6.30386e-08
-1.18273e-06
-3.77382e-08
-1.24571e-08
6.5794e-07
-7.75065e-09
6.56104e-07
-2.33744e-08
6.52943e-07
-3.90219e-08
6.48338e-07
-5.47495e-08
6.42114e-07
-7.05925e-08
6.34044e-07
-8.65632e-08
6.23834e-07
-1.02655e-07
6.11147e-07
-1.18819e-07
5.95638e-07
-1.34915e-07
5.77039e-07
-1.5064e-07
5.55339e-07
-1.65538e-07
5.30809e-07
-1.79071e-07
5.04001e-07
-1.90688e-07
4.75655e-07
-1.9996e-07
4.46557e-07
-2.0667e-07
4.17414e-07
-2.10829e-07
3.8878e-07
-2.12635e-07
3.61041e-07
-2.12399e-07
3.3443e-07
-2.1048e-07
3.09062e-07
-2.07239e-07
2.84974e-07
-2.03005e-07
2.62147e-07
-1.98069e-07
2.40534e-07
-1.92674e-07
2.20071e-07
-1.87017e-07
2.0069e-07
-1.81258e-07
1.8232e-07
-1.75518e-07
1.64893e-07
-1.69889e-07
1.48346e-07
-1.64437e-07
1.32623e-07
-1.59208e-07
1.17669e-07
-1.54233e-07
1.03436e-07
-1.49529e-07
8.98792e-08
-1.45104e-07
7.69568e-08
-1.40958e-07
6.4619e-08
-1.37083e-07
5.28297e-08
-1.33464e-07
4.15565e-08
-1.30094e-07
3.07685e-08
-1.26961e-07
2.0436e-08
-1.24057e-07
1.05305e-08
-1.2137e-07
1.02448e-09
-1.1889e-07
-8.10897e-09
-1.16607e-07
-1.6896e-08
-1.14511e-07
-2.53623e-08
-1.12593e-07
-3.35338e-08
-1.10844e-07
-4.14377e-08
-1.09256e-07
-4.91059e-08
-1.07822e-07
-5.6585e-08
-1.06534e-07
-6.38488e-08
-1.05373e-07
-7.09174e-08
-1.04341e-07
-7.78317e-08
-1.03433e-07
-8.46193e-08
-1.02644e-07
-9.13026e-08
-1.0197e-07
-9.79024e-08
-1.01407e-07
-1.04438e-07
-1.00957e-07
-1.10917e-07
-1.00635e-07
-1.17371e-07
-1.00457e-07
-1.23808e-07
-1.00414e-07
-1.30241e-07
-1.00576e-07
-1.36667e-07
-1.01037e-07
-1.43122e-07
-1.01909e-07
-1.49557e-07
-1.0342e-07
-1.55929e-07
-1.05993e-07
-1.62548e-07
-1.10153e-07
-1.69683e-07
-1.15473e-07
-1.77545e-07
-1.21711e-07
-1.86323e-07
-1.28726e-07
-1.96189e-07
-1.36429e-07
-2.07315e-07
-1.44766e-07
-2.19872e-07
-1.53698e-07
-2.34049e-07
-1.63198e-07
-2.50013e-07
-1.73233e-07
-2.6796e-07
-1.83766e-07
-2.88092e-07
-1.9475e-07
-3.10615e-07
-2.06094e-07
-3.35755e-07
-2.17685e-07
-3.63755e-07
-2.29381e-07
-3.94932e-07
-2.4108e-07
-4.29684e-07
-2.52737e-07
-4.68144e-07
-2.63982e-07
-5.10485e-07
-2.74416e-07
-5.56694e-07
-2.83597e-07
-6.06812e-07
-2.91035e-07
-6.60474e-07
-2.96154e-07
-7.17019e-07
-2.98379e-07
-7.75348e-07
-2.97193e-07
-8.33935e-07
-2.92229e-07
-8.90925e-07
-2.83364e-07
-9.44379e-07
-2.70781e-07
-9.92465e-07
-2.54955e-07
-1.03416e-06
-2.36457e-07
-1.06923e-06
-2.16166e-07
-1.09803e-06
-1.94772e-07
-1.12129e-06
-1.72708e-07
-1.1398e-06
-1.502e-07
-1.15433e-06
-1.27366e-07
-1.1655e-06
-1.04293e-07
-1.17375e-06
-8.10824e-08
-1.17943e-06
-5.78356e-08
-1.18275e-06
-3.46123e-08
-1.14172e-08
6.57936e-07
-7.17176e-09
6.56089e-07
-2.16219e-08
6.52912e-07
-3.60819e-08
6.48289e-07
-5.06045e-08
6.42049e-07
-6.52211e-08
6.33964e-07
-7.99435e-08
6.23744e-07
-9.47659e-08
6.1105e-07
-1.09645e-07
5.95537e-07
-1.24452e-07
5.76935e-07
-1.38911e-07
5.55236e-07
-1.52606e-07
5.30713e-07
-1.65046e-07
5.03919e-07
-1.75725e-07
4.75593e-07
-1.8425e-07
4.46519e-07
-1.90423e-07
4.17402e-07
-1.94253e-07
3.88793e-07
-1.9592e-07
3.61074e-07
-1.95711e-07
3.34476e-07
-1.93953e-07
3.09113e-07
-1.90977e-07
2.85021e-07
-1.87087e-07
2.62181e-07
-1.82548e-07
2.40545e-07
-1.77584e-07
2.2005e-07
-1.72379e-07
2.00625e-07
-1.67078e-07
1.82199e-07
-1.61795e-07
1.64705e-07
-1.56615e-07
1.48077e-07
-1.51599e-07
1.32258e-07
-1.46791e-07
1.17193e-07
-1.42218e-07
1.02834e-07
-1.37896e-07
8.91352e-08
-1.33834e-07
7.60505e-08
-1.3003e-07
6.35366e-08
-1.26475e-07
5.15556e-08
-1.23156e-07
4.0076e-08
-1.20066e-07
2.90678e-08
-1.17195e-07
1.85024e-08
-1.14533e-07
8.35247e-09
-1.12069e-07
-1.40836e-09
-1.09793e-07
-1.08056e-08
-1.07696e-07
-1.9864e-08
-1.05769e-07
-2.8608e-08
-1.04002e-07
-3.70615e-08
-1.02388e-07
-4.52484e-08
-1.00918e-07
-5.31924e-08
-9.95841e-08
-6.09161e-08
-9.83793e-08
-6.84284e-08
-9.72947e-08
-7.57617e-08
-9.63219e-08
-8.29365e-08
-9.54591e-08
-8.99728e-08
-9.47018e-08
-9.68903e-08
-9.40463e-08
-1.03708e-07
-9.34902e-08
-1.10444e-07
-9.30348e-08
-1.17106e-07
-9.2693e-08
-1.23724e-07
-9.24846e-08
-1.30308e-07
-9.23985e-08
-1.36868e-07
-9.25003e-08
-1.43417e-07
-9.28794e-08
-1.49957e-07
-9.36355e-08
-1.56484e-07
-9.49876e-08
-1.6297e-07
-9.73317e-08
-1.69736e-07
-1.01131e-07
-1.77031e-07
-1.05994e-07
-1.85058e-07
-1.11698e-07
-1.93993e-07
-1.18115e-07
-2.04004e-07
-1.25164e-07
-2.15257e-07
-1.32794e-07
-2.27922e-07
-1.4097e-07
-2.42174e-07
-1.49667e-07
-2.58191e-07
-1.58863e-07
-2.7617e-07
-1.68517e-07
-2.96314e-07
-1.7858e-07
-3.18832e-07
-1.88972e-07
-3.43935e-07
-1.99585e-07
-3.71852e-07
-2.10286e-07
-4.02889e-07
-2.20979e-07
-4.37472e-07
-2.31629e-07
-4.75702e-07
-2.41895e-07
-5.17746e-07
-2.51412e-07
-5.6373e-07
-2.59783e-07
-6.13549e-07
-2.66529e-07
-6.66851e-07
-2.71133e-07
-7.22955e-07
-2.73071e-07
-7.80771e-07
-2.71877e-07
-8.38784e-07
-2.67225e-07
-8.95152e-07
-2.59015e-07
-9.47943e-07
-2.47427e-07
-9.95464e-07
-2.32907e-07
-1.0366e-06
-2.15971e-07
-1.07117e-06
-1.97412e-07
-1.09954e-06
-1.7785e-07
-1.12241e-06
-1.57682e-07
-1.14061e-06
-1.37114e-07
-1.15489e-06
-1.1625e-07
-1.16585e-06
-9.51702e-08
-1.17396e-06
-7.397e-08
-1.17953e-06
-5.27465e-08
-1.18277e-06
-3.15564e-08
-1.04036e-08
6.57933e-07
-6.58953e-09
6.56074e-07
-1.98603e-08
6.52883e-07
-3.3132e-08
6.48243e-07
-4.64516e-08
6.41985e-07
-5.98482e-08
6.33882e-07
-7.33321e-08
6.23643e-07
-8.68984e-08
6.10928e-07
-1.00509e-07
5.95392e-07
-1.14046e-07
5.76767e-07
-1.27258e-07
5.55047e-07
-1.3977e-07
5.30508e-07
-1.51134e-07
5.03704e-07
-1.60889e-07
4.75373e-07
-1.68677e-07
4.46298e-07
-1.74317e-07
4.1718e-07
-1.77819e-07
3.88568e-07
-1.79346e-07
3.60842e-07
-1.79159e-07
3.34231e-07
-1.77558e-07
3.08849e-07
-1.74842e-07
2.84731e-07
-1.71289e-07
2.61857e-07
-1.67141e-07
2.40181e-07
-1.62603e-07
2.19638e-07
-1.57842e-07
2.00157e-07
-1.52994e-07
1.81668e-07
-1.4816e-07
1.64102e-07
-1.4342e-07
1.47394e-07
-1.38832e-07
1.31486e-07
-1.34434e-07
1.16321e-07
-1.30252e-07
1.01852e-07
-1.26302e-07
8.80319e-08
-1.2259e-07
7.48168e-08
-1.19116e-07
6.21574e-08
-1.15869e-07
5.00201e-08
-1.1284e-07
3.83736e-08
-1.10019e-07
2.71886e-08
-1.07399e-07
1.64373e-08
-1.04969e-07
6.09328e-09
-1.0272e-07
-3.86885e-09
-1.00641e-07
-1.34736e-08
-9.87245e-08
-2.27448e-08
-9.69604e-08
-3.17056e-08
-9.53405e-08
-4.03786e-08
-9.38568e-08
-4.87853e-08
-9.25016e-08
-5.69453e-08
-9.12676e-08
-6.48735e-08
-9.01477e-08
-7.25731e-08
-8.91362e-08
-8.01082e-08
-8.82323e-08
-8.74815e-08
-8.74258e-08
-9.47072e-08
-8.67113e-08
-1.01802e-07
-8.60863e-08
-1.08785e-07
-8.55492e-08
-1.15671e-07
-8.51016e-08
-1.22469e-07
-8.47551e-08
-1.29207e-07
-8.45307e-08
-1.35895e-07
-8.44169e-08
-1.42547e-07
-8.44754e-08
-1.49178e-07
-8.47882e-08
-1.55792e-07
-8.54477e-08
-1.62397e-07
-8.66559e-08
-1.68989e-07
-8.87787e-08
-1.75883e-07
-9.22288e-08
-1.83318e-07
-9.66478e-08
-1.91486e-07
-1.01835e-07
-2.00557e-07
-1.07672e-07
-2.10696e-07
-1.14085e-07
-2.22064e-07
-1.21029e-07
-2.34828e-07
-1.2847e-07
-2.49163e-07
-1.36386e-07
-2.65245e-07
-1.44765e-07
-2.8327e-07
-1.53562e-07
-3.03437e-07
-1.62731e-07
-3.25955e-07
-1.72197e-07
-3.51034e-07
-1.81861e-07
-3.789e-07
-1.916e-07
-4.09858e-07
-2.01323e-07
-4.44325e-07
-2.11002e-07
-4.82434e-07
-2.20332e-07
-5.24336e-07
-2.28968e-07
-5.70122e-07
-2.36541e-07
-6.1969e-07
-2.42621e-07
-6.72687e-07
-2.46738e-07
-7.28429e-07
-2.48415e-07
-7.85822e-07
-2.47235e-07
-8.43357e-07
-2.42908e-07
-8.99204e-07
-2.35354e-07
-9.5145e-07
-2.24743e-07
-9.9844e-07
-2.11488e-07
-1.03908e-06
-1.96065e-07
-1.07317e-06
-1.79177e-07
-1.10112e-06
-1.61391e-07
-1.12363e-06
-1.43059e-07
-1.14151e-06
-1.24369e-07
-1.15551e-06
-1.05416e-07
-1.16625e-06
-8.62746e-08
-1.17419e-06
-6.70338e-08
-1.17963e-06
-4.7784e-08
-1.1828e-06
-2.85777e-08
-9.41742e-09
6.5793e-07
-6.00451e-09
6.56062e-07
-1.80912e-08
6.52858e-07
-3.01726e-08
6.48202e-07
-4.22902e-08
6.41928e-07
-5.44711e-08
6.33807e-07
-6.67239e-08
6.23549e-07
-7.90437e-08
6.10812e-07
-9.13961e-08
5.95251e-07
-1.03676e-07
5.76596e-07
-1.15656e-07
5.54845e-07
-1.26998e-07
5.30275e-07
-1.37298e-07
5.03444e-07
-1.46138e-07
4.75089e-07
-1.53196e-07
4.45992e-07
-1.58309e-07
4.16854e-07
-1.61484e-07
3.8822e-07
-1.62871e-07
3.60469e-07
-1.62704e-07
3.3383e-07
-1.61256e-07
3.08414e-07
-1.58796e-07
2.84255e-07
-1.55576e-07
2.61336e-07
-1.51815e-07
2.39608e-07
-1.47699e-07
2.19008e-07
-1.4338e-07
1.99466e-07
-1.38978e-07
1.8091e-07
-1.3459e-07
1.63272e-07
-1.30287e-07
1.46486e-07
-1.2612e-07
1.30494e-07
-1.22127e-07
1.1524e-07
-1.1833e-07
1.00673e-07
-1.14744e-07
8.67496e-08
-1.11376e-07
7.3422e-08
-1.08223e-07
6.06424e-08
-1.05278e-07
4.83773e-08
-1.02529e-07
3.65955e-08
-9.99711e-08
2.5268e-08
-9.75944e-08
1.43675e-08
-9.53903e-08
3.86826e-09
-9.33495e-08
-6.25406e-09
-9.14631e-08
-1.60228e-08
-8.97224e-08
-2.54605e-08
-8.81189e-08
-3.45885e-08
-8.66449e-08
-4.34277e-08
-8.52931e-08
-5.19981e-08
-8.40565e-08
-6.03195e-08
-8.29285e-08
-6.84125e-08
-8.1903e-08
-7.6302e-08
-8.09744e-08
-8.39941e-08
-8.01359e-08
-9.15126e-08
-7.93847e-08
-9.88755e-08
-7.87162e-08
-1.061e-07
-7.81277e-08
-1.13202e-07
-7.76178e-08
-1.20198e-07
-7.71878e-08
-1.27095e-07
-7.68477e-08
-1.33921e-07
-7.6619e-08
-1.40685e-07
-7.64901e-08
-1.47402e-07
-7.65179e-08
-1.54092e-07
-7.67776e-08
-1.60763e-07
-7.73532e-08
-1.67436e-07
-7.8428e-08
-1.74124e-07
-8.03363e-08
-1.81133e-07
-8.34459e-08
-1.88692e-07
-8.7433e-08
-1.96985e-07
-9.21159e-08
-2.06179e-07
-9.73875e-08
-2.16433e-07
-1.03182e-07
-2.27907e-07
-1.09456e-07
-2.40763e-07
-1.1618e-07
-2.55174e-07
-1.23336e-07
-2.7132e-07
-1.30912e-07
-2.89397e-07
-1.38868e-07
-3.09599e-07
-1.47162e-07
-3.32135e-07
-1.55722e-07
-3.57211e-07
-1.64458e-07
-3.85052e-07
-1.73256e-07
-4.15966e-07
-1.82033e-07
-4.50376e-07
-1.90766e-07
-4.88384e-07
-1.99178e-07
-5.30179e-07
-2.06957e-07
-5.75823e-07
-2.13764e-07
-6.25208e-07
-2.19209e-07
-6.77977e-07
-2.22867e-07
-7.33437e-07
-2.24311e-07
-7.90493e-07
-2.23166e-07
-8.47637e-07
-2.19179e-07
-9.03048e-07
-2.12283e-07
-9.54828e-07
-2.02641e-07
-1.00134e-06
-1.90628e-07
-1.04152e-06
-1.76681e-07
-1.07518e-06
-1.61422e-07
-1.10272e-06
-1.45362e-07
-1.12487e-06
-1.28817e-07
-1.14243e-06
-1.11956e-07
-1.15616e-06
-9.48647e-08
-1.16668e-06
-7.76125e-08
-1.17443e-06
-6.02813e-08
-1.17974e-06
-4.29548e-08
-1.18283e-06
-2.56808e-08
-8.45986e-09
6.57926e-07
-5.4158e-09
6.56049e-07
-1.63143e-08
6.52832e-07
-2.72023e-08
6.4816e-07
-3.81179e-08
6.41867e-07
-4.90848e-08
6.33727e-07
-6.01106e-08
6.23446e-07
-7.11907e-08
6.10685e-07
-8.22943e-08
5.95097e-07
-9.33269e-08
5.7641e-07
-1.04085e-07
5.54628e-07
-1.14268e-07
5.30026e-07
-1.23513e-07
5.03164e-07
-1.31448e-07
4.74781e-07
-1.37782e-07
4.45657e-07
-1.4237e-07
4.16492e-07
-1.45221e-07
3.87831e-07
-1.46467e-07
3.6005e-07
-1.46319e-07
3.33375e-07
-1.45021e-07
3.0792e-07
-1.42814e-07
2.83716e-07
-1.39924e-07
2.60747e-07
-1.36547e-07
2.38964e-07
-1.3285e-07
2.18305e-07
-1.28969e-07
1.98698e-07
-1.25012e-07
1.80074e-07
-1.21067e-07
1.62363e-07
-1.17197e-07
1.45501e-07
-1.13449e-07
1.29429e-07
-1.09857e-07
1.1409e-07
-1.06442e-07
9.9436e-08
-1.03216e-07
8.54195e-08
-1.00187e-07
7.19931e-08
-9.7352e-08
5.91101e-08
-9.47026e-08
4.6737e-08
-9.22311e-08
3.48429e-08
-8.99307e-08
2.33989e-08
-8.77935e-08
1.23779e-08
-8.58113e-08
1.75441e-09
-8.39755e-08
-8.49486e-09
-8.22785e-08
-1.83934e-08
-8.07111e-08
-2.79629e-08
-7.92663e-08
-3.72241e-08
-7.7937e-08
-4.61975e-08
-7.67164e-08
-5.49025e-08
-7.5598e-08
-6.33581e-08
-7.4576e-08
-7.15819e-08
-7.36446e-08
-7.95888e-08
-7.27988e-08
-8.74018e-08
-7.20343e-08
-9.50355e-08
-7.13464e-08
-1.02506e-07
-7.07314e-08
-1.09831e-07
-7.01868e-08
-1.17025e-07
-6.97119e-08
-1.24103e-07
-6.93079e-08
-1.31075e-07
-6.89835e-08
-1.37967e-07
-6.87599e-08
-1.44788e-07
-6.86256e-08
-1.51556e-07
-6.86327e-08
-1.58291e-07
-6.88488e-08
-1.65011e-07
-6.93497e-08
-1.71741e-07
-7.02996e-08
-1.78512e-07
-7.19994e-08
-1.85621e-07
-7.47765e-08
-1.93287e-07
-7.83425e-08
-2.0169e-07
-8.25326e-08
-2.10991e-07
-8.72506e-08
-2.21349e-07
-9.24379e-08
-2.32918e-07
-9.80555e-08
-2.4586e-07
-1.04078e-07
-2.60345e-07
-1.10489e-07
-2.76557e-07
-1.17273e-07
-2.94689e-07
-1.24401e-07
-3.14935e-07
-1.31833e-07
-3.37499e-07
-1.39503e-07
-3.62586e-07
-1.47328e-07
-3.90421e-07
-1.55203e-07
-4.21311e-07
-1.63055e-07
-4.55687e-07
-1.70862e-07
-4.93645e-07
-1.78381e-07
-5.35362e-07
-1.85323e-07
-5.80899e-07
-1.91386e-07
-6.30144e-07
-1.9622e-07
-6.82733e-07
-1.99444e-07
-7.37967e-07
-2.00678e-07
-7.94747e-07
-1.99589e-07
-8.51563e-07
-1.95957e-07
-9.066e-07
-1.89725e-07
-9.57975e-07
-1.81046e-07
-1.00407e-06
-1.70259e-07
-1.04383e-06
-1.57762e-07
-1.07709e-06
-1.44098e-07
-1.10426e-06
-1.29726e-07
-1.12606e-06
-1.14927e-07
-1.14333e-06
-9.98529e-08
-1.1568e-06
-8.45806e-08
-1.16709e-06
-6.91734e-08
-1.17467e-06
-5.37064e-08
-1.17985e-06
-3.82556e-08
-1.18285e-06
-2.28637e-08
-7.52912e-09
6.57923e-07
-4.82444e-09
6.56039e-07
-1.45299e-08
6.52809e-07
-2.42215e-08
6.48122e-07
-3.39339e-08
6.41811e-07
-4.36872e-08
6.3365e-07
-5.34878e-08
6.23347e-07
-6.3332e-08
6.1056e-07
-7.31922e-08
5.94943e-07
-8.29851e-08
5.76226e-07
-9.253e-08
5.54412e-07
-1.01563e-07
5.29779e-07
-1.09762e-07
5.02888e-07
-1.16797e-07
4.74477e-07
-1.22413e-07
4.45326e-07
-1.26481e-07
4.16135e-07
-1.29008e-07
3.87446e-07
-1.30114e-07
3.59634e-07
-1.29984e-07
3.32924e-07
-1.28833e-07
3.07429e-07
-1.26877e-07
2.8318e-07
-1.24315e-07
2.60161e-07
-1.21319e-07
2.38323e-07
-1.18038e-07
2.17604e-07
-1.14592e-07
1.97934e-07
-1.11079e-07
1.79243e-07
-1.07574e-07
1.61463e-07
-1.04136e-07
1.44529e-07
-1.00806e-07
1.28382e-07
-9.76133e-08
1.12967e-07
-9.4578e-08
9.82331e-08
-9.17114e-08
8.41348e-08
-8.90186e-08
7.06222e-08
-8.64988e-08
5.76502e-08
-8.41433e-08
4.51852e-08
-8.1946e-08
3.31962e-08
-7.99008e-08
2.16544e-08
-7.80007e-08
1.05333e-08
-7.62383e-08
-1.92079e-10
-7.46059e-08
-1.05464e-08
-7.30955e-08
-2.05507e-08
-7.1701e-08
-3.02262e-08
-7.04148e-08
-3.95932e-08
-6.92306e-08
-4.86713e-08
-6.81422e-08
-5.74794e-08
-6.7144e-08
-6.6036e-08
-6.62307e-08
-7.436e-08
-6.53972e-08
-8.24722e-08
-6.46386e-08
-9.0379e-08
-6.39497e-08
-9.81006e-08
-6.33279e-08
-1.05654e-07
-6.27703e-08
-1.13055e-07
-6.22748e-08
-1.20319e-07
-6.18409e-08
-1.2746e-07
-6.14697e-08
-1.34488e-07
-6.11683e-08
-1.41429e-07
-6.0957e-08
-1.48294e-07
-6.08247e-08
-1.55099e-07
-6.08182e-08
-1.6187e-07
-6.09976e-08
-1.68628e-07
-6.14304e-08
-1.75407e-07
-6.22617e-08
-1.82252e-07
-6.37586e-08
-1.89449e-07
-6.62095e-08
-1.9721e-07
-6.93629e-08
-2.0571e-07
-7.30692e-08
-2.15109e-07
-7.72432e-08
-2.2556e-07
-8.18331e-08
-2.37218e-07
-8.68055e-08
-2.5024e-07
-9.21385e-08
-2.64797e-07
-9.78153e-08
-2.81072e-07
-1.03821e-07
-2.99258e-07
-1.10131e-07
-3.19548e-07
-1.16712e-07
-3.42145e-07
-1.23503e-07
-3.67251e-07
-1.30429e-07
-3.95087e-07
-1.37398e-07
-4.25976e-07
-1.44339e-07
-4.60331e-07
-1.51239e-07
-4.98253e-07
-1.57882e-07
-5.39918e-07
-1.64007e-07
-5.85377e-07
-1.69347e-07
-6.34516e-07
-1.73591e-07
-6.86964e-07
-1.76403e-07
-7.42017e-07
-1.77447e-07
-7.98568e-07
-1.76433e-07
-8.55108e-07
-1.73168e-07
-9.09827e-07
-1.67608e-07
-9.6085e-07
-1.59891e-07
-1.00658e-06
-1.50319e-07
-1.04596e-06
-1.39249e-07
-1.07887e-06
-1.27155e-07
-1.1057e-06
-1.1444e-07
-1.12719e-06
-1.01356e-07
-1.14417e-06
-8.80335e-08
-1.1574e-06
-7.45435e-08
-1.16748e-06
-6.09428e-08
-1.17489e-06
-4.72987e-08
-1.17995e-06
-3.36794e-08
-1.18288e-06
-2.0122e-08
-6.62329e-09
6.57921e-07
-4.23084e-09
6.56027e-07
-1.2737e-08
6.52785e-07
-2.12287e-08
6.48081e-07
-2.97357e-08
6.41752e-07
-3.82753e-08
6.33571e-07
-4.68527e-08
6.23247e-07
-5.54639e-08
6.10437e-07
-6.40851e-08
5.94795e-07
-7.26436e-08
5.76051e-07
-8.09821e-08
5.5421e-07
-8.88715e-08
5.29551e-07
-9.60308e-08
5.02635e-07
-1.02173e-07
4.74199e-07
-1.07076e-07
4.45026e-07
-1.10627e-07
4.1581e-07
-1.12833e-07
3.87096e-07
-1.13798e-07
3.59256e-07
-1.13685e-07
3.32514e-07
-1.1268e-07
3.06982e-07
-1.10972e-07
2.82692e-07
-1.08734e-07
2.59625e-07
-1.06116e-07
2.37736e-07
-1.03249e-07
2.16961e-07
-1.00238e-07
1.97232e-07
-9.71661e-08
1.78478e-07
-9.41013e-08
1.60633e-07
-9.10935e-08
1.43631e-07
-8.81798e-08
1.27415e-07
-8.53862e-08
1.11928e-07
-8.27299e-08
9.71219e-08
-8.02209e-08
8.29493e-08
-7.7864e-08
6.93597e-08
-7.56583e-08
5.63095e-08
-7.3596e-08
4.3765e-08
-7.16722e-08
3.16953e-08
-6.98815e-08
2.00717e-08
-6.82178e-08
8.86739e-09
-6.66743e-08
-1.94266e-09
-6.52443e-08
-1.23812e-08
-6.39213e-08
-2.24709e-08
-6.26988e-08
-3.22325e-08
-6.15709e-08
-4.16859e-08
-6.05317e-08
-5.08501e-08
-5.95759e-08
-5.97432e-08
-5.86986e-08
-6.83827e-08
-5.78949e-08
-7.67851e-08
-5.71605e-08
-8.49655e-08
-5.64908e-08
-9.29441e-08
-5.58824e-08
-1.00735e-07
-5.53318e-08
-1.08354e-07
-5.48368e-08
-1.15814e-07
-5.43955e-08
-1.23132e-07
-5.40075e-08
-1.30323e-07
-5.36741e-08
-1.37394e-07
-5.34012e-08
-1.44375e-07
-5.32074e-08
-1.51275e-07
-5.30825e-08
-1.58111e-07
-5.3068e-08
-1.64913e-07
-5.32161e-08
-1.71705e-07
-5.35861e-08
-1.78526e-07
-5.43039e-08
-1.85434e-07
-5.56025e-08
-1.92708e-07
-5.77333e-08
-2.00551e-07
-6.04807e-08
-2.09136e-07
-6.37108e-08
-2.1862e-07
-6.73491e-08
-2.29153e-07
-7.13507e-08
-2.40888e-07
-7.56866e-08
-2.53984e-07
-8.03377e-08
-2.68608e-07
-8.5289e-08
-2.84943e-07
-9.05259e-08
-3.03181e-07
-9.60281e-08
-3.23515e-07
-1.01767e-07
-3.46148e-07
-1.07688e-07
-3.71278e-07
-1.13728e-07
-3.99122e-07
-1.198e-07
-4.30019e-07
-1.25846e-07
-4.64364e-07
-1.31851e-07
-5.02265e-07
-1.37632e-07
-5.4389e-07
-1.42957e-07
-5.89292e-07
-1.47592e-07
-6.3835e-07
-1.51265e-07
-6.90687e-07
-1.53685e-07
-7.45591e-07
-1.54559e-07
-8.01953e-07
-1.53636e-07
-8.58261e-07
-1.5075e-07
-9.12708e-07
-1.45868e-07
-9.63428e-07
-1.39111e-07
-1.00884e-06
-1.30747e-07
-1.0479e-06
-1.21089e-07
-1.08048e-06
-1.10544e-07
-1.107e-06
-9.94636e-08
-1.12821e-06
-8.80664e-08
-1.14494e-06
-7.64677e-08
-1.15794e-06
-6.47291e-08
-1.16784e-06
-5.29011e-08
-1.17509e-06
-4.10433e-08
-1.18004e-06
-2.92154e-08
-1.1829e-06
-1.74492e-08
-5.74028e-09
6.57918e-07
-3.63465e-09
6.56017e-07
-1.09367e-08
6.52763e-07
-1.82244e-08
6.48043e-07
-2.5523e-08
6.41696e-07
-3.28474e-08
6.33494e-07
-4.02017e-08
6.23149e-07
-4.7582e-08
6.10317e-07
-5.49679e-08
5.94652e-07
-6.2297e-08
5.75886e-07
-6.94351e-08
5.54023e-07
-7.61871e-08
5.29344e-07
-8.2313e-08
5.02407e-07
-8.75677e-08
4.73953e-07
-9.17611e-08
4.44761e-07
-9.47978e-08
4.15526e-07
-9.66842e-08
3.8679e-07
-9.75088e-08
3.58926e-07
-9.74107e-08
3.32156e-07
-9.65504e-08
3.06592e-07
-9.50881e-08
2.82264e-07
-9.31717e-08
2.59156e-07
-9.0931e-08
2.3722e-07
-8.84757e-08
2.16394e-07
-8.58962e-08
1.96611e-07
-8.3265e-08
1.77801e-07
-8.0639e-08
1.59897e-07
-7.80613e-08
1.42835e-07
-7.55638e-08
1.26557e-07
-7.31689e-08
1.11007e-07
-7.08914e-08
9.61371e-08
-6.874e-08
8.18998e-08
-6.67189e-08
6.82435e-08
-6.48269e-08
5.51257e-08
-6.30577e-08
4.25128e-08
-6.14072e-08
3.03739e-08
-5.98708e-08
1.86803e-08
-5.84431e-08
7.4054e-09
-5.71185e-08
-3.47538e-09
-5.58912e-08
-1.39852e-08
-5.47555e-08
-2.41458e-08
-5.37058e-08
-3.39776e-08
-5.2737e-08
-4.35004e-08
-5.18442e-08
-5.27326e-08
-5.10225e-08
-6.16923e-08
-5.02677e-08
-7.03965e-08
-4.95757e-08
-7.88611e-08
-4.89426e-08
-8.71006e-08
-4.83648e-08
-9.51362e-08
-4.78386e-08
-1.02981e-07
-4.7362e-08
-1.10651e-07
-4.69327e-08
-1.18158e-07
-4.65492e-08
-1.25519e-07
-4.62111e-08
-1.32747e-07
-4.59196e-08
-1.39852e-07
-4.56793e-08
-1.46863e-07
-4.55069e-08
-1.5379e-07
-4.53932e-08
-1.60653e-07
-4.53743e-08
-1.67481e-07
-4.54949e-08
-1.74301e-07
-4.58059e-08
-1.81157e-07
-4.64143e-08
-1.88118e-07
-4.75193e-08
-1.95456e-07
-4.93359e-08
-2.03369e-07
-5.16831e-08
-2.12026e-07
-5.44431e-08
-2.21582e-07
-5.75521e-08
-2.32187e-07
-6.0972e-08
-2.43991e-07
-6.4678e-08
-2.57152e-07
-6.86538e-08
-2.71838e-07
-7.28862e-08
-2.88228e-07
-7.73622e-08
-3.06515e-07
-8.20649e-08
-3.26891e-07
-8.69695e-08
-3.49559e-07
-9.203e-08
-3.74714e-07
-9.719e-08
-4.0257e-07
-1.02377e-07
-4.33479e-07
-1.07537e-07
-4.67822e-07
-1.12661e-07
-5.05709e-07
-1.17592e-07
-5.47309e-07
-1.22131e-07
-5.9267e-07
-1.26075e-07
-6.41666e-07
-1.29195e-07
-6.93915e-07
-1.31238e-07
-7.48701e-07
-1.31957e-07
-8.04908e-07
-1.31139e-07
-8.61023e-07
-1.28645e-07
-9.1524e-07
-1.24447e-07
-9.65701e-07
-1.18652e-07
-1.01083e-06
-1.1149e-07
-1.04961e-06
-1.03232e-07
-1.08191e-06
-9.42198e-08
-1.10817e-06
-8.47552e-08
-1.12913e-06
-7.50239e-08
-1.14563e-06
-6.51248e-08
-1.15843e-06
-5.51112e-08
-1.16816e-06
-4.50268e-08
-1.17528e-06
-3.49232e-08
-1.18012e-06
-2.48514e-08
-1.18292e-06
-1.4838e-08
-4.87873e-09
6.57914e-07
-3.03414e-09
6.56005e-07
-9.12837e-09
6.52739e-07
-1.52094e-08
6.48006e-07
-2.12977e-08
6.41643e-07
-2.74055e-08
6.33425e-07
-3.35361e-08
6.2306e-07
-3.96864e-08
6.10209e-07
-4.58391e-08
5.94526e-07
-5.19427e-08
5.75741e-07
-5.78851e-08
5.5386e-07
-6.3505e-08
5.29165e-07
-6.86025e-08
5.02213e-07
-7.29741e-08
4.73744e-07
-7.6462e-08
4.44537e-07
-7.8987e-08
4.15287e-07
-8.05546e-08
3.86534e-07
-8.12388e-08
3.5865e-07
-8.11553e-08
3.31858e-07
-8.04376e-08
3.06266e-07
-7.92191e-08
2.81907e-07
-7.76226e-08
2.58762e-07
-7.57562e-08
2.36787e-07
-7.37109e-08
2.15918e-07
-7.1562e-08
1.96088e-07
-6.93698e-08
1.77228e-07
-6.71816e-08
1.59272e-07
-6.50334e-08
1.42157e-07
-6.29517e-08
1.25823e-07
-6.09553e-08
1.10218e-07
-5.90566e-08
9.52913e-08
-5.72629e-08
8.0997e-08
-5.55778e-08
6.72824e-08
-5.40001e-08
5.41061e-08
-5.25246e-08
4.14349e-08
-5.1148e-08
2.92376e-08
-4.98664e-08
1.74859e-08
-4.86756e-08
6.15314e-09
-4.75706e-08
-4.78529e-09
-4.65467e-08
-1.53524e-08
-4.5599e-08
-2.557e-08
-4.47229e-08
-3.54585e-08
-4.39141e-08
-4.50374e-08
-4.31682e-08
-5.43252e-08
-4.24814e-08
-6.33394e-08
-4.18501e-08
-7.20964e-08
-4.12709e-08
-8.0611e-08
-4.07404e-08
-8.88949e-08
-4.02559e-08
-9.69755e-08
-3.98156e-08
-1.04863e-07
-3.94164e-08
-1.12572e-07
-3.90564e-08
-1.20115e-07
-3.87341e-08
-1.27507e-07
-3.84495e-08
-1.34763e-07
-3.82033e-08
-1.41893e-07
-3.7999e-08
-1.48927e-07
-3.78502e-08
-1.55877e-07
-3.77499e-08
-1.62763e-07
-3.77288e-08
-1.69614e-07
-3.7825e-08
-1.76459e-07
-3.80803e-08
-1.83346e-07
-3.8583e-08
-1.90353e-07
-3.94984e-08
-1.97744e-07
-4.10055e-08
-2.05717e-07
-4.29565e-08
-2.14436e-07
-4.5251e-08
-2.24055e-07
-4.78356e-08
-2.34721e-07
-5.06788e-08
-2.46585e-07
-5.37602e-08
-2.59804e-07
-5.70661e-08
-2.74544e-07
-6.05853e-08
-2.90983e-07
-6.43068e-08
-3.09314e-07
-6.82165e-08
-3.29729e-07
-7.22937e-08
-3.52428e-07
-7.65001e-08
-3.7761e-07
-8.07885e-08
-4.05478e-07
-8.50975e-08
-4.36398e-07
-8.9383e-08
-4.70741e-07
-9.36356e-08
-5.08621e-07
-9.77279e-08
-5.50202e-07
-1.01491e-07
-5.95533e-07
-1.04758e-07
-6.4448e-07
-1.07335e-07
-6.9666e-07
-1.09016e-07
-7.51349e-07
-1.09594e-07
-8.07428e-07
-1.08893e-07
-8.63383e-07
-1.06799e-07
-9.17408e-07
-1.03291e-07
-9.67651e-07
-9.84599e-08
-1.01255e-06
-9.24972e-08
-1.05108e-06
-8.56291e-08
-1.08314e-06
-7.81382e-08
-1.10917e-06
-7.0274e-08
-1.12992e-06
-6.21912e-08
-1.14623e-06
-5.39721e-08
-1.15886e-06
-4.56615e-08
-1.16844e-06
-3.72962e-08
-1.17544e-06
-2.89194e-08
-1.1802e-06
-2.05738e-08
-1.18294e-06
-1.22811e-08
-4.037e-09
6.57911e-07
-2.43052e-09
6.55994e-07
-7.31261e-09
6.52717e-07
-1.21835e-08
6.47971e-07
-1.70594e-08
6.41593e-07
-2.19495e-08
6.33359e-07
-2.68564e-08
6.22979e-07
-3.17775e-08
6.10112e-07
-3.66992e-08
5.94413e-07
-4.15801e-08
5.75613e-07
-4.63307e-08
5.53719e-07
-5.08224e-08
5.29011e-07
-5.48957e-08
5.02048e-07
-5.83879e-08
4.73567e-07
-6.11732e-08
4.44349e-07
-6.31886e-08
4.15088e-07
-6.44386e-08
3.86322e-07
-6.49825e-08
3.58423e-07
-6.49129e-08
3.31612e-07
-6.43366e-08
3.05998e-07
-6.33602e-08
2.81613e-07
-6.20819e-08
2.5844e-07
-6.05879e-08
2.36431e-07
-5.8951e-08
2.15526e-07
-5.72313e-08
1.95657e-07
-5.54769e-08
1.76755e-07
-5.37258e-08
1.58756e-07
-5.20066e-08
1.41596e-07
-5.03406e-08
1.25217e-07
-4.87428e-08
1.09565e-07
-4.72231e-08
9.4591e-08
-4.57874e-08
8.02495e-08
-4.44387e-08
6.64865e-08
-4.31757e-08
5.32619e-08
-4.19945e-08
4.05423e-08
-4.08924e-08
2.82969e-08
-3.98664e-08
1.64971e-08
-3.89131e-08
5.11647e-09
-3.80284e-08
-5.86952e-09
-3.72086e-08
-1.64839e-08
-3.64497e-08
-2.67481e-08
-3.57481e-08
-3.66824e-08
-3.51002e-08
-4.6306e-08
-3.45027e-08
-5.56369e-08
-3.39525e-08
-6.46925e-08
-3.34465e-08
-7.34892e-08
-3.29822e-08
-8.20427e-08
-3.25569e-08
-9.03688e-08
-3.21684e-08
-9.84846e-08
-3.18147e-08
-1.06405e-07
-3.1494e-08
-1.14143e-07
-3.12047e-08
-1.21712e-07
-3.09456e-08
-1.29128e-07
-3.07166e-08
-1.36403e-07
-3.05183e-08
-1.43547e-07
-3.03538e-08
-1.50593e-07
-3.02318e-08
-1.57567e-07
-3.01436e-08
-1.64478e-07
-3.01221e-08
-1.71351e-07
-3.01975e-08
-1.78219e-07
-3.04004e-08
-1.85134e-07
-3.08006e-08
-1.92178e-07
-3.15299e-08
-1.99613e-07
-3.27314e-08
-2.07633e-07
-3.42894e-08
-2.16403e-07
-3.61217e-08
-2.26073e-07
-3.81855e-08
-2.3679e-07
-4.04559e-08
-2.48703e-07
-4.29166e-08
-2.6197e-07
-4.55564e-08
-2.76756e-07
-4.83666e-08
-2.93237e-07
-5.13383e-08
-3.11606e-07
-5.44599e-08
-3.32055e-07
-5.77151e-08
-3.54784e-07
-6.10731e-08
-3.79989e-07
-6.44958e-08
-4.07869e-07
-6.7934e-08
-4.38803e-07
-7.13521e-08
-4.73149e-07
-7.47425e-08
-5.11025e-07
-7.80046e-08
-5.52593e-07
-8.1002e-08
-5.979e-07
-8.36012e-08
-6.4681e-07
-8.56484e-08
-6.98933e-07
-8.69776e-08
-7.53543e-07
-8.74251e-08
-8.09518e-07
-8.68511e-08
-8.65341e-07
-8.51654e-08
-9.19207e-07
-8.23528e-08
-9.6927e-07
-7.84866e-08
-1.01397e-06
-7.37201e-08
-1.05231e-06
-6.82351e-08
-1.08417e-06
-6.22552e-08
-1.11001e-06
-5.59795e-08
-1.13058e-06
-4.95313e-08
-1.14673e-06
-4.29765e-08
-1.15921e-06
-3.63511e-08
-1.16867e-06
-2.96848e-08
-1.17558e-06
-2.30126e-08
-1.18026e-06
-1.63686e-08
-1.18296e-06
-9.76991e-09
-3.21203e-09
6.5791e-07
-1.82657e-09
6.5599e-07
-5.4929e-09
6.52706e-07
-9.15013e-09
6.47949e-07
-1.28106e-08
6.41559e-07
-1.64813e-08
6.33311e-07
-2.01639e-08
6.22916e-07
-2.38564e-08
6.10036e-07
-2.75484e-08
5.94324e-07
-3.1209e-08
5.75512e-07
-3.47709e-08
5.53607e-07
-3.81379e-08
5.2889e-07
-4.11902e-08
5.01917e-07
-4.38061e-08
4.73429e-07
-4.58913e-08
4.44203e-07
-4.73987e-08
4.14932e-07
-4.8332e-08
3.86157e-07
-4.87357e-08
3.58246e-07
-4.86795e-08
3.31421e-07
-4.82436e-08
3.05791e-07
-4.7508e-08
2.81386e-07
-4.65463e-08
2.58189e-07
-4.54232e-08
2.36153e-07
-4.41933e-08
2.15219e-07
-4.29016e-08
1.95319e-07
-4.15841e-08
1.76384e-07
-4.02693e-08
1.58349e-07
-3.89786e-08
1.41152e-07
-3.7728e-08
1.24736e-07
-3.65288e-08
1.09046e-07
-3.53883e-08
9.40333e-08
-3.4311e-08
7.9653e-08
-3.3299e-08
6.58507e-08
-3.23514e-08
5.25869e-08
-3.14652e-08
3.98284e-08
-3.06385e-08
2.75444e-08
-2.98689e-08
1.57063e-08
-2.91538e-08
4.28796e-09
-2.84903e-08
-6.73526e-09
-2.78755e-08
-1.73862e-08
-2.73065e-08
-2.76862e-08
-2.67803e-08
-3.76555e-08
-2.62945e-08
-4.73131e-08
-2.58464e-08
-5.66773e-08
-2.54337e-08
-6.57653e-08
-2.50541e-08
-7.45937e-08
-2.47057e-08
-8.31781e-08
-2.43864e-08
-9.1535e-08
-2.40948e-08
-9.96795e-08
-2.38291e-08
-1.07626e-07
-2.35879e-08
-1.15388e-07
-2.33701e-08
-1.22979e-07
-2.31747e-08
-1.30412e-07
-2.30017e-08
-1.37696e-07
-2.28514e-08
-1.44837e-07
-2.27262e-08
-1.51842e-07
-2.26335e-08
-1.58887e-07
-2.25743e-08
-1.65832e-07
-2.25578e-08
-1.72726e-07
-2.26121e-08
-1.79612e-07
-2.27624e-08
-1.86546e-07
-2.30606e-08
-1.93618e-07
-2.36055e-08
-2.01085e-07
-2.45038e-08
-2.09142e-07
-2.56704e-08
-2.17951e-07
-2.70425e-08
-2.2766e-07
-2.85881e-08
-2.38417e-07
-3.02883e-08
-2.50371e-07
-3.2131e-08
-2.63676e-07
-3.41079e-08
-2.78497e-07
-3.62124e-08
-2.95013e-07
-3.84377e-08
-3.13413e-07
-4.07751e-08
-3.3389e-07
-4.32124e-08
-3.56643e-07
-4.57261e-08
-3.81868e-07
-4.82879e-08
-4.0976e-07
-5.08605e-08
-4.40704e-07
-5.34171e-08
-4.75055e-07
-5.59523e-08
-5.12929e-07
-5.83911e-08
-5.5449e-07
-6.06307e-08
-5.99779e-07
-6.25711e-08
-6.48659e-07
-6.40969e-08
-7.00738e-07
-6.50841e-08
-7.55286e-07
-6.54103e-08
-8.11179e-07
-6.49712e-08
-8.66896e-07
-6.37001e-08
-9.20636e-07
-6.15864e-08
-9.70555e-07
-5.86856e-08
-1.0151e-06
-5.51129e-08
-1.05328e-06
-5.10051e-08
-1.08498e-06
-4.65285e-08
-1.11067e-06
-4.1832e-08
-1.1311e-06
-3.70078e-08
-1.14712e-06
-3.21052e-08
-1.1595e-06
-2.71512e-08
-1.16886e-06
-2.21684e-08
-1.17568e-06
-1.7183e-08
-1.18031e-06
-1.22209e-08
-1.18297e-06
-7.29447e-09
-2.39888e-09
6.57908e-07
-1.22064e-09
6.55983e-07
-3.66874e-09
6.52693e-07
-6.11033e-09
6.47928e-07
-8.55379e-09
6.41528e-07
-1.10038e-08
6.3327e-07
-1.34616e-08
6.22865e-07
-1.59257e-08
6.09975e-07
-1.83891e-08
5.94253e-07
-2.0831e-08
5.75432e-07
-2.32065e-08
5.53519e-07
-2.54512e-08
5.28794e-07
-2.74851e-08
5.01815e-07
-2.92269e-08
4.73321e-07
-3.06137e-08
4.44089e-07
-3.16144e-08
4.14813e-07
-3.22315e-08
3.8603e-07
-3.2495e-08
3.58111e-07
-3.24519e-08
3.31275e-07
-3.21556e-08
3.05632e-07
-3.16598e-08
2.81212e-07
-3.10137e-08
2.57998e-07
-3.02604e-08
2.35943e-07
-2.94364e-08
2.14987e-07
-2.85718e-08
1.95063e-07
-2.76905e-08
1.76103e-07
-2.68115e-08
1.58042e-07
-2.59491e-08
1.40818e-07
-2.51139e-08
1.24374e-07
-2.43133e-08
1.08656e-07
-2.35522e-08
9.3615e-08
-2.28335e-08
7.92062e-08
-2.21587e-08
6.53748e-08
-2.15269e-08
5.2082e-08
-2.09363e-08
3.92946e-08
-2.03855e-08
2.6982e-08
-1.98729e-08
1.51157e-08
-1.93968e-08
3.66941e-09
-1.89552e-08
-7.38128e-09
-1.85462e-08
-1.80592e-08
-1.81677e-08
-2.83858e-08
-1.78178e-08
-3.83811e-08
-1.74947e-08
-4.80643e-08
-1.71967e-08
-5.74532e-08
-1.69223e-08
-6.65653e-08
-1.66699e-08
-7.54168e-08
-1.64383e-08
-8.40241e-08
-1.62262e-08
-9.24026e-08
-1.60324e-08
-1.00567e-07
-1.58559e-08
-1.08532e-07
-1.56955e-08
-1.1631e-07
-1.55504e-08
-1.23915e-07
-1.54202e-08
-1.31359e-07
-1.53047e-08
-1.38653e-07
-1.52042e-08
-1.45801e-07
-1.51206e-08
-1.52804e-07
-1.50607e-08
-1.59864e-07
-1.50238e-08
-1.66825e-07
-1.50149e-08
-1.73734e-07
-1.50512e-08
-1.80633e-07
-1.51511e-08
-1.87583e-07
-1.53494e-08
-1.94677e-07
-1.57118e-08
-2.02168e-07
-1.63094e-08
-2.10252e-07
-1.70859e-08
-2.1909e-07
-1.79994e-08
-2.2883e-07
-1.90285e-08
-2.39618e-07
-2.01605e-08
-2.51601e-07
-2.13872e-08
-2.64936e-07
-2.27033e-08
-2.79786e-07
-2.41043e-08
-2.96329e-07
-2.55857e-08
-3.14754e-07
-2.71418e-08
-3.35254e-07
-2.87641e-08
-3.58027e-07
-3.0437e-08
-3.83267e-07
-3.21415e-08
-4.1117e-07
-3.38526e-08
-4.42123e-07
-3.55527e-08
-4.76477e-07
-3.72379e-08
-5.14351e-07
-3.88587e-08
-5.55907e-07
-4.03463e-08
-6.01183e-07
-4.1634e-08
-6.50043e-07
-4.26452e-08
-7.0209e-07
-4.32971e-08
-7.56592e-07
-4.35086e-08
-8.12424e-07
-4.32105e-08
-8.68063e-07
-4.23587e-08
-9.21708e-07
-4.09468e-08
-9.71521e-07
-3.9012e-08
-1.01595e-06
-3.66317e-08
-1.05401e-06
-3.38971e-08
-1.0856e-06
-3.09184e-08
-1.11117e-06
-2.77946e-08
-1.13149e-06
-2.45867e-08
-1.14741e-06
-2.13275e-08
-1.1597e-06
-1.80348e-08
-1.16899e-06
-1.47236e-08
-1.17576e-06
-1.14115e-08
-1.18034e-06
-8.11559e-09
-1.18298e-06
-4.84417e-09
-1.59293e-09
6.57906e-07
-6.12243e-10
6.55977e-07
-1.84044e-09
6.52681e-07
-3.06546e-09
6.47911e-07
-4.29123e-09
6.41505e-07
-5.52015e-09
6.3324e-07
-6.75287e-09
6.22828e-07
-7.98875e-09
6.09931e-07
-9.22423e-09
5.94203e-07
-1.04487e-08
5.75376e-07
-1.16392e-08
5.53458e-07
-1.27631e-08
5.28729e-07
-1.37801e-08
5.01745e-07
-1.46491e-08
4.73247e-07
-1.53386e-08
4.44011e-07
-1.58331e-08
4.1473e-07
-1.61344e-08
3.85943e-07
-1.62579e-08
3.58018e-07
-1.62275e-08
3.31175e-07
-1.60704e-08
3.05523e-07
-1.58137e-08
2.81093e-07
-1.54824e-08
2.57867e-07
-1.50983e-08
2.35799e-07
-1.46796e-08
2.14829e-07
-1.42414e-08
1.94889e-07
-1.37959e-08
1.75913e-07
-1.33524e-08
1.57834e-07
-1.29181e-08
1.40592e-07
-1.24981e-08
1.24129e-07
-1.20961e-08
1.08392e-07
-1.17145e-08
9.33315e-08
-1.13547e-08
7.89034e-08
-1.10173e-08
6.50524e-08
-1.07018e-08
5.17403e-08
-1.04072e-08
3.89337e-08
-1.01328e-08
2.66021e-08
-9.87783e-09
1.47171e-08
-9.64123e-09
3.25242e-09
-9.42203e-09
-7.81646e-09
-9.21922e-09
-1.85123e-08
-9.03177e-09
-2.88563e-08
-8.85872e-09
-3.88686e-08
-8.69914e-09
-4.85682e-08
-8.55214e-09
-5.79732e-08
-8.41694e-09
-6.71008e-08
-8.29277e-09
-7.59678e-08
-8.17893e-09
-8.45898e-08
-8.07473e-09
-9.29813e-08
-7.97949e-09
-1.01157e-07
-7.89274e-09
-1.09132e-07
-7.81395e-09
-1.1692e-07
-7.74271e-09
-1.24533e-07
-7.67867e-09
-1.31986e-07
-7.62182e-09
-1.39289e-07
-7.57232e-09
-1.46448e-07
-7.53082e-09
-1.53461e-07
-7.5032e-09
-1.60522e-07
-7.49329e-09
-1.67487e-07
-7.49044e-09
-1.74401e-07
-7.50822e-09
-1.81306e-07
-7.55791e-09
-1.88265e-07
-7.65697e-09
-1.95371e-07
-7.83791e-09
-2.02877e-07
-8.13613e-09
-2.10978e-07
-8.52368e-09
-2.19834e-07
-8.9796e-09
-2.29594e-07
-9.49311e-09
-2.40402e-07
-1.00579e-08
-2.52407e-07
-1.067e-08
-2.65762e-07
-1.13266e-08
-2.80632e-07
-1.20255e-08
-2.97194e-07
-1.27644e-08
-3.15637e-07
-1.35406e-08
-3.36154e-07
-1.43497e-08
-3.58942e-07
-1.51837e-08
-3.84196e-07
-1.60333e-08
-4.12109e-07
-1.68857e-08
-4.43069e-07
-1.77323e-08
-4.77428e-07
-1.8571e-08
-5.15304e-07
-1.93773e-08
-5.56858e-07
-2.01167e-08
-6.02129e-07
-2.0756e-08
-6.50977e-07
-2.12569e-08
-7.03004e-07
-2.15782e-08
-7.57478e-07
-2.16795e-08
-8.1327e-07
-2.15265e-08
-8.68858e-07
-2.10976e-08
-9.22441e-07
-2.039e-08
-9.72181e-07
-1.94227e-08
-1.01653e-06
-1.82345e-08
-1.05451e-06
-1.68711e-08
-1.08601e-06
-1.53873e-08
-1.11151e-06
-1.3832e-08
-1.13176e-06
-1.22355e-08
-1.14761e-06
-1.06136e-08
-1.15984e-06
-8.97519e-09
-1.16908e-06
-7.3275e-09
-1.17581e-06
-5.67918e-09
-1.18036e-06
-4.0387e-09
-1.18299e-06
-2.41045e-09
-7.92472e-10
6.57906e-07
-3.7741e-12
6.55976e-07
-1.08968e-11
6.52678e-07
-1.82896e-11
6.47904e-07
-2.57311e-11
6.41495e-07
-3.3237e-11
6.33226e-07
-4.08997e-11
6.22811e-07
-4.87474e-11
6.0991e-07
-5.65897e-11
5.94179e-07
-6.39355e-11
5.75348e-07
-6.99944e-11
5.53427e-07
-7.38014e-11
5.28694e-07
-7.44104e-11
5.01708e-07
-7.11407e-11
4.73207e-07
-6.37689e-11
4.43968e-07
-5.25743e-11
4.14684e-07
-3.82395e-11
3.85893e-07
-2.16781e-11
3.57964e-07
-3.87598e-12
3.31118e-07
1.43252e-11
3.05461e-07
3.21071e-11
2.81025e-07
4.88982e-11
2.57793e-07
6.4272e-11
2.35718e-07
7.79515e-11
2.1474e-07
8.97875e-11
1.94792e-07
9.9735e-11
1.75807e-07
1.07828e-10
1.5772e-07
1.14161e-10
1.40468e-07
1.18864e-10
1.23996e-07
1.22096e-10
1.08249e-07
1.24025e-10
9.31793e-08
1.24818e-10
7.87418e-08
1.24642e-10
6.48812e-08
1.2364e-10
5.15594e-08
1.21935e-10
3.87434e-08
1.19648e-10
2.64024e-08
1.16884e-10
1.45082e-08
1.13734e-10
3.03438e-09
1.10279e-10
-8.04344e-09
1.06584e-10
-1.8748e-08
1.02706e-10
-2.91007e-08
9.86871e-11
-3.91215e-08
9.45643e-11
-4.88294e-08
9.03688e-11
-5.82424e-08
8.61309e-11
-6.73775e-08
8.18806e-11
-7.62513e-08
7.76577e-11
-8.48794e-08
7.35043e-11
-9.32768e-08
6.94499e-11
-1.01458e-07
6.55015e-11
-1.09437e-07
6.16484e-11
-1.17227e-07
5.78858e-11
-1.24843e-07
5.4273e-11
-1.32297e-07
5.0798e-11
-1.39606e-07
4.73745e-11
-1.46781e-07
4.42763e-11
-1.53843e-07
4.11845e-11
-1.60859e-07
3.83372e-11
-1.67815e-07
3.57671e-11
-1.7473e-07
3.32719e-11
-1.81641e-07
3.12472e-11
-1.88606e-07
2.96034e-11
-1.95718e-07
2.86876e-11
-2.03232e-07
2.85577e-11
-2.11341e-07
2.8884e-11
-2.20207e-07
2.9689e-11
-2.29976e-07
3.08489e-11
-2.40795e-07
3.23676e-11
-2.52809e-07
3.42269e-11
-2.66175e-07
3.64158e-11
-2.81055e-07
3.89429e-11
-2.97627e-07
4.18229e-11
-3.1608e-07
4.50933e-11
-3.36606e-07
4.8782e-11
-3.59403e-07
5.29254e-11
-3.84665e-07
5.7532e-11
-4.12585e-07
6.26116e-11
-4.4355e-07
6.82014e-11
-4.77914e-07
7.43282e-11
-5.15793e-07
8.09457e-11
-5.57348e-07
8.79476e-11
-6.02619e-07
9.5206e-11
-6.51463e-07
1.02514e-10
-7.03484e-07
1.09565e-10
-7.57946e-07
1.15943e-10
-8.13719e-07
1.21127e-10
-8.69282e-07
1.24522e-10
-9.22832e-07
1.25555e-10
-9.72534e-07
1.23802e-10
-1.01684e-06
1.1912e-10
-1.05477e-06
1.11692e-10
-1.08624e-06
1.02069e-10
-1.11169e-06
9.0991e-11
-1.1319e-06
7.91544e-11
-1.14772e-06
6.71154e-11
-1.15992e-06
5.52689e-11
-1.16913e-06
4.38887e-11
-1.17584e-06
3.31205e-11
-1.18038e-06
2.29526e-11
-1.18299e-06
1.31903e-11
3.11704e-12
6.57907e-07
6.03744e-10
6.55977e-07
1.81784e-09
6.5268e-07
3.02847e-09
6.47906e-07
4.23965e-09
6.41497e-07
5.45374e-09
6.33228e-07
6.67125e-09
6.22813e-07
7.89157e-09
6.09911e-07
9.11151e-09
5.94178e-07
1.03214e-08
5.75346e-07
1.15e-08
5.53423e-07
1.26166e-08
5.28688e-07
1.36325e-08
5.017e-07
1.45081e-08
4.73196e-07
1.52124e-08
4.43956e-07
1.57294e-08
4.1467e-07
1.60593e-08
3.85878e-07
1.62159e-08
3.57948e-07
1.6221e-08
3.311e-07
1.61002e-08
3.05443e-07
1.5879e-08
2.81006e-07
1.55812e-08
2.57774e-07
1.52276e-08
2.35698e-07
1.48362e-08
2.1472e-07
1.44216e-08
1.94771e-07
1.39959e-08
1.75786e-07
1.35685e-08
1.57698e-07
1.31467e-08
1.40447e-07
1.27361e-08
1.23974e-07
1.23405e-08
1.08227e-07
1.19628e-08
9.31578e-08
1.16045e-08
7.87202e-08
1.12667e-08
6.48596e-08
1.09492e-08
5.15379e-08
1.06512e-08
3.87219e-08
1.03722e-08
2.63811e-08
1.01116e-08
1.4487e-08
9.86863e-09
3.01339e-09
9.64248e-09
-8.06417e-09
9.43221e-09
-1.87684e-08
9.23694e-09
-2.91207e-08
9.0558e-09
-3.91411e-08
8.88794e-09
-4.88486e-08
8.73258e-09
-5.82612e-08
8.58898e-09
-6.7396e-08
8.4564e-09
-7.62695e-08
8.33418e-09
-8.48972e-08
8.22168e-09
-9.32943e-08
8.11833e-09
-1.01475e-07
8.02365e-09
-1.09454e-07
7.93719e-09
-1.17244e-07
7.85848e-09
-1.24859e-07
7.78717e-09
-1.32313e-07
7.72325e-09
-1.39621e-07
7.66691e-09
-1.46796e-07
7.61904e-09
-1.53858e-07
7.58531e-09
-1.60873e-07
7.56971e-09
-1.67828e-07
7.56162e-09
-1.74743e-07
7.57457e-09
-1.81654e-07
7.62021e-09
-1.88619e-07
7.71612e-09
-1.95731e-07
7.89535e-09
-2.03245e-07
8.19338e-09
-2.11354e-07
8.58169e-09
-2.2022e-07
9.03925e-09
-2.2999e-07
9.55512e-09
-2.40809e-07
1.0123e-08
-2.52824e-07
1.07386e-08
-2.66189e-07
1.13995e-08
-2.8107e-07
1.21034e-08
-2.97642e-07
1.28481e-08
-3.16096e-07
1.36309e-08
-3.36623e-07
1.44474e-08
-3.5942e-07
1.52899e-08
-3.84684e-07
1.61488e-08
-4.12605e-07
1.70115e-08
-4.43572e-07
1.78694e-08
-4.77938e-07
1.87206e-08
-5.15819e-07
1.95403e-08
-5.57377e-07
2.02939e-08
-6.0265e-07
2.09478e-08
-6.51497e-07
2.14632e-08
-7.03519e-07
2.17984e-08
-7.57982e-07
2.1912e-08
-8.13756e-07
2.17686e-08
-8.69317e-07
2.13457e-08
-9.22865e-07
2.06391e-08
-9.72563e-07
1.96675e-08
-1.01687e-06
1.84693e-08
-1.05479e-06
1.70909e-08
-1.08625e-06
1.5588e-08
-1.1117e-06
1.40111e-08
-1.13191e-06
1.23915e-08
-1.14773e-06
1.07463e-08
-1.15993e-06
9.08476e-09
-1.16914e-06
7.41465e-09
-1.17584e-06
5.74469e-09
-1.18038e-06
4.08324e-09
-1.18299e-06
2.43493e-09
7.985e-10
6.57907e-07
1.21095e-09
6.55979e-07
3.64532e-09
6.52683e-07
6.07317e-09
6.47913e-07
8.50243e-09
6.41506e-07
1.09378e-08
6.3324e-07
1.33805e-08
6.22827e-07
1.58292e-08
6.09928e-07
1.82773e-08
5.94196e-07
2.07052e-08
5.75366e-07
2.30693e-08
5.53443e-07
2.53072e-08
5.28709e-07
2.73405e-08
5.01721e-07
2.90893e-08
4.73217e-07
3.04912e-08
4.43976e-07
3.15143e-08
4.14691e-07
3.21601e-08
3.859e-07
3.24567e-08
3.57971e-07
3.2449e-08
3.31125e-07
3.21889e-08
3.0547e-07
3.17283e-08
2.81038e-07
3.11154e-08
2.5781e-07
3.03925e-08
2.3574e-07
2.95955e-08
2.14768e-07
2.87541e-08
1.94827e-07
2.78923e-08
1.7585e-07
2.70292e-08
1.5777e-07
2.61791e-08
1.40528e-07
2.5353e-08
1.24064e-07
2.45586e-08
1.08326e-07
2.38011e-08
9.32662e-08
2.30838e-08
7.88381e-08
2.24084e-08
6.49873e-08
2.17745e-08
5.16753e-08
2.11803e-08
3.88691e-08
2.06247e-08
2.6538e-08
2.01065e-08
1.46537e-08
1.96239e-08
3.18968e-09
1.91752e-08
-7.87834e-09
1.87586e-08
-1.85732e-08
1.83722e-08
-2.89164e-08
1.80142e-08
-3.89278e-08
1.76829e-08
-4.86267e-08
1.73767e-08
-5.80309e-08
1.70941e-08
-6.71577e-08
1.68335e-08
-7.60235e-08
1.65937e-08
-8.46442e-08
1.63735e-08
-9.30345e-08
1.61716e-08
-1.01209e-07
1.59872e-08
-1.09183e-07
1.5819e-08
-1.16969e-07
1.56664e-08
-1.24582e-07
1.55287e-08
-1.32033e-07
1.5406e-08
-1.39335e-07
1.52986e-08
-1.46493e-07
1.52083e-08
-1.53505e-07
1.51421e-08
-1.60565e-07
1.50994e-08
-1.67529e-07
1.5085e-08
-1.74442e-07
1.51167e-08
-1.81347e-07
1.52125e-08
-1.88304e-07
1.5408e-08
-1.9541e-07
1.57691e-08
-2.02916e-07
1.63667e-08
-2.11016e-07
1.71442e-08
-2.19873e-07
1.80594e-08
-2.29633e-07
1.90909e-08
-2.40442e-07
2.02259e-08
-2.52447e-07
2.14562e-08
-2.65803e-07
2.27766e-08
-2.80675e-07
2.41825e-08
-2.97238e-07
2.56697e-08
-3.15683e-07
2.72324e-08
-3.36201e-07
2.88622e-08
-3.58992e-07
3.05436e-08
-3.84248e-07
3.22576e-08
-4.12164e-07
3.39793e-08
-4.43128e-07
3.56909e-08
-4.77491e-07
3.73889e-08
-5.15373e-07
3.90234e-08
-5.56931e-07
4.05254e-08
-6.02207e-07
4.18279e-08
-6.5106e-07
4.28535e-08
-7.03091e-07
4.35188e-08
-7.57568e-07
4.37415e-08
-8.13359e-07
4.34515e-08
-8.68943e-07
4.26037e-08
-9.2252e-07
4.11907e-08
-9.7225e-07
3.92498e-08
-1.01659e-06
3.68582e-08
-1.05455e-06
3.41082e-08
-1.08605e-06
3.11109e-08
-1.11153e-06
2.79666e-08
-1.13178e-06
2.47372e-08
-1.14763e-06
2.14561e-08
-1.15985e-06
1.81416e-08
-1.16909e-06
1.48087e-08
-1.17581e-06
1.14751e-08
-1.18037e-06
8.1578e-09
-1.18299e-06
4.8658e-09
1.5988e-09
6.57907e-07
1.81805e-09
6.55981e-07
5.47097e-09
6.52689e-07
9.11436e-09
6.47923e-07
1.27604e-08
6.41521e-07
1.64163e-08
6.33262e-07
2.00837e-08
6.22855e-07
2.37608e-08
6.09961e-07
2.74378e-08
5.94236e-07
3.10847e-08
5.7541e-07
3.4636e-08
5.53491e-07
3.79968e-08
5.2876e-07
4.10493e-08
5.01774e-07
4.36729e-08
4.73272e-07
4.57737e-08
4.44033e-07
4.7304e-08
4.14751e-07
4.82662e-08
3.85962e-07
4.8703e-08
3.58038e-07
4.86823e-08
3.31197e-07
4.82824e-08
3.05549e-07
4.75818e-08
2.81125e-07
4.66531e-08
2.57907e-07
4.55599e-08
2.35849e-07
4.43566e-08
2.1489e-07
4.30877e-08
1.94964e-07
4.17893e-08
1.76002e-07
4.04899e-08
1.57939e-07
3.92111e-08
1.40714e-07
3.79693e-08
1.24268e-07
3.67759e-08
1.08549e-07
3.56387e-08
9.35078e-08
3.45625e-08
7.90987e-08
3.35497e-08
6.52671e-08
3.25997e-08
5.19744e-08
3.17096e-08
3.91874e-08
3.08779e-08
2.68752e-08
3.01024e-08
1.50096e-08
2.93806e-08
3.56423e-09
2.87099e-08
-7.48543e-09
2.80873e-08
-1.81622e-08
2.75102e-08
-2.84874e-08
2.69758e-08
-3.84813e-08
2.64816e-08
-4.8163e-08
2.60251e-08
-5.75506e-08
2.5604e-08
-6.66614e-08
2.52162e-08
-7.55118e-08
2.48596e-08
-8.41174e-08
2.45323e-08
-9.24928e-08
2.42326e-08
-1.00655e-07
2.39587e-08
-1.08618e-07
2.37094e-08
-1.16395e-07
2.34838e-08
-1.23998e-07
2.32809e-08
-1.3144e-07
2.31006e-08
-1.38732e-07
2.29435e-08
-1.45877e-07
2.28115e-08
-1.52879e-07
2.27128e-08
-1.59937e-07
2.26479e-08
-1.66896e-07
2.2626e-08
-1.73802e-07
2.26759e-08
-1.80699e-07
2.28223e-08
-1.87647e-07
2.3118e-08
-1.9474e-07
2.36621e-08
-2.02231e-07
2.45609e-08
-2.10315e-07
2.57288e-08
-2.19153e-07
2.71028e-08
-2.28894e-07
2.86508e-08
-2.39682e-07
3.03541e-08
-2.51667e-07
3.22003e-08
-2.65004e-07
3.41814e-08
-2.79856e-07
3.62908e-08
-2.964e-07
3.85218e-08
-3.14828e-07
4.08658e-08
-3.3533e-07
4.33105e-08
-3.58106e-07
4.58327e-08
-3.8335e-07
4.84039e-08
-4.11256e-07
5.0987e-08
-4.42213e-07
5.35551e-08
-4.76572e-07
5.61032e-08
-5.14451e-07
5.85556e-08
-5.56011e-07
6.08095e-08
-6.01292e-07
6.27642e-08
-6.50155e-07
6.4304e-08
-7.02204e-07
6.53037e-08
-7.56706e-07
6.564e-08
-8.12533e-07
6.52077e-08
-8.68166e-07
6.3939e-08
-9.21802e-07
6.18227e-08
-9.71602e-07
5.89143e-08
-1.01602e-06
5.53297e-08
-1.05406e-06
5.12063e-08
-1.08564e-06
4.67118e-08
-1.1112e-06
4.19959e-08
-1.13151e-06
3.71517e-08
-1.14743e-06
3.22286e-08
-1.15971e-06
2.7254e-08
-1.169e-06
2.22503e-08
-1.17576e-06
1.72441e-08
-1.18034e-06
1.22618e-08
-1.18298e-06
7.31586e-09
2.40412e-09
6.57908e-07
2.42416e-09
6.55985e-07
7.2931e-09
6.52699e-07
1.21499e-08
6.4794e-07
1.70111e-08
6.41547e-07
2.18862e-08
6.33297e-07
2.67778e-08
6.229e-07
3.16837e-08
6.10016e-07
3.65906e-08
5.94299e-07
4.14582e-08
5.75481e-07
4.61987e-08
5.53569e-07
5.06851e-08
5.28843e-07
5.47595e-08
5.01862e-07
5.82603e-08
4.73365e-07
6.1062e-08
4.4413e-07
6.3101e-08
4.14852e-07
6.43805e-08
3.86069e-07
6.49578e-08
3.58151e-07
6.49238e-08
3.31319e-07
6.43834e-08
3.05682e-07
6.34418e-08
2.81271e-07
6.2196e-08
2.58068e-07
6.07315e-08
2.36028e-07
5.91206e-08
2.15089e-07
5.74232e-08
1.95185e-07
5.56874e-08
1.76246e-07
5.3951e-08
1.58209e-07
5.22432e-08
1.41009e-07
5.05854e-08
1.24591e-07
4.89929e-08
1.08899e-07
4.74761e-08
9.38855e-08
4.60411e-08
7.95045e-08
4.46911e-08
6.57016e-08
4.34253e-08
5.24376e-08
4.22398e-08
3.96792e-08
4.11324e-08
2.73956e-08
4.01003e-08
1.55582e-08
3.91399e-08
4.14067e-09
3.82477e-08
-6.88148e-09
3.742e-08
-1.75311e-08
3.66528e-08
-2.78297e-08
3.59427e-08
-3.77974e-08
3.52862e-08
-4.74532e-08
3.468e-08
-5.68154e-08
3.4121e-08
-6.59012e-08
3.36064e-08
-7.47274e-08
3.31333e-08
-8.33102e-08
3.26993e-08
-9.1666e-08
3.23022e-08
-9.98082e-08
3.19406e-08
-1.07752e-07
3.1612e-08
-1.15511e-07
3.13149e-08
-1.23099e-07
3.10484e-08
-1.30528e-07
3.08121e-08
-1.37808e-07
3.0607e-08
-1.44945e-07
3.0436e-08
-1.51947e-07
3.03079e-08
-1.58989e-07
3.0214e-08
-1.65931e-07
3.01873e-08
-1.72822e-07
3.02583e-08
-1.79704e-07
3.04578e-08
-1.86635e-07
3.0856e-08
-1.93706e-07
3.15856e-08
-2.01173e-07
3.27882e-08
-2.0923e-07
3.43479e-08
-2.1804e-07
3.61822e-08
-2.2775e-07
3.82486e-08
-2.38509e-07
4.0522e-08
-2.50464e-07
4.29862e-08
-2.63771e-07
4.56301e-08
-2.78595e-07
4.84451e-08
-2.95113e-07
5.14222e-08
-3.13517e-07
5.45502e-08
-3.33996e-07
5.78124e-08
-3.56752e-07
6.11784e-08
-3.8198e-07
6.461e-08
-4.09876e-07
6.80581e-08
-4.40823e-07
7.14871e-08
-4.75177e-07
7.48899e-08
-5.13054e-07
7.81649e-08
-5.54617e-07
8.11759e-08
-5.99907e-07
8.37886e-08
-6.48787e-07
8.58487e-08
-7.00864e-07
8.71894e-08
-7.55407e-07
8.76461e-08
-8.11292e-07
8.70779e-08
-8.66999e-07
8.53939e-08
-9.20726e-07
8.25784e-08
-9.70632e-07
7.87047e-08
-1.01517e-06
7.39267e-08
-1.05333e-06
6.84269e-08
-1.08502e-06
6.243e-08
-1.1107e-06
5.61361e-08
-1.13112e-06
4.9669e-08
-1.14713e-06
4.30948e-08
-1.1595e-06
3.64497e-08
-1.16886e-06
2.97636e-08
-1.17568e-06
2.30718e-08
-1.18031e-06
1.64087e-08
-1.18297e-06
9.79209e-09
3.21705e-09
6.5791e-07
3.02813e-09
6.55993e-07
9.10974e-09
6.52715e-07
1.51774e-08
6.47966e-07
2.12517e-08
6.41585e-07
2.7345e-08
6.33347e-07
3.34605e-08
6.22963e-07
3.95956e-08
6.10091e-07
4.57338e-08
5.94386e-07
5.18246e-08
5.75579e-07
5.77577e-08
5.53676e-07
6.33731e-08
5.28959e-07
6.84728e-08
5.01985e-07
7.28541e-08
4.73494e-07
7.63594e-08
4.44266e-07
7.89089e-08
4.14994e-07
8.05066e-08
3.86219e-07
8.12245e-08
3.58311e-07
8.11767e-08
3.31491e-07
8.04948e-08
3.05869e-07
7.93108e-08
2.81477e-07
7.77465e-08
2.58296e-07
7.5909e-08
2.3628e-07
7.38892e-08
2.15369e-07
7.1762e-08
1.95494e-07
6.95877e-08
1.76588e-07
6.74137e-08
1.58583e-07
6.52762e-08
1.41419e-07
6.32021e-08
1.25036e-07
6.12105e-08
1.09381e-07
5.9314e-08
9.44044e-08
5.75205e-08
8.00606e-08
5.58335e-08
6.62958e-08
5.42524e-08
5.30699e-08
5.27721e-08
4.03495e-08
5.13896e-08
2.81038e-08
5.01014e-08
1.63042e-08
4.89031e-08
4.92432e-09
4.77901e-08
-6.06054e-09
4.67578e-08
-1.66733e-08
4.58014e-08
-2.69356e-08
4.49165e-08
-3.68676e-08
4.40987e-08
-4.64887e-08
4.33439e-08
-5.58172e-08
4.26484e-08
-6.48705e-08
4.20085e-08
-7.36652e-08
4.1421e-08
-8.22167e-08
4.08827e-08
-9.05378e-08
4.03904e-08
-9.86512e-08
3.99409e-08
-1.06569e-07
3.95326e-08
-1.14303e-07
3.9164e-08
-1.21869e-07
3.88338e-08
-1.2928e-07
3.85415e-08
-1.36551e-07
3.82881e-08
-1.43691e-07
3.80772e-08
-1.50732e-07
3.79221e-08
-1.57702e-07
3.78161e-08
-1.64608e-07
3.77901e-08
-1.71477e-07
3.7882e-08
-1.78342e-07
3.81343e-08
-1.85253e-07
3.86357e-08
-1.92295e-07
3.95528e-08
-1.99729e-07
4.10616e-08
-2.0775e-07
4.30147e-08
-2.1652e-07
4.53115e-08
-2.26191e-07
4.78987e-08
-2.36909e-07
5.07449e-08
-2.48825e-07
5.38296e-08
-2.62094e-07
5.71393e-08
-2.76881e-07
6.06628e-08
-2.93365e-07
6.43894e-08
-3.11737e-07
6.83049e-08
-3.32188e-07
7.23887e-08
-3.5492e-07
7.66026e-08
-3.80127e-07
8.08992e-08
-4.08012e-07
8.52176e-08
-4.38947e-07
8.95135e-08
-4.73297e-07
9.37778e-08
-5.11176e-07
9.78822e-08
-5.52747e-07
1.01658e-07
-5.98054e-07
1.04937e-07
-6.46961e-07
1.07526e-07
-6.9908e-07
1.09216e-07
-7.53683e-07
1.09802e-07
-8.09648e-07
1.09106e-07
-8.65456e-07
1.07013e-07
-9.19307e-07
1.03502e-07
-9.69354e-07
9.86643e-08
-1.01404e-06
9.26911e-08
-1.05236e-06
8.58094e-08
-1.08421e-06
7.83029e-08
-1.11003e-06
7.04217e-08
-1.1306e-06
6.23211e-08
-1.14673e-06
5.40838e-08
-1.15922e-06
4.57547e-08
-1.16867e-06
3.7371e-08
-1.17557e-06
2.89763e-08
-1.18026e-06
2.06132e-08
-1.18296e-06
1.23047e-08
4.04653e-09
6.57913e-07
3.62923e-09
6.56003e-07
1.09196e-08
6.52734e-07
1.81951e-08
6.47998e-07
2.54805e-08
6.41631e-07
3.27907e-08
6.33408e-07
4.01299e-08
6.23038e-07
4.74953e-08
6.10182e-07
5.48671e-08
5.94491e-07
6.21843e-08
5.75698e-07
6.93139e-08
5.53807e-07
7.60627e-08
5.291e-07
8.21921e-08
5.02136e-07
8.74577e-08
4.73654e-07
9.16697e-08
4.44435e-07
9.47318e-08
4.15173e-07
9.66488e-08
3.8641e-07
9.75074e-08
3.58515e-07
9.7445e-08
3.31712e-07
9.66203e-08
3.06111e-07
9.51921e-08
2.81742e-07
9.33074e-08
2.58589e-07
9.10951e-08
2.36605e-07
8.86647e-08
2.15729e-07
8.61062e-08
1.95892e-07
8.34922e-08
1.77025e-07
8.08797e-08
1.59063e-07
7.8312e-08
1.41942e-07
7.58214e-08
1.25604e-07
7.34305e-08
1.09994e-07
7.11545e-08
9.50639e-08
6.90024e-08
8.07667e-08
6.69788e-08
6.70496e-08
6.50828e-08
5.38715e-08
6.33082e-08
4.11989e-08
6.16511e-08
2.9001e-08
6.01074e-08
1.72492e-08
5.86717e-08
5.91689e-09
5.73386e-08
-5.02054e-09
5.61024e-08
-1.55861e-08
5.49574e-08
-2.58015e-08
5.38984e-08
-3.56872e-08
5.29201e-08
-4.52624e-08
5.20177e-08
-5.45457e-08
5.11864e-08
-6.35549e-08
5.04221e-08
-7.2307e-08
4.97208e-08
-8.08189e-08
4.90786e-08
-8.91074e-08
4.84919e-08
-9.71848e-08
4.79574e-08
-1.05067e-07
4.74725e-08
-1.1277e-07
4.70352e-08
-1.20307e-07
4.66439e-08
-1.27694e-07
4.62984e-08
-1.34944e-07
4.59996e-08
-1.42069e-07
4.57526e-08
-1.49097e-07
4.55738e-08
-1.56042e-07
4.54544e-08
-1.62923e-07
4.54308e-08
-1.69768e-07
4.55475e-08
-1.76609e-07
4.5856e-08
-1.83493e-07
4.6464e-08
-1.90497e-07
4.75721e-08
-1.97888e-07
4.93912e-08
-2.0586e-07
5.17409e-08
-2.1458e-07
5.45034e-08
-2.242e-07
5.76149e-08
-2.34868e-07
6.10376e-08
-2.46734e-07
6.47468e-08
-2.59955e-07
6.87261e-08
-2.74698e-07
7.29626e-08
-2.9114e-07
7.74433e-08
-3.09474e-07
8.21514e-08
-3.29892e-07
8.70621e-08
-3.52596e-07
9.21295e-08
-3.77781e-07
9.72971e-08
-4.05654e-07
1.02492e-07
-4.36578e-07
1.07663e-07
-4.70926e-07
1.12797e-07
-5.0881e-07
1.1774e-07
-5.50393e-07
1.22289e-07
-5.95724e-07
1.26245e-07
-6.4467e-07
1.29374e-07
-6.96845e-07
1.31425e-07
-7.51526e-07
1.32151e-07
-8.07593e-07
1.31336e-07
-8.63532e-07
1.28842e-07
-9.17539e-07
1.2464e-07
-9.67763e-07
1.18839e-07
-1.01264e-06
1.11668e-07
-1.05115e-06
1.03397e-07
-1.0832e-06
9.43712e-08
-1.10921e-06
8.48911e-08
-1.12995e-06
7.51435e-08
-1.14625e-06
6.52276e-08
-1.15887e-06
5.51969e-08
-1.16844e-06
4.50956e-08
-1.17544e-06
3.49755e-08
-1.1802e-06
2.48886e-08
-1.18294e-06
1.48615e-08
4.89114e-09
6.57916e-07
4.22723e-09
6.56013e-07
1.27221e-08
6.52756e-07
2.12022e-08
6.48033e-07
2.96964e-08
6.41681e-07
3.82224e-08
6.33475e-07
4.67857e-08
6.23122e-07
5.53828e-08
6.10283e-07
6.39909e-08
5.94609e-07
7.25384e-08
5.75832e-07
8.08696e-08
5.53957e-07
8.8757e-08
5.29264e-07
9.59211e-08
5.02313e-07
1.02076e-07
4.73844e-07
1.06998e-07
4.44638e-07
1.10575e-07
4.1539e-07
1.12812e-07
3.86642e-07
1.13812e-07
3.58765e-07
1.13734e-07
3.31984e-07
1.12765e-07
3.06409e-07
1.1109e-07
2.82071e-07
1.08883e-07
2.58952e-07
1.06294e-07
2.37007e-07
1.03451e-07
2.16172e-07
1.00459e-07
1.96381e-07
9.74044e-08
1.77562e-07
9.43523e-08
1.59651e-07
9.13538e-08
1.42582e-07
8.84462e-08
1.26297e-07
8.56559e-08
1.10742e-07
8.30003e-08
9.58665e-08
8.04899e-08
8.1625e-08
7.81297e-08
6.7965e-08
7.5919e-08
5.48444e-08
7.38504e-08
4.22297e-08
7.19192e-08
3.00898e-08
7.01202e-08
1.83961e-08
6.84476e-08
7.12201e-09
6.68947e-08
-3.75716e-09
6.54551e-08
-1.42646e-08
6.41222e-08
-2.44221e-08
6.28897e-08
-3.42503e-08
6.17518e-08
-4.37688e-08
6.07026e-08
-5.29964e-08
5.97368e-08
-6.19511e-08
5.88494e-08
-7.06506e-08
5.80357e-08
-7.91125e-08
5.72912e-08
-8.73557e-08
5.66118e-08
-9.53877e-08
5.59949e-08
-1.03227e-07
5.54362e-08
-1.10889e-07
5.49332e-08
-1.18389e-07
5.44841e-08
-1.25742e-07
5.40886e-08
-1.32964e-07
5.3748e-08
-1.40062e-07
5.34683e-08
-1.47066e-07
5.32682e-08
-1.53987e-07
5.31377e-08
-1.60843e-07
5.31185e-08
-1.67664e-07
5.32629e-08
-1.74479e-07
5.36311e-08
-1.8133e-07
5.43495e-08
-1.88288e-07
5.56532e-08
-1.95625e-07
5.77877e-08
-2.03538e-07
6.05384e-08
-2.12197e-07
6.37713e-08
-2.21755e-07
6.74122e-08
-2.32362e-07
7.14164e-08
-2.44169e-07
7.57552e-08
-2.57334e-07
8.04095e-08
-2.72023e-07
8.53644e-08
-2.88417e-07
9.06054e-08
-3.06708e-07
9.61125e-08
-3.27088e-07
1.01857e-07
-3.4976e-07
1.07785e-07
-3.74921e-07
1.13831e-07
-4.02783e-07
1.19911e-07
-4.33695e-07
1.25965e-07
-4.68043e-07
1.3198e-07
-5.05934e-07
1.3777e-07
-5.47535e-07
1.43104e-07
-5.92897e-07
1.47748e-07
-6.41891e-07
1.5143e-07
-6.94135e-07
1.53857e-07
-7.48912e-07
1.54736e-07
-8.05106e-07
1.53815e-07
-8.61206e-07
1.50929e-07
-9.15404e-07
1.46044e-07
-9.65845e-07
1.39281e-07
-1.01095e-06
1.30907e-07
-1.04971e-06
1.21237e-07
-1.08199e-06
1.10679e-07
-1.10823e-06
9.95852e-08
-1.12918e-06
8.81733e-08
-1.14567e-06
7.65597e-08
-1.15846e-06
6.48061e-08
-1.16818e-06
5.2963e-08
-1.17529e-06
4.10902e-08
-1.18013e-06
2.92479e-08
-1.18293e-06
1.74684e-08
5.74722e-09
6.57919e-07
4.82232e-09
6.56023e-07
1.45173e-08
6.52777e-07
2.41987e-08
6.48068e-07
3.38997e-08
6.41732e-07
4.36408e-08
6.33543e-07
5.34288e-08
6.23209e-07
6.326e-08
6.10388e-07
7.31081e-08
5.94733e-07
8.28909e-08
5.75974e-07
9.24294e-08
5.54117e-07
1.01461e-07
5.29443e-07
1.09666e-07
5.02509e-07
1.16714e-07
4.74057e-07
1.2235e-07
4.44868e-07
1.26445e-07
4.15638e-07
1.29004e-07
3.8691e-07
1.30144e-07
3.59057e-07
1.30049e-07
3.32303e-07
1.28934e-07
3.06759e-07
1.27011e-07
2.82458e-07
1.24479e-07
2.5938e-07
1.21511e-07
2.3748e-07
1.18253e-07
2.16695e-07
1.14827e-07
1.96956e-07
1.1133e-07
1.78194e-07
1.07837e-07
1.6034e-07
1.04407e-07
1.43331e-07
1.01082e-07
1.27107e-07
9.78916e-08
1.11615e-07
9.48561e-08
9.68035e-08
9.1987e-08
8.26267e-08
8.92899e-08
6.90336e-08
8.67643e-08
5.59805e-08
8.44016e-08
4.34341e-08
8.21961e-08
3.13632e-08
8.01418e-08
1.97392e-08
7.82321e-08
8.53517e-09
7.64596e-08
-2.27372e-09
7.48168e-08
-1.27104e-08
7.32958e-08
-2.27974e-08
7.18906e-08
-3.25555e-08
7.05938e-08
-4.20046e-08
6.93989e-08
-5.1164e-08
6.83001e-08
-6.00519e-08
6.72917e-08
-6.86862e-08
6.63683e-08
-7.70839e-08
6.55249e-08
-8.526e-08
6.47564e-08
-9.32333e-08
6.40585e-08
-1.01018e-07
6.34278e-08
-1.0863e-07
6.28615e-08
-1.16083e-07
6.23577e-08
-1.23394e-07
6.19158e-08
-1.30577e-07
6.15371e-08
-1.37641e-07
6.12286e-08
-1.44613e-07
6.10108e-08
-1.51505e-07
6.08727e-08
-1.58334e-07
6.08616e-08
-1.65128e-07
6.10376e-08
-1.71913e-07
6.14692e-08
-1.78729e-07
6.23022e-08
-1.85633e-07
6.38062e-08
-1.92905e-07
6.62621e-08
-2.00748e-07
6.94193e-08
-2.09333e-07
7.31288e-08
-2.18818e-07
7.73057e-08
-2.29353e-07
8.18984e-08
-2.41092e-07
8.68736e-08
-2.54191e-07
9.22096e-08
-2.6882e-07
9.78898e-08
-2.8516e-07
1.03899e-07
-3.03403e-07
1.10213e-07
-3.23742e-07
1.16799e-07
-3.4638e-07
1.23595e-07
-3.71516e-07
1.30528e-07
-3.99367e-07
1.37502e-07
-4.30268e-07
1.44452e-07
-4.6462e-07
1.5136e-07
-5.02526e-07
1.58011e-07
-5.44151e-07
1.64145e-07
-5.89556e-07
1.69492e-07
-6.38613e-07
1.73742e-07
-6.90946e-07
1.76559e-07
-7.45843e-07
1.77607e-07
-8.02193e-07
1.76595e-07
-8.58485e-07
1.73328e-07
-9.12911e-07
1.67764e-07
-9.63609e-07
1.6004e-07
-1.00899e-06
1.50459e-07
-1.04803e-06
1.39378e-07
-1.08059e-06
1.27271e-07
-1.10709e-06
1.14543e-07
-1.12828e-06
1.01445e-07
-1.14499e-06
8.81102e-08
-1.15798e-06
7.46078e-08
-1.16786e-06
6.0995e-08
-1.17511e-06
4.73388e-08
-1.18005e-06
3.37063e-08
-1.18291e-06
2.0136e-08
6.6242e-09
6.57922e-07
5.41445e-09
6.56034e-07
1.6305e-08
6.528e-07
2.71844e-08
6.48106e-07
3.80906e-08
6.41786e-07
4.9047e-08
6.33614e-07
6.00613e-08
6.23299e-07
7.113e-08
6.10497e-07
8.22229e-08
5.94863e-07
9.32471e-08
5.76127e-07
1.04e-07
5.54292e-07
1.14184e-07
5.29638e-07
1.23436e-07
5.02725e-07
1.31383e-07
4.74294e-07
1.37738e-07
4.45125e-07
1.42353e-07
4.15916e-07
1.45234e-07
3.87212e-07
1.46515e-07
3.59386e-07
1.46402e-07
3.32663e-07
1.45138e-07
3.07155e-07
1.42965e-07
2.82895e-07
1.40105e-07
2.59864e-07
1.36755e-07
2.38015e-07
1.3308e-07
2.17286e-07
1.29217e-07
1.97606e-07
1.25276e-07
1.78905e-07
1.21341e-07
1.61116e-07
1.17479e-07
1.44174e-07
1.13735e-07
1.2802e-07
1.10144e-07
1.12598e-07
1.06728e-07
9.78586e-08
1.03499e-07
8.37557e-08
1.00464e-07
7.02394e-08
9.76226e-08
5.72648e-08
9.49648e-08
4.47983e-08
9.24839e-08
3.28089e-08
9.01733e-08
2.12678e-08
8.80255e-08
1.01483e-08
8.60322e-08
-5.74684e-10
8.41852e-08
-1.09257e-08
8.24768e-08
-2.09261e-08
8.08981e-08
-3.05972e-08
7.94422e-08
-3.99594e-08
7.81019e-08
-4.90324e-08
7.68706e-08
-5.78353e-08
7.57419e-08
-6.63868e-08
7.47101e-08
-7.47057e-08
7.37698e-08
-8.28101e-08
7.29159e-08
-9.07108e-08
7.21396e-08
-9.84254e-08
7.14409e-08
-1.05971e-07
7.0816e-08
-1.13363e-07
7.02624e-08
-1.20618e-07
6.9779e-08
-1.27751e-07
6.93674e-08
-1.3477e-07
6.9036e-08
-1.41702e-07
6.8806e-08
-1.48559e-07
6.86661e-08
-1.55355e-07
6.86686e-08
-1.62118e-07
6.88816e-08
-1.68868e-07
6.93818e-08
-1.75641e-07
7.03345e-08
-1.82481e-07
7.20438e-08
-1.89677e-07
7.48273e-08
-1.97438e-07
7.8398e-08
-2.05939e-07
8.25917e-08
-2.1534e-07
8.73126e-08
-2.25794e-07
9.25025e-08
-2.37454e-07
9.81225e-08
-2.50481e-07
1.04148e-07
-2.65041e-07
1.10561e-07
-2.8132e-07
1.17349e-07
-2.99511e-07
1.2448e-07
-3.19807e-07
1.31916e-07
-3.4241e-07
1.3959e-07
-3.67522e-07
1.4742e-07
-3.95366e-07
1.55301e-07
-4.2626e-07
1.6316e-07
-4.60623e-07
1.70975e-07
-4.98553e-07
1.78501e-07
-5.40222e-07
1.8545e-07
-5.85684e-07
1.91519e-07
-6.34823e-07
1.96357e-07
-6.87267e-07
1.99584e-07
-7.42311e-07
2.00819e-07
-7.98849e-07
1.9973e-07
-8.5537e-07
1.96095e-07
-9.10066e-07
1.89859e-07
-9.61063e-07
1.81172e-07
-1.00676e-06
1.70376e-07
-1.04612e-06
1.57868e-07
-1.07899e-06
1.44193e-07
-1.1058e-06
1.29808e-07
-1.12727e-06
1.14998e-07
-1.14423e-06
9.9912e-08
-1.15744e-06
8.46289e-08
-1.16751e-06
6.92116e-08
-1.1749e-06
5.37351e-08
-1.17996e-06
3.82749e-08
-1.18288e-06
2.28725e-08
7.52764e-09
6.57925e-07
6.00393e-09
6.56045e-07
1.80854e-08
6.52822e-07
3.01601e-08
6.48142e-07
4.22705e-08
6.41839e-07
5.44431e-08
6.33685e-07
6.66869e-08
6.23388e-07
7.89979e-08
6.10607e-07
9.13423e-08
5.94995e-07
1.03616e-07
5.76283e-07
1.15592e-07
5.54472e-07
1.26936e-07
5.29842e-07
1.37243e-07
5.02953e-07
1.46097e-07
4.74545e-07
1.53175e-07
4.45398e-07
1.58313e-07
4.16213e-07
1.61519e-07
3.87535e-07
1.62939e-07
3.59738e-07
1.62807e-07
3.33049e-07
1.61392e-07
3.07581e-07
1.58964e-07
2.83365e-07
1.55773e-07
2.60384e-07
1.52038e-07
2.3859e-07
1.47944e-07
2.17919e-07
1.43642e-07
1.98303e-07
1.39255e-07
1.79669e-07
1.34877e-07
1.6195e-07
1.3058e-07
1.45081e-07
1.26416e-07
1.29002e-07
1.22423e-07
1.13658e-07
1.18624e-07
9.89996e-08
1.15033e-07
8.498e-08
1.11658e-07
7.15512e-08
1.08498e-07
5.86669e-08
1.05543e-07
4.62934e-08
1.02784e-07
3.43997e-08
1.00215e-07
2.2957e-08
9.78264e-08
1.19381e-08
9.56104e-08
1.31775e-09
9.35575e-08
-8.92764e-09
9.16589e-08
-1.88212e-08
8.99058e-08
-2.83846e-08
8.829e-08
-3.76384e-08
8.68035e-08
-4.6603e-08
8.54391e-08
-5.52981e-08
8.41896e-08
-6.37439e-08
8.30483e-08
-7.19621e-08
8.2009e-08
-7.99807e-08
8.1067e-08
-8.77865e-08
8.0222e-08
-9.5409e-08
7.94645e-08
-1.02868e-07
7.8789e-08
-1.10181e-07
7.8193e-08
-1.17365e-07
7.76755e-08
-1.24433e-07
7.72381e-08
-1.31394e-07
7.68912e-08
-1.38276e-07
7.6656e-08
-1.45087e-07
7.65215e-08
-1.51845e-07
7.65449e-08
-1.58571e-07
7.68018e-08
-1.65281e-07
7.73776e-08
-1.72004e-07
7.84567e-08
-1.7877e-07
8.0377e-08
-1.85877e-07
8.34949e-08
-1.93543e-07
8.74877e-08
-2.01947e-07
9.21748e-08
-2.11251e-07
9.74495e-08
-2.21612e-07
1.03247e-07
-2.33185e-07
1.09522e-07
-2.46132e-07
1.16249e-07
-2.60622e-07
1.23407e-07
-2.7684e-07
1.30985e-07
-2.94978e-07
1.38944e-07
-3.1523e-07
1.47241e-07
-3.37801e-07
1.55805e-07
-3.62895e-07
1.64544e-07
-3.90736e-07
1.73346e-07
-4.21634e-07
1.82129e-07
-4.56018e-07
1.90868e-07
-4.93984e-07
1.99286e-07
-5.35712e-07
2.07069e-07
-5.81253e-07
2.1388e-07
-6.30497e-07
2.19328e-07
-6.83082e-07
2.22987e-07
-7.38306e-07
2.2443e-07
-7.95069e-07
2.23283e-07
-8.51862e-07
2.19291e-07
-9.0687e-07
2.12389e-07
-9.58212e-07
2.02738e-07
-1.00427e-06
1.90716e-07
-1.044e-06
1.76759e-07
-1.07722e-06
1.61491e-07
-1.10437e-06
1.4542e-07
-1.12615e-06
1.28866e-07
-1.14339e-06
1.11997e-07
-1.15684e-06
9.48975e-08
-1.16712e-06
7.76378e-08
-1.17468e-06
6.02992e-08
-1.17986e-06
4.29659e-08
-1.18286e-06
2.56841e-08
8.45627e-09
6.57928e-07
6.59005e-09
6.56058e-07
1.98577e-08
6.52847e-07
3.31257e-08
6.48182e-07
4.64408e-08
6.41895e-07
5.98323e-08
6.33758e-07
7.33106e-08
6.23479e-07
8.68711e-08
6.10718e-07
1.00476e-07
5.95128e-07
1.14009e-07
5.7644e-07
1.27221e-07
5.54655e-07
1.39736e-07
5.3005e-07
1.51108e-07
5.03184e-07
1.60876e-07
4.74797e-07
1.68684e-07
4.45673e-07
1.74348e-07
4.1651e-07
1.77879e-07
3.87856e-07
1.79437e-07
3.60087e-07
1.79283e-07
3.33431e-07
1.77714e-07
3.08002e-07
1.75028e-07
2.8383e-07
1.71503e-07
2.60899e-07
1.6738e-07
2.3916e-07
1.62862e-07
2.1855e-07
1.58119e-07
1.98998e-07
1.53283e-07
1.80434e-07
1.48458e-07
1.62787e-07
1.43723e-07
1.45995e-07
1.39136e-07
1.29997e-07
1.34737e-07
1.14738e-07
1.30552e-07
1.00168e-07
1.26596e-07
8.6242e-08
1.22876e-07
7.29132e-08
1.19392e-07
6.01334e-08
1.16135e-07
4.78693e-08
1.13094e-07
3.60897e-08
1.10262e-07
2.47654e-08
1.07629e-07
1.3869e-08
1.05186e-07
3.37466e-09
1.02924e-07
-6.7422e-09
1.00833e-07
-1.65052e-08
9.89036e-08
-2.59369e-08
9.71271e-08
-3.50594e-08
9.54953e-08
-4.38938e-08
9.40002e-08
-5.24599e-08
9.26343e-08
-6.07764e-08
9.13905e-08
-6.88584e-08
9.02619e-08
-7.67137e-08
8.9242e-08
-8.43954e-08
8.83252e-08
-9.1908e-08
8.75065e-08
-9.9265e-08
8.67812e-08
-1.06482e-07
8.61463e-08
-1.13576e-07
8.56002e-08
-1.20563e-07
8.51442e-08
-1.2745e-07
8.47902e-08
-1.34266e-07
8.45589e-08
-1.4102e-07
8.44394e-08
-1.47727e-07
8.44935e-08
-1.54407e-07
8.48038e-08
-1.61069e-07
8.54642e-08
-1.67732e-07
8.66779e-08
-1.74412e-07
8.88155e-08
-1.81418e-07
9.22755e-08
-1.88975e-07
9.67012e-08
-1.97269e-07
1.01893e-07
-2.06466e-07
1.07733e-07
-2.16723e-07
1.1415e-07
-2.28202e-07
1.21095e-07
-2.41064e-07
1.28538e-07
-2.55481e-07
1.36457e-07
-2.71636e-07
1.44837e-07
-2.89721e-07
1.53636e-07
-3.09932e-07
1.62807e-07
-3.32476e-07
1.72276e-07
-3.57561e-07
1.81942e-07
-3.85412e-07
1.91683e-07
-4.16335e-07
2.0141e-07
-4.50757e-07
2.11094e-07
-4.88776e-07
2.20426e-07
-5.30581e-07
2.29065e-07
-5.76229e-07
2.3664e-07
-6.25612e-07
2.4272e-07
-6.78374e-07
2.46835e-07
-7.33821e-07
2.48509e-07
-7.90857e-07
2.47324e-07
-8.47974e-07
2.4299e-07
-9.03351e-07
2.35427e-07
-9.55093e-07
2.24807e-07
-1.00157e-06
2.11543e-07
-1.0417e-06
1.96111e-07
-1.07533e-06
1.79215e-07
-1.10284e-06
1.61421e-07
-1.12495e-06
1.43083e-07
-1.14249e-06
1.24387e-07
-1.1562e-06
1.0543e-07
-1.1667e-06
8.62851e-08
-1.17444e-06
6.70413e-08
-1.17974e-06
4.77881e-08
-1.18283e-06
2.85781e-08
9.41447e-09
6.57932e-07
7.1732e-09
6.56069e-07
2.16227e-08
6.52871e-07
3.60825e-08
6.4822e-07
5.06037e-08
6.41948e-07
6.52187e-08
6.33826e-07
7.9939e-08
6.23564e-07
9.47592e-08
6.1082e-07
1.09637e-07
5.9525e-07
1.24444e-07
5.76585e-07
1.38905e-07
5.54823e-07
1.52606e-07
5.3024e-07
1.65055e-07
5.03393e-07
1.75748e-07
4.75024e-07
1.84291e-07
4.45914e-07
1.90486e-07
4.16767e-07
1.94342e-07
3.8813e-07
1.96038e-07
3.60383e-07
1.95859e-07
3.33754e-07
1.94131e-07
3.08357e-07
1.91184e-07
2.84224e-07
1.8732e-07
2.61337e-07
1.82804e-07
2.39649e-07
1.77859e-07
2.19096e-07
1.72669e-07
1.99606e-07
1.6738e-07
1.81109e-07
1.62104e-07
1.63537e-07
1.56927e-07
1.46824e-07
1.51911e-07
1.30911e-07
1.471e-07
1.15745e-07
1.42522e-07
1.01274e-07
1.38193e-07
8.74545e-08
1.34121e-07
7.42406e-08
1.30306e-07
6.15838e-08
1.26739e-07
4.94502e-08
1.23408e-07
3.78083e-08
1.20305e-07
2.66288e-08
1.17421e-07
1.58835e-08
1.14745e-07
5.54612e-09
1.12268e-07
-4.40893e-09
1.09979e-07
-1.40061e-08
1.07869e-07
-2.3269e-08
1.05929e-07
-3.22207e-08
1.04149e-07
-4.08832e-08
1.02522e-07
-4.92777e-08
1.01039e-07
-5.74244e-08
9.96919e-08
-6.53419e-08
9.8473e-08
-7.30485e-08
9.73748e-08
-8.05723e-08
9.63946e-08
-8.79319e-08
9.55244e-08
-9.51445e-08
9.47591e-08
-1.02227e-07
9.40954e-08
-1.09198e-07
9.35312e-08
-1.16073e-07
9.30678e-08
-1.22861e-07
9.27189e-08
-1.29588e-07
9.25038e-08
-1.36266e-07
9.2412e-08
-1.42907e-07
9.25096e-08
-1.49527e-07
9.28863e-08
-1.56129e-07
9.36435e-08
-1.62722e-07
9.50025e-08
-1.69304e-07
9.73645e-08
-1.76194e-07
1.01177e-07
-1.83628e-07
1.06048e-07
-1.91798e-07
1.11759e-07
-2.00874e-07
1.1818e-07
-2.11018e-07
1.25231e-07
-2.22392e-07
1.32862e-07
-2.35163e-07
1.4104e-07
-2.49505e-07
1.49737e-07
-2.65595e-07
1.58935e-07
-2.83628e-07
1.68589e-07
-3.03804e-07
1.78654e-07
-3.26333e-07
1.89047e-07
-3.51422e-07
1.99661e-07
-3.793e-07
2.10362e-07
-4.1027e-07
2.21055e-07
-4.44755e-07
2.31707e-07
-4.8287e-07
2.41976e-07
-5.24785e-07
2.51497e-07
-5.70577e-07
2.59863e-07
-6.20143e-07
2.66606e-07
-6.73132e-07
2.71205e-07
-7.28857e-07
2.73136e-07
-7.86226e-07
2.71933e-07
-8.43728e-07
2.67272e-07
-8.99536e-07
2.59052e-07
-9.51737e-07
2.47453e-07
-9.98682e-07
2.32925e-07
-1.03927e-06
2.15982e-07
-1.07333e-06
1.97417e-07
-1.10124e-06
1.77851e-07
-1.12372e-06
1.5768e-07
-1.14157e-06
1.37111e-07
-1.15556e-06
1.16245e-07
-1.16628e-06
9.51651e-08
-1.1742e-06
7.39652e-08
-1.17963e-06
5.27421e-08
-1.1828e-06
3.15533e-08
1.04014e-08
6.57936e-07
7.75248e-09
6.56084e-07
2.3379e-08
6.529e-07
3.90295e-08
6.48265e-07
5.47597e-08
6.42009e-07
7.06049e-08
6.33904e-07
8.65779e-08
6.23656e-07
1.02672e-07
6.10927e-07
1.1884e-07
5.95374e-07
1.3494e-07
5.76725e-07
1.50671e-07
5.54976e-07
1.65576e-07
5.30401e-07
1.7912e-07
5.03558e-07
1.90751e-07
4.75187e-07
2.00039e-07
4.46073e-07
2.06769e-07
4.16921e-07
2.10952e-07
3.88283e-07
2.12784e-07
3.60538e-07
2.12575e-07
3.33919e-07
2.10684e-07
3.08538e-07
2.07468e-07
2.8443e-07
2.03258e-07
2.61577e-07
1.98343e-07
2.39929e-07
1.92964e-07
2.19424e-07
1.87321e-07
1.9999e-07
1.8157e-07
1.81558e-07
1.75835e-07
1.64058e-07
1.70207e-07
1.47427e-07
1.64754e-07
1.31606e-07
1.59521e-07
1.16542e-07
1.54539e-07
1.02184e-07
1.49826e-07
8.84876e-08
1.4539e-07
7.54067e-08
1.41232e-07
6.28976e-08
1.37344e-07
5.09224e-08
1.33712e-07
3.94495e-08
1.30327e-07
2.84489e-08
1.27181e-07
1.7892e-08
1.24262e-07
7.75131e-09
1.21561e-07
-1.99973e-09
1.19068e-07
-1.13868e-08
1.16771e-07
-2.04353e-08
1.14662e-07
-2.91698e-08
1.12731e-07
-3.7615e-08
1.10971e-07
-4.57946e-08
1.09372e-07
-5.37312e-08
1.07927e-07
-6.14424e-08
1.06629e-07
-6.89216e-08
1.0546e-07
-7.62423e-08
1.04415e-07
-8.34089e-08
1.03495e-07
-9.04372e-08
1.02696e-07
-9.7346e-08
1.02012e-07
-1.04154e-07
1.0144e-07
-1.1088e-07
1.00982e-07
-1.17532e-07
1.00652e-07
-1.2414e-07
1.00468e-07
-1.30714e-07
1.0042e-07
-1.37265e-07
1.00579e-07
-1.43805e-07
1.01039e-07
-1.50331e-07
1.0191e-07
-1.56842e-07
1.03428e-07
-1.63313e-07
1.06023e-07
-1.7007e-07
1.10198e-07
-1.77364e-07
1.15529e-07
-1.85393e-07
1.21776e-07
-1.94334e-07
1.28796e-07
-2.04352e-07
1.36502e-07
-2.15614e-07
1.44841e-07
-2.28288e-07
1.53773e-07
-2.42548e-07
1.6327e-07
-2.58576e-07
1.73307e-07
-2.76568e-07
1.83841e-07
-2.96725e-07
1.94825e-07
-3.19256e-07
2.06167e-07
-3.44372e-07
2.17755e-07
-3.72302e-07
2.29448e-07
-4.03349e-07
2.41144e-07
-4.37935e-07
2.528e-07
-4.76175e-07
2.64038e-07
-5.18254e-07
2.7446e-07
-5.64243e-07
2.83641e-07
-6.14056e-07
2.91078e-07
-6.67345e-07
2.96192e-07
-7.23429e-07
2.9841e-07
-7.81217e-07
2.97214e-07
-8.39194e-07
2.92237e-07
-8.95519e-07
2.8336e-07
-9.48259e-07
2.70767e-07
-9.95729e-07
2.54932e-07
-1.03682e-06
2.36428e-07
-1.07134e-06
2.16133e-07
-1.09967e-06
1.9474e-07
-1.1225e-06
1.72678e-07
-1.14068e-06
1.50171e-07
-1.15493e-06
1.27341e-07
-1.16588e-06
1.04272e-07
-1.17397e-06
8.10661e-08
-1.17953e-06
5.78243e-08
-1.18277e-06
3.46065e-08
1.14164e-08
6.57939e-07
8.32888e-09
6.56098e-07
2.51273e-08
6.52929e-07
4.19673e-08
6.4831e-07
5.89109e-08
6.42069e-07
7.59966e-08
6.33974e-07
9.32381e-08
6.23734e-07
1.10627e-07
6.11008e-07
1.28109e-07
5.95455e-07
1.45529e-07
5.76804e-07
1.62558e-07
5.55046e-07
1.78692e-07
5.30457e-07
1.93351e-07
5.03591e-07
2.05936e-07
4.75191e-07
2.1598e-07
4.46045e-07
2.23251e-07
4.1686e-07
2.27761e-07
3.88192e-07
2.29725e-07
3.60424e-07
2.29481e-07
3.33788e-07
2.27418e-07
3.084e-07
2.23926e-07
2.84294e-07
2.19362e-07
2.61453e-07
2.14037e-07
2.39828e-07
2.08214e-07
2.19356e-07
2.02107e-07
1.99968e-07
1.95884e-07
1.81592e-07
1.89677e-07
1.64163e-07
1.83584e-07
1.47616e-07
1.77678e-07
1.31893e-07
1.72007e-07
1.16942e-07
1.66605e-07
1.02714e-07
1.6149e-07
8.91641e-08
1.56673e-07
7.62494e-08
1.52155e-07
6.39202e-08
1.47929e-07
5.21405e-08
1.43979e-07
4.08777e-08
1.40298e-07
3.01008e-08
1.36875e-07
1.97797e-08
1.33701e-07
9.88597e-09
1.30765e-07
3.91649e-10
1.28056e-07
-8.73033e-09
1.25564e-07
-1.7506e-08
1.23278e-07
-2.59612e-08
1.21189e-07
-3.41219e-08
1.19286e-07
-4.20153e-08
1.17562e-07
-4.9673e-08
1.16008e-07
-5.71405e-08
1.14618e-07
-6.43857e-08
1.13384e-07
-7.14405e-08
1.12297e-07
-7.8343e-08
1.11347e-07
-8.51192e-08
1.1053e-07
-9.17913e-08
1.09842e-07
-9.83798e-08
1.09279e-07
-1.04904e-07
1.08843e-07
-1.11372e-07
1.08549e-07
-1.17815e-07
1.08414e-07
-1.24243e-07
1.08429e-07
-1.30667e-07
1.08668e-07
-1.37094e-07
1.09229e-07
-1.43523e-07
1.10236e-07
-1.49937e-07
1.11934e-07
-1.56285e-07
1.14772e-07
-1.62894e-07
1.19322e-07
-1.70028e-07
1.25131e-07
-1.77898e-07
1.31935e-07
-1.86688e-07
1.39579e-07
-1.96568e-07
1.47966e-07
-2.07706e-07
1.57036e-07
-2.20272e-07
1.66748e-07
-2.34447e-07
1.77068e-07
-2.50425e-07
1.87967e-07
-2.6839e-07
1.99409e-07
-2.88542e-07
2.11344e-07
-3.1109e-07
2.23673e-07
-3.36248e-07
2.36272e-07
-3.64264e-07
2.48991e-07
-3.95453e-07
2.61719e-07
-4.30222e-07
2.74408e-07
-4.68693e-07
2.8666e-07
-5.10993e-07
2.98059e-07
-5.57205e-07
3.08116e-07
-6.0733e-07
3.16259e-07
-6.60992e-07
3.21903e-07
-7.17524e-07
3.24437e-07
-7.75826e-07
3.23268e-07
-8.34376e-07
3.17986e-07
-8.9132e-07
3.08445e-07
-9.44722e-07
2.94834e-07
-9.92753e-07
2.77648e-07
-1.03441e-06
2.57521e-07
-1.06942e-06
2.35427e-07
-1.09818e-06
2.12122e-07
-1.1214e-06
1.88082e-07
-1.13988e-06
1.63567e-07
-1.15438e-06
1.38706e-07
-1.16552e-06
1.13591e-07
-1.17377e-06
8.83266e-08
-1.17944e-06
6.30188e-08
-1.18275e-06
3.7728e-08
1.24564e-08
6.57949e-07
8.8963e-09
6.56131e-07
2.68548e-08
6.52994e-07
4.48803e-08
6.4841e-07
6.304e-08
6.42204e-07
8.13772e-08
6.3414e-07
9.99069e-08
6.23921e-07
1.18619e-07
6.11205e-07
1.37452e-07
5.95646e-07
1.56232e-07
5.76971e-07
1.74604e-07
5.55167e-07
1.92011e-07
5.30507e-07
2.07824e-07
5.03549e-07
2.21391e-07
4.75044e-07
2.3221e-07
4.45786e-07
2.40029e-07
4.16492e-07
2.44865e-07
3.87723e-07
2.46953e-07
3.59866e-07
2.46661e-07
3.33157e-07
2.44412e-07
3.07713e-07
2.40626e-07
2.83568e-07
2.3569e-07
2.60704e-07
2.29939e-07
2.39074e-07
2.23654e-07
2.18615e-07
2.17063e-07
1.99258e-07
2.10348e-07
1.80934e-07
2.03648e-07
1.63575e-07
1.97069e-07
1.47121e-07
1.90687e-07
1.31512e-07
1.84554e-07
1.16698e-07
1.78708e-07
1.02629e-07
1.73168e-07
8.92595e-08
1.67946e-07
7.65478e-08
1.63044e-07
6.44442e-08
1.58456e-07
5.29101e-08
1.54168e-07
4.19115e-08
1.5017e-07
3.14156e-08
1.46454e-07
2.13907e-08
1.43009e-07
1.18061e-08
1.39825e-07
2.6317e-09
1.3689e-07
-6.16135e-09
1.34193e-07
-1.46016e-08
1.31724e-07
-2.27168e-08
1.29473e-07
-3.05341e-08
1.27429e-07
-3.80799e-08
1.25583e-07
-4.53799e-08
1.23924e-07
-5.2457e-08
1.22446e-07
-5.93721e-08
1.21148e-07
-6.61053e-08
1.20016e-07
-7.26919e-08
1.19041e-07
-7.91599e-08
1.18214e-07
-8.55348e-08
1.17531e-07
-9.18405e-08
1.1699e-07
-9.80992e-08
1.16591e-07
-1.0432e-07
1.16351e-07
-1.10537e-07
1.16284e-07
-1.16761e-07
1.16384e-07
-1.23005e-07
1.16725e-07
-1.29269e-07
1.17408e-07
-1.35564e-07
1.18566e-07
-1.41865e-07
1.20444e-07
-1.48079e-07
1.23532e-07
-1.54512e-07
1.28474e-07
-1.61459e-07
1.34787e-07
-1.69148e-07
1.42183e-07
-1.77771e-07
1.5049e-07
-1.87505e-07
1.59604e-07
-1.98508e-07
1.69456e-07
-2.10967e-07
1.79997e-07
-2.25058e-07
1.91191e-07
-2.40956e-07
2.03004e-07
-2.58874e-07
2.15398e-07
-2.79025e-07
2.28316e-07
-3.01623e-07
2.41659e-07
-3.26892e-07
2.55297e-07
-3.55078e-07
2.69071e-07
-3.86465e-07
2.82864e-07
-4.21431e-07
2.96623e-07
-4.60146e-07
3.09917e-07
-5.02841e-07
3.22306e-07
-5.49586e-07
3.33286e-07
-6.00135e-07
3.42259e-07
-6.54207e-07
3.48526e-07
-7.11311e-07
3.51388e-07
-7.70292e-07
3.50265e-07
-8.29586e-07
3.44678e-07
-8.87307e-07
3.34451e-07
-9.41469e-07
3.19774e-07
-9.90161e-07
3.01153e-07
-1.03241e-06
2.79303e-07
-1.06793e-06
2.55302e-07
-1.09711e-06
2.29974e-07
-1.12065e-06
2.0386e-07
-1.13937e-06
1.77247e-07
-1.15406e-06
1.50279e-07
-1.16533e-06
1.23057e-07
-1.17366e-06
9.56877e-08
-1.17939e-06
6.82777e-08
-1.18273e-06
4.08859e-08
1.35083e-08
6.57951e-07
9.46241e-09
6.56149e-07
2.85694e-08
6.5304e-07
4.77733e-08
6.48488e-07
6.71551e-08
6.42305e-07
8.67627e-08
6.3425e-07
1.06613e-07
6.24018e-07
1.26691e-07
6.11264e-07
1.46926e-07
5.9564e-07
1.67124e-07
5.76876e-07
1.86893e-07
5.54957e-07
2.05619e-07
5.3016e-07
2.22622e-07
5.03049e-07
2.37197e-07
4.74382e-07
2.48803e-07
4.4496e-07
2.57172e-07
4.15507e-07
2.62329e-07
3.86588e-07
2.64531e-07
3.58597e-07
2.64177e-07
3.3177e-07
2.61725e-07
3.06225e-07
2.57627e-07
2.82e-07
2.52298e-07
2.59079e-07
2.46097e-07
2.37415e-07
2.39324e-07
2.16948e-07
2.32223e-07
1.97608e-07
2.24986e-07
1.79329e-07
2.17763e-07
1.62046e-07
2.10665e-07
1.45697e-07
2.03774e-07
1.30224e-07
1.97147e-07
1.15577e-07
1.90822e-07
1.01705e-07
1.84824e-07
8.85632e-08
1.79164e-07
7.61064e-08
1.73849e-07
6.42854e-08
1.68872e-07
5.3058e-08
1.6422e-07
4.2388e-08
1.59883e-07
3.22402e-08
1.55853e-07
2.25804e-08
1.52119e-07
1.33751e-08
1.48671e-07
4.59215e-09
1.45497e-07
-3.80019e-09
1.42587e-07
-1.18326e-08
1.39928e-07
-1.95348e-08
1.3751e-07
-2.69353e-08
1.35324e-07
-3.40607e-08
1.33357e-07
-4.09339e-08
1.31601e-07
-4.75688e-08
1.30046e-07
-5.40463e-08
1.28684e-07
-6.03692e-08
1.27506e-07
-6.65586e-08
1.26504e-07
-7.26399e-08
1.25672e-07
-7.86399e-08
1.25004e-07
-8.4585e-08
1.24498e-07
-9.05016e-08
1.24153e-07
-9.6402e-08
1.23989e-07
-1.02325e-07
1.24018e-07
-1.08287e-07
1.24236e-07
-1.14304e-07
1.24721e-07
-1.20376e-07
1.25573e-07
-1.26498e-07
1.26932e-07
-1.32569e-07
1.29073e-07
-1.38557e-07
1.3248e-07
-1.44738e-07
1.37859e-07
-1.51435e-07
1.44719e-07
-1.58888e-07
1.52743e-07
-1.67299e-07
1.61742e-07
-1.76852e-07
1.71602e-07
-1.87737e-07
1.82247e-07
-2.00112e-07
1.93629e-07
-2.14154e-07
2.05712e-07
-2.30051e-07
2.18458e-07
-2.48006e-07
2.31829e-07
-2.68234e-07
2.45768e-07
-2.90958e-07
2.60165e-07
-3.16402e-07
2.74882e-07
-3.44782e-07
2.89757e-07
-3.7639e-07
3.04665e-07
-4.11629e-07
3.19541e-07
-4.5066e-07
3.33929e-07
-4.93692e-07
3.47362e-07
-5.40849e-07
3.59292e-07
-5.92097e-07
3.69081e-07
-6.47016e-07
3.76013e-07
-7.04711e-07
3.79316e-07
-7.64421e-07
3.78253e-07
-8.24524e-07
3.72361e-07
-8.83112e-07
3.61448e-07
-9.38134e-07
3.45663e-07
-9.8762e-07
3.25525e-07
-1.03054e-06
3.01849e-07
-1.06665e-06
2.75806e-07
-1.09627e-06
2.48326e-07
-1.12013e-06
2.20009e-07
-1.13908e-06
1.91185e-07
-1.1539e-06
1.62018e-07
-1.16525e-06
1.3262e-07
-1.17362e-06
1.03099e-07
-1.17937e-06
7.35608e-08
-1.18272e-06
4.40594e-08
1.45718e-08
6.57994e-07
9.98612e-09
6.56287e-07
3.01932e-08
6.53305e-07
5.05491e-08
6.48901e-07
7.11404e-08
6.42874e-07
9.20263e-08
6.34962e-07
1.13228e-07
6.24841e-07
1.34731e-07
6.12145e-07
1.56451e-07
5.96507e-07
1.78168e-07
5.77643e-07
1.99451e-07
5.55524e-07
2.19614e-07
5.30436e-07
2.37909e-07
5.02961e-07
2.53569e-07
4.73882e-07
2.66009e-07
4.44032e-07
2.74947e-07
4.1416e-07
2.80417e-07
3.84853e-07
2.82704e-07
3.56516e-07
2.82246e-07
3.29393e-07
2.79541e-07
3.03605e-07
2.75078e-07
2.7919e-07
2.69302e-07
2.56131e-07
2.62597e-07
2.3438e-07
2.55282e-07
2.13875e-07
2.47617e-07
1.94547e-07
2.39807e-07
1.76326e-07
2.3201e-07
1.59145e-07
2.24344e-07
1.42942e-07
2.16897e-07
1.27658e-07
2.0973e-07
1.13238e-07
2.02884e-07
9.96311e-08
1.96387e-07
8.67883e-08
1.90253e-07
7.46625e-08
1.84489e-07
6.32028e-08
1.79092e-07
5.23622e-08
1.74049e-07
4.21014e-08
1.69349e-07
3.23817e-08
1.64984e-07
2.3166e-08
1.60945e-07
1.44183e-08
1.57219e-07
6.10377e-09
1.53795e-07
-1.81149e-09
1.5066e-07
-9.35988e-09
1.47804e-07
-1.65731e-08
1.45214e-07
-2.34812e-08
1.42878e-07
-3.01134e-08
1.40787e-07
-3.64976e-08
1.38928e-07
-4.26625e-08
1.37291e-07
-4.86478e-08
1.35871e-07
-5.44802e-08
1.34655e-07
-6.01853e-08
1.33635e-07
-6.57903e-08
1.32806e-07
-7.1323e-08
1.32161e-07
-7.68117e-08
1.317e-07
-8.22844e-08
1.31422e-07
-8.7756e-08
1.3135e-07
-9.32678e-08
1.31493e-07
-9.88406e-08
1.31853e-07
-1.04493e-07
1.32507e-07
-1.10218e-07
1.33552e-07
-1.15955e-07
1.35155e-07
-1.21777e-07
1.37572e-07
-1.27579e-07
1.41313e-07
-1.33549e-07
1.47142e-07
-1.40031e-07
1.54583e-07
-1.47283e-07
1.63282e-07
-1.55518e-07
1.73031e-07
-1.64924e-07
1.83699e-07
-1.75679e-07
1.95207e-07
-1.87956e-07
2.07499e-07
-2.01935e-07
2.20535e-07
-2.17805e-07
2.3428e-07
-2.35785e-07
2.48688e-07
-2.56108e-07
2.63698e-07
-2.78966e-07
2.79206e-07
-3.04565e-07
2.95068e-07
-3.33169e-07
3.11111e-07
-3.65086e-07
3.27202e-07
-4.00704e-07
3.43268e-07
-4.40212e-07
3.58833e-07
-4.83819e-07
3.73402e-07
-5.31631e-07
3.86386e-07
-5.83607e-07
3.97086e-07
-6.39517e-07
4.04719e-07
-6.98666e-07
4.08479e-07
-7.59583e-07
4.07618e-07
-8.20792e-07
4.0148e-07
-8.806e-07
3.89771e-07
-9.36769e-07
3.72732e-07
-9.872e-07
3.50871e-07
-1.03085e-06
3.25128e-07
-1.06742e-06
2.9681e-07
-1.09729e-06
2.66955e-07
-1.1212e-06
2.36248e-07
-1.14006e-06
2.05068e-07
-1.15471e-06
1.73608e-07
-1.16584e-06
1.41986e-07
-1.174e-06
1.10306e-07
-1.17956e-06
7.86653e-08
-1.18278e-06
4.71004e-08
1.55778e-08
6.57964e-07
1.05407e-08
6.56252e-07
3.18256e-08
6.53303e-07
5.33002e-08
6.48942e-07
7.51007e-08
6.42946e-07
9.72907e-08
6.35028e-07
1.19899e-07
6.24846e-07
1.42907e-07
6.12012e-07
1.66216e-07
5.9615e-07
1.8957e-07
5.76982e-07
2.12481e-07
5.54462e-07
2.34182e-07
5.28918e-07
2.53838e-07
5.0096e-07
2.70618e-07
4.714e-07
2.83895e-07
4.41096e-07
2.93376e-07
4.10815e-07
2.99116e-07
3.81154e-07
3.01433e-07
3.52532e-07
3.00806e-07
3.25183e-07
2.97789e-07
2.99225e-07
2.92905e-07
2.74691e-07
2.86627e-07
2.51565e-07
2.79362e-07
2.29797e-07
2.71451e-07
2.09326e-07
2.63167e-07
1.90081e-07
2.54728e-07
1.71987e-07
2.46307e-07
1.54976e-07
2.38026e-07
1.38986e-07
2.29976e-07
1.23956e-07
2.22222e-07
1.09831e-07
2.14811e-07
9.65563e-08
2.07774e-07
8.40795e-08
2.01129e-07
7.23496e-08
1.94884e-07
6.13127e-08
1.89039e-07
5.09174e-08
1.83579e-07
4.11205e-08
1.78496e-07
3.18802e-08
1.73781e-07
2.31564e-08
1.69422e-07
1.49102e-08
1.65407e-07
7.10439e-09
1.61724e-07
-2.96958e-10
1.5836e-07
-7.32881e-09
1.55303e-07
-1.40241e-08
1.52538e-07
-2.04146e-08
1.50054e-07
-2.65299e-08
1.47839e-07
-3.23953e-08
1.45881e-07
-3.80243e-08
1.44168e-07
-4.34898e-08
1.42683e-07
-4.88032e-08
1.41423e-07
-5.39875e-08
1.40382e-07
-5.90693e-08
1.39552e-07
-6.40765e-08
1.38929e-07
-6.90382e-08
1.38511e-07
-7.39835e-08
1.383e-07
-7.89299e-08
1.38321e-07
-8.39228e-08
1.38582e-07
-8.89884e-08
1.39091e-07
-9.41547e-08
1.3993e-07
-9.9375e-08
1.41207e-07
-1.04765e-07
1.43085e-07
-1.10274e-07
1.45837e-07
-1.15835e-07
1.49984e-07
-1.21546e-07
1.56339e-07
-1.27792e-07
1.6444e-07
-1.34839e-07
1.73887e-07
-1.42902e-07
1.84448e-07
-1.52166e-07
1.95982e-07
-1.62809e-07
2.08401e-07
-1.75008e-07
2.21649e-07
-1.88949e-07
2.35686e-07
-2.04842e-07
2.50472e-07
-2.22877e-07
2.65965e-07
-2.43249e-07
2.82104e-07
-2.66193e-07
2.98776e-07
-2.91947e-07
3.15831e-07
-3.20761e-07
3.33089e-07
-3.52928e-07
3.50404e-07
-3.88827e-07
3.67695e-07
-4.28665e-07
3.84477e-07
-4.7269e-07
4.00249e-07
-5.21024e-07
4.14363e-07
-5.73594e-07
4.26041e-07
-6.30126e-07
4.34489e-07
-6.90023e-07
4.38789e-07
-7.52253e-07
4.38077e-07
-8.15043e-07
4.31708e-07
-8.76022e-07
4.19343e-07
-9.33468e-07
4.01038e-07
-9.85092e-07
3.77359e-07
-1.02975e-06
3.49383e-07
-1.06709e-06
3.18562e-07
-1.09746e-06
2.86083e-07
-1.12165e-06
2.52752e-07
-1.14058e-06
2.19026e-07
-1.15516e-06
1.85139e-07
-1.16615e-06
1.51219e-07
-1.17415e-06
1.17359e-07
-1.17958e-06
8.3643e-08
-1.18276e-06
5.00975e-08
1.66094e-08
6.58243e-07
1.08164e-08
6.5698e-07
3.30126e-08
6.54482e-07
5.5609e-08
6.506e-07
7.85977e-08
6.45087e-07
1.021e-07
6.37611e-07
1.26174e-07
6.27772e-07
1.50809e-07
6.15123e-07
1.75893e-07
5.99232e-07
2.01129e-07
5.79785e-07
2.25945e-07
5.56709e-07
2.49462e-07
5.30375e-07
2.70717e-07
5.0146e-07
2.88784e-07
4.70857e-07
3.02985e-07
4.395e-07
3.13019e-07
4.0821e-07
3.18973e-07
3.77607e-07
3.21228e-07
3.48165e-07
3.20331e-07
3.20144e-07
3.16873e-07
2.93661e-07
3.11428e-07
2.68743e-07
3.0451e-07
2.4536e-07
2.96555e-07
2.23454e-07
2.87925e-07
2.02949e-07
2.7891e-07
1.83767e-07
2.69741e-07
1.65831e-07
2.60595e-07
1.49065e-07
2.51606e-07
1.33394e-07
2.42873e-07
1.18744e-07
2.34468e-07
1.05043e-07
2.26442e-07
9.22279e-08
2.18827e-07
8.02347e-08
2.11643e-07
6.90053e-08
2.04898e-07
5.84807e-08
1.98591e-07
4.86041e-08
1.92708e-07
3.93289e-08
1.87237e-07
3.06105e-08
1.82168e-07
2.24068e-08
1.7749e-07
1.46779e-08
1.73189e-07
7.38578e-09
1.6925e-07
4.945e-10
1.65659e-07
-6.02996e-09
1.62401e-07
-1.22202e-08
1.59463e-07
-1.81074e-08
1.56829e-07
-2.37226e-08
1.54486e-07
-2.90994e-08
1.5242e-07
-3.42837e-08
1.50621e-07
-3.926e-08
1.4908e-07
-4.40727e-08
1.47784e-07
-4.87515e-08
1.46722e-07
-5.33222e-08
1.45889e-07
-5.78098e-08
1.4528e-07
-6.22396e-08
1.44894e-07
-6.66375e-08
1.44736e-07
-7.10187e-08
1.44832e-07
-7.54269e-08
1.45194e-07
-7.98869e-08
1.45839e-07
-8.44235e-08
1.46856e-07
-8.91053e-08
1.4837e-07
-9.39492e-08
1.50565e-07
-9.89635e-08
1.53725e-07
-1.04105e-07
1.5838e-07
-1.09468e-07
1.65368e-07
-1.15429e-07
1.7422e-07
-1.22238e-07
1.84484e-07
-1.30091e-07
1.95907e-07
-1.39165e-07
2.08343e-07
-1.49632e-07
2.21705e-07
-1.61668e-07
2.35939e-07
-1.75475e-07
2.51009e-07
-1.91232e-07
2.6688e-07
-2.09156e-07
2.83511e-07
-2.29493e-07
3.00842e-07
-2.52489e-07
3.18767e-07
-2.78405e-07
3.37133e-07
-3.07528e-07
3.55758e-07
-3.40192e-07
3.7449e-07
-3.76809e-07
3.93232e-07
-4.1762e-07
4.11478e-07
-4.62845e-07
4.28679e-07
-5.12586e-07
4.44176e-07
-5.66627e-07
4.57169e-07
-6.24843e-07
4.66665e-07
-6.86601e-07
4.71642e-07
-7.50768e-07
4.71123e-07
-8.15735e-07
4.64327e-07
-8.79284e-07
4.50854e-07
-9.38628e-07
4.30879e-07
-9.91613e-07
4.04929e-07
-1.03705e-06
3.74214e-07
-1.0746e-06
3.4039e-07
-1.10468e-06
3.04847e-07
-1.12817e-06
2.68541e-07
-1.14615e-06
2.32023e-07
-1.15964e-06
1.9557e-07
-1.1695e-06
1.59317e-07
-1.17643e-06
1.23339e-07
-1.18091e-06
8.76689e-08
-1.18323e-06
5.2245e-08
1.7168e-08
6.57589e-07
6.55445e-07
6.52166e-07
6.4752e-07
6.4121e-07
6.32863e-07
6.22052e-07
6.08324e-07
5.91277e-07
5.70663e-07
5.46517e-07
5.19304e-07
4.89775e-07
4.58854e-07
4.27467e-07
3.96409e-07
3.66276e-07
3.37382e-07
3.09956e-07
2.84098e-07
2.5982e-07
2.37081e-07
2.15812e-07
1.95933e-07
1.77362e-07
1.60028e-07
1.43852e-07
1.28752e-07
1.1465e-07
1.01471e-07
8.91497e-08
7.76218e-08
6.68297e-08
5.67171e-08
4.72301e-08
3.83241e-08
2.99567e-08
2.20878e-08
1.46798e-08
7.69677e-09
1.10439e-09
-5.13011e-09
-1.10383e-08
-1.66508e-08
-2.19975e-08
-2.71075e-08
-3.20087e-08
-3.67175e-08
-4.12601e-08
-4.56613e-08
-4.9945e-08
-5.41341e-08
-5.82515e-08
-6.23197e-08
-6.63534e-08
-7.03864e-08
-7.44407e-08
-7.85445e-08
-8.27543e-08
-8.71152e-08
-9.16863e-08
-9.65231e-08
-1.01741e-07
-1.07626e-07
-1.14369e-07
-1.22134e-07
-1.31083e-07
-1.4138e-07
-1.53198e-07
-1.66708e-07
-1.82114e-07
-1.99627e-07
-2.19479e-07
-2.41912e-07
-2.67186e-07
-2.95595e-07
-3.27478e-07
-3.63242e-07
-4.03149e-07
-4.47407e-07
-4.96201e-07
-5.49732e-07
-6.0761e-07
-6.69225e-07
-7.3349e-07
-7.98793e-07
-8.63024e-07
-9.23748e-07
-9.78508e-07
-1.02586e-06
-1.06526e-06
-1.097e-06
-1.12188e-06
-1.14098e-06
-1.15537e-06
-1.166e-06
-1.17366e-06
-1.17896e-06
-1.18236e-06
)
;

boundaryField
{
    fuel
    {
        type            calculated;
        value           nonuniform List<scalar> 
40
(
-6.58534e-07
-6.58534e-07
-6.58534e-07
-6.58534e-07
-6.58534e-07
-6.58534e-07
-6.58534e-07
-6.58534e-07
-6.58534e-07
-6.58534e-07
-6.58534e-07
-6.58534e-07
-6.58534e-07
-6.58534e-07
-6.58534e-07
-6.58534e-07
-6.58534e-07
-6.58534e-07
-6.58534e-07
-6.58534e-07
-6.58534e-07
-6.58534e-07
-6.58534e-07
-6.58534e-07
-6.58534e-07
-6.58534e-07
-6.58534e-07
-6.58534e-07
-6.58534e-07
-6.58534e-07
-6.58534e-07
-6.58534e-07
-6.58534e-07
-6.58534e-07
-6.58534e-07
-6.58534e-07
-6.58534e-07
-6.58534e-07
-6.58534e-07
-6.58534e-07
)
;
    }
    air
    {
        type            calculated;
        value           nonuniform List<scalar> 
40
(
-1.18382e-06
-1.18382e-06
-1.18382e-06
-1.18382e-06
-1.18382e-06
-1.18382e-06
-1.18382e-06
-1.18382e-06
-1.18382e-06
-1.18382e-06
-1.18382e-06
-1.18382e-06
-1.18382e-06
-1.18382e-06
-1.18382e-06
-1.18382e-06
-1.18382e-06
-1.18382e-06
-1.18382e-06
-1.18382e-06
-1.18382e-06
-1.18382e-06
-1.18382e-06
-1.18382e-06
-1.18382e-06
-1.18382e-06
-1.18382e-06
-1.18382e-06
-1.18382e-06
-1.18382e-06
-1.18382e-06
-1.18382e-06
-1.18382e-06
-1.18382e-06
-1.18382e-06
-1.18382e-06
-1.18382e-06
-1.18382e-06
-1.18382e-06
-1.18382e-06
)
;
    }
    outlet
    {
        type            calculated;
        value           nonuniform List<scalar> 
200
(
1.17308e-08
3.5031e-08
5.86151e-08
8.27384e-08
1.07547e-07
1.33115e-07
1.59431e-07
1.86347e-07
2.13489e-07
2.40173e-07
2.65376e-07
2.88023e-07
3.07121e-07
3.21976e-07
3.32321e-07
3.38303e-07
3.40359e-07
3.39097e-07
3.35133e-07
3.29092e-07
3.21519e-07
3.12875e-07
3.03538e-07
2.93812e-07
2.83937e-07
2.74089e-07
2.64417e-07
2.55033e-07
2.46014e-07
2.37414e-07
2.29264e-07
2.21584e-07
2.1438e-07
2.07651e-07
2.0138e-07
1.95555e-07
1.90164e-07
1.85195e-07
1.80632e-07
1.76459e-07
1.72662e-07
1.69222e-07
1.66125e-07
1.63355e-07
1.60897e-07
1.58738e-07
1.56866e-07
1.55268e-07
1.53934e-07
1.5285e-07
1.52011e-07
1.5141e-07
1.51047e-07
1.50928e-07
1.51082e-07
1.51521e-07
1.52273e-07
1.53439e-07
1.55156e-07
1.5764e-07
1.61228e-07
1.66495e-07
1.7426e-07
1.83928e-07
1.95019e-07
2.07286e-07
2.20594e-07
2.34863e-07
2.50044e-07
2.66108e-07
2.8302e-07
3.00743e-07
3.19222e-07
3.38352e-07
3.57983e-07
3.77937e-07
3.98056e-07
4.18215e-07
4.37902e-07
4.56459e-07
4.73215e-07
4.87322e-07
4.97841e-07
5.03711e-07
5.03889e-07
4.9729e-07
4.83399e-07
4.62245e-07
4.34367e-07
4.01051e-07
3.64187e-07
3.25408e-07
2.85881e-07
2.46317e-07
2.07077e-07
1.68335e-07
1.3018e-07
9.26091e-08
5.55171e-08
1.86105e-08
1.17468e-08
3.50812e-08
5.87014e-08
8.28637e-08
1.07715e-07
1.3333e-07
1.59697e-07
1.86666e-07
2.13861e-07
2.40593e-07
2.65834e-07
2.88505e-07
3.07612e-07
3.22463e-07
3.32793e-07
3.38751e-07
3.40781e-07
3.39508e-07
3.35534e-07
3.29481e-07
3.21893e-07
3.13233e-07
3.03879e-07
2.94137e-07
2.84243e-07
2.74376e-07
2.64685e-07
2.55282e-07
2.46246e-07
2.37627e-07
2.2946e-07
2.21763e-07
2.14544e-07
2.07799e-07
2.01513e-07
1.95674e-07
1.9027e-07
1.85288e-07
1.80713e-07
1.7653e-07
1.72721e-07
1.69272e-07
1.66167e-07
1.63389e-07
1.60924e-07
1.58758e-07
1.56879e-07
1.55275e-07
1.53934e-07
1.52844e-07
1.51999e-07
1.51394e-07
1.51027e-07
1.50904e-07
1.51057e-07
1.51494e-07
1.52247e-07
1.53416e-07
1.55141e-07
1.57638e-07
1.61248e-07
1.66552e-07
1.74362e-07
1.84056e-07
1.95163e-07
2.07439e-07
2.20751e-07
2.35021e-07
2.50201e-07
2.6626e-07
2.83165e-07
3.00879e-07
3.19345e-07
3.38459e-07
3.58072e-07
3.78005e-07
3.98102e-07
4.18239e-07
4.37895e-07
4.56413e-07
4.73126e-07
4.87182e-07
4.9764e-07
5.03434e-07
5.03494e-07
4.9688e-07
4.83e-07
4.61833e-07
4.33948e-07
4.00643e-07
3.63804e-07
3.2506e-07
2.85573e-07
2.46052e-07
2.06857e-07
1.68158e-07
1.30045e-07
9.25162e-08
5.54647e-08
1.85953e-08
)
;
    }
    frontAndBack
    {
        type            empty;
    }
}


// ************************************************************************* //
