/*--------------------------------*- C++ -*----------------------------------*\
  =========                 |
  \\      /  F ield         | OpenFOAM: The Open Source CFD Toolbox
   \\    /   O peration     | Website:  https://openfoam.org
    \\  /    A nd           | Version:  11
     \\/     M anipulation  |
\*---------------------------------------------------------------------------*/
FoamFile
{
    format      ascii;
    class       volVectorField;
    location    "0.05";
    object      U;
}
// * * * * * * * * * * * * * * * * * * * * * * * * * * * * * * * * * * * * * //

dimensions      [0 1 -1 0 0 0 0];

internalField   nonuniform List<vector> 
4000
(
(0.0999741 -0.00436477 0)
(0.099782 -0.0131899 0)
(0.0994563 -0.0221463 0)
(0.0989952 -0.0313319 0)
(0.0983954 -0.0408355 0)
(0.0976507 -0.0507403 0)
(0.0967571 -0.0611309 0)
(0.0957168 -0.0720879 0)
(0.0945399 -0.0836657 0)
(0.093243 -0.0958555 0)
(0.0918366 -0.108546 0)
(0.0903124 -0.121509 0)
(0.0886465 -0.134416 0)
(0.0868057 -0.146873 0)
(0.0847548 -0.158487 0)
(0.0824646 -0.168915 0)
(0.0799243 -0.177914 0)
(0.0771284 -0.185353 0)
(0.0740894 -0.19121 0)
(0.0708452 -0.195551 0)
(0.0674361 -0.198503 0)
(0.0639028 -0.200235 0)
(0.0602848 -0.200931 0)
(0.0566182 -0.200775 0)
(0.0529344 -0.199941 0)
(0.0492627 -0.198582 0)
(0.0456264 -0.196842 0)
(0.042042 -0.194847 0)
(0.0385205 -0.1927 0)
(0.0350693 -0.190484 0)
(0.0316931 -0.188267 0)
(0.0283946 -0.186103 0)
(0.0251751 -0.184036 0)
(0.0220345 -0.182098 0)
(0.018971 -0.180317 0)
(0.0159822 -0.178715 0)
(0.0130656 -0.177309 0)
(0.0102179 -0.17611 0)
(0.00743533 -0.17513 0)
(0.00471362 -0.174376 0)
(0.00204807 -0.173855 0)
(-0.00056636 -0.173571 0)
(-0.00313514 -0.173527 0)
(-0.00566428 -0.173726 0)
(-0.00816031 -0.17417 0)
(-0.0106304 -0.174861 0)
(-0.0130818 -0.175801 0)
(-0.01552 -0.176993 0)
(-0.0179506 -0.178436 0)
(-0.0203814 -0.18013 0)
(-0.0228206 -0.182075 0)
(-0.0252756 -0.184274 0)
(-0.0277533 -0.186728 0)
(-0.0302591 -0.189443 0)
(-0.0327946 -0.19242 0)
(-0.0353637 -0.195665 0)
(-0.037966 -0.199188 0)
(-0.0405881 -0.202997 0)
(-0.043208 -0.207102 0)
(-0.045778 -0.211508 0)
(-0.0481825 -0.216197 0)
(-0.0502169 -0.221079 0)
(-0.0517364 -0.225944 0)
(-0.052853 -0.230557 0)
(-0.0538127 -0.234788 0)
(-0.054789 -0.238588 0)
(-0.0558732 -0.241937 0)
(-0.0571138 -0.244814 0)
(-0.0585355 -0.247193 0)
(-0.0601452 -0.249035 0)
(-0.0619381 -0.250289 0)
(-0.0639024 -0.25089 0)
(-0.0660196 -0.250757 0)
(-0.0682666 -0.249802 0)
(-0.0706146 -0.247929 0)
(-0.0730231 -0.245036 0)
(-0.0754373 -0.241016 0)
(-0.0778059 -0.23576 0)
(-0.0800874 -0.229168 0)
(-0.0822345 -0.221161 0)
(-0.0842029 -0.211748 0)
(-0.0859785 -0.200985 0)
(-0.0875491 -0.188987 0)
(-0.0889004 -0.17595 0)
(-0.0900423 -0.162152 0)
(-0.0910161 -0.147933 0)
(-0.0918785 -0.133674 0)
(-0.092684 -0.119743 0)
(-0.0934847 -0.106449 0)
(-0.0943089 -0.0940038 0)
(-0.09515 -0.0824935 0)
(-0.0959807 -0.0718777 0)
(-0.0967745 -0.0620338 0)
(-0.0975087 -0.052805 0)
(-0.0981653 -0.0440394 0)
(-0.0987313 -0.0356153 0)
(-0.0991996 -0.0274485 0)
(-0.0995669 -0.0194748 0)
(-0.0998288 -0.0116332 0)
(-0.099982 -0.00385482 0)
(0.100016 -0.00404152 0)
(0.0999414 -0.0122474 0)
(0.0997458 -0.0205588 0)
(0.0994069 -0.0290296 0)
(0.0989275 -0.0377155 0)
(0.0983122 -0.0466759 0)
(0.0975652 -0.0559808 0)
(0.0966935 -0.0657091 0)
(0.0957085 -0.0759295 0)
(0.0946233 -0.086668 0)
(0.0934391 -0.0978698 0)
(0.0921347 -0.109375 0)
(0.0906732 -0.120923 0)
(0.0890108 -0.132179 0)
(0.0871055 -0.142789 0)
(0.0849234 -0.152433 0)
(0.082441 -0.16087 0)
(0.0796656 -0.167959 0)
(0.0766255 -0.17365 0)
(0.0733517 -0.177983 0)
(0.0698864 -0.18106 0)
(0.0662752 -0.183021 0)
(0.0625621 -0.184031 0)
(0.0587866 -0.184254 0)
(0.0549834 -0.183851 0)
(0.0511819 -0.182972 0)
(0.0474071 -0.18174 0)
(0.0436781 -0.180257 0)
(0.0400086 -0.178612 0)
(0.0364082 -0.176883 0)
(0.0328834 -0.175131 0)
(0.0294381 -0.173407 0)
(0.0260746 -0.171754 0)
(0.0227928 -0.170202 0)
(0.0195906 -0.16878 0)
(0.0164653 -0.167506 0)
(0.0134141 -0.166397 0)
(0.0104333 -0.165467 0)
(0.00751863 -0.164725 0)
(0.00466531 -0.16418 0)
(0.00186814 -0.163837 0)
(-0.000878264 -0.163702 0)
(-0.00357972 -0.16378 0)
(-0.0062426 -0.164072 0)
(-0.00887377 -0.164582 0)
(-0.0114836 -0.165311 0)
(-0.0140838 -0.16626 0)
(-0.0166752 -0.16743 0)
(-0.019259 -0.168822 0)
(-0.0218478 -0.170439 0)
(-0.0244531 -0.172283 0)
(-0.0270837 -0.174353 0)
(-0.029748 -0.176652 0)
(-0.0324526 -0.179178 0)
(-0.0351999 -0.181932 0)
(-0.0379962 -0.18491 0)
(-0.0408434 -0.188108 0)
(-0.0437283 -0.191518 0)
(-0.0466277 -0.195123 0)
(-0.0494804 -0.198889 0)
(-0.0521331 -0.202766 0)
(-0.0543162 -0.206675 0)
(-0.0558419 -0.210497 0)
(-0.0568562 -0.214123 0)
(-0.0576699 -0.217472 0)
(-0.0584938 -0.220492 0)
(-0.059434 -0.223139 0)
(-0.0605435 -0.225377 0)
(-0.0618483 -0.227165 0)
(-0.0633579 -0.228455 0)
(-0.0650664 -0.229193 0)
(-0.0669568 -0.229314 0)
(-0.0690097 -0.228741 0)
(-0.0712015 -0.227391 0)
(-0.0735011 -0.225173 0)
(-0.0758633 -0.221993 0)
(-0.078227 -0.217761 0)
(-0.0805387 -0.212399 0)
(-0.082757 -0.205859 0)
(-0.0848357 -0.198138 0)
(-0.0867317 -0.189224 0)
(-0.0883947 -0.179167 0)
(-0.0898054 -0.168086 0)
(-0.090986 -0.156174 0)
(-0.0919736 -0.143701 0)
(-0.0928017 -0.130993 0)
(-0.0935042 -0.118385 0)
(-0.0941252 -0.106182 0)
(-0.0947222 -0.0946366 0)
(-0.0953476 -0.0838946 0)
(-0.0960085 -0.0739815 0)
(-0.0966841 -0.0648196 0)
(-0.0973501 -0.0562697 0)
(-0.0979827 -0.0481747 0)
(-0.0985589 -0.0403942 0)
(-0.0990588 -0.0328219 0)
(-0.0994661 -0.0253876 0)
(-0.099765 -0.0180529 0)
(-0.0999435 -0.0107887 0)
(-0.100015 -0.00356516 0)
(0.0999964 -0.00389623 0)
(0.099871 -0.0117861 0)
(0.0996093 -0.0197603 0)
(0.0992014 -0.0278713 0)
(0.0986539 -0.0361708 0)
(0.0979764 -0.0447151 0)
(0.0971806 -0.0535725 0)
(0.0962828 -0.0628221 0)
(0.0953033 -0.0725353 0)
(0.0942626 -0.0827439 0)
(0.0931653 -0.093403 0)
(0.0919889 -0.104366 0)
(0.0906923 -0.115387 0)
(0.0892246 -0.126147 0)
(0.0875343 -0.136308 0)
(0.0855782 -0.14556 0)
(0.0833298 -0.153668 0)
(0.0807844 -0.160489 0)
(0.0779562 -0.165976 0)
(0.0748726 -0.170167 0)
(0.0715713 -0.173156 0)
(0.0680943 -0.17508 0)
(0.0644841 -0.176093 0)
(0.0607802 -0.176354 0)
(0.0570177 -0.176017 0)
(0.0532259 -0.175221 0)
(0.0494291 -0.174088 0)
(0.0456476 -0.172722 0)
(0.0418983 -0.17121 0)
(0.0381945 -0.169624 0)
(0.0345463 -0.168022 0)
(0.0309607 -0.16645 0)
(0.0274425 -0.164947 0)
(0.0239936 -0.163541 0)
(0.0206136 -0.162255 0)
(0.0173013 -0.161109 0)
(0.0140547 -0.160116 0)
(0.010871 -0.159288 0)
(0.00774641 -0.158634 0)
(0.00467661 -0.158161 0)
(0.00165651 -0.157876 0)
(-0.00131923 -0.157782 0)
(-0.00425674 -0.157884 0)
(-0.00716271 -0.158184 0)
(-0.0100435 -0.158685 0)
(-0.0129044 -0.159389 0)
(-0.0157506 -0.160295 0)
(-0.0185959 -0.161402 0)
(-0.0214545 -0.162713 0)
(-0.0243329 -0.16423 0)
(-0.0272387 -0.165953 0)
(-0.0301816 -0.167881 0)
(-0.0331713 -0.170013 0)
(-0.0362157 -0.172346 0)
(-0.0393175 -0.174876 0)
(-0.042483 -0.177595 0)
(-0.0457162 -0.180493 0)
(-0.048996 -0.183556 0)
(-0.0522673 -0.186761 0)
(-0.0554513 -0.19007 0)
(-0.0583737 -0.19343 0)
(-0.0607077 -0.196775 0)
(-0.0622492 -0.200027 0)
(-0.0631783 -0.203117 0)
(-0.0638407 -0.205992 0)
(-0.0644717 -0.208606 0)
(-0.0651933 -0.210916 0)
(-0.0660685 -0.212881 0)
(-0.0671282 -0.214455 0)
(-0.0683837 -0.215588 0)
(-0.0698332 -0.216223 0)
(-0.0714597 -0.216293 0)
(-0.0732351 -0.215727 0)
(-0.0751316 -0.214446 0)
(-0.0771175 -0.212363 0)
(-0.0791451 -0.209389 0)
(-0.0811496 -0.205437 0)
(-0.0830764 -0.200427 0)
(-0.0848893 -0.194299 0)
(-0.0865559 -0.18702 0)
(-0.088047 -0.178597 0)
(-0.0893367 -0.169091 0)
(-0.0904163 -0.158632 0)
(-0.0913024 -0.147415 0)
(-0.0920289 -0.135688 0)
(-0.0926203 -0.123736 0)
(-0.0930976 -0.11187 0)
(-0.0935431 -0.100391 0)
(-0.0940445 -0.0895382 0)
(-0.09463 -0.0794443 0)
(-0.0952945 -0.070129 0)
(-0.0960089 -0.0615134 0)
(-0.0967403 -0.0534613 0)
(-0.0974564 -0.0458209 0)
(-0.0981272 -0.0384573 0)
(-0.098726 -0.0312715 0)
(-0.0992296 -0.0242031 0)
(-0.0996175 -0.0172191 0)
(-0.0998728 -0.010295 0)
(-0.0999975 -0.00340352 0)
(0.100001 -0.0036897 0)
(0.0998782 -0.0111511 0)
(0.0996166 -0.0186699 0)
(0.0992071 -0.0262914 0)
(0.09866 -0.0340611 0)
(0.0979896 -0.0420305 0)
(0.0972124 -0.0502646 0)
(0.0963482 -0.0588417 0)
(0.0954202 -0.0678362 0)
(0.0944489 -0.0772883 0)
(0.0934386 -0.0871681 0)
(0.092365 -0.0973508 0)
(0.0911831 -0.107616 0)
(0.0898391 -0.117674 0)
(0.0882777 -0.127208 0)
(0.0864516 -0.135926 0)
(0.0843302 -0.143603 0)
(0.0819043 -0.150099 0)
(0.0791844 -0.155362 0)
(0.0761968 -0.15942 0)
(0.0729775 -0.162357 0)
(0.0695672 -0.164298 0)
(0.066007 -0.165385 0)
(0.0623353 -0.165767 0)
(0.0585866 -0.165587 0)
(0.0547903 -0.164977 0)
(0.0509712 -0.16405 0)
(0.0471495 -0.162904 0)
(0.0433419 -0.161622 0)
(0.0395614 -0.160269 0)
(0.0358183 -0.158899 0)
(0.0321202 -0.157556 0)
(0.0284726 -0.156273 0)
(0.0248783 -0.155077 0)
(0.0213377 -0.153989 0)
(0.0178507 -0.153026 0)
(0.0144162 -0.1522 0)
(0.0110322 -0.151522 0)
(0.0076958 -0.151 0)
(0.00440319 -0.150641 0)
(0.00115 -0.150448 0)
(-0.00206858 -0.150426 0)
(-0.00525811 -0.15058 0)
(-0.00842486 -0.15091 0)
(-0.0115752 -0.151419 0)
(-0.0147147 -0.152109 0)
(-0.0178496 -0.15298 0)
(-0.0209922 -0.154032 0)
(-0.0241555 -0.155267 0)
(-0.0273471 -0.156684 0)
(-0.0305748 -0.158281 0)
(-0.0338488 -0.160055 0)
(-0.0371786 -0.162002 0)
(-0.0405706 -0.164119 0)
(-0.0440253 -0.166397 0)
(-0.0475455 -0.168826 0)
(-0.0511289 -0.171393 0)
(-0.0547488 -0.17408 0)
(-0.0583422 -0.176862 0)
(-0.0617852 -0.179714 0)
(-0.0648679 -0.182589 0)
(-0.0672567 -0.185424 0)
(-0.0687469 -0.188151 0)
(-0.0695456 -0.190724 0)
(-0.0700256 -0.193107 0)
(-0.0704379 -0.195264 0)
(-0.0709139 -0.197159 0)
(-0.0715243 -0.198752 0)
(-0.0723058 -0.199999 0)
(-0.0732717 -0.200851 0)
(-0.0744189 -0.201251 0)
(-0.0757357 -0.201134 0)
(-0.0772057 -0.200431 0)
(-0.0788014 -0.199066 0)
(-0.0804848 -0.19696 0)
(-0.0822083 -0.194032 0)
(-0.0839114 -0.190203 0)
(-0.0855445 -0.185399 0)
(-0.0870746 -0.179571 0)
(-0.0884688 -0.172692 0)
(-0.0896992 -0.164777 0)
(-0.0907484 -0.155887 0)
(-0.0916189 -0.146148 0)
(-0.092319 -0.135735 0)
(-0.0928404 -0.124874 0)
(-0.0932119 -0.113842 0)
(-0.0935234 -0.102934 0)
(-0.0938522 -0.0924273 0)
(-0.0942474 -0.0825214 0)
(-0.0947437 -0.0733234 0)
(-0.0953398 -0.0648382 0)
(-0.0960059 -0.056983 0)
(-0.0967086 -0.0496239 0)
(-0.0974131 -0.0426161 0)
(-0.0980855 -0.0358335 0)
(-0.0986943 -0.0291854 0)
(-0.0992115 -0.0226193 0)
(-0.0996116 -0.0161096 0)
(-0.0998742 -0.00963837 0)
(-0.100001 -0.00318566 0)
(0.0999991 -0.00348389 0)
(0.0998675 -0.0105232 0)
(0.0995916 -0.0176068 0)
(0.099165 -0.0247767 0)
(0.0986012 -0.0320757 0)
(0.0979173 -0.0395528 0)
(0.0971335 -0.0472717 0)
(0.0962737 -0.0553099 0)
(0.095364 -0.0637416 0)
(0.0944269 -0.0726084 0)
(0.0934668 -0.0818852 0)
(0.0924598 -0.0914568 0)
(0.09136 -0.101117 0)
(0.0901117 -0.110592 0)
(0.0886565 -0.119583 0)
(0.0869429 -0.127817 0)
(0.0849362 -0.135079 0)
(0.0826225 -0.141236 0)
(0.0800083 -0.146237 0)
(0.0771168 -0.150107 0)
(0.0739816 -0.152923 0)
(0.0706416 -0.154801 0)
(0.0671364 -0.155877 0)
(0.0635035 -0.156289 0)
(0.0597767 -0.156174 0)
(0.055985 -0.155655 0)
(0.0521531 -0.154841 0)
(0.0483011 -0.153825 0)
(0.0444455 -0.152684 0)
(0.0405996 -0.15148 0)
(0.0367736 -0.150264 0)
(0.0329755 -0.149076 0)
(0.0292114 -0.147946 0)
(0.0254844 -0.146899 0)
(0.0217954 -0.145953 0)
(0.0181451 -0.145122 0)
(0.014533 -0.144418 0)
(0.0109581 -0.14385 0)
(0.00741808 -0.143423 0)
(0.00390997 -0.143143 0)
(0.000430079 -0.143015 0)
(-0.00302593 -0.14304 0)
(-0.00646311 -0.143223 0)
(-0.0098869 -0.143564 0)
(-0.0133032 -0.144066 0)
(-0.0167165 -0.144728 0)
(-0.0201319 -0.145552 0)
(-0.0235639 -0.146537 0)
(-0.0270259 -0.147684 0)
(-0.0305223 -0.148991 0)
(-0.0340596 -0.150454 0)
(-0.0376468 -0.15207 0)
(-0.0412921 -0.153832 0)
(-0.0450001 -0.155735 0)
(-0.0487682 -0.15777 0)
(-0.0525956 -0.159925 0)
(-0.0564748 -0.162187 0)
(-0.060371 -0.164535 0)
(-0.0642172 -0.166946 0)
(-0.0678856 -0.169394 0)
(-0.0711111 -0.171848 0)
(-0.0735068 -0.17426 0)
(-0.0748996 -0.176574 0)
(-0.0755485 -0.178756 0)
(-0.0758503 -0.180776 0)
(-0.0760615 -0.182602 0)
(-0.0763146 -0.184202 0)
(-0.0766835 -0.185537 0)
(-0.0772086 -0.186567 0)
(-0.0779069 -0.187244 0)
(-0.0787784 -0.187513 0)
(-0.0798116 -0.187314 0)
(-0.0809884 -0.18658 0)
(-0.082287 -0.185236 0)
(-0.0836768 -0.18321 0)
(-0.0851081 -0.180425 0)
(-0.0865161 -0.176808 0)
(-0.0878539 -0.172294 0)
(-0.0890927 -0.166833 0)
(-0.0902037 -0.160405 0)
(-0.0911664 -0.153025 0)
(-0.0919717 -0.144752 0)
(-0.0926073 -0.135691 0)
(-0.0930565 -0.126001 0)
(-0.0933575 -0.115903 0)
(-0.093579 -0.105666 0)
(-0.0937713 -0.0955614 0)
(-0.0939919 -0.0858302 0)
(-0.0942981 -0.076655 0)
(-0.0947286 -0.0681357 0)
(-0.0952819 -0.0602762 0)
(-0.0959248 -0.052998 0)
(-0.0966194 -0.0461759 0)
(-0.0973278 -0.0396737 0)
(-0.0980122 -0.0333733 0)
(-0.0986375 -0.0271903 0)
(-0.0991726 -0.0210774 0)
(-0.0995894 -0.0150126 0)
(-0.099865 -0.00898128 0)
(-0.0999993 -0.00296647 0)
(0.0999997 -0.00326884 0)
(0.0998678 -0.0098687 0)
(0.0995907 -0.0165011 0)
(0.099163 -0.0232038 0)
(0.0986008 -0.0300169 0)
(0.0979232 -0.0369862 0)
(0.097152 -0.0441726 0)
(0.0963126 -0.0516507 0)
(0.0954325 -0.0594938 0)
(0.0945333 -0.067745 0)
(0.0936181 -0.0763852 0)
(0.0926616 -0.0853115 0)
(0.0916175 -0.0943346 0)
(0.0904289 -0.103201 0)
(0.0890359 -0.111633 0)
(0.0873855 -0.119372 0)
(0.0854413 -0.126216 0)
(0.0831877 -0.132037 0)
(0.0806296 -0.136783 0)
(0.0777886 -0.140473 0)
(0.0746971 -0.143177 0)
(0.0713927 -0.145002 0)
(0.067914 -0.146074 0)
(0.0642976 -0.146523 0)
(0.0605764 -0.146476 0)
(0.0567788 -0.146051 0)
(0.0529286 -0.145348 0)
(0.0490457 -0.144457 0)
(0.0451458 -0.143451 0)
(0.0412418 -0.142387 0)
(0.0373437 -0.141313 0)
(0.0334593 -0.140266 0)
(0.0295947 -0.139275 0)
(0.0257527 -0.138361 0)
(0.0219347 -0.137542 0)
(0.0181415 -0.136829 0)
(0.0143735 -0.136232 0)
(0.0106299 -0.135759 0)
(0.00690887 -0.135415 0)
(0.00320811 -0.135203 0)
(-0.000475448 -0.135128 0)
(-0.00414552 -0.135191 0)
(-0.00780643 -0.135394 0)
(-0.0114629 -0.135738 0)
(-0.0151203 -0.136224 0)
(-0.0187831 -0.136852 0)
(-0.0224573 -0.137623 0)
(-0.0261576 -0.138542 0)
(-0.0298916 -0.139602 0)
(-0.0336585 -0.1408 0)
(-0.0374664 -0.142131 0)
(-0.041325 -0.143591 0)
(-0.0452408 -0.145176 0)
(-0.0492153 -0.146878 0)
(-0.0532423 -0.148688 0)
(-0.0573166 -0.150595 0)
(-0.0614251 -0.152585 0)
(-0.0655239 -0.15464 0)
(-0.0695354 -0.156738 0)
(-0.0733257 -0.158852 0)
(-0.0766296 -0.160952 0)
(-0.0790421 -0.163004 0)
(-0.0803848 -0.164967 0)
(-0.080937 -0.166814 0)
(-0.0810987 -0.168521 0)
(-0.0811325 -0.170059 0)
(-0.0811856 -0.171397 0)
(-0.0813398 -0.1725 0)
(-0.0816372 -0.17333 0)
(-0.0820935 -0.173841 0)
(-0.08271 -0.173984 0)
(-0.0834805 -0.173702 0)
(-0.0843907 -0.172931 0)
(-0.0854205 -0.171604 0)
(-0.086541 -0.169646 0)
(-0.0877081 -0.166988 0)
(-0.0888587 -0.163563 0)
(-0.0899438 -0.15931 0)
(-0.0909377 -0.154189 0)
(-0.0918205 -0.148181 0)
(-0.0925731 -0.141299 0)
(-0.0931619 -0.133594 0)
(-0.0935719 -0.125168 0)
(-0.0938391 -0.116181 0)
(-0.0940074 -0.106846 0)
(-0.0941119 -0.0973974 0)
(-0.0941997 -0.088081 0)
(-0.0943281 -0.0791189 0)
(-0.0945548 -0.0706778 0)
(-0.0949199 -0.062846 0)
(-0.0954191 -0.055623 0)
(-0.0960182 -0.0489328 0)
(-0.0966806 -0.0426569 0)
(-0.0973658 -0.0366685 0)
(-0.0980344 -0.0308581 0)
(-0.0986498 -0.0251488 0)
(-0.0991792 -0.0194984 0)
(-0.099593 -0.0138886 0)
(-0.0998669 -0.00830788 0)
(-0.0999998 -0.00274214 0)
(0.0999996 -0.00305218 0)
(0.099866 -0.00921071 0)
(0.0995866 -0.0153937 0)
(0.0991571 -0.021636 0)
(0.098594 -0.0279753 0)
(0.0979189 -0.0344552 0)
(0.0971546 -0.0411335 0)
(0.0963277 -0.0480819 0)
(0.0954665 -0.0553711 0)
(0.0945929 -0.0630437 0)
(0.0937089 -0.0710843 0)
(0.092789 -0.0793988 0)
(0.0917867 -0.0878123 0)
(0.090644 -0.0960894 0)
(0.0892993 -0.103971 0)
(0.0876979 -0.111217 0)
(0.0858012 -0.117636 0)
(0.083592 -0.123106 0)
(0.0810735 -0.127579 0)
(0.0782662 -0.131068 0)
(0.0752013 -0.133638 0)
(0.0719158 -0.135387 0)
(0.0684479 -0.136431 0)
(0.0648338 -0.136892 0)
(0.061106 -0.136889 0)
(0.0572925 -0.136531 0)
(0.0534169 -0.135914 0)
(0.0494983 -0.135121 0)
(0.0455524 -0.134221 0)
(0.0415915 -0.133269 0)
(0.0376253 -0.13231 0)
(0.0336615 -0.131376 0)
(0.0297058 -0.130496 0)
(0.025761 -0.129688 0)
(0.0218283 -0.128969 0)
(0.0179088 -0.128349 0)
(0.0140031 -0.127836 0)
(0.0101107 -0.127437 0)
(0.00623047 -0.127155 0)
(0.00236045 -0.126994 0)
(-0.00150158 -0.126956 0)
(-0.00535863 -0.127043 0)
(-0.00921432 -0.127256 0)
(-0.0130728 -0.127595 0)
(-0.016939 -0.128061 0)
(-0.0208214 -0.128653 0)
(-0.0247326 -0.129371 0)
(-0.0286736 -0.130216 0)
(-0.0326375 -0.131182 0)
(-0.0366317 -0.132265 0)
(-0.0406694 -0.133465 0)
(-0.0447587 -0.134777 0)
(-0.0489035 -0.136195 0)
(-0.053102 -0.137711 0)
(-0.0573451 -0.139318 0)
(-0.0616243 -0.141005 0)
(-0.065923 -0.142758 0)
(-0.07019 -0.144562 0)
(-0.0743399 -0.146399 0)
(-0.0782318 -0.148247 0)
(-0.0815784 -0.150076 0)
(-0.0839587 -0.151852 0)
(-0.0852144 -0.153539 0)
(-0.0856518 -0.155117 0)
(-0.0856813 -0.156566 0)
(-0.0855661 -0.157864 0)
(-0.0854513 -0.158985 0)
(-0.0854201 -0.159895 0)
(-0.0855199 -0.16056 0)
(-0.0857748 -0.160937 0)
(-0.0861882 -0.160981 0)
(-0.0867481 -0.160638 0)
(-0.0874381 -0.159849 0)
(-0.0882387 -0.158552 0)
(-0.0891247 -0.156679 0)
(-0.0900561 -0.154166 0)
(-0.0909753 -0.150948 0)
(-0.0918388 -0.14697 0)
(-0.0926217 -0.142194 0)
(-0.0932958 -0.136602 0)
(-0.0938309 -0.130205 0)
(-0.0942184 -0.123055 0)
(-0.0944697 -0.115257 0)
(-0.0946003 -0.10696 0)
(-0.0946392 -0.0983489 0)
(-0.0946275 -0.0896394 0)
(-0.0946154 -0.0810574 0)
(-0.0946586 -0.0728069 0)
(-0.0948137 -0.0650396 0)
(-0.0951192 -0.0578357 0)
(-0.0955703 -0.0511924 0)
(-0.0961306 -0.0450392 0)
(-0.096761 -0.0392661 0)
(-0.0974218 -0.0337555 0)
(-0.0980719 -0.0284066 0)
(-0.0986734 -0.0231494 0)
(-0.0991927 -0.0179458 0)
(-0.0995996 -0.0127802 0)
(-0.0998693 -0.0076428 0)
(-0.0999999 -0.00252092 0)
(0.0999997 -0.00283294 0)
(0.0998658 -0.00854645 0)
(0.0995859 -0.0142774 0)
(0.0991566 -0.0200589 0)
(0.0985954 -0.0259252 0)
(0.0979246 -0.0319172 0)
(0.0971682 -0.0380896 0)
(0.0963535 -0.0445102 0)
(0.0955092 -0.0512465 0)
(0.0946569 -0.0583399 0)
(0.0937973 -0.0657786 0)
(0.0929045 -0.0734777 0)
(0.0919316 -0.0812768 0)
(0.09082 -0.0889592 0)
(0.0895072 -0.0962854 0)
(0.0879371 -0.103031 0)
(0.0860698 -0.109019 0)
(0.0838867 -0.114134 0)
(0.0813902 -0.118327 0)
(0.0785995 -0.121611 0)
(0.0755453 -0.124042 0)
(0.0722641 -0.12571 0)
(0.0687937 -0.126721 0)
(0.0651701 -0.127188 0)
(0.0614257 -0.127222 0)
(0.0575883 -0.126924 0)
(0.0536812 -0.126385 0)
(0.0497234 -0.125681 0)
(0.0457303 -0.124876 0)
(0.0417137 -0.124024 0)
(0.0376833 -0.123164 0)
(0.0336464 -0.12233 0)
(0.0296079 -0.121545 0)
(0.0255709 -0.120828 0)
(0.0215368 -0.120193 0)
(0.0175067 -0.11965 0)
(0.013481 -0.119205 0)
(0.00945935 -0.118865 0)
(0.00544072 -0.118631 0)
(0.00142345 -0.118507 0)
(-0.0025944 -0.118495 0)
(-0.00661542 -0.118595 0)
(-0.0106428 -0.118808 0)
(-0.0146802 -0.119135 0)
(-0.0187321 -0.119574 0)
(-0.0228036 -0.120126 0)
(-0.0268998 -0.120789 0)
(-0.0310229 -0.121557 0)
(-0.0351773 -0.122427 0)
(-0.0393709 -0.123401 0)
(-0.0436087 -0.124476 0)
(-0.0478944 -0.125648 0)
(-0.0522305 -0.126911 0)
(-0.0566139 -0.128257 0)
(-0.0610327 -0.129678 0)
(-0.0654761 -0.131165 0)
(-0.0699244 -0.132705 0)
(-0.0743237 -0.134285 0)
(-0.0785838 -0.135888 0)
(-0.0825496 -0.137495 0)
(-0.0859191 -0.139081 0)
(-0.08827 -0.140616 0)
(-0.0894549 -0.142075 0)
(-0.0897946 -0.143437 0)
(-0.0897076 -0.144683 0)
(-0.0894596 -0.145792 0)
(-0.0891979 -0.146741 0)
(-0.0890081 -0.1475 0)
(-0.0889388 -0.148036 0)
(-0.0890149 -0.148312 0)
(-0.0892412 -0.148284 0)
(-0.0896085 -0.1479 0)
(-0.0901039 -0.147106 0)
(-0.0907106 -0.145846 0)
(-0.0914041 -0.144061 0)
(-0.0921425 -0.14169 0)
(-0.0928663 -0.138676 0)
(-0.0935349 -0.134968 0)
(-0.094124 -0.130528 0)
(-0.0946067 -0.125341 0)
(-0.0949699 -0.119423 0)
(-0.0952087 -0.112827 0)
(-0.0953233 -0.105644 0)
(-0.0953284 -0.0980076 0)
(-0.0952543 -0.0900902 0)
(-0.0951436 -0.0820915 0)
(-0.0950457 -0.0742181 0)
(-0.0950134 -0.0666557 0)
(-0.0951044 -0.0595411 0)
(-0.0953559 -0.0529455 0)
(-0.095759 -0.0468642 0)
(-0.0962785 -0.0412313 0)
(-0.0968738 -0.0359457 0)
(-0.0975044 -0.0308997 0)
(-0.0981299 -0.0260008 0)
(-0.0987119 -0.0211853 0)
(-0.099216 -0.0164196 0)
(-0.0996115 -0.0116903 0)
(-0.0998738 -0.00698889 0)
(-0.1 -0.00230393 0)
(0.0999997 -0.0026125 0)
(0.0998656 -0.00787916 0)
(0.0995849 -0.0131582 0)
(0.099155 -0.0184803 0)
(0.0985952 -0.0238772 0)
(0.0979273 -0.0293866 0)
(0.0971761 -0.0350597 0)
(0.0963695 -0.04096 0)
(0.095537 -0.0471512 0)
(0.0946998 -0.053673 0)
(0.093858 -0.0605161 0)
(0.0929855 -0.0676041 0)
(0.092035 -0.0747908 0)
(0.0909474 -0.0818775 0)
(0.0896589 -0.088644 0)
(0.0881122 -0.0948836 0)
(0.0862662 -0.100431 0)
(0.0841009 -0.10518 0)
(0.0816177 -0.109083 0)
(0.078835 -0.11215 0)
(0.075783 -0.11443 0)
(0.0724979 -0.116006 0)
(0.0690173 -0.116975 0)
(0.0653772 -0.117439 0)
(0.0616099 -0.117501 0)
(0.0577433 -0.117254 0)
(0.0538006 -0.116782 0)
(0.0498007 -0.116157 0)
(0.0457589 -0.115438 0)
(0.0416871 -0.114674 0)
(0.0375946 -0.113903 0)
(0.0334886 -0.113154 0)
(0.0293743 -0.112452 0)
(0.025254 -0.111812 0)
(0.0211287 -0.111248 0)
(0.0169999 -0.110768 0)
(0.0128681 -0.110378 0)
(0.00873314 -0.110083 0)
(0.00459416 -0.109886 0)
(0.000449806 -0.109788 0)
(-0.00370175 -0.109791 0)
(-0.00786281 -0.109894 0)
(-0.0120361 -0.110098 0)
(-0.016225 -0.110402 0)
(-0.0204331 -0.110806 0)
(-0.0246642 -0.111308 0)
(-0.0289195 -0.111906 0)
(-0.0331984 -0.112599 0)
(-0.0375116 -0.113385 0)
(-0.04187 -0.114261 0)
(-0.0462731 -0.115223 0)
(-0.050721 -0.116267 0)
(-0.0552148 -0.117388 0)
(-0.0597498 -0.118579 0)
(-0.0643123 -0.119833 0)
(-0.0688889 -0.121141 0)
(-0.0734576 -0.122492 0)
(-0.0779611 -0.123875 0)
(-0.0823053 -0.125273 0)
(-0.0863277 -0.126671 0)
(-0.0897166 -0.128047 0)
(-0.0920458 -0.129379 0)
(-0.0931729 -0.130644 0)
(-0.0934284 -0.131824 0)
(-0.0932382 -0.132899 0)
(-0.0928722 -0.13385 0)
(-0.0924816 -0.134656 0)
(-0.0921526 -0.135288 0)
(-0.0919325 -0.135716 0)
(-0.0918559 -0.135908 0)
(-0.0919231 -0.135833 0)
(-0.0921258 -0.135432 0)
(-0.0924532 -0.134654 0)
(-0.0928905 -0.13345 0)
(-0.0934142 -0.131767 0)
(-0.0939838 -0.129549 0)
(-0.09454 -0.126744 0)
(-0.0950414 -0.123307 0)
(-0.0954681 -0.119206 0)
(-0.095799 -0.114428 0)
(-0.0960194 -0.108989 0)
(-0.0961229 -0.102935 0)
(-0.0961119 -0.096349 0)
(-0.0960032 -0.0893553 0)
(-0.0958282 -0.082112 0)
(-0.0956293 -0.0748018 0)
(-0.0954552 -0.0676125 0)
(-0.0953571 -0.0607123 0)
(-0.0953905 -0.0542251 0)
(-0.0955908 -0.0482126 0)
(-0.0959487 -0.0426698 0)
(-0.0964292 -0.0375361 0)
(-0.0969912 -0.0327191 0)
(-0.0975929 -0.0281207 0)
(-0.0981932 -0.023657 0)
(-0.0987541 -0.0192704 0)
(-0.0992414 -0.0149308 0)
(-0.0996244 -0.0106269 0)
(-0.0998785 -0.00635104 0)
(-0.100001 -0.00209269 0)
(0.0999997 -0.00239093 0)
(0.0998652 -0.00720847 0)
(0.0995839 -0.012035 0)
(0.0991535 -0.0168977 0)
(0.098594 -0.0218262 0)
(0.0979281 -0.0268551 0)
(0.0971806 -0.0320315 0)
(0.09638 -0.0374142 0)
(0.0955564 -0.0430622 0)
(0.0947306 -0.0490133 0)
(0.0939023 -0.0552606 0)
(0.0930449 -0.0617356 0)
(0.0921114 -0.0683064 0)
(0.0910417 -0.0747922 0)
(0.0897714 -0.0809925 0)
(0.088242 -0.086718 0)
(0.0864112 -0.0918172 0)
(0.0842578 -0.0961907 0)
(0.0817823 -0.0997945 0)
(0.0790022 -0.102635 0)
(0.0759473 -0.104756 0)
(0.0726535 -0.106232 0)
(0.0691584 -0.107151 0)
(0.0654979 -0.107606 0)
(0.0617045 -0.107689 0)
(0.0578062 -0.107488 0)
(0.0538263 -0.107078 0)
(0.0497838 -0.106525 0)
(0.045694 -0.105885 0)
(0.0415687 -0.105202 0)
(0.0374173 -0.104512 0)
(0.033247 -0.103842 0)
(0.0290627 -0.103214 0)
(0.0248665 -0.102643 0)
(0.0206595 -0.102141 0)
(0.0164432 -0.101715 0)
(0.0122181 -0.101371 0)
(0.007984 -0.101113 0)
(0.0037402 -0.100944 0)
(-0.000514336 -0.100863 0)
(-0.00478103 -0.100873 0)
(-0.00906178 -0.100973 0)
(-0.0133588 -0.101162 0)
(-0.0176745 -0.10144 0)
(-0.0220115 -0.101806 0)
(-0.0263729 -0.102258 0)
(-0.0307627 -0.102795 0)
(-0.0351857 -0.103415 0)
(-0.0396439 -0.104117 0)
(-0.0441387 -0.104899 0)
(-0.0486744 -0.105754 0)
(-0.0532533 -0.106679 0)
(-0.0578746 -0.107669 0)
(-0.0625325 -0.108719 0)
(-0.0672114 -0.109822 0)
(-0.0718959 -0.11097 0)
(-0.0765616 -0.112154 0)
(-0.0811483 -0.113362 0)
(-0.0855583 -0.114581 0)
(-0.0896252 -0.115798 0)
(-0.093031 -0.116994 0)
(-0.095345 -0.11815 0)
(-0.0964263 -0.119248 0)
(-0.096611 -0.12027 0)
(-0.0963322 -0.121198 0)
(-0.0958642 -0.122014 0)
(-0.0953611 -0.122699 0)
(-0.094911 -0.123225 0)
(-0.0945603 -0.123566 0)
(-0.094351 -0.123693 0)
(-0.0942769 -0.123581 0)
(-0.0943371 -0.123175 0)
(-0.0945203 -0.122427 0)
(-0.0948115 -0.121291 0)
(-0.095189 -0.11972 0)
(-0.0956131 -0.117664 0)
(-0.0960254 -0.115076 0)
(-0.0963854 -0.111917 0)
(-0.0966724 -0.108156 0)
(-0.0968683 -0.103785 0)
(-0.0969624 -0.0988154 0)
(-0.0969478 -0.0932921 0)
(-0.0968277 -0.087292 0)
(-0.0966203 -0.0809279 0)
(-0.0963572 -0.0743442 0)
(-0.0960812 -0.0677063 0)
(-0.0958401 -0.0611839 0)
(-0.0956837 -0.0549284 0)
(-0.0956651 -0.0490506 0)
(-0.0958184 -0.0436049 0)
(-0.0961348 -0.0385855 0)
(-0.0965788 -0.0339373 0)
(-0.0971086 -0.0295761 0)
(-0.0976821 -0.0254132 0)
(-0.0982579 -0.0213731 0)
(-0.0987979 -0.0174043 0)
(-0.0992681 -0.0134803 0)
(-0.0996381 -0.00959102 0)
(-0.0998834 -0.00573007 0)
(-0.100001 -0.0018874 0)
(0.0999997 -0.00216814 0)
(0.0998644 -0.00653509 0)
(0.099582 -0.0109081 0)
(0.0991513 -0.0153116 0)
(0.0985911 -0.0197726 0)
(0.0979254 -0.0243225 0)
(0.0971797 -0.0290041 0)
(0.0963829 -0.0338713 0)
(0.0955654 -0.0389782 0)
(0.0947481 -0.0443601 0)
(0.09393 -0.050012 0)
(0.0930845 -0.0558733 0)
(0.0921644 -0.0618257 0)
(0.0911094 -0.0677065 0)
(0.089854 -0.0733345 0)
(0.0883387 -0.0785384 0)
(0.08652 -0.0831802 0)
(0.0843758 -0.0871688 0)
(0.0819053 -0.090463 0)
(0.0791257 -0.093067 0)
(0.076066 -0.0950203 0)
(0.072762 -0.0963876 0)
(0.069251 -0.097248 0)
(0.0655691 -0.0976858 0)
(0.0617489 -0.0977847 0)
(0.0578185 -0.0976225 0)
(0.0538016 -0.0972689 0)
(0.0497172 -0.0967839 0)
(0.0455808 -0.0962176 0)
(0.0414043 -0.0956111 0)
(0.0371972 -0.0949968 0)
(0.0329667 -0.0944002 0)
(0.0287176 -0.0938403 0)
(0.0244519 -0.0933317 0)
(0.0201711 -0.0928848 0)
(0.0158766 -0.0925068 0)
(0.0115689 -0.0922027 0)
(0.00724799 -0.0919757 0)
(0.00291312 -0.0918278 0)
(-0.00143642 -0.09176 0)
(-0.00580188 -0.0917723 0)
(-0.0101851 -0.0918644 0)
(-0.0145879 -0.0920361 0)
(-0.0190124 -0.0922863 0)
(-0.0234611 -0.0926139 0)
(-0.0279367 -0.0930176 0)
(-0.0324418 -0.0934959 0)
(-0.0369784 -0.0940467 0)
(-0.0415502 -0.0946679 0)
(-0.04616 -0.0953568 0)
(-0.050809 -0.0961099 0)
(-0.055498 -0.0969236 0)
(-0.0602259 -0.0977933 0)
(-0.0649859 -0.0987139 0)
(-0.069761 -0.0996794 0)
(-0.0745342 -0.100683 0)
(-0.0792798 -0.101715 0)
(-0.0839352 -0.102768 0)
(-0.0883997 -0.103829 0)
(-0.0925039 -0.104885 0)
(-0.095925 -0.105923 0)
(-0.0982283 -0.106926 0)
(-0.0992718 -0.107877 0)
(-0.099396 -0.108761 0)
(-0.0990399 -0.10956 0)
(-0.0984829 -0.11026 0)
(-0.0978812 -0.11084 0)
(-0.0973259 -0.111277 0)
(-0.0968641 -0.111548 0)
(-0.0965376 -0.111627 0)
(-0.0963416 -0.11149 0)
(-0.0962793 -0.111089 0)
(-0.096338 -0.110382 0)
(-0.0965031 -0.109325 0)
(-0.096754 -0.107876 0)
(-0.0970522 -0.105989 0)
(-0.0973399 -0.103624 0)
(-0.0975769 -0.100746 0)
(-0.0977435 -0.0973276 0)
(-0.0978231 -0.0933615 0)
(-0.0978062 -0.0888604 0)
(-0.0976874 -0.0838642 0)
(-0.0974715 -0.0784434 0)
(-0.0971773 -0.0727003 0)
(-0.0968368 -0.0667651 0)
(-0.0964927 -0.0607866 0)
(-0.0961921 -0.054917 0)
(-0.0959838 -0.0492913 0)
(-0.0959189 -0.0440081 0)
(-0.0960299 -0.0391149 0)
(-0.0963086 -0.0346058 0)
(-0.0967196 -0.0304305 0)
(-0.0972199 -0.0265136 0)
(-0.0977671 -0.0227755 0)
(-0.0983198 -0.0191487 0)
(-0.09884 -0.0155875 0)
(-0.0992938 -0.0120686 0)
(-0.0996511 -0.00858344 0)
(-0.099888 -0.00512637 0)
(-0.100001 -0.00168799 0)
(0.0999997 -0.00194409 0)
(0.0998638 -0.00585881 0)
(0.0995804 -0.00977679 0)
(0.0991486 -0.0137209 0)
(0.0985874 -0.0177146 0)
(0.0979212 -0.0217862 0)
(0.097176 -0.0259741 0)
(0.0963812 -0.0303267 0)
(0.0955674 -0.0348934 0)
(0.0947558 -0.0397066 0)
(0.0939451 -0.0447627 0)
(0.0931088 -0.0500088 0)
(0.0921996 -0.05534 0)
(0.0911567 -0.0606115 0)
(0.0899139 -0.0656614 0)
(0.0884107 -0.0703363 0)
(0.0866025 -0.0745123 0)
(0.084466 -0.0781067 0)
(0.0819997 -0.0810819 0)
(0.0792198 -0.08344 0)
(0.0761549 -0.0852157 0)
(0.0728405 -0.0864658 0)
(0.0693139 -0.0872603 0)
(0.0656112 -0.0876744 0)
(0.0617652 -0.0877826 0)
(0.0578041 -0.0876546 0)
(0.0537519 -0.0873528 0)
(0.049628 -0.0869312 0)
(0.0454479 -0.0864349 0)
(0.0412239 -0.085901 0)
(0.0369654 -0.0853589 0)
(0.0326799 -0.0848315 0)
(0.0283721 -0.0843363 0)
(0.0240439 -0.0838863 0)
(0.0196971 -0.083491 0)
(0.0153329 -0.083157 0)
(0.0109521 -0.0828886 0)
(0.00655443 -0.0826886 0)
(0.00213884 -0.0825587 0)
(-0.00229367 -0.0824997 0)
(-0.00674419 -0.0825115 0)
(-0.0112157 -0.082594 0)
(-0.0157093 -0.0827465 0)
(-0.0202262 -0.082968 0)
(-0.0247688 -0.0832574 0)
(-0.0293391 -0.0836132 0)
(-0.0339404 -0.0840338 0)
(-0.0385759 -0.0845173 0)
(-0.0432463 -0.0850615 0)
(-0.0479516 -0.0856639 0)
(-0.0526942 -0.0863216 0)
(-0.0574748 -0.0870312 0)
(-0.0622914 -0.0877888 0)
(-0.067136 -0.0885898 0)
(-0.0719906 -0.0894287 0)
(-0.076837 -0.0902994 0)
(-0.0816483 -0.0911946 0)
(-0.0863599 -0.092106 0)
(-0.0908689 -0.0930237 0)
(-0.095004 -0.0939366 0)
(-0.0984394 -0.0948326 0)
(-0.100737 -0.0956978 0)
(-0.101749 -0.0965166 0)
(-0.101823 -0.0972796 0)
(-0.101402 -0.0979672 0)
(-0.100768 -0.0985641 0)
(-0.100082 -0.099054 0)
(-0.0994353 -0.0994174 0)
(-0.0988813 -0.0996329 0)
(-0.0984503 -0.099677 0)
(-0.0981506 -0.0995242 0)
(-0.0979813 -0.0991376 0)
(-0.0979313 -0.0984796 0)
(-0.0979869 -0.0975103 0)
(-0.0981279 -0.0961901 0)
(-0.0983165 -0.09448 0)
(-0.0984966 -0.0923436 0)
(-0.0986274 -0.0897506 0)
(-0.0986886 -0.0866782 0)
(-0.0986662 -0.0831188 0)
(-0.0985525 -0.079085 0)
(-0.0983429 -0.0746135 0)
(-0.0980433 -0.0697677 0)
(-0.0976732 -0.0646393 0)
(-0.0972649 -0.0593444 0)
(-0.0968609 -0.0540156 0)
(-0.0965082 -0.0487877 0)
(-0.0962543 -0.0437804 0)
(-0.0961486 -0.0390801 0)
(-0.0962223 -0.0347282 0)
(-0.0964677 -0.0307186 0)
(-0.096849 -0.0270064 0)
(-0.0973228 -0.0235243 0)
(-0.0978461 -0.0202017 0)
(-0.0983776 -0.0169793 0)
(-0.0988794 -0.0138167 0)
(-0.0993179 -0.0106936 0)
(-0.0996634 -0.00760278 0)
(-0.0998923 -0.00453919 0)
(-0.100001 -0.00149407 0)
(0.0999997 -0.00171912 0)
(0.0998632 -0.00517933 0)
(0.0995787 -0.00864109 0)
(0.0991447 -0.0121247 0)
(0.098582 -0.015651 0)
(0.0979148 -0.0192447 0)
(0.0971693 -0.0229396 0)
(0.0963753 -0.0267789 0)
(0.095564 -0.0308065 0)
(0.0947564 -0.0350517 0)
(0.0939513 -0.0395121 0)
(0.0931223 -0.044142 0)
(0.0922222 -0.0488497 0)
(0.0911898 -0.0535081 0)
(0.0899581 -0.0579746 0)
(0.0884656 -0.0621139 0)
(0.0866669 -0.0658161 0)
(0.0845375 -0.0690078 0)
(0.0820751 -0.0716545 0)
(0.0792951 -0.0737576 0)
(0.0762257 -0.0753466 0)
(0.0729019 -0.076471 0)
(0.0693612 -0.077192 0)
(0.0656394 -0.0775754 0)
(0.0617697 -0.0776869 0)
(0.0577805 -0.0775879 0)
(0.0536959 -0.0773334 0)
(0.0495356 -0.0769713 0)
(0.0453153 -0.0765417 0)
(0.0410476 -0.0760774 0)
(0.0367422 -0.0756047 0)
(0.0324066 -0.0751439 0)
(0.0280454 -0.0747107 0)
(0.023661 -0.0743168 0)
(0.0192551 -0.0739706 0)
(0.0148293 -0.0736779 0)
(0.0103842 -0.0734428 0)
(0.00591985 -0.0732677 0)
(0.00143583 -0.0731539 0)
(-0.00306823 -0.0731017 0)
(-0.0075933 -0.0731118 0)
(-0.0121408 -0.0731835 0)
(-0.0167122 -0.0733162 0)
(-0.0213087 -0.0735089 0)
(-0.0259322 -0.0737606 0)
(-0.0305845 -0.0740698 0)
(-0.0352673 -0.0744351 0)
(-0.039982 -0.0748544 0)
(-0.044731 -0.075325 0)
(-0.0495162 -0.0758454 0)
(-0.0543378 -0.0764132 0)
(-0.0591952 -0.0770254 0)
(-0.0640857 -0.0776784 0)
(-0.0690008 -0.0783682 0)
(-0.0739218 -0.0790901 0)
(-0.0788295 -0.0798387 0)
(-0.0836962 -0.0806077 0)
(-0.0884557 -0.08139 0)
(-0.0930032 -0.0821772 0)
(-0.0971658 -0.0829601 0)
(-0.100615 -0.0837278 0)
(-0.102909 -0.0844686 0)
(-0.103895 -0.0851674 0)
(-0.103928 -0.0858217 0)
(-0.103451 -0.0864085 0)
(-0.102751 -0.0869143 0)
(-0.101992 -0.0873253 0)
(-0.101266 -0.0876247 0)
(-0.10063 -0.0877939 0)
(-0.100112 -0.0878117 0)
(-0.0997232 -0.0876539 0)
(-0.0994617 -0.0872904 0)
(-0.099318 -0.0866884 0)
(-0.099279 -0.0858128 0)
(-0.0993251 -0.0846287 0)
(-0.099419 -0.0831016 0)
(-0.0995062 -0.0811999 0)
(-0.0995453 -0.0788971 0)
(-0.099515 -0.0761737 0)
(-0.0994036 -0.0730236 0)
(-0.0992056 -0.0694585 0)
(-0.0989173 -0.0655112 0)
(-0.0985451 -0.0612381 0)
(-0.0981088 -0.0567201 0)
(-0.0976415 -0.0520597 0)
(-0.0971854 -0.047373 0)
(-0.0967873 -0.0427784 0)
(-0.0964938 -0.0383801 0)
(-0.0963525 -0.0342532 0)
(-0.0963937 -0.0304332 0)
(-0.0966098 -0.0269142 0)
(-0.0969651 -0.0236565 0)
(-0.0974154 -0.0206011 0)
(-0.0979174 -0.0176865 0)
(-0.0984299 -0.0148605 0)
(-0.0989151 -0.0120885 0)
(-0.0993398 -0.00935273 0)
(-0.0996745 -0.00664723 0)
(-0.0998962 -0.00396742 0)
(-0.100002 -0.00130522 0)
(0.0999997 -0.00149326 0)
(0.0998626 -0.00449672 0)
(0.0995768 -0.00750117 0)
(0.0991409 -0.0105234 0)
(0.0985763 -0.0135816 0)
(0.0979073 -0.0166971 0)
(0.0971607 -0.0198994 0)
(0.0963665 -0.0232259 0)
(0.0955562 -0.0267151 0)
(0.0947514 -0.0303927 0)
(0.0939506 -0.0342576 0)
(0.0931276 -0.0382705 0)
(0.0922352 -0.0423529 0)
(0.0912118 -0.0463951 0)
(0.0899899 -0.0502738 0)
(0.0885072 -0.0538716 0)
(0.0867171 -0.0570931 0)
(0.0845944 -0.059874 0)
(0.0821358 -0.0621839 0)
(0.079356 -0.0640234 0)
(0.0762829 -0.0654174 0)
(0.0729513 -0.0664081 0)
(0.0693981 -0.0670481 0)
(0.0656597 -0.0673944 0)
(0.061769 -0.0675034 0)
(0.0577548 -0.0674284 0)
(0.0536415 -0.0672171 0)
(0.0494489 -0.066911 0)
(0.045193 -0.066545 0)
(0.0408866 -0.0661477 0)
(0.0365398 -0.0657421 0)
(0.0321601 -0.065346 0)
(0.0277522 -0.0649731 0)
(0.0233185 -0.0646336 0)
(0.0188609 -0.064335 0)
(0.0143811 -0.0640824 0)
(0.00987979 -0.0638793 0)
(0.00535721 -0.0637278 0)
(0.000813108 -0.0636291 0)
(-0.00375294 -0.0635837 0)
(-0.00834174 -0.0635915 0)
(-0.0129543 -0.0636522 0)
(-0.0175917 -0.0637651 0)
(-0.0222552 -0.0639293 0)
(-0.0269464 -0.0641438 0)
(-0.0316667 -0.0644074 0)
(-0.0364176 -0.0647187 0)
(-0.0412001 -0.065076 0)
(-0.0460164 -0.0654772 0)
(-0.0508685 -0.0659206 0)
(-0.0557559 -0.0664041 0)
(-0.0606772 -0.066925 0)
(-0.0656291 -0.0674802 0)
(-0.0706028 -0.0680661 0)
(-0.0755786 -0.0686786 0)
(-0.0805369 -0.069313 0)
(-0.0854495 -0.0699642 0)
(-0.090249 -0.0706261 0)
(-0.0948293 -0.071292 0)
(-0.0990159 -0.0719539 0)
(-0.102478 -0.0726028 0)
(-0.104769 -0.0732281 0)
(-0.105733 -0.0738165 0)
(-0.105732 -0.0743704 0)
(-0.105206 -0.074865 0)
(-0.10445 -0.0752886 0)
(-0.103629 -0.0756296 0)
(-0.102836 -0.0758738 0)
(-0.102129 -0.0760052 0)
(-0.101538 -0.0760051 0)
(-0.101073 -0.0758519 0)
(-0.100733 -0.0755205 0)
(-0.10051 -0.0749826 0)
(-0.10039 -0.0742082 0)
(-0.100355 -0.0731671 0)
(-0.100367 -0.0718295 0)
(-0.100375 -0.0701682 0)
(-0.100336 -0.0681606 0)
(-0.100227 -0.0657902 0)
(-0.100039 -0.0630522 0)
(-0.0997691 -0.0599573 0)
(-0.0994132 -0.0565343 0)
(-0.0989786 -0.0528322 0)
(-0.0984857 -0.0489215 0)
(-0.0979677 -0.0448906 0)
(-0.0974671 -0.04084 0)
(-0.09703 -0.0368714 0)
(-0.0967025 -0.0330743 0)
(-0.0965306 -0.0295128 0)
(-0.0965437 -0.026217 0)
(-0.0967346 -0.0231813 0)
(-0.0970673 -0.0203712 0)
(-0.097497 -0.0177361 0)
(-0.0979805 -0.0152227 0)
(-0.0984763 -0.0127867 0)
(-0.0989469 -0.0103983 0)
(-0.0993593 -0.00804251 0)
(-0.0996845 -0.00571426 0)
(-0.0998998 -0.00340952 0)
(-0.100002 -0.00112106 0)
(0.0999995 -0.00126606 0)
(0.0998615 -0.00381122 0)
(0.099574 -0.00635673 0)
(0.0991369 -0.00891664 0)
(0.0985706 -0.0115062 0)
(0.0978999 -0.0141435 0)
(0.0971518 -0.0168534 0)
(0.0963568 -0.0196677 0)
(0.095547 -0.0226192 0)
(0.0947439 -0.02573 0)
(0.0939463 -0.0289995 0)
(0.093128 -0.0323953 0)
(0.092242 -0.0358511 0)
(0.0912264 -0.0392746 0)
(0.090013 -0.0425618 0)
(0.0885389 -0.0456132 0)
(0.0867566 -0.0483479 0)
(0.0846401 -0.0507112 0)
(0.0821853 -0.0526771 0)
(0.0794064 -0.0542453 0)
(0.0763307 -0.0554366 0)
(0.0729927 -0.0562864 0)
(0.0694294 -0.0568388 0)
(0.0656769 -0.0571416 0)
(0.0617684 -0.0572427 0)
(0.0577328 -0.057187 0)
(0.0535945 -0.0570148 0)
(0.0493739 -0.0567613 0)
(0.0450871 -0.0564561 0)
(0.0407469 -0.0561236 0)
(0.0363638 -0.0557832 0)
(0.0319456 -0.0554503 0)
(0.027497 -0.0551363 0)
(0.0230205 -0.0548503 0)
(0.0185182 -0.0545985 0)
(0.0139921 -0.0543853 0)
(0.00944286 -0.0542136 0)
(0.00487087 -0.0540853 0)
(0.000276015 -0.0540013 0)
(-0.00434207 -0.0539621 0)
(-0.00898408 -0.0539677 0)
(-0.0136509 -0.0540176 0)
(-0.0183437 -0.0541112 0)
(-0.0230635 -0.0542479 0)
(-0.0278117 -0.0544266 0)
(-0.0325895 -0.0546463 0)
(-0.0373976 -0.0549058 0)
(-0.0422358 -0.0552037 0)
(-0.0471073 -0.0555386 0)
(-0.0520146 -0.0559086 0)
(-0.0569561 -0.0563118 0)
(-0.0619297 -0.0567457 0)
(-0.0669316 -0.0572078 0)
(-0.0719526 -0.057695 0)
(-0.0769727 -0.0582037 0)
(-0.0819719 -0.0587296 0)
(-0.0869221 -0.0592681 0)
(-0.0917555 -0.0598157 0)
(-0.0963642 -0.0603674 0)
(-0.100572 -0.0609161 0)
(-0.104047 -0.061454 0)
(-0.106337 -0.0619722 0)
(-0.107283 -0.0624586 0)
(-0.107254 -0.0629195 0)
(-0.106687 -0.0633296 0)
(-0.105885 -0.0636787 0)
(-0.105011 -0.0639575 0)
(-0.104163 -0.064154 0)
(-0.103397 -0.0642547 0)
(-0.102744 -0.0642437 0)
(-0.102215 -0.0641027 0)
(-0.10181 -0.0638105 0)
(-0.101519 -0.0633436 0)
(-0.101331 -0.062677 0)
(-0.101227 -0.0617851 0)
(-0.101171 -0.0606429 0)
(-0.101111 -0.0592275 0)
(-0.101005 -0.0575199 0)
(-0.10083 -0.0555066 0)
(-0.100577 -0.0531838 0)
(-0.100246 -0.0505609 0)
(-0.0998329 -0.0476625 0)
(-0.0993455 -0.0445306 0)
(-0.0988048 -0.0412246 0)
(-0.0982441 -0.0378194 0)
(-0.0977058 -0.0343998 0)
(-0.0972359 -0.0310512 0)
(-0.0968798 -0.0278488 0)
(-0.096682 -0.0248461 0)
(-0.0966715 -0.022068 0)
(-0.096841 -0.0195095 0)
(-0.0971546 -0.0171414 0)
(-0.097567 -0.0149209 0)
(-0.0980346 -0.0128035 0)
(-0.0985162 -0.0107519 0)
(-0.0989743 -0.00874111 0)
(-0.0993762 -0.00675891 0)
(-0.0996933 -0.00480097 0)
(-0.099903 -0.00286382 0)
(-0.100002 -0.000941248 0)
(0.0999994 -0.00103747 0)
(0.0998606 -0.00312307 0)
(0.0995718 -0.0052082 0)
(0.0991329 -0.00730472 0)
(0.0985647 -0.009425 0)
(0.0978922 -0.0115838 0)
(0.0971426 -0.0138014 0)
(0.0963467 -0.0161041 0)
(0.0955369 -0.0185186 0)
(0.0947349 -0.0210633 0)
(0.0939397 -0.023738 0)
(0.0931252 -0.0265164 0)
(0.0922443 -0.0293448 0)
(0.0912351 -0.0321478 0)
(0.0900289 -0.0348403 0)
(0.0885621 -0.0373412 0)
(0.0867865 -0.0395841 0)
(0.0846755 -0.0415239 0)
(0.0822243 -0.0431392 0)
(0.0794465 -0.0444295 0)
(0.076369 -0.0454114 0)
(0.073026 -0.0461137 0)
(0.0694545 -0.0465723 0)
(0.0656906 -0.0468262 0)
(0.0617674 -0.0469144 0)
(0.0577141 -0.0468735 0)
(0.0535552 -0.0467367 0)
(0.0493112 -0.0465327 0)
(0.0449986 -0.0462858 0)
(0.0406304 -0.0460159 0)
(0.0362171 -0.0457392 0)
(0.0317669 -0.045468 0)
(0.0272844 -0.0452121 0)
(0.0227722 -0.0449787 0)
(0.0182328 -0.044773 0)
(0.013668 -0.0445987 0)
(0.00907883 -0.0444581 0)
(0.00446565 -0.044353 0)
(-0.000171505 -0.044284 0)
(-0.00483293 -0.0442515 0)
(-0.00951921 -0.0442554 0)
(-0.0142311 -0.0442954 0)
(-0.0189695 -0.044371 0)
(-0.0237352 -0.0444814 0)
(-0.0285293 -0.0446259 0)
(-0.0333529 -0.0448035 0)
(-0.038207 -0.0450131 0)
(-0.0430924 -0.045254 0)
(-0.0480107 -0.0455253 0)
(-0.0529625 -0.0458253 0)
(-0.0579471 -0.0461519 0)
(-0.0629625 -0.0465035 0)
(-0.0680046 -0.0468779 0)
(-0.0730631 -0.0472725 0)
(-0.0781167 -0.0476842 0)
(-0.0831453 -0.0481063 0)
(-0.0881249 -0.0485326 0)
(-0.0929894 -0.0489701 0)
(-0.0976246 -0.0494149 0)
(-0.101852 -0.049858 0)
(-0.105339 -0.0502925 0)
(-0.107629 -0.0507106 0)
(-0.108561 -0.051102 0)
(-0.108508 -0.0514752 0)
(-0.107909 -0.0518061 0)
(-0.107067 -0.0520863 0)
(-0.10615 -0.0523083 0)
(-0.105256 -0.0524626 0)
(-0.104441 -0.0525379 0)
(-0.103737 -0.0525214 0)
(-0.103156 -0.052398 0)
(-0.102697 -0.0521506 0)
(-0.10235 -0.05176 0)
(-0.102107 -0.0512061 0)
(-0.101947 -0.050468 0)
(-0.101835 -0.0495256 0)
(-0.101719 -0.04836 0)
(-0.101558 -0.0469562 0)
(-0.101327 -0.0453032 0)
(-0.101022 -0.0433981 0)
(-0.10064 -0.0412489 0)
(-0.100179 -0.0388759 0)
(-0.0996481 -0.0363136 0)
(-0.0990678 -0.0336107 0)
(-0.0984716 -0.0308285 0)
(-0.0979022 -0.0280359 0)
(-0.0974053 -0.0253027 0)
(-0.0970255 -0.0226899 0)
(-0.0968066 -0.0202407 0)
(-0.0967767 -0.0179752 0)
(-0.0969288 -0.015889 0)
(-0.0972268 -0.0139581 0)
(-0.097625 -0.0121478 0)
(-0.0980796 -0.0104218 0)
(-0.0985495 -0.00874993 0)
(-0.0989973 -0.00711189 0)
(-0.0993905 -0.00549784 0)
(-0.0997007 -0.00390434 0)
(-0.0999057 -0.00232854 0)
(-0.100002 -0.00076528 0)
(0.0999995 -0.000808233 0)
(0.0998603 -0.00243261 0)
(0.0995709 -0.00405639 0)
(0.0991306 -0.00568873 0)
(0.0985607 -0.00733921 0)
(0.0978865 -0.00901926 0)
(0.0971354 -0.0107448 0)
(0.0963385 -0.012536 0)
(0.0955283 -0.0144141 0)
(0.094727 -0.0163932 0)
(0.0939334 -0.0184735 0)
(0.0931217 -0.0206347 0)
(0.0922449 -0.022835 0)
(0.0912407 -0.0250161 0)
(0.0900403 -0.0271117 0)
(0.0885794 -0.0290589 0)
(0.0868095 -0.0308057 0)
(0.0847031 -0.0323173 0)
(0.0822549 -0.0335767 0)
(0.0794783 -0.0345834 0)
(0.0763997 -0.0353503 0)
(0.0730531 -0.0358997 0)
(0.0694752 -0.0362592 0)
(0.0657023 -0.0364594 0)
(0.0617676 -0.0365303 0)
(0.0577001 -0.0365006 0)
(0.0535247 -0.036396 0)
(0.049262 -0.0362387 0)
(0.0449284 -0.0360479 0)
(0.0405375 -0.0358389 0)
(0.0360998 -0.0356244 0)
(0.0316236 -0.035414 0)
(0.0271136 -0.0352154 0)
(0.0225726 -0.0350341 0)
(0.0180032 -0.0348743 0)
(0.0134073 -0.0347388 0)
(0.00878609 -0.0346296 0)
(0.00413994 -0.0345477 0)
(-0.000530969 -0.0344939 0)
(-0.0052268 -0.0344683 0)
(-0.00994806 -0.034471 0)
(-0.0146954 -0.0345016 0)
(-0.0194695 -0.0345597 0)
(-0.0242714 -0.0346448 0)
(-0.0291019 -0.0347562 0)
(-0.0339621 -0.0348933 0)
(-0.038853 -0.0350554 0)
(-0.0437755 -0.0352416 0)
(-0.0487306 -0.0354511 0)
(-0.0537182 -0.0356827 0)
(-0.0587378 -0.0359349 0)
(-0.0637872 -0.0362065 0)
(-0.0688615 -0.0364955 0)
(-0.0739501 -0.0368 0)
(-0.0790236 -0.0371176 0)
(-0.0840559 -0.0374423 0)
(-0.0890548 -0.0377682 0)
(-0.0939604 -0.0381035 0)
(-0.0986264 -0.0384453 0)
(-0.10287 -0.0387863 0)
(-0.106366 -0.0391205 0)
(-0.108656 -0.0394421 0)
(-0.109575 -0.0397422 0)
(-0.109503 -0.0400302 0)
(-0.108877 -0.0402849 0)
(-0.108003 -0.0404997 0)
(-0.107053 -0.0406689 0)
(-0.106121 -0.040785 0)
(-0.105268 -0.0408394 0)
(-0.104524 -0.0408222 0)
(-0.103901 -0.0407215 0)
(-0.103399 -0.040524 0)
(-0.103009 -0.0402151 0)
(-0.102721 -0.0397789 0)
(-0.102517 -0.0391994 0)
(-0.10236 -0.0384611 0)
(-0.1022 -0.0375496 0)
(-0.101995 -0.0364531 0)
(-0.101721 -0.0351634 0)
(-0.101374 -0.0336785 0)
(-0.100951 -0.0320046 0)
(-0.100453 -0.0301578 0)
(-0.0998872 -0.0281649 0)
(-0.0992752 -0.0260639 0)
(-0.0986509 -0.0239023 0)
(-0.0980568 -0.0217338 0)
(-0.0975384 -0.0196123 0)
(-0.09714 -0.0175848 0)
(-0.0969045 -0.015685 0)
(-0.0968594 -0.0139278 0)
(-0.0969979 -0.0123099 0)
(-0.0972836 -0.0108126 0)
(-0.0976707 -0.00940886 0)
(-0.0981151 -0.0080707 0)
(-0.0985757 -0.00677473 0)
(-0.0990153 -0.00550541 0)
(-0.0994016 -0.00425514 0)
(-0.0997063 -0.00302135 0)
(-0.0999076 -0.0018018 0)
(-0.100002 -0.000592322 0)
(0.0999994 -0.000578483 0)
(0.0998598 -0.00174002 0)
(0.0995695 -0.00290121 0)
(0.0991281 -0.00406846 0)
(0.098557 -0.00524858 0)
(0.0978815 -0.00644969 0)
(0.0971293 -0.0076831 0)
(0.0963314 -0.00896336 0)
(0.095521 -0.0103055 0)
(0.09472 -0.0117197 0)
(0.0939275 -0.0132061 0)
(0.0931178 -0.0147501 0)
(0.0922439 -0.0163221 0)
(0.0912435 -0.0178803 0)
(0.0900473 -0.0193774 0)
(0.0885909 -0.0207683 0)
(0.0868251 -0.0220161 0)
(0.0847222 -0.0230958 0)
(0.0822764 -0.0239952 0)
(0.0795007 -0.0247141 0)
(0.0764213 -0.0252617 0)
(0.0730719 -0.0256539 0)
(0.0694895 -0.0259104 0)
(0.0657099 -0.0260531 0)
(0.0617664 -0.0261035 0)
(0.0576884 -0.0260819 0)
(0.0535007 -0.0260068 0)
(0.049224 -0.0258942 0)
(0.0448749 -0.0257576 0)
(0.0404671 -0.0256082 0)
(0.0360111 -0.0254547 0)
(0.0315156 -0.0253043 0)
(0.0269852 -0.0251623 0)
(0.0224226 -0.0250327 0)
(0.0178308 -0.0249185 0)
(0.0132117 -0.0248217 0)
(0.00856648 -0.0247437 0)
(0.0038957 -0.0246852 0)
(-0.00080038 -0.0246468 0)
(-0.0055219 -0.0246285 0)
(-0.0102693 -0.0246305 0)
(-0.0150432 -0.0246523 0)
(-0.0198442 -0.0246938 0)
(-0.0246732 -0.0247546 0)
(-0.029531 -0.0248342 0)
(-0.0344185 -0.024932 0)
(-0.0393368 -0.0250477 0)
(-0.0442866 -0.0251805 0)
(-0.0492685 -0.0253297 0)
(-0.0542823 -0.0254943 0)
(-0.0593271 -0.0256734 0)
(-0.0644007 -0.0258659 0)
(-0.0694977 -0.0260706 0)
(-0.0746077 -0.0262857 0)
(-0.0796999 -0.0265106 0)
(-0.0847463 -0.026743 0)
(-0.0897604 -0.0269803 0)
(-0.0946844 -0.0272212 0)
(-0.0993668 -0.0274633 0)
(-0.103623 -0.0277045 0)
(-0.107126 -0.0279408 0)
(-0.109416 -0.0281682 0)
(-0.110326 -0.0283798 0)
(-0.11024 -0.0285838 0)
(-0.109594 -0.0287639 0)
(-0.108698 -0.0289153 0)
(-0.107722 -0.0290338 0)
(-0.106763 -0.0291143 0)
(-0.105882 -0.0291507 0)
(-0.105108 -0.0291358 0)
(-0.104455 -0.0290613 0)
(-0.103921 -0.0289177 0)
(-0.103499 -0.0286943 0)
(-0.103179 -0.02838 0)
(-0.102941 -0.0279633 0)
(-0.102751 -0.0274332 0)
(-0.102559 -0.0267795 0)
(-0.102321 -0.025994 0)
(-0.102015 -0.0250707 0)
(-0.101635 -0.0240084 0)
(-0.101183 -0.0228117 0)
(-0.100657 -0.021492 0)
(-0.100065 -0.0200687 0)
(-0.0994293 -0.0185689 0)
(-0.098784 -0.0170264 0)
(-0.0981715 -0.0154796 0)
(-0.0976373 -0.0139669 0)
(-0.0972251 -0.0125216 0)
(-0.0969772 -0.0111676 0)
(-0.0969209 -0.0099156 0)
(-0.0970492 -0.00876294 0)
(-0.0973259 -0.00769634 0)
(-0.0977046 -0.00669649 0)
(-0.0981414 -0.00574343 0)
(-0.0985951 -0.00482056 0)
(-0.0990285 -0.00391684 0)
(-0.0994095 -0.00302693 0)
(-0.0997101 -0.00214906 0)
(-0.0999089 -0.00128163 0)
(-0.100002 -0.000421395 0)
(0.0999993 -0.000347973 0)
(0.0998592 -0.00104646 0)
(0.0995681 -0.00174462 0)
(0.099126 -0.00244631 0)
(0.098554 -0.00315562 0)
(0.0978776 -0.00387749 0)
(0.0971246 -0.00461875 0)
(0.0963263 -0.00538811 0)
(0.0955156 -0.00619453 0)
(0.0947149 -0.00704414 0)
(0.0939231 -0.00793681 0)
(0.0931148 -0.00886376 0)
(0.0922428 -0.00980701 0)
(0.0912448 -0.0107414 0)
(0.0900514 -0.0116385 0)
(0.0885979 -0.0124714 0)
(0.0868348 -0.0132177 0)
(0.0847341 -0.0138627 0)
(0.0822898 -0.0143992 0)
(0.0795146 -0.0148272 0)
(0.0764346 -0.0151522 0)
(0.0730835 -0.015384 0)
(0.0694978 -0.0155345 0)
(0.0657138 -0.0156169 0)
(0.0617646 -0.0156442 0)
(0.0576795 -0.0156286 0)
(0.0534835 -0.0155812 0)
(0.0491974 -0.0155117 0)
(0.0448379 -0.0154281 0)
(0.0404185 -0.015337 0)
(0.0359502 -0.015244 0)
(0.0314416 -0.015153 0)
(0.0268974 -0.0150673 0)
(0.0223204 -0.0149894 0)
(0.0177135 -0.0149209 0)
(0.0130789 -0.014863 0)
(0.00841769 -0.0148165 0)
(0.00373047 -0.0147819 0)
(-0.000982447 -0.0147594 0)
(-0.00572114 -0.0147492 0)
(-0.010486 -0.0147511 0)
(-0.0152775 -0.0147651 0)
(-0.0200964 -0.0147909 0)
(-0.0249433 -0.0148283 0)
(-0.0298191 -0.0148771 0)
(-0.0347248 -0.0149368 0)
(-0.0396613 -0.0150071 0)
(-0.0446289 -0.0150876 0)
(-0.049628 -0.0151778 0)
(-0.0546584 -0.015277 0)
(-0.0597193 -0.0153848 0)
(-0.0648083 -0.0155002 0)
(-0.0699198 -0.0156226 0)
(-0.0750445 -0.0157511 0)
(-0.0801523 -0.0158852 0)
(-0.0852137 -0.0160274 0)
(-0.0902388 -0.0161772 0)
(-0.0951697 -0.0163242 0)
(-0.099859 -0.0164687 0)
(-0.104121 -0.0166124 0)
(-0.107628 -0.0167537 0)
(-0.109917 -0.0168896 0)
(-0.110821 -0.0170159 0)
(-0.110724 -0.0171374 0)
(-0.110064 -0.0172448 0)
(-0.109153 -0.0173346 0)
(-0.10816 -0.0174047 0)
(-0.107184 -0.0174517 0)
(-0.106285 -0.0174722 0)
(-0.105492 -0.0174619 0)
(-0.104819 -0.017416 0)
(-0.104265 -0.0173286 0)
(-0.103822 -0.0171935 0)
(-0.10348 -0.0170037 0)
(-0.103222 -0.0167524 0)
(-0.103011 -0.0164331 0)
(-0.102797 -0.0160397 0)
(-0.102538 -0.0155674 0)
(-0.10221 -0.0150126 0)
(-0.10181 -0.0143746 0)
(-0.101338 -0.0136563 0)
(-0.100793 -0.0128645 0)
(-0.100184 -0.0120108 0)
(-0.0995325 -0.0111115 0)
(-0.0988734 -0.010187 0)
(-0.0982488 -0.00926021 0)
(-0.097704 -0.00835408 0)
(-0.0972826 -0.00748868 0)
(-0.0970265 -0.0066782 0)
(-0.0969626 -0.00592897 0)
(-0.0970841 -0.00523939 0)
(-0.0973546 -0.00460142 0)
(-0.0977276 -0.00400346 0)
(-0.0981591 -0.00343354 0)
(-0.0986081 -0.0028817 0)
(-0.0990373 -0.00234136 0)
(-0.0994148 -0.00180933 0)
(-0.0997128 -0.00128457 0)
(-0.0999098 -0.000766132 0)
(-0.100002 -0.000251834 0)
(0.0999993 -0.000116978 0)
(0.0998591 -0.000351867 0)
(0.0995678 -0.0005866 0)
(0.0991252 -0.000822454 0)
(0.0985528 -0.00106084 0)
(0.097876 -0.00130345 0)
(0.0971227 -0.0015526 0)
(0.096324 -0.0018112 0)
(0.0955133 -0.00208214 0)
(0.0947126 -0.00236731 0)
(0.0939212 -0.00266643 0)
(0.0931134 -0.00297629 0)
(0.0922422 -0.00329063 0)
(0.0912452 -0.00360082 0)
(0.090053 -0.00389728 0)
(0.0886006 -0.00417095 0)
(0.0868386 -0.00441458 0)
(0.0847388 -0.00462338 0)
(0.082295 -0.00479524 0)
(0.0795198 -0.00493042 0)
(0.0764393 -0.0050311 0)
(0.0730869 -0.00510073 0)
(0.0694995 -0.00514358 0)
(0.065713 -0.00516415 0)
(0.0617607 -0.00516693 0)
(0.0576719 -0.00515608 0)
(0.0534716 -0.00513534 0)
(0.0491806 -0.00510792 0)
(0.0448157 -0.00507651 0)
(0.0403905 -0.0050433 0)
(0.0359161 -0.00501004 0)
(0.0314009 -0.00497806 0)
(0.0268497 -0.00494839 0)
(0.0222654 -0.00492178 0)
(0.017651 -0.00489875 0)
(0.0130085 -0.00487966 0)
(0.00833919 -0.00486472 0)
(0.00364368 -0.00485405 0)
(-0.0010777 -0.0048477 0)
(-0.00582503 -0.00484564 -2.51439e-29)
(-0.0105987 -0.00484783 0)
(-0.0153991 -0.00485419 0)
(-0.020227 -0.00486462 -2.43491e-29)
(-0.025083 -0.00487902 0)
(-0.0299679 -0.00489729 0)
(-0.0348826 -0.00491928 2.37177e-29)
(-0.0398277 -0.00494485 0)
(-0.0448039 -0.00497378 0)
(-0.0498113 -0.00500594 0)
(-0.0548497 -0.00504112 0)
(-0.059918 -0.00507907 0)
(-0.0650137 -0.00511944 0)
(-0.0701314 -0.00516206 0)
(-0.0752619 -0.0052066 0)
(-0.0803832 -0.00525264 0)
(-0.0854674 -0.00530326 0)
(-0.0904962 -0.00535856 0)
(-0.0954141 -0.00541003 0)
(-0.100101 -0.00545921 0)
(-0.104368 -0.00550799 0)
(-0.107878 -0.00555618 -1.11281e-29)
(-0.110167 -0.00560245 0)
(-0.111067 -0.00564522 -1.10246e-29)
(-0.110965 -0.00568627 0)
(-0.110298 -0.00572239 0)
(-0.109378 -0.0057526 -1.13177e-29)
(-0.108378 -0.00577603 2.27608e-29)
(-0.107393 -0.00579167 0)
(-0.106484 -0.00579833 -1.15276e-29)
(-0.105682 -0.00579466 2.32191e-29)
(-0.104999 -0.00577906 0)
(-0.104435 -0.0057496 0)
(-0.103982 -0.00570423 0)
(-0.10363 -0.00564053 -1.19539e-29)
(-0.103362 -0.00555634 0)
(-0.10314 -0.00544942 0)
(-0.102916 -0.00531787 -1.21597e-29)
(-0.102647 -0.00516005 0)
(-0.102308 -0.00497486 1.22136e-29)
(-0.101898 -0.00476211 0)
(-0.101416 -0.00452273 0)
(-0.100862 -0.00425906 0)
(-0.100245 -0.00397498 2.38618e-29)
(-0.0995861 -0.00367593 0)
(-0.0989201 -0.00336873 -2.3109e-29)
(-0.0982894 -0.00306101 0)
(-0.0977391 -0.00276043 0)
(-0.097313 -0.00247367 2.17103e-29)
(-0.0970526 -0.0022054 0)
(-0.0969847 -0.00195767 0)
(-0.0971025 -0.00172989 0)
(-0.0973697 -0.00151931 0)
(-0.0977397 -0.00132201 0)
(-0.0981686 -0.00113398 1.009e-29)
(-0.098615 -0.000951889 0)
(-0.0990421 -0.000773542 0)
(-0.0994179 -0.00059788 2.00374e-29)
(-0.0997146 -0.000424548 0)
(-0.0999106 -0.000253265 2.00125e-29)
(-0.100002 -8.33217e-05 0)
(0.0999994 0.000113906 0)
(0.0998594 0.000343204 0)
(0.0995681 0.000572298 0)
(0.0991256 0.000802485 0)
(0.0985532 0.00103511 0)
(0.0978764 0.00127177 0)
(0.097123 0.00151468 0)
(0.0963244 0.00176681 0)
(0.0955136 0.00203131 0)
(0.0947129 0.00231055 0)
(0.0939214 0.00260497 0)
(0.0931134 0.00291223 0)
(0.092242 0.0032269 0)
(0.0912448 0.00354107 0)
(0.0900522 0.00384557 0)
(0.0885995 0.00413139 0)
(0.0868371 0.00439095 0)
(0.0847368 0.00461887 0)
(0.0822926 0.00481224 0)
(0.0795169 0.00497044 0)
(0.0764359 0.00509475 0)
(0.0730831 0.00518787 0)
(0.0694953 0.00525333 0)
(0.0657084 0.00529515 0)
(0.0617557 0.0053174 0)
(0.0576665 0.005324 0)
(0.0534659 0.00531855 0)
(0.0491745 0.00530422 0)
(0.0448093 0.00528374 0)
(0.0403839 0.00525939 0)
(0.0359091 0.00523304 0)
(0.0313936 0.00520617 0)
(0.0268422 0.00517996 0)
(0.0222576 0.0051553 0)
(0.0176429 0.00513287 0)
(0.0130002 0.00511318 0)
(0.00833063 0.00509658 0)
(0.00363491 0.00508333 0)
(-0.00108666 0.00507359 0)
(-0.00583413 0.00506745 2.51437e-29)
(-0.0106079 0.00506499 0)
(-0.0154084 0.00506621 0)
(-0.0202363 0.0050711 2.43489e-29)
(-0.0250923 0.00507962 0)
(-0.0299773 0.0050917 0)
(-0.0348921 0.00510726 -2.37175e-29)
(-0.0398373 0.00512619 0)
(-0.0448135 0.00514835 0)
(-0.049821 0.00517361 0)
(-0.0548594 0.00520183 0)
(-0.0599275 0.00523278 0)
(-0.0650233 0.00526623 0)
(-0.0701412 0.00530188 0)
(-0.0752714 0.0053392 0)
(-0.0803927 0.00537856 0)
(-0.0854769 0.0054221 0)
(-0.0905048 0.00547071 0)
(-0.0954226 0.00551603 0)
(-0.100109 0.00555875 0)
(-0.104376 0.00560191 0)
(-0.107885 0.0056449 1.1128e-29)
(-0.110172 0.00568712 0)
(-0.111071 0.00572701 1.10246e-29)
(-0.110968 0.00576579 0)
(-0.110301 0.00580033 0)
(-0.109381 0.00582937 1.13177e-29)
(-0.10838 0.00585203 -2.27609e-29)
(-0.107395 0.00586727 0)
(-0.106486 0.00587385 1.15277e-29)
(-0.105684 0.00587039 -2.32192e-29)
(-0.105001 0.00585527 0)
(-0.104437 0.00582649 0)
(-0.103984 0.00578196 0)
(-0.103632 0.00571923 1.19539e-29)
(-0.103363 0.00563603 0)
(-0.103142 0.0055301 0)
(-0.102918 0.00539946 1.21598e-29)
(-0.102649 0.00524236 0)
(-0.102311 0.00505764 -1.22136e-29)
(-0.1019 0.00484498 0)
(-0.101419 0.00460527 0)
(-0.100865 0.00434074 0)
(-0.100247 0.00405519 -2.38617e-29)
(-0.0995886 0.003754 0)
(-0.0989226 0.00344393 2.31088e-29)
(-0.0982917 0.00313261 0)
(-0.0977413 0.00282773 0)
(-0.0973149 0.00253603 -2.17102e-29)
(-0.0970542 0.00226234 0)
(-0.096986 0.00200889 0)
(-0.0971035 0.00177527 0)
(-0.0973705 0.00155891 0)
(-0.0977403 0.001356 0)
(-0.098169 0.0011626 -1.009e-29)
(-0.0986154 0.000975406 0)
(-0.0990425 0.000792216 0)
(-0.0994183 0.000611951 -2.00374e-29)
(-0.099715 0.000434242 0)
(-0.0999107 0.000258784 -2.00125e-29)
(-0.100002 8.46701e-05 0)
(0.0999994 0.000344544 0)
(0.0998595 0.00103788 0)
(0.0995685 0.0017307 0)
(0.0991263 0.00242689 0)
(0.0985543 0.00313053 0)
(0.097878 0.00384649 0)
(0.097125 0.00458156 0)
(0.0963267 0.00534453 0)
(0.0955159 0.00614463 0)
(0.0947151 0.00698847 0)
(0.0939231 0.00787664 0)
(0.0931144 0.00880119 0)
(0.092242 0.00974496 0)
(0.0912434 0.0106835 0)
(0.0900491 0.0115888 0)
(0.0885946 0.0124339 0)
(0.0868304 0.0131962 0)
(0.0847285 0.0138604 0)
(0.0822829 0.0144184 0)
(0.0795063 0.0148694 0)
(0.0764249 0.015218 0)
(0.0730724 0.0154732 0)
(0.0694854 0.0156463 0)
(0.0657001 0.0157498 0)
(0.0617496 0.0157964 0)
(0.0576634 0.0157982 0)
(0.0534663 0.015766 0)
(0.049179 0.0157094 0)
(0.0448185 0.0156365 0)
(0.0403982 0.0155542 0)
(0.0359291 0.0154679 0)
(0.0314196 0.015382 0)
(0.0268746 0.0152997 0)
(0.0222968 0.0152236 0)
(0.0176892 0.0151557 0)
(0.0130539 0.0150972 0)
(0.00839207 0.0150491 0)
(0.00370429 0.015012 0)
(-0.00100913 0.0149862 0)
(-0.00574826 0.014972 0)
(-0.0105135 0.0149693 0)
(-0.0153054 0.0149782 0)
(-0.0201246 0.0149984 0)
(-0.0249718 0.0150299 0)
(-0.029848 0.0150723 0)
(-0.034754 0.0151254 0)
(-0.0396906 0.0151889 0)
(-0.0446583 0.0152623 0)
(-0.0496574 0.0153454 0)
(-0.0546878 0.0154375 0)
(-0.0597485 0.015538 0)
(-0.0648372 0.015646 0)
(-0.0699491 0.0157611 0)
(-0.0750732 0.0158822 0)
(-0.0801806 0.0160091 0)
(-0.0852419 0.0161443 0)
(-0.0902655 0.016287 0)
(-0.0951959 0.0164271 0)
(-0.0998843 0.0165651 0)
(-0.104144 0.0167028 0)
(-0.107648 0.0168388 0)
(-0.109933 0.0169706 0)
(-0.110834 0.0170941 0)
(-0.110735 0.0172135 0)
(-0.110073 0.0173194 0)
(-0.10916 0.0174084 0)
(-0.108167 0.017478 0)
(-0.10719 0.017525 0)
(-0.10629 0.0175458 0)
(-0.105497 0.0175362 0)
(-0.104824 0.0174911 0)
(-0.10427 0.0174048 0)
(-0.103827 0.0172708 0)
(-0.103485 0.0170823 0)
(-0.103226 0.0168324 0)
(-0.103015 0.0165144 0)
(-0.102801 0.0161222 0)
(-0.102542 0.0156509 0)
(-0.102215 0.0150968 0)
(-0.101815 0.0144591 0)
(-0.101343 0.0137406 0)
(-0.100798 0.0129479 0)
(-0.100189 0.0120926 0)
(-0.0995381 0.011191 0)
(-0.0988788 0.0102633 0)
(-0.0982539 0.00933243 0)
(-0.0977086 0.00842156 0)
(-0.0972867 0.00755087 0)
(-0.09703 0.00673471 0)
(-0.0969654 0.00597963 0)
(-0.0970862 0.00528419 0)
(-0.0973561 0.0046405 0)
(-0.0977288 0.00403703 0)
(-0.09816 0.00346183 0)
(-0.0986087 0.00290495 0)
(-0.0990379 0.00235976 0)
(-0.0994154 0.00182305 0)
(-0.0997132 0.00129372 0)
(-0.0999099 0.00077096 0)
(-0.100002 0.000253066 0)
(0.0999994 0.000575078 0)
(0.0998596 0.00173176 0)
(0.099569 0.00288776 0)
(0.0991275 0.00404953 0)
(0.0985562 0.00522392 0)
(0.0978808 0.00641906 0)
(0.0971285 0.00764629 0)
(0.0963307 0.00892024 0)
(0.0955203 0.0102562 0)
(0.0947193 0.011665 0)
(0.0939266 0.0131472 0)
(0.0931166 0.0146892 0)
(0.0922422 0.0162621 0)
(0.091241 0.0178248 0)
(0.0900437 0.0193304 0)
(0.0885859 0.0207339 0)
(0.0868184 0.0219979 0)
(0.0847137 0.0230969 0)
(0.0822658 0.024018 0)
(0.079488 0.0247599 0)
(0.0764063 0.025331 0)
(0.0730548 0.0257464 0)
(0.0694701 0.0260254 0)
(0.0656883 0.0261889 0)
(0.0617428 0.0262584 0)
(0.0576628 0.0262539 0)
(0.0534731 0.0261938 0)
(0.0491945 0.0260939 0)
(0.0448437 0.0259679 0)
(0.0404341 0.0258269 0)
(0.0359766 0.0256801 0)
(0.0314795 0.0255345 0)
(0.0269476 0.0253958 0)
(0.0223837 0.0252681 0)
(0.0177906 0.0251545 0)
(0.0131703 0.0250572 0)
(0.0085239 0.0249776 0)
(0.00385204 0.0249166 0)
(-0.000845047 0.0248749 0)
(-0.00556747 0.0248527 0)
(-0.0103156 0.02485 0)
(-0.0150902 0.0248667 0)
(-0.0198917 0.0249026 0)
(-0.0247212 0.0249573 0)
(-0.0295796 0.0250306 0)
(-0.0344679 0.0251218 0)
(-0.0393867 0.0252305 0)
(-0.0443365 0.0253561 0)
(-0.0493181 0.0254977 0)
(-0.0543321 0.0256546 0)
(-0.059377 0.0258259 0)
(-0.0644505 0.0260105 0)
(-0.0695473 0.0262071 0)
(-0.0746566 0.0264148 0)
(-0.079748 0.0266317 0)
(-0.0847937 0.026857 0)
(-0.0898068 0.0270872 0)
(-0.0947294 0.0273207 0)
(-0.0994092 0.0275565 0)
(-0.103661 0.0277915 0)
(-0.107159 0.0280227 0)
(-0.109443 0.028246 0)
(-0.110347 0.0284548 0)
(-0.110257 0.0286568 0)
(-0.109608 0.0288354 0)
(-0.10871 0.028986 0)
(-0.107732 0.0291042 0)
(-0.106773 0.0291846 0)
(-0.10589 0.0292213 0)
(-0.105116 0.029207 0)
(-0.104462 0.0291334 0)
(-0.103928 0.0289909 0)
(-0.103506 0.0287689 0)
(-0.103185 0.0284561 0)
(-0.102947 0.0280409 0)
(-0.102757 0.0275124 0)
(-0.102565 0.0268602 0)
(-0.102327 0.0260759 0)
(-0.102021 0.0251537 0)
(-0.101641 0.024092 0)
(-0.101189 0.0228952 0)
(-0.100662 0.0215748 0)
(-0.10007 0.0201499 0)
(-0.0994347 0.0186475 0)
(-0.0987892 0.0171017 0)
(-0.0981764 0.0155506 0)
(-0.0976417 0.0140328 0)
(-0.097229 0.0125821 0)
(-0.0969806 0.0112223 0)
(-0.0969237 0.00996448 0)
(-0.0970514 0.00880612 0)
(-0.0973275 0.00773403 0)
(-0.0977058 0.00672891 0)
(-0.0981422 0.00577079 0)
(-0.0985956 0.00484303 0)
(-0.0990289 0.00393456 0)
(-0.0994098 0.00304005 0)
(-0.0997102 0.00215771 0)
(-0.0999089 0.001286 0)
(-0.100002 0.00042255 0)
(0.0999994 0.000805389 0)
(0.0998599 0.00242456 0)
(0.09957 0.00404298 0)
(0.0991295 0.00566974 0)
(0.0985594 0.00731446 0)
(0.0978851 0.00898855 0)
(0.0971339 0.0107079 0)
(0.0963369 0.0124931 0)
(0.0955268 0.0143653 0)
(0.0947254 0.0163394 0)
(0.0939317 0.0184161 0)
(0.0931197 0.0205759 0)
(0.0922423 0.0227778 0)
(0.0912372 0.0249642 0)
(0.0900355 0.0270691 0)
(0.0885729 0.0290294 0)
(0.0868009 0.0307931 0)
(0.0846922 0.0323245 0)
(0.0822414 0.0336058 0)
(0.0794619 0.0346357 0)
(0.0763803 0.0354263 0)
(0.0730306 0.0359989 0)
(0.0694498 0.0363808 0)
(0.0656738 0.0366017 0)
(0.061736 0.0366915 0)
(0.0576656 0.0366786 0)
(0.0534874 0.0365886 0)
(0.0492219 0.0364438 0)
(0.0448858 0.0362633 0)
(0.0404924 0.0360626 0)
(0.0360523 0.0358544 0)
(0.0315739 0.0356487 0)
(0.0270619 0.035453 0)
(0.0225188 0.0352734 0)
(0.0179475 0.0351138 0)
(0.0133498 0.0349775 0)
(0.00872685 0.0348664 0)
(0.00407907 0.0347817 0)
(-0.000593371 0.0347244 0)
(-0.00529063 0.0346946 0)
(-0.0100132 0.0346924 0)
(-0.0147616 0.0347176 0)
(-0.0195367 0.0347699 0)
(-0.0243394 0.0348488 0)
(-0.0291707 0.0349537 0)
(-0.0340316 0.0350839 0)
(-0.0389233 0.0352387 0)
(-0.0438467 0.0354175 0)
(-0.0488023 0.0356193 0)
(-0.0537901 0.035843 0)
(-0.0588096 0.0360873 0)
(-0.0638588 0.0363506 0)
(-0.0689322 0.0366314 0)
(-0.0740197 0.0369278 0)
(-0.0790917 0.0372371 0)
(-0.0841222 0.0375539 0)
(-0.08912 0.0378721 0)
(-0.0940231 0.0382 0)
(-0.0986854 0.038535 0)
(-0.102924 0.0388696 0)
(-0.106412 0.0391981 0)
(-0.108693 0.039515 0)
(-0.109604 0.0398117 0)
(-0.109527 0.0400973 0)
(-0.108897 0.0403503 0)
(-0.108021 0.0405638 0)
(-0.107068 0.0407322 0)
(-0.106135 0.040848 0)
(-0.105281 0.0409024 0)
(-0.104535 0.0408855 0)
(-0.103912 0.0407856 0)
(-0.103409 0.0405892 0)
(-0.103018 0.0402816 0)
(-0.10273 0.0398471 0)
(-0.102525 0.0392694 0)
(-0.102368 0.038533 0)
(-0.102207 0.0376233 0)
(-0.102002 0.0365286 0)
(-0.101727 0.0352403 0)
(-0.101379 0.0337563 0)
(-0.100956 0.0320827 0)
(-0.100458 0.0302354 0)
(-0.0998915 0.0282412 0)
(-0.0992791 0.0261379 0)
(-0.0986544 0.0239731 0)
(-0.0980599 0.0218005 0)
(-0.0975412 0.0196742 0)
(-0.0971425 0.0176416 0)
(-0.0969067 0.0157363 0)
(-0.0968613 0.0139738 0)
(-0.0969994 0.0123506 0)
(-0.0972848 0.0108483 0)
(-0.0976715 0.00943977 0)
(-0.0981157 0.00809696 0)
(-0.0985761 0.00679645 0)
(-0.0990155 0.00552271 0)
(-0.0994015 0.00426817 0)
(-0.0997062 0.00303029 0)
(-0.0999075 0.00180676 0)
(-0.100002 0.000593468 0)
(0.0999995 0.00103511 0)
(0.0998606 0.00311568 0)
(0.0995717 0.00519566 0)
(0.0991325 0.00728676 0)
(0.0985639 0.00940136 0)
(0.0978911 0.0115542 0)
(0.0971412 0.0137658 0)
(0.0963452 0.0160625 0)
(0.0955352 0.0184714 0)
(0.0947332 0.0210115 0)
(0.0939377 0.0236831 0)
(0.0931229 0.0264609 0)
(0.0922414 0.0292917 0)
(0.0912312 0.0321008 0)
(0.0900236 0.0348035 0)
(0.0885549 0.0373184 0)
(0.086777 0.0395787 0)
(0.0846632 0.0415388 0)
(0.0822089 0.0431763 0)
(0.0794277 0.0444899 0)
(0.0763466 0.0454954 0)
(0.0729999 0.0462208 0)
(0.0694246 0.0467014 0)
(0.0656568 0.0469757 0)
(0.0617297 0.0470823 0)
(0.0576726 0.0470579 0)
(0.05351 0.0469352 0)
(0.0492623 0.0467432 0)
(0.044946 0.0465061 0)
(0.0405743 0.046244 0)
(0.0361577 0.0459732 0)
(0.0317042 0.0457062 0)
(0.0272186 0.0454528 0)
(0.0227034 0.0452205 0)
(0.0181612 0.0450147 0)
(0.0135938 0.0448391 0)
(0.00900209 0.0446963 0)
(0.00438657 0.044588 0)
(-0.000252716 0.044515 0)
(-0.00491603 0.0444778 0)
(-0.00960393 0.0444765 0)
(-0.0143172 0.0445109 0)
(-0.0190567 0.0445804 0)
(-0.0238236 0.0446844 0)
(-0.0286189 0.0448223 0)
(-0.0334439 0.0449932 0)
(-0.0382991 0.045196 0)
(-0.0431849 0.0454297 0)
(-0.0481031 0.0456931 0)
(-0.0530553 0.0459847 0)
(-0.0580403 0.0463031 0)
(-0.0630558 0.0466466 0)
(-0.0680972 0.0470128 0)
(-0.0731549 0.0473992 0)
(-0.078207 0.0478029 0)
(-0.0832332 0.0482168 0)
(-0.0882106 0.0486353 0)
(-0.0930716 0.0490653 0)
(-0.0977022 0.0495029 0)
(-0.101923 0.0499395 0)
(-0.105401 0.0503679 0)
(-0.107679 0.050781 0)
(-0.1086 0.0511685 0)
(-0.108541 0.0515389 0)
(-0.107936 0.0518676 0)
(-0.10709 0.0521462 0)
(-0.106171 0.0523671 0)
(-0.105274 0.0525206 0)
(-0.104458 0.0525957 0)
(-0.103752 0.0525793 0)
(-0.10317 0.0524565 0)
(-0.102709 0.05221 0)
(-0.102361 0.0518207 0)
(-0.102117 0.0512683 0)
(-0.101956 0.0505319 0)
(-0.101843 0.0495912 0)
(-0.101727 0.0484273 0)
(-0.101565 0.0470251 0)
(-0.101334 0.0453734 0)
(-0.101028 0.0434692 0)
(-0.100645 0.0413203 0)
(-0.100184 0.0389469 0)
(-0.0996526 0.0363834 0)
(-0.0990718 0.0336784 0)
(-0.0984752 0.0308932 0)
(-0.0979054 0.028097 0)
(-0.0974081 0.0253595 0)
(-0.097028 0.022742 0)
(-0.0968089 0.020288 0)
(-0.0967786 0.0180176 0)
(-0.0969303 0.0159267 0)
(-0.0972279 0.0139913 0)
(-0.0976258 0.0121766 0)
(-0.09808 0.0104463 0)
(-0.0985496 0.00877022 0)
(-0.098997 0.00712813 0)
(-0.0993899 0.00551015 0)
(-0.0997 0.00391289 0)
(-0.0999052 0.00233368 0)
(-0.100002 0.00076683 0)
(0.0999995 0.00126389 0)
(0.0998614 0.00380449 0)
(0.0995737 0.00634496 0)
(0.099136 0.00889958 0)
(0.0985692 0.0114836 0)
(0.0978981 0.014115 0)
(0.0971496 0.016819 0)
(0.0963543 0.0196276 0)
(0.0955442 0.0225739 0)
(0.0947409 0.0256806 0)
(0.0939429 0.0289477 0)
(0.0931242 0.0323437 0)
(0.0922374 0.0358029 0)
(0.0912207 0.0392336 0)
(0.0900057 0.0425319 0)
(0.0885294 0.0455982 0)
(0.0867445 0.0483512 0)
(0.0846248 0.0507355 0)
(0.0821664 0.052724 0)
(0.0793836 0.0543159 0)
(0.0763037 0.0555309 0)
(0.0729613 0.0564037 0)
(0.0693934 0.0569779 0)
(0.0656363 0.0573009 0)
(0.0617231 0.0574201 0)
(0.0576828 0.0573803 0)
(0.05354 0.0572218 0)
(0.0493148 0.0569798 0)
(0.0450235 0.0566839 0)
(0.040679 0.0563587 0)
(0.0362917 0.0560236 0)
(0.0318695 0.0556942 0)
(0.0274171 0.0553823 0)
(0.0229368 0.0550968 0)
(0.0184311 0.0548442 0)
(0.0139015 0.054629 0)
(0.00934909 0.0544544 0)
(0.00477409 0.0543224 0)
(0.000176472 0.0542339 0)
(-0.00444407 0.0541896 0)
(-0.00908819 0.0541895 0)
(-0.0137568 0.0542333 0)
(-0.0184509 0.0543205 0)
(-0.0231716 0.0544505 0)
(-0.0279204 0.0546223 0)
(-0.0326985 0.054835 0)
(-0.0375075 0.0550873 0)
(-0.0423488 0.0553777 0)
(-0.0472231 0.055704 0)
(-0.0521303 0.0560651 0)
(-0.057071 0.0564595 0)
(-0.0620437 0.0568848 0)
(-0.0670445 0.0573386 0)
(-0.0720643 0.0578175 0)
(-0.0770825 0.0583182 0)
(-0.0820791 0.0588361 0)
(-0.0870262 0.0593667 0)
(-0.0918556 0.0599069 0)
(-0.0964588 0.0604515 0)
(-0.100659 0.0609935 0)
(-0.104123 0.0615255 0)
(-0.106398 0.0620387 0)
(-0.107332 0.0625213 0)
(-0.107294 0.0629794 0)
(-0.106722 0.0633872 0)
(-0.105914 0.0637344 0)
(-0.105037 0.0640117 0)
(-0.104186 0.0642072 0)
(-0.103418 0.0643073 0)
(-0.102762 0.0642961 0)
(-0.102232 0.0641552 0)
(-0.101825 0.0638635 0)
(-0.101533 0.0633975 0)
(-0.101344 0.0627319 0)
(-0.101239 0.0618412 0)
(-0.101183 0.0607004 0)
(-0.101122 0.0592864 0)
(-0.101015 0.0575801 0)
(-0.100838 0.0555681 0)
(-0.100586 0.0532463 0)
(-0.100254 0.0506239 0)
(-0.0998401 0.0477255 0)
(-0.0993523 0.0445929 0)
(-0.0988111 0.0412854 0)
(-0.0982499 0.037878 0)
(-0.0977112 0.0344554 0)
(-0.0972409 0.0311033 0)
(-0.0968843 0.0278969 0)
(-0.0966861 0.02489 0)
(-0.0966751 0.0221076 0)
(-0.0968441 0.0195447 0)
(-0.0971571 0.0171724 0)
(-0.0975689 0.0149479 0)
(-0.098036 0.0128265 0)
(-0.0985171 0.0107709 0)
(-0.0989747 0.00875624 0)
(-0.0993762 0.00677018 0)
(-0.0996929 0.00480854 0)
(-0.0999027 0.0028682 0)
(-0.100002 0.00094349 0)
(0.0999996 0.00149153 0)
(0.0998622 0.00449066 0)
(0.0995758 0.00749042 0)
(0.0991398 0.0105077 0)
(0.0985748 0.0135606 0)
(0.0979053 0.0166705 0)
(0.097158 0.019867 0)
(0.0963632 0.0231881 0)
(0.0955524 0.0266724 0)
(0.094747 0.0303464 0)
(0.0939456 0.0342096 0)
(0.0931219 0.0382236 0)
(0.0922285 0.0423104 0)
(0.0912039 0.0463609 0)
(0.0899802 0.0502518 0)
(0.0884951 0.0538656 0)
(0.086702 0.0571063 0)
(0.0845758 0.059909 0)
(0.0821132 0.0622424 0)
(0.079329 0.064106 0)
(0.0762511 0.0655241 0)
(0.0729144 0.0665381 0)
(0.069356 0.0672001 0)
(0.0656122 0.0675665 0)
(0.0617161 0.0676936 0)
(0.0576964 0.0676344 0)
(0.0535775 0.0674365 0)
(0.0493795 0.0671416 0)
(0.0451182 0.0667845 0)
(0.0408065 0.066394 0)
(0.0364545 0.0659933 0)
(0.0320698 0.0656002 0)
(0.0276571 0.0652286 0)
(0.0232187 0.0648891 0)
(0.0187567 0.0645891 0)
(0.0142728 0.0643339 0)
(0.00976766 0.0641272 0)
(0.00524155 0.0639712 0)
(0.000694324 0.0638673 0)
(-0.00387441 0.0638159 0)
(-0.00846544 0.0638172 0)
(-0.0130798 0.0638709 0)
(-0.0177187 0.0639763 0)
(-0.0223835 0.0641326 0)
(-0.0270758 0.0643389 0)
(-0.031797 0.0645939 0)
(-0.0365495 0.0648963 0)
(-0.0413353 0.0652446 0)
(-0.0461545 0.0656372 0)
(-0.0510068 0.0660721 0)
(-0.0558933 0.0665468 0)
(-0.0608133 0.0670589 0)
(-0.0657637 0.0676052 0)
(-0.0707354 0.0681822 0)
(-0.0757088 0.068786 0)
(-0.0806642 0.0694118 0)
(-0.0855731 0.0700545 0)
(-0.0903679 0.0707082 0)
(-0.0949417 0.0713663 0)
(-0.0991188 0.0720209 0)
(-0.102567 0.0726632 0)
(-0.104841 0.073283 0)
(-0.105791 0.0738671 0)
(-0.10578 0.0744178 0)
(-0.105247 0.0749098 0)
(-0.104486 0.0753313 0)
(-0.103661 0.0756708 0)
(-0.102865 0.075914 0)
(-0.102155 0.0760448 0)
(-0.101561 0.0760445 0)
(-0.101095 0.0758915 0)
(-0.100753 0.0755606 0)
(-0.100528 0.0750237 0)
(-0.100407 0.0742506 0)
(-0.100371 0.0732111 0)
(-0.100383 0.0718753 0)
(-0.100389 0.0702159 0)
(-0.100348 0.0682102 0)
(-0.100238 0.0658415 0)
(-0.10005 0.063105 0)
(-0.0997786 0.0600112 0)
(-0.099422 0.0565886 0)
(-0.0989869 0.0528864 0)
(-0.0984935 0.0489747 0)
(-0.0979752 0.0449422 0)
(-0.0974743 0.0408893 0)
(-0.097037 0.0369178 0)
(-0.0967093 0.0331174 0)
(-0.0965369 0.0295523 0)
(-0.0965495 0.0262527 0)
(-0.0967396 0.0232131 0)
(-0.0970716 0.0203993 0)
(-0.0975006 0.0177605 0)
(-0.0979832 0.0152436 0)
(-0.0984784 0.0128041 0)
(-0.0989485 0.0104122 0)
(-0.0993606 0.00805303 0)
(-0.0996857 0.00572155 0)
(-0.0999003 0.00341373 0)
(-0.100002 0.00112308 0)
(0.0999997 0.00171804 0)
(0.099863 0.00517405 0)
(0.0995778 0.00863181 0)
(0.0991434 0.0121109 0)
(0.0985799 0.0156321 0)
(0.0979117 0.0192205 0)
(0.0971653 0.02291 0)
(0.0963702 0.0267443 0)
(0.0955578 0.0307675 0)
(0.0947492 0.0350097 0)
(0.0939431 0.0394693 0)
(0.093113 0.0441012 0)
(0.0922116 0.0488144 0)
(0.0911776 0.0534823 0)
(0.0899437 0.0579623 0)
(0.0884486 0.0621187 0)
(0.0866465 0.0658411 0)
(0.0845132 0.0690553 0)
(0.0820462 0.0717261 0)
(0.0792612 0.0738539 0)
(0.0761864 0.0754673 0)
(0.0728569 0.0766153 0)
(0.0693102 0.0773582 0)
(0.0655823 0.0777618 0)
(0.0617063 0.0778912 0)
(0.0577108 0.0778078 0)
(0.0536199 0.0775665 0)
(0.0494534 0.0772152 0)
(0.045227 0.076794 0)
(0.0409533 0.0763359 0)
(0.0366421 0.0758674 0)
(0.0323009 0.0754089 0)
(0.0279344 0.0749762 0)
(0.0235448 0.0745814 0)
(0.019134 0.0742329 0)
(0.0147034 0.0739369 0)
(0.0102537 0.0736973 0)
(0.00578517 0.0735168 0)
(0.0012973 0.0733969 0)
(-0.00321022 0.0733381 0)
(-0.00773834 0.0733408 0)
(-0.0122885 0.0734048 0)
(-0.0168619 0.0735292 0)
(-0.0214603 0.0737131 0)
(-0.0260853 0.0739556 0)
(-0.030739 0.0742554 0)
(-0.035423 0.0746109 0)
(-0.0401391 0.0750204 0)
(-0.0448891 0.0754821 0)
(-0.0496744 0.0759935 0)
(-0.0544957 0.0765521 0)
(-0.0593523 0.077155 0)
(-0.0642415 0.0777987 0)
(-0.0691547 0.0784793 0)
(-0.0740732 0.0791921 0)
(-0.0789777 0.0799316 0)
(-0.0838403 0.0806918 0)
(-0.0885944 0.0814653 0)
(-0.0931344 0.0822442 0)
(-0.0972861 0.083019 0)
(-0.10072 0.0837794 0)
(-0.102994 0.0845138 0)
(-0.103963 0.0852075 0)
(-0.103985 0.0858577 0)
(-0.103499 0.086441 0)
(-0.102793 0.0869438 0)
(-0.102029 0.0873526 0)
(-0.101299 0.0876503 0)
(-0.10066 0.0878186 0)
(-0.100139 0.0878359 0)
(-0.0997484 0.0876782 0)
(-0.0994849 0.0873154 0)
(-0.0993395 0.0867146 0)
(-0.0992991 0.0858407 0)
(-0.0993439 0.0846587 0)
(-0.0994365 0.0831339 0)
(-0.0995223 0.0812347 0)
(-0.0995597 0.0789344 0)
(-0.0995284 0.0762133 0)
(-0.0994159 0.0730652 0)
(-0.0992169 0.0695016 0)
(-0.098928 0.0655552 0)
(-0.0985555 0.0612824 0)
(-0.0981189 0.056764 0)
(-0.0976513 0.0521025 0)
(-0.097195 0.0474143 0)
(-0.0967967 0.0428176 0)
(-0.096503 0.0384167 0)
(-0.0963612 0.0342869 0)
(-0.0964016 0.0304638 0)
(-0.0966168 0.0269415 0)
(-0.096971 0.0236805 0)
(-0.0974202 0.020622 0)
(-0.0979211 0.0177042 0)
(-0.0984327 0.0148753 0)
(-0.0989172 0.0121003 0)
(-0.0993413 0.00936169 0)
(-0.0996758 0.00665348 0)
(-0.0998968 0.00397114 0)
(-0.100002 0.00130604 0)
(0.0999997 0.00194342 0)
(0.0998637 0.00585452 0)
(0.0995797 0.00976892 0)
(0.0991467 0.0137089 0)
(0.0985846 0.0176982 0)
(0.0979173 0.0217651 0)
(0.0971709 0.0259482 0)
(0.0963747 0.0302965 0)
(0.0955595 0.0348596 0)
(0.0947463 0.0396707 0)
(0.093934 0.044727 0)
(0.0930959 0.0499762 0)
(0.0921848 0.0553142 0)
(0.0911396 0.0605964 0)
(0.089894 0.065661 0)
(0.0883874 0.0703542 0)
(0.0865751 0.0745514 0)
(0.084434 0.0781693 0)
(0.0819625 0.0811691 0)
(0.0791769 0.0835523 0)
(0.076106 0.0853526 0)
(0.0727851 0.0866263 0)
(0.0692518 0.0874428 0)
(0.0655422 0.0878768 0)
(0.0616892 0.0880026 0)
(0.0577211 0.0878898 0)
(0.0536619 0.0876006 0)
(0.049531 0.0871892 0)
(0.045344 0.0867007 0)
(0.0411131 0.0861724 0)
(0.0368481 0.0856337 0)
(0.0325562 0.0851078 0)
(0.0282422 0.0846123 0)
(0.0239082 0.0841605 0)
(0.0195559 0.0837621 0)
(0.0151866 0.0834236 0)
(0.0108011 0.0831498 0)
(0.00639909 0.0829436 0)
(0.0019799 0.0828067 0)
(-0.00245607 0.08274 0)
(-0.00690994 0.0827437 0)
(-0.0113842 0.0828177 0)
(-0.0158801 0.0829612 0)
(-0.0203992 0.0831736 0)
(-0.0249438 0.0834538 0)
(-0.029516 0.0838005 0)
(-0.0341189 0.0842123 0)
(-0.0387552 0.0846865 0)
(-0.043426 0.08522 0)
(-0.0481317 0.0858112 0)
(-0.052874 0.0864581 0)
(-0.0576536 0.0871572 0)
(-0.0624684 0.0879045 0)
(-0.0673106 0.0886954 0)
(-0.0721622 0.0895244 0)
(-0.0770051 0.0903855 0)
(-0.0818122 0.0912713 0)
(-0.0865181 0.0921736 0)
(-0.091019 0.0930825 0)
(-0.0951421 0.093987 0)
(-0.0985599 0.0948754 0)
(-0.100836 0.095734 0)
(-0.101829 0.0965473 0)
(-0.101891 0.0973055 0)
(-0.10146 0.0979891 0)
(-0.10082 0.0985825 0)
(-0.100127 0.0990695 0)
(-0.0994764 0.0994305 0)
(-0.0989183 0.0996441 0)
(-0.0984838 0.0996869 0)
(-0.0981811 0.0995335 0)
(-0.0980092 0.0991471 0)
(-0.0979569 0.09849 0)
(-0.0980105 0.0975221 0)
(-0.0981499 0.0962039 0)
(-0.098337 0.0944961 0)
(-0.0985153 0.0923624 0)
(-0.0986442 0.0897722 0)
(-0.0987043 0.0867025 0)
(-0.098681 0.0831457 0)
(-0.0985665 0.0791141 0)
(-0.0983564 0.0746442 0)
(-0.0980564 0.0697996 0)
(-0.0976857 0.0646718 0)
(-0.097277 0.0593771 0)
(-0.0968726 0.0540478 0)
(-0.0965195 0.048819 0)
(-0.0962652 0.0438101 0)
(-0.0961588 0.0391079 0)
(-0.0962317 0.0347536 0)
(-0.0964759 0.0307415 0)
(-0.096856 0.0270266 0)
(-0.0973286 0.0235418 0)
(-0.0978507 0.0202167 0)
(-0.0983812 0.0169917 0)
(-0.098882 0.0138266 0)
(-0.0993196 0.010701 0)
(-0.0996639 0.0076077 0)
(-0.0998925 0.00454173 0)
(-0.100001 0.00149403 0)
(0.0999997 0.00216774 0)
(0.0998643 0.00653223 0)
(0.0995813 0.0109022 0)
(0.0991494 0.0153026 0)
(0.0985881 0.0197601 0)
(0.097921 0.0243062 0)
(0.0971736 0.0289839 0)
(0.0963749 0.0338474 0)
(0.0955553 0.0389516 0)
(0.0947358 0.0443324 0)
(0.0939152 0.0499856 0)
(0.0930672 0.0558512 0)
(0.0921443 0.0618116 0)
(0.091086 0.0677044 0)
(0.0898268 0.0733482 0)
(0.0883071 0.0785714 0)
(0.0864835 0.0832352 0)
(0.0843337 0.0872479 0)
(0.0818571 0.0905673 0)
(0.0790708 0.0931966 0)
(0.0760041 0.0951748 0)
(0.0726927 0.0965657 0)
(0.0691742 0.0974479 0)
(0.0654846 0.0979054 0)
(0.0616567 0.0980216 0)
(0.0577185 0.0978742 0)
(0.0536939 0.0975327 0)
(0.049602 0.0970572 0)
(0.0454582 0.096498 0)
(0.0412746 0.0958961 0)
(0.0370606 0.0952844 0)
(0.0328236 0.0946883 0)
(0.0285681 0.0941272 0)
(0.0242965 0.0936158 0)
(0.02001 0.0931646 0)
(0.0157101 0.0927813 0)
(0.0113974 0.0924707 0)
(0.0070717 0.0922364 0)
(0.00273253 0.0920804 0)
(-0.00162081 0.0920039 0)
(-0.00598951 0.0920068 0)
(-0.0103754 0.0920893 0)
(-0.0147803 0.0922507 0)
(-0.0192061 0.0924903 0)
(-0.0236553 0.0928069 0)
(-0.0281306 0.0931989 0)
(-0.0326366 0.093665 0)
(-0.037179 0.0942041 0)
(-0.0417562 0.0948156 0)
(-0.046366 0.0954953 0)
(-0.0510129 0.096239 0)
(-0.0556996 0.0970428 0)
(-0.0604252 0.0979023 0)
(-0.0651825 0.0988125 0)
(-0.0699542 0.0997675 0)
(-0.0747233 0.10076 0)
(-0.0794637 0.101783 0)
(-0.0841124 0.102825 0)
(-0.0885677 0.103876 0)
(-0.0926588 0.104924 0)
(-0.0960605 0.105953 0)
(-0.0983405 0.106948 0)
(-0.0993637 0.107893 0)
(-0.0994734 0.108772 0)
(-0.099107 0.109567 0)
(-0.0985422 0.110263 0)
(-0.0979343 0.11084 0)
(-0.0973739 0.111275 0)
(-0.0969082 0.111544 0)
(-0.0965778 0.111623 0)
(-0.0963784 0.111485 0)
(-0.096313 0.111084 0)
(-0.096369 0.110378 0)
(-0.0965318 0.109322 0)
(-0.0967807 0.107875 0)
(-0.0970768 0.10599 0)
(-0.0973622 0.103628 0)
(-0.0975971 0.100752 0)
(-0.0977622 0.0973364 0)
(-0.0978411 0.0933731 0)
(-0.0978236 0.0888746 0)
(-0.0977039 0.0838808 0)
(-0.0974873 0.0784622 0)
(-0.0971923 0.0727209 0)
(-0.0968512 0.066787 0)
(-0.0965063 0.0608091 0)
(-0.0962049 0.0549394 0)
(-0.0959958 0.0493132 0)
(-0.0959298 0.0440288 0)
(-0.0960396 0.0391339 0)
(-0.096317 0.0346228 0)
(-0.0967265 0.0304454 0)
(-0.0972255 0.0265264 0)
(-0.0977715 0.0227861 0)
(-0.0983232 0.0191575 0)
(-0.0988425 0.0155946 0)
(-0.0992955 0.012074 0)
(-0.0996518 0.00858721 0)
(-0.0998882 0.00512792 0)
(-0.100001 0.00168753 0)
(0.0999997 0.0023909 0)
(0.0998649 0.00720681 0)
(0.0995829 0.0120312 0)
(0.0991519 0.0168917 0)
(0.0985908 0.0218177 0)
(0.0979229 0.0268439 0)
(0.0971733 0.0320176 0)
(0.0963704 0.037398 0)
(0.0955443 0.0430447 0)
(0.0947158 0.0489962 0)
(0.0938845 0.0552462 0)
(0.0930238 0.0617271 0)
(0.0920864 0.0683072 0)
(0.0910124 0.0748063 0)
(0.0897372 0.0810235 0)
(0.0882022 0.0867692 0)
(0.0863651 0.0918912 0)
(0.0842049 0.0962893 0)
(0.081722 0.0999187 0)
(0.0789343 0.102784 0)
(0.0758714 0.104931 0)
(0.0725693 0.106431 0)
(0.0690658 0.107371 0)
(0.0653968 0.107845 0)
(0.0615949 0.107945 0)
(0.0576881 0.107757 0)
(0.0536998 0.107359 0)
(0.0496491 0.106815 0)
(0.0455513 0.106181 0)
(0.0414184 0.105501 0)
(0.0372596 0.104813 0)
(0.0330822 0.104142 0)
(0.0288912 0.103512 0)
(0.0246887 0.102937 0)
(0.0204758 0.102429 0)
(0.0162541 0.101996 0)
(0.0120239 0.101645 0)
(0.00778525 0.101379 0)
(0.00353736 0.101201 0)
(-0.000720855 0.101111 0)
(-0.00499088 0.10111 0)
(-0.00927473 0.1012 0)
(-0.0135747 0.101378 0)
(-0.0178936 0.101645 0)
(-0.0222342 0.101999 0)
(-0.0265994 0.10244 0)
(-0.0309905 0.102964 0)
(-0.0354076 0.103573 0)
(-0.0398591 0.104264 0)
(-0.0443535 0.105034 0)
(-0.0488907 0.105878 0)
(-0.0534703 0.106792 0)
(-0.0580915 0.107772 0)
(-0.062748 0.10881 0)
(-0.0674243 0.109902 0)
(-0.072105 0.111039 0)
(-0.0767657 0.112212 0)
(-0.0813458 0.113409 0)
(-0.0857465 0.114617 0)
(-0.0897994 0.115823 0)
(-0.0931842 0.11701 0)
(-0.0954724 0.118158 0)
(-0.0965307 0.119249 0)
(-0.0966987 0.120265 0)
(-0.096408 0.121188 0)
(-0.0959311 0.122 0)
(-0.095421 0.122681 0)
(-0.0949654 0.123204 0)
(-0.0946102 0.123543 0)
(-0.0943972 0.123669 0)
(-0.0943197 0.123557 0)
(-0.0943769 0.12315 0)
(-0.0945573 0.122403 0)
(-0.0948461 0.121269 0)
(-0.0952213 0.1197 0)
(-0.0956433 0.117646 0)
(-0.0960533 0.115061 0)
(-0.0964112 0.111904 0)
(-0.0966965 0.108147 0)
(-0.0968912 0.103779 0)
(-0.0969841 0.0988129 0)
(-0.0969679 0.0932928 0)
(-0.0968464 0.0872959 0)
(-0.0966378 0.0809347 0)
(-0.0963737 0.0743533 0)
(-0.0960967 0.0677171 0)
(-0.0958545 0.0611957 0)
(-0.0956969 0.0549405 0)
(-0.0956771 0.0490624 0)
(-0.095829 0.0436159 0)
(-0.0961438 0.0385955 0)
(-0.0965863 0.0339459 0)
(-0.0971146 0.0295833 0)
(-0.0976866 0.025419 0)
(-0.0982609 0.0213777 0)
(-0.0987996 0.0174079 0)
(-0.0992687 0.0134829 0)
(-0.0996384 0.00959276 0)
(-0.0998835 0.00573054 0)
(-0.100001 0.00188673 0)
(0.0999997 0.00261289 0)
(0.0998652 0.00787876 0)
(0.0995839 0.0131571 0)
(0.0991532 0.018478 0)
(0.0985916 0.0238736 0)
(0.0979217 0.0293818 0)
(0.0971682 0.0350538 0)
(0.0963589 0.0409536 0)
(0.0955235 0.0471452 0)
(0.094683 0.0536691 0)
(0.0938375 0.0605168 0)
(0.0929607 0.0676122 0)
(0.0920055 0.0748099 0)
(0.0909124 0.0819111 0)
(0.0896176 0.0886956 0)
(0.088064 0.0949562 0)
(0.0862104 0.100527 0)
(0.0840369 0.105301 0)
(0.0815448 0.10923 0)
(0.078753 0.112322 0)
(0.0756915 0.114628 0)
(0.0723968 0.116227 0)
(0.0689066 0.117216 0)
(0.0652569 0.117699 0)
(0.0614802 0.117777 0)
(0.0576043 0.117543 0)
(0.0536527 0.117081 0)
(0.0496443 0.116463 0)
(0.0455942 0.115749 0)
(0.0415146 0.114987 0)
(0.0374146 0.114216 0)
(0.0333017 0.113466 0)
(0.0291809 0.11276 0)
(0.0250544 0.112115 0)
(0.0209236 0.111544 0)
(0.0167896 0.111056 0)
(0.0126531 0.110658 0)
(0.00851387 0.110354 0)
(0.00437094 0.110147 0)
(0.00022302 0.110038 0)
(-0.00393168 0.11003 0)
(-0.00809546 0.110122 0)
(-0.0122711 0.110315 0)
(-0.0164616 0.110607 0)
(-0.0206705 0.110999 0)
(-0.0249012 0.11149 0)
(-0.0291567 0.112076 0)
(-0.03344 0.112757 0)
(-0.0377571 0.113531 0)
(-0.0421143 0.114395 0)
(-0.0465148 0.115345 0)
(-0.0509606 0.116377 0)
(-0.0554523 0.117485 0)
(-0.059985 0.118665 0)
(-0.0645444 0.119907 0)
(-0.0691171 0.121203 0)
(-0.0736809 0.122543 0)
(-0.0781778 0.123913 0)
(-0.0825124 0.1253 0)
(-0.0865199 0.126686 0)
(-0.0898859 0.128051 0)
(-0.0921867 0.129374 0)
(-0.0932884 0.130631 0)
(-0.093526 0.131804 0)
(-0.0933236 0.132874 0)
(-0.0929489 0.13382 0)
(-0.0925513 0.134621 0)
(-0.0922167 0.13525 0)
(-0.0919916 0.135675 0)
(-0.0919104 0.135864 0)
(-0.0919732 0.135788 0)
(-0.0921721 0.135387 0)
(-0.0924962 0.134609 0)
(-0.0929306 0.133406 0)
(-0.0934518 0.131724 0)
(-0.0940187 0.129508 0)
(-0.0945722 0.126706 0)
(-0.0950716 0.123273 0)
(-0.0954965 0.119176 0)
(-0.0958256 0.114403 0)
(-0.0960447 0.108968 0)
(-0.0961463 0.102918 0)
(-0.0961333 0.0963359 0)
(-0.0960229 0.0893459 0)
(-0.0958463 0.082106 0)
(-0.095646 0.0747986 0)
(-0.0954706 0.0676115 0)
(-0.0953711 0.0607129 0)
(-0.0954029 0.0542266 0)
(-0.0956015 0.0482145 0)
(-0.0959578 0.0426718 0)
(-0.0964367 0.0375379 0)
(-0.0969972 0.0327206 0)
(-0.0975975 0.0281219 0)
(-0.0981965 0.0236579 0)
(-0.0987561 0.019271 0)
(-0.0992423 0.0149311 0)
(-0.0996248 0.0106267 0)
(-0.0998786 0.00635074 0)
(-0.1 0.00209213 0)
(0.0999997 0.00283356 0)
(0.0998657 0.00854744 0)
(0.099585 0.0142789 0)
(0.0991545 0.0200606 0)
(0.0985918 0.0259272 0)
(0.0979189 0.0319196 0)
(0.0971598 0.0380926 0)
(0.0963419 0.0445146 0)
(0.0954941 0.0512534 0)
(0.0946378 0.0583512 0)
(0.0937739 0.0657967 0)
(0.0928762 0.0735055 0)
(0.0918977 0.0813176 0)
(0.0907798 0.0890163 0)
(0.0894596 0.0963619 0)
(0.0878813 0.10313 0)
(0.0860049 0.109142 0)
(0.0838121 0.114282 0)
(0.0813051 0.118501 0)
(0.0785036 0.121809 0)
(0.0754385 0.124264 0)
(0.0721464 0.125954 0)
(0.0686652 0.126986 0)
(0.065031 0.127471 0)
(0.0612763 0.127519 0)
(0.057429 0.127233 0)
(0.0535124 0.126702 0)
(0.0495457 0.126004 0)
(0.045544 0.125203 0)
(0.0415194 0.124351 0)
(0.0374816 0.12349 0)
(0.0334377 0.122652 0)
(0.0293929 0.121862 0)
(0.0253499 0.121138 0)
(0.0213103 0.120495 0)
(0.0172752 0.119943 0)
(0.013245 0.119489 0)
(0.00921927 0.119138 0)
(0.00519713 0.118894 0)
(0.00117689 0.118759 0)
(-0.00284349 0.118735 0)
(-0.00686678 0.118823 0)
(-0.0108964 0.119024 0)
(-0.0149363 0.119338 0)
(-0.0189909 0.119765 0)
(-0.0230656 0.120304 0)
(-0.0271626 0.120953 0)
(-0.0312801 0.121707 0)
(-0.0354289 0.122566 0)
(-0.0396222 0.123528 0)
(-0.0438613 0.124592 0)
(-0.0481475 0.125752 0)
(-0.0524831 0.127002 0)
(-0.0568652 0.128336 0)
(-0.0612818 0.129745 0)
(-0.0657219 0.13122 0)
(-0.0701661 0.132748 0)
(-0.0745598 0.134315 0)
(-0.0788116 0.135906 0)
(-0.0827627 0.137499 0)
(-0.0861071 0.139073 0)
(-0.0884262 0.140598 0)
(-0.0895822 0.142049 0)
(-0.0899017 0.143404 0)
(-0.0898013 0.144645 0)
(-0.089544 0.145749 0)
(-0.0892754 0.146692 0)
(-0.0890802 0.147446 0)
(-0.0890061 0.147978 0)
(-0.0890775 0.14825 0)
(-0.0892995 0.148221 0)
(-0.0896633 0.147836 0)
(-0.0901558 0.147041 0)
(-0.0907597 0.145781 0)
(-0.0914503 0.143996 0)
(-0.0921856 0.141626 0)
(-0.0929055 0.138614 0)
(-0.0935689 0.134907 0)
(-0.0941532 0.13047 0)
(-0.0946353 0.125287 0)
(-0.0949993 0.119375 0)
(-0.0952362 0.112786 0)
(-0.0953481 0.105609 0)
(-0.0953505 0.0979786 0)
(-0.0952743 0.0900663 0)
(-0.0951618 0.0820723 0)
(-0.0950623 0.0742029 0)
(-0.0950285 0.0666437 0)
(-0.0951179 0.0595317 0)
(-0.0953678 0.0529379 0)
(-0.0957691 0.0468577 0)
(-0.0962865 0.0412258 0)
(-0.0968797 0.035941 0)
(-0.0975086 0.0308955 0)
(-0.0981327 0.0259972 0)
(-0.0987135 0.0211824 0)
(-0.0992168 0.0164173 0)
(-0.0996116 0.0116886 0)
(-0.0998737 0.00698795 0)
(-0.1 0.00230359 0)
(0.0999996 0.00305304 0)
(0.0998658 0.00921346 0)
(0.0995855 0.0153981 0)
(0.0991546 0.0216424 0)
(0.0985899 0.0279836 0)
(0.0979124 0.0344655 0)
(0.0971452 0.0411464 0)
(0.0963149 0.0480984 0)
(0.09545 0.0553926 0)
(0.0945722 0.0630723 0)
(0.0936835 0.0711224 0)
(0.0927581 0.0794494 0)
(0.0917493 0.0878784 0)
(0.090599 0.0961739 0)
(0.0892456 0.104077 0)
(0.0876344 0.111345 0)
(0.0857269 0.117789 0)
(0.0835061 0.123284 0)
(0.0809755 0.127782 0)
(0.0781558 0.131296 0)
(0.0750784 0.133889 0)
(0.0717807 0.135659 0)
(0.0683008 0.136722 0)
(0.0646751 0.137198 0)
(0.0609362 0.137208 0)
(0.0571122 0.136859 0)
(0.0532267 0.136249 0)
(0.0492989 0.13546 0)
(0.0453445 0.134561 0)
(0.0413757 0.133608 0)
(0.0374024 0.132645 0)
(0.0334321 0.131706 0)
(0.0294706 0.130819 0)
(0.0255205 0.130004 0)
(0.0215831 0.129275 0)
(0.0176595 0.128645 0)
(0.0137502 0.128121 0)
(0.00985459 0.12771 0)
(0.00597143 0.127417 0)
(0.00209873 0.127244 0)
(-0.00176568 0.127193 0)
(-0.00562481 0.127268 0)
(-0.00948249 0.127468 0)
(-0.0133428 0.127794 0)
(-0.0172107 0.128248 0)
(-0.0210946 0.128828 0)
(-0.0250067 0.129536 0)
(-0.028946 0.130369 0)
(-0.0329079 0.13132 0)
(-0.0369014 0.13239 0)
(-0.0409387 0.133576 0)
(-0.0450274 0.134874 0)
(-0.0491709 0.136279 0)
(-0.0533676 0.137783 0)
(-0.057608 0.139377 0)
(-0.0618839 0.141051 0)
(-0.0661782 0.142792 0)
(-0.0704405 0.144583 0)
(-0.0745853 0.146407 0)
(-0.078463 0.148242 0)
(-0.0817807 0.15006 0)
(-0.0841243 0.151824 0)
(-0.0853475 0.153503 0)
(-0.0857635 0.155075 0)
(-0.085781 0.15652 0)
(-0.0856591 0.157813 0)
(-0.0855397 0.158927 0)
(-0.0855043 0.159832 0)
(-0.085599 0.160491 0)
(-0.0858467 0.160864 0)
(-0.0862532 0.160903 0)
(-0.0868095 0.160556 0)
(-0.0874975 0.159765 0)
(-0.0882969 0.158466 0)
(-0.0891816 0.156594 0)
(-0.0901103 0.154081 0)
(-0.0910254 0.150865 0)
(-0.0918854 0.14689 0)
(-0.0926649 0.142117 0)
(-0.0933306 0.136529 0)
(-0.0938571 0.130136 0)
(-0.0942419 0.122992 0)
(-0.0944926 0.115201 0)
(-0.0946221 0.10691 0)
(-0.0946593 0.0983055 0)
(-0.0946459 0.0896021 0)
(-0.0946323 0.0810258 0)
(-0.0946742 0.0727804 0)
(-0.0948278 0.0650174 0)
(-0.0951322 0.0578171 0)
(-0.0955812 0.0511768 0)
(-0.0961392 0.0450261 0)
(-0.0967681 0.0392548 0)
(-0.0974271 0.0337458 0)
(-0.0980754 0.0283984 0)
(-0.0986755 0.0231426 0)
(-0.0991939 0.0179406 0)
(-0.0996 0.0127768 0)
(-0.0998694 0.00764095 0)
(-0.0999999 0.00252075 0)
(0.0999997 0.00327017 0)
(0.0998674 0.00987324 0)
(0.0995894 0.0165089 0)
(0.0991604 0.0232151 0)
(0.098596 0.0300319 0)
(0.0979158 0.0370053 0)
(0.0971415 0.0441965 0)
(0.0962987 0.0516807 0)
(0.0954145 0.0595317 0)
(0.0945107 0.0677928 0)
(0.0935901 0.0764457 0)
(0.0926274 0.0853874 0)
(0.0915759 0.0944287 0)
(0.0903787 0.103316 0)
(0.0889756 0.111771 0)
(0.087314 0.119534 0)
(0.0853574 0.126403 0)
(0.0830906 0.132249 0)
(0.0805188 0.13702 0)
(0.077664 0.140733 0)
(0.0745586 0.143459 0)
(0.0712407 0.145303 0)
(0.067749 0.146391 0)
(0.0641203 0.146854 0)
(0.0603875 0.146817 0)
(0.0565791 0.146399 0)
(0.052719 0.145701 0)
(0.0488269 0.144812 0)
(0.0449187 0.143804 0)
(0.0410071 0.142737 0)
(0.0371022 0.141657 0)
(0.0332117 0.140604 0)
(0.0293416 0.139604 0)
(0.0254948 0.13868 0)
(0.0216725 0.13785 0)
(0.0178757 0.137125 0)
(0.0141046 0.136517 0)
(0.0103582 0.136031 0)
(0.00663496 0.135674 0)
(0.00293232 0.13545 0)
(-0.000752646 0.135361 0)
(-0.00442359 0.135411 0)
(-0.00808491 0.135601 0)
(-0.0117415 0.135932 0)
(-0.0153987 0.136404 0)
(-0.0190616 0.137019 0)
(-0.0227377 0.137778 0)
(-0.02644 0.138684 0)
(-0.0301736 0.139733 0)
(-0.0339389 0.140918 0)
(-0.0377454 0.142237 0)
(-0.041603 0.143685 0)
(-0.045518 0.145258 0)
(-0.0494914 0.146948 0)
(-0.0535168 0.148746 0)
(-0.0575888 0.15064 0)
(-0.0616943 0.152618 0)
(-0.0657886 0.15466 0)
(-0.0697921 0.156744 0)
(-0.0735681 0.158846 0)
(-0.0768455 0.160933 0)
(-0.0792179 0.16297 0)
(-0.0805205 0.16492 0)
(-0.0810458 0.166755 0)
(-0.0811963 0.168452 0)
(-0.0812291 0.169981 0)
(-0.0812824 0.171314 0)
(-0.0814323 0.172414 0)
(-0.081723 0.17324 0)
(-0.0821763 0.173748 0)
(-0.0827922 0.173886 0)
(-0.0835596 0.1736 0)
(-0.0844649 0.172825 0)
(-0.0854887 0.171496 0)
(-0.0866035 0.169538 0)
(-0.0877655 0.166881 0)
(-0.0889118 0.163458 0)
(-0.0899932 0.159209 0)
(-0.0909842 0.154092 0)
(-0.0918644 0.148088 0)
(-0.0926124 0.14121 0)
(-0.0931952 0.133509 0)
(-0.0936011 0.125089 0)
(-0.0938656 0.11611 0)
(-0.0940314 0.106782 0)
(-0.0941335 0.0973415 0)
(-0.0942191 0.0880324 0)
(-0.0943456 0.0790772 0)
(-0.0945704 0.0706424 0)
(-0.0949333 0.0628158 0)
(-0.0954303 0.0555975 0)
(-0.0960277 0.0489109 0)
(-0.0966882 0.0426382 0)
(-0.0973716 0.0366527 0)
(-0.0980386 0.030845 0)
(-0.0986524 0.0251382 0)
(-0.0991806 0.0194904 0)
(-0.0995936 0.0138833 0)
(-0.0998672 0.00830512 0)
(-0.0999997 0.00274183 0)
(0.0999991 0.00348588 0)
(0.099867 0.0105299 0)
(0.0995901 0.0176185 0)
(0.0991619 0.0247935 0)
(0.0985958 0.0320981 0)
(0.0979093 0.0395816 0)
(0.0971222 0.0473081 0)
(0.0962585 0.0553552 0)
(0.0953443 0.063798 0)
(0.0944021 0.0726784 0)
(0.0934361 0.0819716 0)
(0.0924221 0.0915624 0)
(0.0913141 0.101244 0)
(0.0900562 0.110742 0)
(0.0885898 0.119759 0)
(0.0868636 0.128018 0)
(0.0848429 0.135305 0)
(0.0825143 0.141486 0)
(0.0798849 0.146511 0)
(0.076978 0.150402 0)
(0.0738278 0.153238 0)
(0.0704733 0.155133 0)
(0.0669543 0.156221 0)
(0.0633086 0.156644 0)
(0.0595698 0.156537 0)
(0.0557672 0.156022 0)
(0.0519253 0.155209 0)
(0.0480644 0.154192 0)
(0.0442009 0.153047 0)
(0.040348 0.151838 0)
(0.0365159 0.150614 0)
(0.0327127 0.149417 0)
(0.0289442 0.148277 0)
(0.0252133 0.147218 0)
(0.021521 0.14626 0)
(0.0178679 0.145417 0)
(0.0142536 0.144701 0)
(0.0106768 0.144119 0)
(0.00713525 0.143679 0)
(0.0036258 0.143386 0)
(0.000144729 0.143244 0)
(-0.00331233 0.143256 0)
(-0.00675035 0.143425 0)
(-0.0101749 0.143753 0)
(-0.0135919 0.144241 0)
(-0.0170049 0.144891 0)
(-0.0204179 0.145702 0)
(-0.0238473 0.146675 0)
(-0.0273082 0.147811 0)
(-0.0308041 0.149106 0)
(-0.0343408 0.150557 0)
(-0.0379275 0.15216 0)
(-0.0415723 0.153911 0)
(-0.0452796 0.155803 0)
(-0.0490466 0.157827 0)
(-0.0528725 0.15997 0)
(-0.0567498 0.16222 0)
(-0.0606426 0.164556 0)
(-0.0644828 0.166955 0)
(-0.0681404 0.16939 0)
(-0.0713445 0.171829 0)
(-0.0737043 0.174226 0)
(-0.0750608 0.176525 0)
(-0.0756865 0.178691 0)
(-0.0759711 0.180698 0)
(-0.0761657 0.182514 0)
(-0.0764057 0.184105 0)
(-0.0767688 0.185434 0)
(-0.077294 0.186458 0)
(-0.0779929 0.187128 0)
(-0.0788635 0.187392 0)
(-0.0798943 0.187189 0)
(-0.0810677 0.186451 0)
(-0.0823621 0.185105 0)
(-0.0837473 0.183077 0)
(-0.0851745 0.18029 0)
(-0.0865783 0.176673 0)
(-0.0879114 0.17216 0)
(-0.0891455 0.166703 0)
(-0.0902522 0.160279 0)
(-0.0912115 0.152905 0)
(-0.0920123 0.144639 0)
(-0.0926415 0.135586 0)
(-0.0930856 0.125904 0)
(-0.0933839 0.115816 0)
(-0.0936032 0.105588 0)
(-0.0937932 0.0954931 0)
(-0.0940113 0.085771 0)
(-0.0943157 0.0766043 0)
(-0.094744 0.0680924 0)
(-0.0952951 0.0602394 0)
(-0.0959358 0.0529666 0)
(-0.0966279 0.0461491 0)
(-0.0973342 0.0396512 0)
(-0.0980168 0.0333546 0)
(-0.0986406 0.0271754 0)
(-0.0991743 0.0210662 0)
(-0.0995902 0.0150051 0)
(-0.0998654 0.00897739 0)
(-0.0999992 0.00296575 0)
(0.100001 0.00369241 0)
(0.0998777 0.0111601 0)
(0.0996151 0.0186855 0)
(0.0992039 0.026314 0)
(0.0986545 0.0340916 0)
(0.0979813 0.0420696 0)
(0.0972004 0.0503137 0)
(0.096332 0.0589027 0)
(0.0953992 0.0679115 0)
(0.0944223 0.0773808 0)
(0.0934055 0.0872807 0)
(0.0923242 0.0974863 0)
(0.091133 0.107777 0)
(0.089778 0.117861 0)
(0.0882039 0.127422 0)
(0.0863636 0.136166 0)
(0.0842267 0.143869 0)
(0.0817845 0.150388 0)
(0.079048 0.155674 0)
(0.0760438 0.159751 0)
(0.0728086 0.162705 0)
(0.0693831 0.164659 0)
(0.0658088 0.165756 0)
(0.0621242 0.166146 0)
(0.0583637 0.16597 0)
(0.0545569 0.16536 0)
(0.0507283 0.164432 0)
(0.0468984 0.163282 0)
(0.0430836 0.161993 0)
(0.039297 0.160632 0)
(0.0355486 0.159252 0)
(0.0318461 0.157898 0)
(0.0281949 0.156603 0)
(0.0245977 0.155394 0)
(0.0210548 0.154293 0)
(0.0175659 0.153317 0)
(0.0141299 0.152477 0)
(0.0107448 0.151786 0)
(0.00740747 0.15125 0)
(0.0041143 0.150876 0)
(0.000860887 0.15067 0)
(-0.00235764 0.150635 0)
(-0.00554685 0.150776 0)
(-0.00871274 0.151093 0)
(-0.0118617 0.15159 0)
(-0.0150001 0.152268 0)
(-0.0181349 0.153127 0)
(-0.0212778 0.154168 0)
(-0.02444 0.155391 0)
(-0.0276301 0.156795 0)
(-0.0308567 0.15838 0)
(-0.0341295 0.160142 0)
(-0.0374583 0.162079 0)
(-0.0408493 0.164185 0)
(-0.0443029 0.166452 0)
(-0.0478219 0.168872 0)
(-0.0514038 0.171429 0)
(-0.055022 0.174106 0)
(-0.0586127 0.176879 0)
(-0.0620485 0.179722 0)
(-0.065112 0.182588 0)
(-0.0674648 0.185413 0)
(-0.0689159 0.188126 0)
(-0.0696871 0.190684 0)
(-0.0701493 0.193052 0)
(-0.0705494 0.195194 0)
(-0.0710177 0.197074 0)
(-0.0716244 0.198652 0)
(-0.0724041 0.199886 0)
(-0.0733686 0.200727 0)
(-0.0745138 0.201118 0)
(-0.0758279 0.200993 0)
(-0.0772945 0.200283 0)
(-0.0788871 0.198913 0)
(-0.0805671 0.196803 0)
(-0.0822864 0.193872 0)
(-0.0839844 0.19004 0)
(-0.085612 0.185237 0)
(-0.0871365 0.17941 0)
(-0.0885251 0.172535 0)
(-0.0897494 0.164625 0)
(-0.0907924 0.155743 0)
(-0.0916567 0.146012 0)
(-0.0923516 0.135609 0)
(-0.0928709 0.12476 0)
(-0.0932412 0.11374 0)
(-0.0935495 0.102844 0)
(-0.0938746 0.0923496 0)
(-0.0942668 0.0824545 0)
(-0.0947601 0.0732664 0)
(-0.0953535 0.0647897 0)
(-0.0960173 0.0569417 0)
(-0.0967176 0.0495889 0)
(-0.0974198 0.0425866 0)
(-0.0980904 0.035809 0)
(-0.0986976 0.0291658 0)
(-0.0992135 0.0226046 0)
(-0.0996125 0.0160995 0)
(-0.0998745 0.00963293 0)
(-0.100001 0.00318444 0)
(0.0999964 0.00389975 0)
(0.0998705 0.0117978 0)
(0.0996075 0.0197806 0)
(0.0991978 0.027901 0)
(0.0986477 0.036211 0)
(0.0979668 0.044767 0)
(0.097167 0.0536379 0)
(0.0962644 0.0629035 0)
(0.0952795 0.0726354 0)
(0.0942324 0.0828661 0)
(0.0931278 0.0935504 0)
(0.0919429 0.104541 0)
(0.0906361 0.115591 0)
(0.0891566 0.126381 0)
(0.0874527 0.136571 0)
(0.0854813 0.14585 0)
(0.0832167 0.153982 0)
(0.0806543 0.160825 0)
(0.0778087 0.166332 0)
(0.0747079 0.170539 0)
(0.07139 0.17354 0)
(0.0678976 0.175473 0)
(0.0642732 0.176492 0)
(0.0605564 0.176756 0)
(0.0567825 0.176419 0)
(0.0529806 0.17562 0)
(0.0491749 0.174481 0)
(0.0453857 0.173107 0)
(0.04163 0.171585 0)
(0.0379209 0.169989 0)
(0.0342682 0.168375 0)
(0.0306791 0.16679 0)
(0.0271581 0.165273 0)
(0.0237071 0.163853 0)
(0.0203254 0.162553 0)
(0.0170119 0.161392 0)
(0.0137646 0.160385 0)
(0.0105807 0.159543 0)
(0.00745624 0.158875 0)
(0.00438687 0.158388 0)
(0.00136727 0.158088 0)
(-0.00160758 0.157981 0)
(-0.00454377 0.158069 0)
(-0.00744842 0.158356 0)
(-0.0103285 0.158843 0)
(-0.0131887 0.159534 0)
(-0.0160333 0.160428 0)
(-0.0188773 0.161524 0)
(-0.0217355 0.162824 0)
(-0.0246132 0.164331 0)
(-0.0275174 0.166044 0)
(-0.0304583 0.167963 0)
(-0.0334459 0.170085 0)
(-0.0364881 0.172409 0)
(-0.0395877 0.174929 0)
(-0.0427507 0.177639 0)
(-0.0459806 0.180529 0)
(-0.0492564 0.183583 0)
(-0.0525215 0.18678 0)
(-0.0556939 0.190083 0)
(-0.0585993 0.193436 0)
(-0.0609137 0.196772 0)
(-0.0624339 0.20001 0)
(-0.0633424 0.203085 0)
(-0.0639884 0.205943 0)
(-0.0646075 0.208539 0)
(-0.0653205 0.210831 0)
(-0.0661893 0.212779 0)
(-0.0672442 0.214337 0)
(-0.0684958 0.215456 0)
(-0.0699414 0.216078 0)
(-0.0715642 0.216137 0)
(-0.0733362 0.215562 0)
(-0.0752289 0.214272 0)
(-0.0772106 0.212182 0)
(-0.0792335 0.209203 0)
(-0.0812326 0.205247 0)
(-0.0831536 0.200236 0)
(-0.0849602 0.194108 0)
(-0.0866206 0.186831 0)
(-0.0881054 0.178413 0)
(-0.0893891 0.168913 0)
(-0.090463 0.158461 0)
(-0.0913425 0.147252 0)
(-0.0920615 0.135535 0)
(-0.0926489 0.123599 0)
(-0.0931252 0.111751 0)
(-0.0935686 0.100289 0)
(-0.0940666 0.0894501 0)
(-0.0946488 0.0793693 0)
(-0.0953103 0.0700653 0)
(-0.0960218 0.0614595 0)
(-0.0967504 0.0534158 0)
(-0.0974641 0.0457827 0)
(-0.0981326 0.0384259 0)
(-0.0987295 0.0312464 0)
(-0.0992318 0.0241842 0)
(-0.0996185 0.0172063 0)
(-0.0998731 0.010288 0)
(-0.0999975 0.00340174 0)
(0.100016 0.00404563 0)
(0.0999412 0.0122613 0)
(0.0997447 0.020583 0)
(0.0994042 0.029065 0)
(0.0989223 0.0377634 0)
(0.0983038 0.0467377 0)
(0.0975529 0.0560588 0)
(0.0966765 0.0658059 0)
(0.0956857 0.0760484 0)
(0.0945939 0.0868125 0)
(0.0934017 0.0980431 0)
(0.0920878 0.10958 0)
(0.0906146 0.12116 0)
(0.0889384 0.132448 0)
(0.0870167 0.143089 0)
(0.0848158 0.152761 0)
(0.0823182 0.161223 0)
(0.0795282 0.168332 0)
(0.0764688 0.174039 0)
(0.073176 0.178385 0)
(0.0696933 0.181471 0)
(0.0660664 0.183438 0)
(0.0623391 0.18445 0)
(0.058551 0.184672 0)
(0.054737 0.184265 0)
(0.0509261 0.183381 0)
(0.0471435 0.18214 0)
(0.043408 0.180647 0)
(0.0397332 0.17899 0)
(0.0361284 0.177248 0)
(0.0326001 0.175482 0)
(0.0291523 0.173744 0)
(0.0257869 0.172076 0)
(0.0225038 0.170509 0)
(0.0193007 0.169071 0)
(0.0161749 0.167782 0)
(0.0131234 0.166659 0)
(0.0101426 0.165714 0)
(0.00722808 0.164958 0)
(0.0043751 0.164399 0)
(0.00157834 0.164042 0)
(-0.00116752 0.163894 0)
(-0.00386836 0.163958 0)
(-0.00653042 0.164237 0)
(-0.00916005 0.164735 0)
(-0.0117669 0.165452 0)
(-0.0143628 0.16639 0)
(-0.0169499 0.167548 0)
(-0.0195307 0.168929 0)
(-0.0221177 0.170536 0)
(-0.0247216 0.17237 0)
(-0.0273508 0.174431 0)
(-0.0300136 0.17672 0)
(-0.0327167 0.179237 0)
(-0.0354624 0.181982 0)
(-0.0382566 0.184951 0)
(-0.0411011 0.18814 0)
(-0.0439818 0.191542 0)
(-0.0468747 0.195139 0)
(-0.0497188 0.198896 0)
(-0.0523588 0.202762 0)
(-0.0545215 0.206659 0)
(-0.0560246 0.210468 0)
(-0.057022 0.214079 0)
(-0.0578244 0.217413 0)
(-0.0586404 0.220415 0)
(-0.0595744 0.223045 0)
(-0.0606787 0.225266 0)
(-0.0619788 0.227037 0)
(-0.0634847 0.228312 0)
(-0.0651899 0.229035 0)
(-0.0670767 0.229142 0)
(-0.0691255 0.228558 0)
(-0.0713128 0.227197 0)
(-0.0736073 0.22497 0)
(-0.0759639 0.221782 0)
(-0.0783218 0.217545 0)
(-0.0806275 0.212181 0)
(-0.0828397 0.205641 0)
(-0.0849119 0.197923 0)
(-0.0868014 0.189013 0)
(-0.0884587 0.178964 0)
(-0.0898654 0.167891 0)
(-0.0910411 0.155991 0)
(-0.0920143 0.143533 0)
(-0.0928265 0.130838 0)
(-0.0935248 0.118246 0)
(-0.094146 0.10606 0)
(-0.0947416 0.0945317 0)
(-0.0953646 0.0838052 0)
(-0.0960228 0.0739058 0)
(-0.0966957 0.0647558 0)
(-0.0973591 0.0562161 0)
(-0.0979891 0.04813 0)
(-0.0985633 0.0403575 0)
(-0.0990615 0.0327927 0)
(-0.0994675 0.0253655 0)
(-0.0997657 0.0180379 0)
(-0.0999436 0.0107804 0)
(-0.100015 0.00356297 0)
(0.099974 0.0043704 0)
(0.099781 0.0132084 0)
(0.0994536 0.0221785 0)
(0.0989902 0.0313793 0)
(0.0983873 0.0408998 0)
(0.0976388 0.050824 0)
(0.0967405 0.061237 0)
(0.0956946 0.07222 0)
(0.0945112 0.0838279 0)
(0.093207 0.0960515 0)
(0.091792 0.108779 0)
(0.0902576 0.12178 0)
(0.0885796 0.134724 0)
(0.086725 0.147217 0)
(0.0846591 0.158862 0)
(0.0823539 0.169316 0)
(0.0797945 0.178336 0)
(0.0769787 0.185791 0)
(0.0739234 0.191657 0)
(0.0706629 0.196003 0)
(0.0672378 0.198957 0)
(0.0636896 0.200687 0)
(0.060058 0.201377 0)
(0.0563793 0.201213 0)
(0.0526852 0.200369 0)
(0.0490047 0.198997 0)
(0.0453612 0.197243 0)
(0.0417709 0.195233 0)
(0.0382446 0.193071 0)
(0.0347895 0.190839 0)
(0.0314102 0.188606 0)
(0.0281093 0.186426 0)
(0.0248882 0.184342 0)
(0.0217463 0.182388 0)
(0.018682 0.180592 0)
(0.0156927 0.178974 0)
(0.012776 0.177552 0)
(0.00992844 0.176339 0)
(0.00714633 0.175345 0)
(0.00442538 0.174577 0)
(0.0017609 0.174043 0)
(-0.000852127 0.173746 0)
(-0.00341925 0.17369 0)
(-0.00594654 0.173878 0)
(-0.00844049 0.174311 0)
(-0.0109087 0.174991 0)
(-0.0133586 0.175921 0)
(-0.0157951 0.177102 0)
(-0.0182239 0.178534 0)
(-0.0206525 0.180217 0)
(-0.0230891 0.182152 0)
(-0.0255415 0.184341 0)
(-0.028017 0.186787 0)
(-0.0305207 0.189492 0)
(-0.0330541 0.192462 0)
(-0.0356204 0.195699 0)
(-0.0382192 0.199215 0)
(-0.0408371 0.203018 0)
(-0.0434519 0.207118 0)
(-0.0460145 0.211519 0)
(-0.048407 0.216202 0)
(-0.0504232 0.221075 0)
(-0.0519222 0.225927 0)
(-0.0530231 0.230522 0)
(-0.0539724 0.234733 0)
(-0.0549412 0.238513 0)
(-0.0560196 0.241842 0)
(-0.0572553 0.244701 0)
(-0.0586725 0.247061 0)
(-0.0602779 0.248885 0)
(-0.0620671 0.250122 0)
(-0.064028 0.250707 0)
(-0.0661417 0.25056 0)
(-0.0683848 0.249591 0)
(-0.0707283 0.247706 0)
(-0.0731317 0.244803 0)
(-0.0755399 0.240775 0)
(-0.0779025 0.235512 0)
(-0.0801779 0.228915 0)
(-0.0823188 0.220905 0)
(-0.0842802 0.211495 0)
(-0.0860481 0.200737 0)
(-0.0876101 0.188748 0)
(-0.088952 0.175724 0)
(-0.0900882 0.16194 0)
(-0.0910567 0.147738 0)
(-0.0919097 0.133497 0)
(-0.0927082 0.119585 0)
(-0.0935054 0.106311 0)
(-0.0943269 0.0938851 0)
(-0.0951653 0.0823926 0)
(-0.0959933 0.0717927 0)
(-0.0967847 0.0619627 0)
(-0.0975168 0.0527462 0)
(-0.0981712 0.0439916 0)
(-0.0987354 0.0355775 0)
(-0.0992021 0.0274201 0)
(-0.0995682 0.0194553 0)
(-0.0998293 0.0116223 0)
(-0.0999821 0.00385177 0)
)
;

boundaryField
{
    fuel
    {
        type            fixedValue;
        value           uniform (0.1 0 0);
    }
    air
    {
        type            fixedValue;
        value           uniform (-0.1 0 0);
    }
    outlet
    {
        type            pressureInletOutletVelocity;
        value           nonuniform List<vector> 
200
(
(0.0999741 -0.00436477 0)
(0.099782 -0.0131899 0)
(0.0994563 -0.0221463 0)
(0.0989952 -0.0313319 0)
(0.0983954 -0.0408355 0)
(0.0976507 -0.0507403 0)
(0.0967571 -0.0611309 0)
(0.0957168 -0.0720879 0)
(0.0945399 -0.0836657 0)
(0.093243 -0.0958555 0)
(0.0918366 -0.108546 0)
(0.0903124 -0.121509 0)
(0.0886465 -0.134416 0)
(0.0868057 -0.146873 0)
(0.0847548 -0.158487 0)
(0.0824646 -0.168915 0)
(0.0799243 -0.177914 0)
(0.0771284 -0.185353 0)
(0.0740894 -0.19121 0)
(0.0708452 -0.195551 0)
(0.0674361 -0.198503 0)
(0.0639028 -0.200235 0)
(0.0602848 -0.200931 0)
(0.0566182 -0.200775 0)
(0.0529344 -0.199941 0)
(0.0492627 -0.198582 0)
(0.0456264 -0.196842 0)
(0.042042 -0.194847 0)
(0.0385205 -0.1927 0)
(0.0350693 -0.190484 0)
(0.0316931 -0.188267 0)
(0.0283946 -0.186103 0)
(0.0251751 -0.184036 0)
(0.0220345 -0.182098 0)
(0.018971 -0.180317 0)
(0.0159822 -0.178715 0)
(0.0130656 -0.177309 0)
(0.0102179 -0.17611 0)
(0.00743533 -0.17513 0)
(0.00471362 -0.174376 0)
(0.00204807 -0.173855 0)
(-0.00056636 -0.173571 0)
(-0.00313514 -0.173527 0)
(-0.00566428 -0.173726 0)
(-0.00816031 -0.17417 0)
(-0.0106304 -0.174861 0)
(-0.0130818 -0.175801 0)
(-0.01552 -0.176993 0)
(-0.0179506 -0.178436 0)
(-0.0203814 -0.18013 0)
(-0.0228206 -0.182075 0)
(-0.0252756 -0.184274 0)
(-0.0277533 -0.186728 0)
(-0.0302591 -0.189443 0)
(-0.0327946 -0.19242 0)
(-0.0353637 -0.195665 0)
(-0.037966 -0.199188 0)
(-0.0405881 -0.202997 0)
(-0.043208 -0.207102 0)
(-0.045778 -0.211508 0)
(-0.0481825 -0.216197 0)
(-0.0502169 -0.221079 0)
(-0.0517364 -0.225944 0)
(-0.052853 -0.230557 0)
(-0.0538127 -0.234788 0)
(-0.054789 -0.238588 0)
(-0.0558732 -0.241937 0)
(-0.0571138 -0.244814 0)
(-0.0585355 -0.247193 0)
(-0.0601452 -0.249035 0)
(-0.0619381 -0.250289 0)
(-0.0639024 -0.25089 0)
(-0.0660196 -0.250757 0)
(-0.0682666 -0.249802 0)
(-0.0706146 -0.247929 0)
(-0.0730231 -0.245036 0)
(-0.0754373 -0.241016 0)
(-0.0778059 -0.23576 0)
(-0.0800874 -0.229168 0)
(-0.0822345 -0.221161 0)
(-0.0842029 -0.211748 0)
(-0.0859785 -0.200985 0)
(-0.0875491 -0.188987 0)
(-0.0889004 -0.17595 0)
(-0.0900423 -0.162152 0)
(-0.0910161 -0.147933 0)
(-0.0918785 -0.133674 0)
(-0.092684 -0.119743 0)
(-0.0934847 -0.106449 0)
(-0.0943089 -0.0940038 0)
(-0.09515 -0.0824935 0)
(-0.0959807 -0.0718777 0)
(-0.0967745 -0.0620338 0)
(-0.0975087 -0.052805 0)
(-0.0981653 -0.0440394 0)
(-0.0987313 -0.0356153 0)
(-0.0991996 -0.0274485 0)
(-0.0995669 -0.0194748 0)
(-0.0998288 -0.0116332 0)
(-0.099982 -0.00385482 0)
(0.099974 0.0043704 0)
(0.099781 0.0132084 0)
(0.0994536 0.0221785 0)
(0.0989902 0.0313793 0)
(0.0983873 0.0408998 0)
(0.0976388 0.050824 0)
(0.0967405 0.061237 0)
(0.0956946 0.07222 0)
(0.0945112 0.0838279 0)
(0.093207 0.0960515 0)
(0.091792 0.108779 0)
(0.0902576 0.12178 0)
(0.0885796 0.134724 0)
(0.086725 0.147217 0)
(0.0846591 0.158862 0)
(0.0823539 0.169316 0)
(0.0797945 0.178336 0)
(0.0769787 0.185791 0)
(0.0739234 0.191657 0)
(0.0706629 0.196003 0)
(0.0672378 0.198957 0)
(0.0636896 0.200687 0)
(0.060058 0.201377 0)
(0.0563793 0.201213 0)
(0.0526852 0.200369 0)
(0.0490047 0.198997 0)
(0.0453612 0.197243 0)
(0.0417709 0.195233 0)
(0.0382446 0.193071 0)
(0.0347895 0.190839 0)
(0.0314102 0.188606 0)
(0.0281093 0.186426 0)
(0.0248882 0.184342 0)
(0.0217463 0.182388 0)
(0.018682 0.180592 0)
(0.0156927 0.178974 0)
(0.012776 0.177552 0)
(0.00992844 0.176339 0)
(0.00714633 0.175345 0)
(0.00442538 0.174577 0)
(0.0017609 0.174043 0)
(-0.000852127 0.173746 0)
(-0.00341925 0.17369 0)
(-0.00594654 0.173878 0)
(-0.00844049 0.174311 0)
(-0.0109087 0.174991 0)
(-0.0133586 0.175921 0)
(-0.0157951 0.177102 0)
(-0.0182239 0.178534 0)
(-0.0206525 0.180217 0)
(-0.0230891 0.182152 0)
(-0.0255415 0.184341 0)
(-0.028017 0.186787 0)
(-0.0305207 0.189492 0)
(-0.0330541 0.192462 0)
(-0.0356204 0.195699 0)
(-0.0382192 0.199215 0)
(-0.0408371 0.203018 0)
(-0.0434519 0.207118 0)
(-0.0460145 0.211519 0)
(-0.048407 0.216202 0)
(-0.0504232 0.221075 0)
(-0.0519222 0.225927 0)
(-0.0530231 0.230522 0)
(-0.0539724 0.234733 0)
(-0.0549412 0.238513 0)
(-0.0560196 0.241842 0)
(-0.0572553 0.244701 0)
(-0.0586725 0.247061 0)
(-0.0602779 0.248885 0)
(-0.0620671 0.250122 0)
(-0.064028 0.250707 0)
(-0.0661417 0.25056 0)
(-0.0683848 0.249591 0)
(-0.0707283 0.247706 0)
(-0.0731317 0.244803 0)
(-0.0755399 0.240775 0)
(-0.0779025 0.235512 0)
(-0.0801779 0.228915 0)
(-0.0823188 0.220905 0)
(-0.0842802 0.211495 0)
(-0.0860481 0.200737 0)
(-0.0876101 0.188748 0)
(-0.088952 0.175724 0)
(-0.0900882 0.16194 0)
(-0.0910567 0.147738 0)
(-0.0919097 0.133497 0)
(-0.0927082 0.119585 0)
(-0.0935054 0.106311 0)
(-0.0943269 0.0938851 0)
(-0.0951653 0.0823926 0)
(-0.0959933 0.0717927 0)
(-0.0967847 0.0619627 0)
(-0.0975168 0.0527462 0)
(-0.0981712 0.0439916 0)
(-0.0987354 0.0355775 0)
(-0.0992021 0.0274201 0)
(-0.0995682 0.0194553 0)
(-0.0998293 0.0116223 0)
(-0.0999821 0.00385177 0)
)
;
    }
    frontAndBack
    {
        type            empty;
    }
}


// ************************************************************************* //
