/*--------------------------------*- C++ -*----------------------------------*\
  =========                 |
  \\      /  F ield         | OpenFOAM: The Open Source CFD Toolbox
   \\    /   O peration     | Website:  https://openfoam.org
    \\  /    A nd           | Version:  11
     \\/     M anipulation  |
\*---------------------------------------------------------------------------*/
FoamFile
{
    format      ascii;
    class       surfaceScalarField;
    location    "0.1";
    object      phi;
}
// * * * * * * * * * * * * * * * * * * * * * * * * * * * * * * * * * * * * * //

dimensions      [1 0 -1 0 0 0 0];

internalField   nonuniform List<scalar> 
7860
(
1.6459e-06
-2.77375e-08
1.64471e-06
-8.31498e-08
1.64271e-06
-1.38595e-07
1.63978e-06
-1.94162e-07
1.63575e-06
-2.49924e-07
1.63041e-06
-3.05922e-07
1.62353e-06
-3.62164e-07
1.61482e-06
-4.18619e-07
1.60393e-06
-4.75221e-07
1.59049e-06
-5.31867e-07
1.57409e-06
-5.88417e-07
1.55427e-06
-6.44692e-07
1.53054e-06
-7.00482e-07
1.50228e-06
-7.55503e-07
1.46955e-06
-8.09764e-07
1.43252e-06
-8.63275e-07
1.39115e-06
-9.15879e-07
1.34532e-06
-9.67319e-07
1.29491e-06
-1.01731e-06
1.23984e-06
-1.0656e-06
1.18007e-06
-1.11193e-06
1.11563e-06
-1.15607e-06
1.04657e-06
-1.19772e-06
9.72979e-07
-1.23643e-06
8.94953e-07
-1.27136e-06
8.12652e-07
-1.30078e-06
7.26441e-07
-1.32123e-06
6.37234e-07
-1.3267e-06
5.47042e-07
-1.30895e-06
4.59258e-07
-1.26507e-06
3.76817e-07
-1.20329e-06
3.00991e-07
-1.13667e-06
2.3146e-07
-1.07535e-06
1.67253e-07
-1.02306e-06
1.07558e-07
-9.79146e-07
5.18663e-08
-9.41125e-07
-1.54716e-10
-9.0664e-07
-4.91019e-08
-8.738e-07
-9.47695e-08
-8.41896e-07
-1.37081e-07
-8.09716e-07
-1.76079e-07
-7.76948e-07
-2.11637e-07
-7.43636e-07
-2.43746e-07
-7.09919e-07
-2.72554e-07
-6.76049e-07
-2.98279e-07
-6.42387e-07
-3.21198e-07
-6.0939e-07
-3.4165e-07
-5.77634e-07
-3.6006e-07
-5.47884e-07
-3.76855e-07
-5.2213e-07
-3.94093e-07
-5.00892e-07
-4.12465e-07
-4.88568e-07
-4.34537e-07
-4.94805e-07
-4.62138e-07
-5.30055e-07
-4.95715e-07
-5.82054e-07
-5.35852e-07
-6.47109e-07
-5.83557e-07
-7.24878e-07
-6.40733e-07
-8.15278e-07
-7.10475e-07
-9.25582e-07
-7.96354e-07
-1.07402e-06
-9.00455e-07
-1.25019e-06
-1.0229e-06
-1.43923e-06
-1.15999e-06
-1.6085e-06
-1.30071e-06
-1.71839e-06
-1.43742e-06
-1.76455e-06
-1.56704e-06
-1.76761e-06
-1.68904e-06
-1.74699e-06
-1.80367e-06
-1.71442e-06
-1.91127e-06
-1.67567e-06
-2.01215e-06
-1.63328e-06
-2.10651e-06
-1.58838e-06
-2.19455e-06
-1.54149e-06
-2.27642e-06
-1.49293e-06
-2.3523e-06
-1.44293e-06
-2.42241e-06
-1.39169e-06
-2.48696e-06
-1.33941e-06
-2.54622e-06
-1.28632e-06
-2.60039e-06
-1.23262e-06
-2.64962e-06
-1.17855e-06
-2.69392e-06
-1.12425e-06
-2.73316e-06
-1.06978e-06
-2.7675e-06
-1.01503e-06
-2.79752e-06
-9.60048e-07
-2.82366e-06
-9.05028e-07
-2.84634e-06
-8.50109e-07
-2.86592e-06
-7.95412e-07
-2.88274e-06
-7.41028e-07
-2.8971e-06
-6.87028e-07
-2.90931e-06
-6.33467e-07
-2.91961e-06
-5.80379e-07
-2.92825e-06
-5.27783e-07
-2.93544e-06
-4.75685e-07
-2.94138e-06
-4.24077e-07
-2.94623e-06
-3.72941e-07
-2.95013e-06
-3.22251e-07
-2.95323e-06
-2.7197e-07
-2.95561e-06
-2.22053e-07
-2.95737e-06
-1.72441e-07
-2.95858e-06
-1.23059e-07
-2.95929e-06
-7.3823e-08
-2.46247e-08
1.64567e-06
-2.7075e-08
1.64364e-06
-8.11137e-08
1.6401e-06
-1.35062e-07
1.63497e-06
-1.89026e-07
1.62806e-06
-2.43019e-07
1.61918e-06
-2.97038e-07
1.60807e-06
-3.51056e-07
1.59447e-06
-4.05018e-07
1.57809e-06
-4.58848e-07
1.55868e-06
-5.12451e-07
1.53598e-06
-5.6572e-07
1.50983e-06
-6.18539e-07
1.48013e-06
-6.70785e-07
1.44693e-06
-7.22303e-07
1.41041e-06
-7.73239e-07
1.37052e-06
-8.23386e-07
1.32706e-06
-8.72422e-07
1.27985e-06
-9.20105e-07
1.22876e-06
-9.66227e-07
1.17377e-06
-1.0106e-06
1.1149e-06
-1.05306e-06
1.05225e-06
-1.09341e-06
9.85945e-07
-1.13141e-06
9.16167e-07
-1.16664e-06
8.4315e-07
-1.19832e-06
7.67229e-07
-1.22478e-06
6.88928e-07
-1.24276e-06
6.0913e-07
-1.24653e-06
5.29311e-07
-1.22845e-06
4.51674e-07
-1.18649e-06
3.77875e-07
-1.12843e-06
3.0865e-07
-1.06642e-06
2.43882e-07
-1.00968e-06
1.83026e-07
-9.61455e-07
1.25532e-07
-9.21026e-07
7.10583e-08
-8.86129e-07
1.93872e-08
-8.54527e-07
-2.94063e-08
-8.24629e-07
-7.5565e-08
-7.95408e-07
-1.18988e-07
-7.65994e-07
-1.59628e-07
-7.36051e-07
-1.97412e-07
-7.05623e-07
-2.32322e-07
-6.74807e-07
-2.64416e-07
-6.43773e-07
-2.93834e-07
-6.1281e-07
-3.20801e-07
-5.82287e-07
-3.45646e-07
-5.52678e-07
-3.68811e-07
-5.24622e-07
-3.90904e-07
-4.99934e-07
-4.13083e-07
-4.78693e-07
-4.36117e-07
-4.6566e-07
-4.6103e-07
-4.70383e-07
-4.89977e-07
-5.01828e-07
-5.24152e-07
-5.4882e-07
-5.64412e-07
-6.08052e-07
-6.11727e-07
-6.791e-07
-6.67373e-07
-7.61562e-07
-7.33138e-07
-8.62552e-07
-8.11739e-07
-9.99016e-07
-9.04855e-07
-1.1615e-06
-1.01132e-06
-1.33749e-06
-1.12834e-06
-1.49547e-06
-1.24779e-06
-1.60151e-06
-1.36532e-06
-1.64837e-06
-1.47911e-06
-1.65443e-06
-1.58854e-06
-1.63781e-06
-1.6934e-06
-1.60966e-06
-1.79359e-06
-1.57551e-06
-1.88904e-06
-1.53784e-06
-1.97968e-06
-1.49774e-06
-2.06548e-06
-1.4557e-06
-2.14641e-06
-1.41199e-06
-2.22252e-06
-1.36682e-06
-2.29387e-06
-1.32033e-06
-2.36059e-06
-1.2727e-06
-2.42283e-06
-1.22407e-06
-2.48084e-06
-1.17461e-06
-2.53488e-06
-1.12451e-06
-2.58518e-06
-1.07395e-06
-2.63176e-06
-1.0232e-06
-2.67448e-06
-9.72312e-07
-2.71332e-06
-9.21206e-07
-2.74836e-06
-8.69986e-07
-2.77975e-06
-8.18724e-07
-2.80767e-06
-7.67488e-07
-2.83236e-06
-7.16342e-07
-2.85404e-06
-6.65341e-07
-2.87298e-06
-6.14532e-07
-2.8894e-06
-5.63954e-07
-2.90355e-06
-5.13632e-07
-2.91565e-06
-4.63586e-07
-2.92591e-06
-4.13823e-07
-2.9345e-06
-3.64345e-07
-2.94161e-06
-3.15145e-07
-2.94737e-06
-2.66207e-07
-2.95192e-06
-2.1751e-07
-2.95534e-06
-1.69016e-07
-2.95772e-06
-1.20679e-07
-2.9591e-06
-7.24413e-08
-2.41728e-08
1.64538e-06
-2.61175e-08
1.6425e-06
-7.82397e-08
1.63768e-06
-1.30242e-07
1.63083e-06
-1.82178e-07
1.62185e-06
-2.34039e-07
1.61062e-06
-2.85801e-07
1.59699e-06
-3.37425e-07
1.58082e-06
-3.88852e-07
1.56199e-06
-4.40013e-07
1.54036e-06
-4.90827e-07
1.51585e-06
-5.41207e-07
1.48837e-06
-5.91057e-07
1.45786e-06
-6.40274e-07
1.42432e-06
-6.88764e-07
1.38745e-06
-7.36376e-07
1.34699e-06
-7.8292e-07
1.30278e-06
-8.28211e-07
1.25476e-06
-8.72093e-07
1.20297e-06
-9.14434e-07
1.14748e-06
-9.55112e-07
1.0884e-06
-9.93987e-07
1.02588e-06
-1.03089e-06
9.60064e-07
-1.06559e-06
8.91114e-07
-1.09768e-06
8.19229e-07
-1.1264e-06
7.44692e-07
-1.15017e-06
6.67995e-07
-1.16588e-06
5.90074e-07
-1.16822e-06
5.12564e-07
-1.15026e-06
4.37684e-07
-1.11067e-06
3.66931e-07
-1.05662e-06
3.00784e-07
-9.99253e-07
2.38954e-07
-9.46959e-07
1.80881e-07
-9.02631e-07
1.25933e-07
-8.65452e-07
7.36981e-08
-8.33371e-07
2.39606e-08
-8.04347e-07
-2.33892e-08
-7.76901e-07
-6.8358e-08
-7.5011e-07
-1.11025e-07
-7.23037e-07
-1.51398e-07
-6.9542e-07
-1.89561e-07
-6.67228e-07
-2.25587e-07
-6.38571e-07
-2.59526e-07
-6.09644e-07
-2.91456e-07
-5.80708e-07
-3.21513e-07
-5.52076e-07
-3.49899e-07
-5.24155e-07
-3.7689e-07
-4.97515e-07
-4.02887e-07
-4.73851e-07
-4.28358e-07
-4.53197e-07
-4.53914e-07
-4.40207e-07
-4.80499e-07
-4.44219e-07
-5.0991e-07
-4.73069e-07
-5.43238e-07
-5.16374e-07
-5.81413e-07
-5.71032e-07
-6.25467e-07
-6.36533e-07
-6.76426e-07
-7.12481e-07
-7.36136e-07
-8.05515e-07
-8.07279e-07
-9.31351e-07
-8.92076e-07
-1.08092e-06
-9.90946e-07
-1.24314e-06
-1.10028e-06
-1.39002e-06
-1.21339e-06
-1.49097e-06
-1.32583e-06
-1.53731e-06
-1.43546e-06
-1.54544e-06
-1.54149e-06
-1.53205e-06
-1.64365e-06
-1.5076e-06
-1.74181e-06
-1.47739e-06
-1.83586e-06
-1.44381e-06
-1.9257e-06
-1.4079e-06
-2.01124e-06
-1.37016e-06
-2.09241e-06
-1.33083e-06
-2.16913e-06
-1.29009e-06
-2.24138e-06
-1.24809e-06
-2.30914e-06
-1.20494e-06
-2.37245e-06
-1.16075e-06
-2.43143e-06
-1.11564e-06
-2.4862e-06
-1.06973e-06
-2.53698e-06
-1.02317e-06
-2.58409e-06
-9.76088e-07
-2.62777e-06
-9.28634e-07
-2.66809e-06
-8.80891e-07
-2.70515e-06
-8.32926e-07
-2.73906e-06
-7.84809e-07
-2.76995e-06
-7.36603e-07
-2.79793e-06
-6.88361e-07
-2.82313e-06
-6.40133e-07
-2.84571e-06
-5.91958e-07
-2.86579e-06
-5.4387e-07
-2.88353e-06
-4.95893e-07
-2.89907e-06
-4.48047e-07
-2.91255e-06
-4.00345e-07
-2.9241e-06
-3.52795e-07
-2.93384e-06
-3.05399e-07
-2.9419e-06
-2.58155e-07
-2.94835e-06
-2.11054e-07
-2.95329e-06
-1.64076e-07
-2.95678e-06
-1.17191e-07
-2.95886e-06
-7.036e-08
-2.34799e-08
1.6452e-06
-2.49876e-08
1.64182e-06
-7.48554e-08
1.63617e-06
-1.24591e-07
1.6282e-06
-1.74212e-07
1.61786e-06
-2.23693e-07
1.60505e-06
-2.72995e-07
1.58969e-06
-3.22067e-07
1.57169e-06
-3.70847e-07
1.55094e-06
-4.1926e-07
1.52733e-06
-4.67224e-07
1.50077e-06
-5.14649e-07
1.47115e-06
-5.61437e-07
1.43836e-06
-6.07482e-07
1.40226e-06
-6.52664e-07
1.36275e-06
-6.96864e-07
1.31981e-06
-7.39973e-07
1.27348e-06
-7.81885e-07
1.22388e-06
-8.22493e-07
1.17112e-06
-8.6168e-07
1.11533e-06
-8.99317e-07
1.05661e-06
-9.35261e-07
9.95058e-07
-9.69343e-07
9.30816e-07
-1.00134e-06
8.64044e-07
-1.0309e-06
7.94964e-07
-1.05729e-06
7.239e-07
-1.07903e-06
6.51349e-07
-1.09314e-06
5.78103e-07
-1.09459e-06
5.05405e-07
-1.07687e-06
4.34834e-07
-1.03916e-06
3.67562e-07
-9.88295e-07
3.04019e-07
-9.34701e-07
2.44002e-07
-8.86055e-07
1.87068e-07
-8.44948e-07
1.32771e-07
-8.10529e-07
8.08355e-08
-7.80911e-07
3.10888e-08
-7.54156e-07
-1.65483e-08
-7.28884e-07
-6.21092e-08
-7.0422e-07
-1.05568e-07
-6.79288e-07
-1.46931e-07
-6.53799e-07
-1.86207e-07
-6.27721e-07
-2.23429e-07
-6.01139e-07
-2.58662e-07
-5.74222e-07
-2.91996e-07
-5.47201e-07
-3.23554e-07
-5.20362e-07
-3.53496e-07
-4.94075e-07
-3.82027e-07
-4.68868e-07
-4.09454e-07
-4.46339e-07
-4.36102e-07
-4.26523e-07
-4.6255e-07
-4.13859e-07
-4.89958e-07
-4.17226e-07
-5.19929e-07
-4.4374e-07
-5.53511e-07
-4.83664e-07
-5.91601e-07
-5.34079e-07
-6.35106e-07
-5.9449e-07
-6.84904e-07
-6.64513e-07
-7.42977e-07
-7.49998e-07
-8.115e-07
-8.66134e-07
-8.91716e-07
-1.00472e-06
-9.84612e-07
-1.1546e-06
-1.0862e-06
-1.29229e-06
-1.19075e-06
-1.38903e-06
-1.29474e-06
-1.43475e-06
-1.39666e-06
-1.44418e-06
-1.49601e-06
-1.43298e-06
-1.59255e-06
-1.41118e-06
-1.6861e-06
-1.38389e-06
-1.77651e-06
-1.35341e-06
-1.86366e-06
-1.32076e-06
-1.94745e-06
-1.28638e-06
-2.02777e-06
-1.25051e-06
-2.10455e-06
-1.21332e-06
-2.17771e-06
-1.17493e-06
-2.24719e-06
-1.13546e-06
-2.31291e-06
-1.09503e-06
-2.37482e-06
-1.05373e-06
-2.43291e-06
-1.01165e-06
-2.4872e-06
-9.68879e-07
-2.53777e-06
-9.25512e-07
-2.58477e-06
-8.81632e-07
-2.62834e-06
-8.37324e-07
-2.6686e-06
-7.9267e-07
-2.70567e-06
-7.47739e-07
-2.73968e-06
-7.02594e-07
-2.77075e-06
-6.57291e-07
-2.799e-06
-6.11877e-07
-2.82457e-06
-5.66394e-07
-2.84756e-06
-5.20878e-07
-2.8681e-06
-4.75356e-07
-2.88629e-06
-4.29853e-07
-2.90225e-06
-3.84386e-07
-2.91607e-06
-3.3897e-07
-2.92786e-06
-2.93616e-07
-2.93768e-06
-2.4833e-07
-2.94562e-06
-2.03114e-07
-2.95174e-06
-1.57959e-07
-2.95608e-06
-1.12848e-07
-2.95868e-06
-6.77572e-08
-2.26108e-08
1.64507e-06
-2.37271e-08
1.6413e-06
-7.10784e-08
1.635e-06
-1.1829e-07
1.62614e-06
-1.65356e-07
1.61468e-06
-2.12237e-07
1.60058e-06
-2.58886e-07
1.58375e-06
-3.05245e-07
1.56415e-06
-3.51247e-07
1.54171e-06
-3.96816e-07
1.51636e-06
-4.41873e-07
1.48804e-06
-4.86334e-07
1.45672e-06
-5.30111e-07
1.42235e-06
-5.73113e-07
1.38493e-06
-6.15249e-07
1.34449e-06
-6.56423e-07
1.30105e-06
-6.96537e-07
1.25465e-06
-7.35482e-07
1.2053e-06
-7.7314e-07
1.15301e-06
-8.09391e-07
1.0978e-06
-8.4411e-07
1.03971e-06
-8.7717e-07
9.78808e-07
-9.08437e-07
9.15195e-07
-9.37727e-07
8.49027e-07
-9.64719e-07
7.80513e-07
-9.88748e-07
7.09969e-07
-1.0084e-06
6.37921e-07
-1.02091e-06
5.65287e-07
-1.02156e-06
4.93525e-07
-1.00442e-06
4.24321e-07
-9.69014e-07
3.58771e-07
-9.21696e-07
2.97123e-07
-8.72046e-07
2.39009e-07
-8.27055e-07
1.83856e-07
-7.89046e-07
1.31194e-07
-7.57243e-07
8.06641e-08
-7.29857e-07
3.20646e-08
-7.05113e-07
-1.47094e-08
-6.81729e-07
-5.97054e-08
-6.58894e-07
-1.02912e-07
-6.3579e-07
-1.44303e-07
-6.12149e-07
-1.83864e-07
-5.87929e-07
-2.21595e-07
-5.632e-07
-2.57514e-07
-5.38114e-07
-2.91662e-07
-5.12881e-07
-3.24105e-07
-4.87765e-07
-3.54939e-07
-4.63103e-07
-3.84304e-07
-4.39386e-07
-4.12445e-07
-4.18114e-07
-4.39631e-07
-3.99312e-07
-4.66444e-07
-3.87147e-07
-4.94178e-07
-3.89907e-07
-5.24275e-07
-4.14287e-07
-5.57679e-07
-4.51131e-07
-5.95203e-07
-4.97686e-07
-6.37644e-07
-5.53485e-07
-6.85737e-07
-6.18187e-07
-7.41269e-07
-6.96835e-07
-8.06469e-07
-8.0392e-07
-8.83231e-07
-9.31758e-07
-9.71557e-07
-1.07048e-06
-1.06877e-06
-1.19886e-06
-1.1697e-06
-1.29072e-06
-1.2707e-06
-1.33521e-06
-1.37005e-06
-1.34552e-06
-1.46706e-06
-1.33626e-06
-1.56144e-06
-1.31692e-06
-1.65299e-06
-1.29238e-06
-1.74155e-06
-1.26487e-06
-1.827e-06
-1.23532e-06
-1.90923e-06
-1.20415e-06
-1.98819e-06
-1.17156e-06
-2.06382e-06
-1.13768e-06
-2.13612e-06
-1.10263e-06
-2.20509e-06
-1.0665e-06
-2.27072e-06
-1.0294e-06
-2.33303e-06
-9.91416e-07
-2.39202e-06
-9.52655e-07
-2.4477e-06
-9.13199e-07
-2.50008e-06
-8.73128e-07
-2.5492e-06
-8.32515e-07
-2.5951e-06
-7.91429e-07
-2.63783e-06
-7.49934e-07
-2.67748e-06
-7.0809e-07
-2.71412e-06
-6.65952e-07
-2.74784e-06
-6.23571e-07
-2.77873e-06
-5.80992e-07
-2.80687e-06
-5.38254e-07
-2.83235e-06
-4.95392e-07
-2.85527e-06
-4.52436e-07
-2.87571e-06
-4.09413e-07
-2.89375e-06
-3.66343e-07
-2.90948e-06
-3.23248e-07
-2.92295e-06
-2.80142e-07
-2.93424e-06
-2.3704e-07
-2.9434e-06
-1.93951e-07
-2.95049e-06
-1.50877e-07
-2.95552e-06
-1.0781e-07
-2.95855e-06
-6.47361e-08
-2.16024e-08
1.64498e-06
-2.23695e-08
1.64091e-06
-6.7011e-08
1.63413e-06
-1.11511e-07
1.62463e-06
-1.5585e-07
1.61237e-06
-1.99979e-07
1.59733e-06
-2.43847e-07
1.57947e-06
-2.87392e-07
1.55878e-06
-3.30547e-07
1.5352e-06
-3.73238e-07
1.50871e-06
-4.15387e-07
1.47929e-06
-4.56915e-07
1.44692e-06
-4.9774e-07
1.41159e-06
-5.37778e-07
1.37328e-06
-5.7694e-07
1.33199e-06
-6.15133e-07
1.28771e-06
-6.52264e-07
1.24047e-06
-6.88236e-07
1.19028e-06
-7.22954e-07
1.13722e-06
-7.56327e-07
1.08137e-06
-7.88264e-07
1.02288e-06
-8.18674e-07
9.61888e-07
-8.47447e-07
8.98587e-07
-8.74421e-07
8.33169e-07
-8.99289e-07
7.65864e-07
-9.21411e-07
6.96982e-07
-9.39437e-07
6.26997e-07
-9.50729e-07
5.56686e-07
-9.50856e-07
4.8726e-07
-9.34294e-07
4.20098e-07
-9.00911e-07
3.56146e-07
-8.56701e-07
2.95663e-07
-8.10565e-07
2.3837e-07
-7.68887e-07
1.83806e-07
-7.33742e-07
1.31577e-07
-7.04396e-07
8.13656e-08
-6.79124e-07
3.29923e-08
-6.56296e-07
-1.36365e-08
-6.3472e-07
-5.85628e-08
-6.13636e-07
-1.01775e-07
-5.92286e-07
-1.43254e-07
-5.70413e-07
-1.82977e-07
-5.47975e-07
-2.20935e-07
-5.25035e-07
-2.5713e-07
-5.01733e-07
-2.91582e-07
-4.78261e-07
-3.24335e-07
-4.5486e-07
-3.55456e-07
-4.31847e-07
-3.85053e-07
-4.09675e-07
-4.13344e-07
-3.89741e-07
-4.40576e-07
-3.72058e-07
-4.67342e-07
-3.60487e-07
-4.95023e-07
-3.62655e-07
-5.24957e-07
-3.85013e-07
-5.58033e-07
-4.18947e-07
-5.95019e-07
-4.61856e-07
-6.36685e-07
-5.1329e-07
-6.83719e-07
-5.72983e-07
-7.3772e-07
-6.45361e-07
-8.00934e-07
-7.43925e-07
-8.75315e-07
-8.61184e-07
-9.60466e-07
-9.8947e-07
-1.05386e-06
-1.1092e-06
-1.15084e-06
-1.19636e-06
-1.24804e-06
-1.23948e-06
-1.34393e-06
-1.25034e-06
-1.43795e-06
-1.24255e-06
-1.52985e-06
-1.22514e-06
-1.61948e-06
-1.20281e-06
-1.70666e-06
-1.1777e-06
-1.79124e-06
-1.15074e-06
-1.87307e-06
-1.12232e-06
-1.95201e-06
-1.09262e-06
-2.02793e-06
-1.06175e-06
-2.10077e-06
-1.02979e-06
-2.17045e-06
-9.96817e-07
-2.23694e-06
-9.62902e-07
-2.30024e-06
-9.28123e-07
-2.36034e-06
-8.92557e-07
-2.41726e-06
-8.56276e-07
-2.47103e-06
-8.19354e-07
-2.52169e-06
-7.81858e-07
-2.56927e-06
-7.43852e-07
-2.61381e-06
-7.05395e-07
-2.65535e-06
-6.66542e-07
-2.69396e-06
-6.27344e-07
-2.72969e-06
-5.87845e-07
-2.76259e-06
-5.48089e-07
-2.79273e-06
-5.08113e-07
-2.82017e-06
-4.67951e-07
-2.84497e-06
-4.27634e-07
-2.8672e-06
-3.87187e-07
-2.88691e-06
-3.46636e-07
-2.90415e-06
-3.06002e-07
-2.91899e-06
-2.65307e-07
-2.93146e-06
-2.24569e-07
-2.94161e-06
-1.83802e-07
-2.94947e-06
-1.43015e-07
-2.95507e-06
-1.02208e-07
-2.95843e-06
-6.13757e-08
-2.04809e-08
1.6449e-06
-2.09382e-08
1.64062e-06
-6.27227e-08
1.63347e-06
-1.04369e-07
1.62347e-06
-1.45844e-07
1.61059e-06
-1.87099e-07
1.59482e-06
-2.28077e-07
1.57614e-06
-2.68717e-07
1.55454e-06
-3.0895e-07
1.53001e-06
-3.48704e-07
1.50253e-06
-3.87906e-07
1.4721e-06
-4.2648e-07
1.4387e-06
-4.6435e-07
1.40237e-06
-5.01439e-07
1.36309e-06
-5.37668e-07
1.32092e-06
-5.7296e-07
1.27589e-06
-6.07234e-07
1.22807e-06
-6.40412e-07
1.17753e-06
-6.72413e-07
1.12436e-06
-7.03158e-07
1.06866e-06
-7.32563e-07
1.01052e-06
-7.60538e-07
9.50047e-07
-7.86973e-07
8.87339e-07
-8.1171e-07
8.22524e-07
-8.34462e-07
7.55782e-07
-8.54635e-07
6.87408e-07
-8.70979e-07
6.1792e-07
-8.81044e-07
5.48198e-07
-8.80729e-07
4.79579e-07
-8.6497e-07
4.13449e-07
-8.33832e-07
3.50667e-07
-7.92868e-07
2.91368e-07
-7.50257e-07
2.35186e-07
-7.11816e-07
1.81609e-07
-6.79413e-07
1.30198e-07
-6.52356e-07
8.06638e-08
-6.29061e-07
3.2828e-08
-6.08012e-07
-1.33944e-08
-5.88113e-07
-5.80343e-08
-5.68664e-07
-1.01067e-07
-5.4896e-07
-1.42457e-07
-5.28765e-07
-1.82169e-07
-5.08033e-07
-2.20177e-07
-4.86824e-07
-2.56465e-07
-4.65263e-07
-2.91035e-07
-4.43527e-07
-3.2391e-07
-4.2184e-07
-3.55134e-07
-4.00492e-07
-3.84794e-07
-3.79905e-07
-4.13092e-07
-3.61364e-07
-4.40266e-07
-3.44866e-07
-4.66916e-07
-3.3395e-07
-4.94458e-07
-3.35562e-07
-5.24175e-07
-3.55987e-07
-5.56915e-07
-3.8714e-07
-5.93411e-07
-4.2657e-07
-6.34408e-07
-4.7384e-07
-6.80607e-07
-5.28736e-07
-7.33649e-07
-5.95024e-07
-7.95589e-07
-6.85518e-07
-8.6772e-07
-7.93283e-07
-9.50096e-07
-9.11539e-07
-1.04058e-06
-1.02265e-06
-1.135e-06
-1.10469e-06
-1.22999e-06
-1.14603e-06
-1.32393e-06
-1.15714e-06
-1.41616e-06
-1.15064e-06
-1.5064e-06
-1.13504e-06
-1.59447e-06
-1.11479e-06
-1.68024e-06
-1.09195e-06
-1.76361e-06
-1.06738e-06
-1.84446e-06
-1.04147e-06
-1.92272e-06
-1.01437e-06
-1.99829e-06
-9.86188e-07
-2.07108e-06
-9.56998e-07
-2.14103e-06
-9.26865e-07
-2.20808e-06
-8.95853e-07
-2.27218e-06
-8.64024e-07
-2.3333e-06
-8.3144e-07
-2.39141e-06
-7.98161e-07
-2.44652e-06
-7.64248e-07
-2.49862e-06
-7.29756e-07
-2.54773e-06
-6.9474e-07
-2.59388e-06
-6.59252e-07
-2.63708e-06
-6.23339e-07
-2.67737e-06
-5.87049e-07
-2.7148e-06
-5.50422e-07
-2.74939e-06
-5.13498e-07
-2.78119e-06
-4.76312e-07
-2.81024e-06
-4.38898e-07
-2.83659e-06
-4.01285e-07
-2.86028e-06
-3.635e-07
-2.88134e-06
-3.25569e-07
-2.89983e-06
-2.87516e-07
-2.91577e-06
-2.49365e-07
-2.9292e-06
-2.11138e-07
-2.94015e-06
-1.72852e-07
-2.94865e-06
-1.34521e-07
-2.95471e-06
-9.61495e-08
-2.95834e-06
-5.77402e-08
-1.92676e-08
1.64485e-06
-1.9451e-08
1.64039e-06
-5.82673e-08
1.63297e-06
-9.695e-08
1.62259e-06
-1.35462e-07
1.60924e-06
-1.7375e-07
1.59293e-06
-2.1176e-07
1.57364e-06
-2.4943e-07
1.55138e-06
-2.86694e-07
1.52616e-06
-3.23483e-07
1.49798e-06
-3.59728e-07
1.46686e-06
-3.95359e-07
1.43282e-06
-4.30306e-07
1.39588e-06
-4.645e-07
1.35608e-06
-4.97868e-07
1.31346e-06
-5.30342e-07
1.26808e-06
-5.61847e-07
1.21998e-06
-5.92312e-07
1.16923e-06
-6.21664e-07
1.1159e-06
-6.49829e-07
1.06007e-06
-6.76734e-07
1.00183e-06
-7.02302e-07
9.41305e-07
-7.26442e-07
8.7862e-07
-7.49019e-07
8.13948e-07
-7.69778e-07
7.47513e-07
-7.88167e-07
6.79638e-07
-8.03017e-07
6.10833e-07
-8.12039e-07
5.4194e-07
-8.11427e-07
4.74221e-07
-7.9654e-07
4.08953e-07
-7.67614e-07
3.4694e-07
-7.29805e-07
2.88305e-07
-6.90618e-07
2.32698e-07
-6.55329e-07
1.79626e-07
-6.25596e-07
1.28682e-07
-6.00788e-07
7.95628e-08
-5.79416e-07
3.20945e-08
-5.60095e-07
-1.38101e-08
-5.41824e-07
-5.81806e-08
-5.23959e-07
-1.00994e-07
-5.05854e-07
-1.42211e-07
-4.87289e-07
-1.81792e-07
-4.68224e-07
-2.19704e-07
-4.4871e-07
-2.55925e-07
-4.28864e-07
-2.90448e-07
-4.08847e-07
-3.23283e-07
-3.88866e-07
-3.54464e-07
-3.6919e-07
-3.84063e-07
-3.50206e-07
-4.12262e-07
-3.33091e-07
-4.39291e-07
-3.17823e-07
-4.65757e-07
-3.07608e-07
-4.93082e-07
-3.08714e-07
-5.22502e-07
-3.27293e-07
-5.54821e-07
-3.55783e-07
-5.90725e-07
-3.91883e-07
-6.30911e-07
-4.35166e-07
-6.76047e-07
-4.85439e-07
-7.27705e-07
-5.45786e-07
-7.87972e-07
-6.28318e-07
-8.58068e-07
-7.26901e-07
-9.38288e-07
-8.35386e-07
-1.02674e-06
-9.37938e-07
-1.11952e-06
-1.01462e-06
-1.21315e-06
-1.05395e-06
-1.30591e-06
-1.06513e-06
-1.39712e-06
-1.05976e-06
-1.48648e-06
-1.04581e-06
-1.57381e-06
-1.02751e-06
-1.65898e-06
-1.0068e-06
-1.74186e-06
-9.84511e-07
-1.82235e-06
-9.60982e-07
-1.90035e-06
-9.36367e-07
-1.97579e-06
-9.10753e-07
-2.04858e-06
-8.842e-07
-2.11869e-06
-8.56765e-07
-2.18604e-06
-8.28501e-07
-2.2506e-06
-7.99463e-07
-2.31233e-06
-7.69705e-07
-2.37121e-06
-7.39279e-07
-2.42722e-06
-7.08237e-07
-2.48035e-06
-6.76629e-07
-2.53059e-06
-6.445e-07
-2.57795e-06
-6.11898e-07
-2.62242e-06
-5.78864e-07
-2.66403e-06
-5.45438e-07
-2.70279e-06
-5.1166e-07
-2.73873e-06
-4.77564e-07
-2.77186e-06
-4.43183e-07
-2.80221e-06
-4.08549e-07
-2.8298e-06
-3.73689e-07
-2.85467e-06
-3.38632e-07
-2.87684e-06
-3.03403e-07
-2.89633e-06
-2.68026e-07
-2.91316e-06
-2.32527e-07
-2.92737e-06
-1.96929e-07
-2.93897e-06
-1.61252e-07
-2.94798e-06
-1.25513e-07
-2.95441e-06
-8.97207e-08
-2.95827e-06
-5.38815e-08
-1.79799e-08
1.64481e-06
-1.79212e-08
1.64022e-06
-5.36843e-08
1.63259e-06
-8.9321e-08
1.62192e-06
-1.24791e-07
1.60821e-06
-1.60042e-07
1.59148e-06
-1.95021e-07
1.57171e-06
-2.29668e-07
1.54894e-06
-2.63919e-07
1.52317e-06
-2.97711e-07
1.49442e-06
-3.30978e-07
1.46271e-06
-3.63655e-07
1.42808e-06
-3.95678e-07
1.39057e-06
-4.26983e-07
1.35021e-06
-4.57506e-07
1.30705e-06
-4.87184e-07
1.26115e-06
-5.15952e-07
1.21259e-06
-5.43749e-07
1.16144e-06
-5.70511e-07
1.10778e-06
-5.96177e-07
1.05173e-06
-6.20684e-07
9.93401e-07
-6.43968e-07
9.32909e-07
-6.65949e-07
8.70395e-07
-6.86501e-07
8.06017e-07
-7.05387e-07
7.39977e-07
-7.22092e-07
6.72581e-07
-7.35533e-07
6.04342e-07
-7.43596e-07
5.36116e-07
-7.42786e-07
4.6917e-07
-7.28876e-07
4.04717e-07
-7.02205e-07
3.43485e-07
-6.6752e-07
2.85545e-07
-6.31673e-07
2.30537e-07
-5.99439e-07
1.77977e-07
-5.72295e-07
1.27455e-07
-5.4964e-07
7.86895e-08
-5.30122e-07
3.15227e-08
-5.12478e-07
-1.41215e-08
-4.95793e-07
-5.82675e-08
-4.79476e-07
-1.00886e-07
-4.62938e-07
-1.41936e-07
-4.45978e-07
-1.81374e-07
-4.28556e-07
-2.19163e-07
-4.10719e-07
-2.55278e-07
-3.92573e-07
-2.8971e-07
-3.74266e-07
-3.22467e-07
-3.55987e-07
-3.5358e-07
-3.37983e-07
-3.83108e-07
-3.20608e-07
-4.11214e-07
-3.04941e-07
-4.38085e-07
-2.90948e-07
-4.64371e-07
-2.81459e-07
-4.91534e-07
-2.82101e-07
-5.20724e-07
-2.98898e-07
-5.52714e-07
-3.24803e-07
-5.88176e-07
-3.57657e-07
-6.27795e-07
-3.97048e-07
-6.72211e-07
-4.42815e-07
-7.22802e-07
-4.97546e-07
-7.81655e-07
-5.72475e-07
-8.50092e-07
-6.62121e-07
-9.28428e-07
-7.61073e-07
-1.01492e-06
-8.5518e-07
-1.10601e-06
-9.26284e-07
-1.19815e-06
-9.63392e-07
-1.28966e-06
-9.74388e-07
-1.37981e-06
-9.69936e-07
-1.4683e-06
-9.57466e-07
-1.55492e-06
-9.40942e-07
-1.63955e-06
-9.22196e-07
-1.72207e-06
-9.02007e-07
-1.80235e-06
-8.80698e-07
-1.88031e-06
-8.58409e-07
-1.95585e-06
-8.35212e-07
-2.02889e-06
-8.1116e-07
-2.09936e-06
-7.86296e-07
-2.1672e-06
-7.60667e-07
-2.23234e-06
-7.34315e-07
-2.29476e-06
-7.07287e-07
-2.35442e-06
-6.79626e-07
-2.41128e-06
-6.51376e-07
-2.46533e-06
-6.2258e-07
-2.51655e-06
-5.9328e-07
-2.56493e-06
-5.63514e-07
-2.61047e-06
-5.33321e-07
-2.65317e-06
-5.02737e-07
-2.69304e-06
-4.71796e-07
-2.73007e-06
-4.4053e-07
-2.76428e-06
-4.0897e-07
-2.79569e-06
-3.77144e-07
-2.8243e-06
-3.45081e-07
-2.85012e-06
-3.12806e-07
-2.87318e-06
-2.80345e-07
-2.89348e-06
-2.47722e-07
-2.91105e-06
-2.14962e-07
-2.92589e-06
-1.8209e-07
-2.93801e-06
-1.49126e-07
-2.94744e-06
-1.1609e-07
-2.95417e-06
-8.29917e-08
-2.95821e-06
-4.98418e-08
-1.66318e-08
1.64477e-06
-1.63588e-08
1.64009e-06
-4.90039e-08
1.6323e-06
-8.15311e-08
1.62141e-06
-1.139e-07
1.60743e-06
-1.4606e-07
1.59037e-06
-1.7796e-07
1.57024e-06
-2.09543e-07
1.54708e-06
-2.40752e-07
1.52089e-06
-2.71525e-07
1.49171e-06
-3.01803e-07
1.45959e-06
-3.31526e-07
1.42455e-06
-3.60637e-07
1.38664e-06
-3.89077e-07
1.34592e-06
-4.16791e-07
1.30246e-06
-4.4372e-07
1.25632e-06
-4.69809e-07
1.20757e-06
-4.95002e-07
1.1563e-06
-5.19244e-07
1.10261e-06
-5.42479e-07
1.04657e-06
-5.64652e-07
9.88307e-07
-5.85702e-07
9.27915e-07
-6.05556e-07
8.6552e-07
-6.24101e-07
8.01265e-07
-6.41118e-07
7.35349e-07
-6.56141e-07
6.68085e-07
-6.68179e-07
6e-07
-6.75304e-07
5.31974e-07
-6.74339e-07
4.65306e-07
-6.61489e-07
4.012e-07
-6.37143e-07
3.40361e-07
-6.05628e-07
2.82831e-07
-5.73137e-07
2.28234e-07
-5.43954e-07
1.76088e-07
-5.19392e-07
1.25933e-07
-4.98855e-07
7.75047e-08
-4.81164e-07
3.06461e-08
-4.65168e-07
-1.47189e-08
-4.50039e-07
-5.86129e-08
-4.35243e-07
-1.01006e-07
-4.20246e-07
-1.41854e-07
-4.04865e-07
-1.8111e-07
-3.89065e-07
-2.18735e-07
-3.72888e-07
-2.54703e-07
-3.56429e-07
-2.89003e-07
-3.39821e-07
-3.21645e-07
-3.23233e-07
-3.52664e-07
-3.0689e-07
-3.82122e-07
-2.91112e-07
-4.1016e-07
-2.76874e-07
-4.36788e-07
-2.64265e-07
-4.62868e-07
-2.555e-07
-4.89852e-07
-2.55757e-07
-5.18761e-07
-2.7085e-07
-5.50357e-07
-2.94229e-07
-5.85313e-07
-3.239e-07
-6.24304e-07
-3.59477e-07
-6.67969e-07
-4.00827e-07
-7.17536e-07
-4.50126e-07
-7.75124e-07
-5.17644e-07
-8.4212e-07
-5.98534e-07
-9.19008e-07
-6.88057e-07
-1.00422e-06
-7.73652e-07
-1.09436e-06
-8.38885e-07
-1.18585e-06
-8.73499e-07
-1.27684e-06
-8.84175e-07
-1.36653e-06
-8.80588e-07
-1.45456e-06
-8.69574e-07
-1.54076e-06
-8.54803e-07
-1.62499e-06
-8.37982e-07
-1.70717e-06
-8.19838e-07
-1.7872e-06
-8.00673e-07
-1.865e-06
-7.80615e-07
-1.94048e-06
-7.59733e-07
-2.01356e-06
-7.3807e-07
-2.08419e-06
-7.15667e-07
-2.1523e-06
-6.92561e-07
-2.21783e-06
-6.6879e-07
-2.28072e-06
-6.44392e-07
-2.34094e-06
-6.19406e-07
-2.39845e-06
-5.93869e-07
-2.45321e-06
-5.67817e-07
-2.5052e-06
-5.41286e-07
-2.55441e-06
-5.14311e-07
-2.6008e-06
-4.86924e-07
-2.64438e-06
-4.59158e-07
-2.68514e-06
-4.31043e-07
-2.72306e-06
-4.02607e-07
-2.75815e-06
-3.73879e-07
-2.79041e-06
-3.44886e-07
-2.81984e-06
-3.15653e-07
-2.84644e-06
-2.86204e-07
-2.87022e-06
-2.56564e-07
-2.89118e-06
-2.26757e-07
-2.90934e-06
-1.96808e-07
-2.92469e-06
-1.66739e-07
-2.93724e-06
-1.36574e-07
-2.947e-06
-1.06329e-07
-2.95397e-06
-7.60194e-08
-2.95816e-06
-4.56556e-08
-1.52348e-08
1.64475e-06
-1.47715e-08
1.63999e-06
-4.42488e-08
1.63208e-06
-7.36181e-08
1.62102e-06
-1.0284e-07
1.60683e-06
-1.31866e-07
1.58952e-06
-1.6065e-07
1.56911e-06
-1.89139e-07
1.54564e-06
-2.17278e-07
1.51913e-06
-2.45014e-07
1.48961e-06
-2.7229e-07
1.45714e-06
-2.99053e-07
1.42176e-06
-3.25251e-07
1.38351e-06
-3.50832e-07
1.34247e-06
-3.75745e-07
1.29868e-06
-3.99939e-07
1.25224e-06
-4.23365e-07
1.20321e-06
-4.45973e-07
1.15168e-06
-4.67715e-07
1.09775e-06
-4.88543e-07
1.0415e-06
-5.08409e-07
9.83065e-07
-5.27263e-07
9.22552e-07
-5.45041e-07
8.601e-07
-5.61645e-07
7.95876e-07
-5.76881e-07
7.30097e-07
-5.90326e-07
6.63094e-07
-6.01083e-07
5.95405e-07
-6.07403e-07
5.27906e-07
-6.06407e-07
4.61837e-07
-5.94706e-07
3.9833e-07
-5.72685e-07
3.3802e-07
-5.44279e-07
2.80923e-07
-5.15051e-07
2.26664e-07
-4.88827e-07
1.74777e-07
-4.66766e-07
1.24868e-07
-4.48325e-07
7.66693e-08
-4.32439e-07
3.00255e-08
-4.18073e-07
-1.51391e-08
-4.04485e-07
-5.88467e-08
-3.91194e-07
-1.01067e-07
-3.77721e-07
-1.41756e-07
-3.63905e-07
-1.80866e-07
-3.49712e-07
-2.18355e-07
-3.3518e-07
-2.54195e-07
-3.20395e-07
-2.88371e-07
-3.05474e-07
-3.2089e-07
-2.90569e-07
-3.51784e-07
-2.75877e-07
-3.81124e-07
-2.61679e-07
-4.09083e-07
-2.48844e-07
-4.35721e-07
-2.37597e-07
-4.61707e-07
-2.29616e-07
-4.88324e-07
-2.29568e-07
-5.16817e-07
-2.42983e-07
-5.47976e-07
-2.63876e-07
-5.82461e-07
-2.90421e-07
-6.20931e-07
-3.22258e-07
-6.64009e-07
-3.59283e-07
-7.12819e-07
-4.0333e-07
-7.69415e-07
-4.63695e-07
-8.35257e-07
-5.36022e-07
-9.10847e-07
-6.16304e-07
-9.94717e-07
-6.93456e-07
-1.08367e-06
-7.52693e-07
-1.17423e-06
-7.84543e-07
-1.26454e-06
-7.9465e-07
-1.35374e-06
-7.91734e-07
-1.44144e-06
-7.82027e-07
-1.5274e-06
-7.68894e-07
-1.61151e-06
-7.53904e-07
-1.69363e-06
-7.37724e-07
-1.77368e-06
-7.2063e-07
-1.85156e-06
-7.02736e-07
-1.92719e-06
-6.84102e-07
-2.00049e-06
-6.64765e-07
-2.0714e-06
-6.44758e-07
-2.13985e-06
-6.24113e-07
-2.20578e-06
-6.02861e-07
-2.26913e-06
-5.81036e-07
-2.32987e-06
-5.5867e-07
-2.38794e-06
-5.35795e-07
-2.44332e-06
-5.12442e-07
-2.49596e-06
-4.88643e-07
-2.54585e-06
-4.64427e-07
-2.59295e-06
-4.39823e-07
-2.63725e-06
-4.14859e-07
-2.67873e-06
-3.89563e-07
-2.71737e-06
-3.6396e-07
-2.75318e-06
-3.38076e-07
-2.78613e-06
-3.11934e-07
-2.81622e-06
-2.85559e-07
-2.84345e-06
-2.58973e-07
-2.86782e-06
-2.32198e-07
-2.88932e-06
-2.05259e-07
-2.90795e-06
-1.78177e-07
-2.92371e-06
-1.50975e-07
-2.93661e-06
-1.23676e-07
-2.94664e-06
-9.62958e-08
-2.95381e-06
-6.88501e-08
-2.95812e-06
-4.13508e-08
-1.37982e-08
1.64473e-06
-1.31651e-08
1.63992e-06
-3.94365e-08
1.63191e-06
-6.56105e-08
1.62072e-06
-9.16496e-08
1.60636e-06
-1.17511e-07
1.58886e-06
-1.4315e-07
1.56824e-06
-1.68519e-07
1.54454e-06
-1.9357e-07
1.51778e-06
-2.18253e-07
1.488e-06
-2.42519e-07
1.45527e-06
-2.6632e-07
1.41963e-06
-2.89608e-07
1.38113e-06
-3.12339e-07
1.33986e-06
-3.34467e-07
1.29587e-06
-3.55949e-07
1.24924e-06
-3.7674e-07
1.20007e-06
-3.96798e-07
1.14843e-06
-4.1608e-07
1.09444e-06
-4.34546e-07
1.03818e-06
-4.52153e-07
9.79773e-07
-4.68856e-07
9.19332e-07
-4.84599e-07
8.56984e-07
-4.99292e-07
7.92877e-07
-5.1276e-07
7.27212e-07
-5.24624e-07
6.60302e-07
-5.3408e-07
5.92684e-07
-5.3957e-07
5.25255e-07
-5.3854e-07
4.59289e-07
-5.2802e-07
3.95946e-07
-5.08386e-07
3.35861e-07
-4.83143e-07
2.79025e-07
-4.57212e-07
2.25038e-07
-4.33959e-07
1.73411e-07
-4.14392e-07
1.23757e-07
-3.98042e-07
7.57966e-08
-3.83946e-07
2.93728e-08
-3.71194e-07
-1.55886e-08
-3.59129e-07
-5.91085e-08
-3.47328e-07
-1.01156e-07
-3.35366e-07
-1.41685e-07
-3.23099e-07
-1.80649e-07
-3.10499e-07
-2.18005e-07
-2.97599e-07
-2.53722e-07
-2.84474e-07
-2.87783e-07
-2.71228e-07
-3.20193e-07
-2.57995e-07
-3.50976e-07
-2.44949e-07
-3.80196e-07
-2.32337e-07
-4.08038e-07
-2.20928e-07
-4.34678e-07
-2.10933e-07
-4.60585e-07
-2.03794e-07
-4.86924e-07
-2.03577e-07
-5.15065e-07
-2.15372e-07
-5.45831e-07
-2.33819e-07
-5.79887e-07
-2.57282e-07
-6.17888e-07
-2.85431e-07
-6.60461e-07
-3.18183e-07
-7.08658e-07
-3.57064e-07
-7.6435e-07
-4.10389e-07
-8.29322e-07
-4.74337e-07
-9.03956e-07
-5.45529e-07
-9.86893e-07
-6.14213e-07
-1.07509e-06
-6.6728e-07
-1.16514e-06
-6.96112e-07
-1.25509e-06
-7.05503e-07
-1.34399e-06
-7.03189e-07
-1.43141e-06
-6.9475e-07
-1.51715e-06
-6.83219e-07
-1.60106e-06
-6.70016e-07
-1.68305e-06
-6.55748e-07
-1.76302e-06
-6.40664e-07
-1.84089e-06
-6.2487e-07
-1.91657e-06
-6.08417e-07
-1.99e-06
-5.91339e-07
-2.06109e-06
-5.73662e-07
-2.12979e-06
-5.55415e-07
-2.19603e-06
-5.36624e-07
-2.25975e-06
-5.17317e-07
-2.3209e-06
-4.97521e-07
-2.37943e-06
-4.77263e-07
-2.4353e-06
-4.56571e-07
-2.48847e-06
-4.35471e-07
-2.53891e-06
-4.13988e-07
-2.58659e-06
-3.92148e-07
-2.63147e-06
-3.69976e-07
-2.67354e-06
-3.47494e-07
-2.71277e-06
-3.24726e-07
-2.74916e-06
-3.01694e-07
-2.78267e-06
-2.78421e-07
-2.8133e-06
-2.54926e-07
-2.84104e-06
-2.31232e-07
-2.86588e-06
-2.07359e-07
-2.88781e-06
-1.83328e-07
-2.90683e-06
-1.5916e-07
-2.92293e-06
-1.34877e-07
-2.9361e-06
-1.10498e-07
-2.94636e-06
-8.60421e-08
-2.95369e-06
-6.15218e-08
-2.95809e-06
-3.69501e-08
-1.23297e-08
1.64471e-06
-1.1544e-08
1.63986e-06
-3.45804e-08
1.63178e-06
-5.75305e-08
1.62049e-06
-8.03601e-08
1.60601e-06
-1.03031e-07
1.58836e-06
-1.25502e-07
1.56758e-06
-1.47734e-07
1.54369e-06
-1.6968e-07
1.51673e-06
-1.91299e-07
1.48676e-06
-2.12546e-07
1.45382e-06
-2.3338e-07
1.41797e-06
-2.53758e-07
1.37927e-06
-2.73642e-07
1.3378e-06
-2.92992e-07
1.29362e-06
-3.11769e-07
1.24681e-06
-3.29936e-07
1.19747e-06
-3.47456e-07
1.14568e-06
-3.64293e-07
1.09155e-06
-3.80409e-07
1.03517e-06
-3.95771e-07
9.76649e-07
-4.10339e-07
9.16117e-07
-4.24065e-07
8.53703e-07
-4.36873e-07
7.89567e-07
-4.4861e-07
7.23926e-07
-4.58946e-07
6.57116e-07
-4.67175e-07
5.89691e-07
-4.71927e-07
5.22552e-07
-4.70959e-07
4.56939e-07
-4.61684e-07
3.93959e-07
-4.44447e-07
3.34201e-07
-4.22335e-07
2.77641e-07
-3.99651e-07
2.23884e-07
-3.79323e-07
1.72464e-07
-3.62224e-07
1.22988e-07
-3.47936e-07
7.5192e-08
-3.35617e-07
2.89249e-08
-3.2447e-07
-1.58859e-08
-3.13923e-07
-5.92607e-08
-3.03606e-07
-1.01169e-07
-2.93149e-07
-1.41565e-07
-2.82425e-07
-1.80402e-07
-2.71411e-07
-2.17638e-07
-2.60134e-07
-2.53243e-07
-2.48661e-07
-2.872e-07
-2.37083e-07
-3.1951e-07
-2.25514e-07
-3.502e-07
-2.14109e-07
-3.7933e-07
-2.03081e-07
-4.07093e-07
-1.93089e-07
-4.33671e-07
-1.84328e-07
-4.59467e-07
-1.78075e-07
-4.85603e-07
-1.7777e-07
-5.13479e-07
-1.88e-07
-5.43926e-07
-2.04051e-07
-5.77609e-07
-2.24485e-07
-6.15177e-07
-2.49011e-07
-6.57262e-07
-2.77569e-07
-7.04918e-07
-3.11435e-07
-7.6021e-07
-3.57917e-07
-8.24453e-07
-4.13657e-07
-8.98091e-07
-4.75759e-07
-9.8005e-07
-5.35925e-07
-1.06733e-06
-5.82795e-07
-1.15682e-06
-6.08256e-07
-1.24641e-06
-6.16716e-07
-1.33509e-06
-6.14871e-07
-1.42238e-06
-6.07615e-07
-1.50803e-06
-5.97625e-07
-1.59191e-06
-5.86162e-07
-1.67391e-06
-5.73764e-07
-1.75392e-06
-5.60651e-07
-1.83188e-06
-5.46917e-07
-1.90769e-06
-5.32606e-07
-1.98128e-06
-5.17746e-07
-2.05258e-06
-5.0236e-07
-2.12153e-06
-4.86471e-07
-2.18805e-06
-4.70102e-07
-2.25209e-06
-4.53276e-07
-2.3136e-06
-4.36015e-07
-2.37251e-06
-4.18344e-07
-2.4288e-06
-4.00286e-07
-2.48241e-06
-3.81861e-07
-2.5333e-06
-3.63094e-07
-2.58145e-06
-3.44005e-07
-2.62681e-06
-3.24615e-07
-2.66935e-06
-3.04945e-07
-2.70906e-06
-2.85016e-07
-2.74591e-06
-2.64845e-07
-2.77988e-06
-2.44453e-07
-2.81095e-06
-2.23859e-07
-2.8391e-06
-2.03081e-07
-2.86432e-06
-1.82138e-07
-2.8866e-06
-1.61049e-07
-2.90593e-06
-1.39833e-07
-2.92229e-06
-1.18509e-07
-2.9357e-06
-9.70967e-08
-2.94613e-06
-7.56109e-08
-2.95358e-06
-5.40655e-08
-2.95806e-06
-3.24723e-08
-1.08354e-08
1.6447e-06
-9.91171e-09
1.63981e-06
-2.96907e-08
1.63168e-06
-4.93949e-08
1.62031e-06
-6.89943e-08
1.60574e-06
-8.84551e-08
1.58798e-06
-1.07743e-07
1.56706e-06
-1.26821e-07
1.54303e-06
-1.45651e-07
1.51593e-06
-1.64196e-07
1.4858e-06
-1.82418e-07
1.45271e-06
-2.00281e-07
1.4167e-06
-2.1775e-07
1.37785e-06
-2.34791e-07
1.33622e-06
-2.51369e-07
1.29191e-06
-2.67453e-07
1.24498e-06
-2.8301e-07
1.19553e-06
-2.98009e-07
1.14366e-06
-3.12419e-07
1.08946e-06
-3.2621e-07
1.03304e-06
-3.39352e-07
9.74514e-07
-3.51811e-07
9.13998e-07
-3.63547e-07
8.51624e-07
-3.74494e-07
7.87548e-07
-3.8452e-07
7.21978e-07
-3.93339e-07
6.55242e-07
-4.00343e-07
5.87888e-07
-4.04355e-07
5.20825e-07
-4.03453e-07
4.55307e-07
-3.9544e-07
3.92451e-07
-3.80631e-07
3.32845e-07
-3.61677e-07
2.76452e-07
-3.42254e-07
2.22866e-07
-3.24855e-07
1.71611e-07
-3.1022e-07
1.22293e-07
-2.97987e-07
7.46487e-08
-2.87436e-07
2.85264e-08
-2.77888e-07
-1.61456e-08
-2.68853e-07
-5.93873e-08
-2.60015e-07
-1.01168e-07
-2.51057e-07
-1.41442e-07
-2.41871e-07
-1.80164e-07
-2.32436e-07
-2.17291e-07
-2.22777e-07
-2.52792e-07
-2.1295e-07
-2.86653e-07
-2.03032e-07
-3.18873e-07
-1.93122e-07
-3.49479e-07
-1.8335e-07
-3.78533e-07
-1.73899e-07
-4.0622e-07
-1.65323e-07
-4.32719e-07
-1.57801e-07
-4.58411e-07
-1.5246e-07
-4.84389e-07
-1.52118e-07
-5.12067e-07
-1.60823e-07
-5.42281e-07
-1.74514e-07
-5.75699e-07
-1.91951e-07
-6.12969e-07
-2.12885e-07
-6.54728e-07
-2.37268e-07
-7.01979e-07
-2.66134e-07
-7.56684e-07
-3.05738e-07
-8.20003e-07
-3.53322e-07
-8.9302e-07
-4.06491e-07
-9.74366e-07
-4.58228e-07
-1.06103e-06
-4.98953e-07
-1.15017e-06
-5.20751e-07
-1.23955e-06
-5.28153e-07
-1.32807e-06
-5.26715e-07
-1.41524e-06
-5.20603e-07
-1.50081e-06
-5.12123e-07
-1.58463e-06
-5.02367e-07
-1.6666e-06
-4.91804e-07
-1.74663e-06
-4.80626e-07
-1.82463e-06
-4.68915e-07
-1.90053e-06
-4.56707e-07
-1.97425e-06
-4.44027e-07
-2.04572e-06
-4.30895e-07
-2.11486e-06
-4.17329e-07
-2.18161e-06
-4.03348e-07
-2.24592e-06
-3.88972e-07
-2.30771e-06
-3.7422e-07
-2.36694e-06
-3.5911e-07
-2.42357e-06
-3.43663e-07
-2.47753e-06
-3.27897e-07
-2.52879e-06
-3.11831e-07
-2.57732e-06
-2.95483e-07
-2.62306e-06
-2.7887e-07
-2.666e-06
-2.62011e-07
-2.70609e-06
-2.44922e-07
-2.74331e-06
-2.2762e-07
-2.77765e-06
-2.10121e-07
-2.80906e-06
-1.92443e-07
-2.83754e-06
-1.746e-07
-2.86307e-06
-1.56611e-07
-2.88563e-06
-1.38491e-07
-2.9052e-06
-1.20257e-07
-2.92179e-06
-1.01926e-07
-2.93537e-06
-8.3515e-08
-2.94594e-06
-6.50378e-08
-2.9535e-06
-4.65067e-08
-2.95804e-06
-2.79327e-08
-9.32059e-09
1.64469e-06
-8.27094e-09
1.63978e-06
-2.47755e-08
1.6316e-06
-4.12172e-08
1.62018e-06
-5.75704e-08
1.60553e-06
-7.38068e-08
1.58768e-06
-8.98969e-08
1.56667e-06
-1.0581e-07
1.54254e-06
-1.21515e-07
1.51532e-06
-1.36979e-07
1.48507e-06
-1.52171e-07
1.45185e-06
-1.67061e-07
1.41572e-06
-1.8162e-07
1.37675e-06
-1.95818e-07
1.33501e-06
-2.09629e-07
1.29058e-06
-2.23024e-07
1.24355e-06
-2.35978e-07
1.194e-06
-2.48464e-07
1.14204e-06
-2.60457e-07
1.08776e-06
-2.71932e-07
1.03128e-06
-2.82864e-07
9.72691e-07
-2.93226e-07
9.1213e-07
-3.02985e-07
8.49725e-07
-3.12085e-07
7.85636e-07
-3.20417e-07
7.20078e-07
-3.27743e-07
6.53386e-07
-3.33555e-07
5.86121e-07
-3.3687e-07
5.19198e-07
-3.36084e-07
4.53857e-07
-3.29372e-07
3.91194e-07
-3.17006e-07
3.31773e-07
-3.01202e-07
2.75547e-07
-2.8502e-07
2.2211e-07
-2.70532e-07
1.70986e-07
-2.58343e-07
1.21789e-07
-2.48156e-07
7.42584e-08
-2.39368e-07
2.82464e-08
-2.31415e-07
-1.63178e-08
-2.2389e-07
-5.94541e-08
-2.16528e-07
-1.01132e-07
-2.09066e-07
-1.41306e-07
-2.01414e-07
-1.79931e-07
-1.93556e-07
-2.16965e-07
-1.85511e-07
-2.52377e-07
-1.77326e-07
-2.86152e-07
-1.69065e-07
-3.18292e-07
-1.60809e-07
-3.48822e-07
-1.52667e-07
-3.77804e-07
-1.44789e-07
-4.05418e-07
-1.3763e-07
-4.31847e-07
-1.31343e-07
-4.5749e-07
-1.26894e-07
-4.8331e-07
-1.26625e-07
-5.10809e-07
-1.33825e-07
-5.40819e-07
-1.45179e-07
-5.74001e-07
-1.59651e-07
-6.10995e-07
-1.77031e-07
-6.52439e-07
-1.97285e-07
-6.99324e-07
-2.21238e-07
-7.53604e-07
-2.541e-07
-8.16679e-07
-2.93625e-07
-8.89011e-07
-3.37826e-07
-9.697e-07
-3.81191e-07
-1.05583e-06
-4.15678e-07
-1.14464e-06
-4.33591e-07
-1.23382e-06
-4.39803e-07
-1.32221e-06
-4.38693e-07
-1.4093e-06
-4.33674e-07
-1.49482e-06
-4.26667e-07
-1.57863e-06
-4.18587e-07
-1.66061e-06
-4.09831e-07
-1.74068e-06
-4.00562e-07
-1.81875e-06
-3.90845e-07
-1.89474e-06
-3.80714e-07
-1.96858e-06
-3.70189e-07
-2.04019e-06
-3.59284e-07
-2.10951e-06
-3.48016e-07
-2.17645e-06
-3.36399e-07
-2.24098e-06
-3.24451e-07
-2.30301e-06
-3.12185e-07
-2.3625e-06
-2.99619e-07
-2.4194e-06
-2.86768e-07
-2.47365e-06
-2.73647e-07
-2.52521e-06
-2.60271e-07
-2.57403e-06
-2.46657e-07
-2.62009e-06
-2.32817e-07
-2.66333e-06
-2.18768e-07
-2.70373e-06
-2.04522e-07
-2.74125e-06
-1.90095e-07
-2.77588e-06
-1.75499e-07
-2.80757e-06
-1.60749e-07
-2.83631e-06
-1.45859e-07
-2.86208e-06
-1.30841e-07
-2.88486e-06
-1.15711e-07
-2.90463e-06
-1.00484e-07
-2.92139e-06
-8.51721e-08
-2.93511e-06
-6.97908e-08
-2.9458e-06
-5.43521e-08
-2.95344e-06
-3.88667e-08
-2.95802e-06
-2.33443e-08
-7.7895e-09
1.64469e-06
-6.62375e-09
1.63975e-06
-1.98411e-08
1.63154e-06
-3.30077e-08
1.62008e-06
-4.6103e-08
1.60537e-06
-5.91038e-08
1.58746e-06
-7.19865e-08
1.56638e-06
-8.47263e-08
1.54216e-06
-9.72977e-08
1.51486e-06
-1.09675e-07
1.48452e-06
-1.21833e-07
1.45121e-06
-1.33748e-07
1.41499e-06
-1.45396e-07
1.37592e-06
-1.56754e-07
1.33409e-06
-1.678e-07
1.28958e-06
-1.78512e-07
1.24247e-06
-1.88869e-07
1.19286e-06
-1.9885e-07
1.14084e-06
-2.08436e-07
1.08651e-06
-2.17607e-07
1.02999e-06
-2.26341e-07
9.71383e-07
-2.3462e-07
9.10814e-07
-2.42414e-07
8.48415e-07
-2.49681e-07
7.84345e-07
-2.56332e-07
7.18817e-07
-2.62177e-07
6.52167e-07
-2.66807e-07
5.84955e-07
-2.69436e-07
5.18098e-07
-2.68779e-07
4.52841e-07
-2.63384e-07
3.90275e-07
-2.53475e-07
3.30959e-07
-2.40827e-07
2.74838e-07
-2.27886e-07
2.2151e-07
-2.16304e-07
1.70486e-07
-2.06561e-07
1.21384e-07
-1.98418e-07
7.39468e-08
-1.91392e-07
2.80262e-08
-1.85032e-07
-1.6449e-08
-1.79014e-07
-5.94982e-08
-1.73126e-07
-1.01091e-07
-1.67158e-07
-1.41183e-07
-1.61039e-07
-1.79728e-07
-1.54755e-07
-2.16685e-07
-1.48321e-07
-2.52023e-07
-1.41775e-07
-2.85726e-07
-1.35168e-07
-3.17797e-07
-1.28564e-07
-3.4826e-07
-1.2205e-07
-3.77176e-07
-1.15743e-07
-4.04722e-07
-1.10003e-07
-4.31081e-07
-1.04955e-07
-4.56668e-07
-1.01383e-07
-4.82359e-07
-1.01263e-07
-5.09726e-07
-1.06961e-07
-5.39589e-07
-1.15993e-07
-5.72599e-07
-1.27523e-07
-6.09388e-07
-1.41375e-07
-6.50577e-07
-1.57521e-07
-6.97075e-07
-1.76598e-07
-7.50937e-07
-2.02791e-07
-8.13584e-07
-2.34313e-07
-8.85676e-07
-2.69642e-07
-9.6601e-07
-3.04622e-07
-1.05182e-06
-3.32754e-07
-1.14039e-06
-3.46687e-07
-1.22939e-06
-3.51629e-07
-1.31767e-06
-3.50791e-07
-1.40468e-06
-3.46826e-07
-1.49015e-06
-3.4126e-07
-1.57394e-06
-3.34832e-07
-1.65592e-06
-3.27859e-07
-1.73601e-06
-3.20473e-07
-1.81413e-06
-3.12728e-07
-1.8902e-06
-3.04651e-07
-1.96413e-06
-2.96256e-07
-2.03586e-06
-2.87558e-07
-2.1053e-06
-2.78566e-07
-2.17241e-06
-2.69295e-07
-2.2371e-06
-2.59756e-07
-2.29933e-06
-2.49961e-07
-2.35902e-06
-2.39924e-07
-2.41613e-06
-2.29656e-07
-2.47061e-06
-2.1917e-07
-2.5224e-06
-2.08478e-07
-2.57147e-06
-1.97592e-07
-2.61776e-06
-1.86523e-07
-2.66125e-06
-1.75283e-07
-2.70189e-06
-1.63883e-07
-2.73965e-06
-1.52336e-07
-2.77449e-06
-1.4065e-07
-2.8064e-06
-1.28839e-07
-2.83535e-06
-1.16913e-07
-2.86131e-06
-1.04882e-07
-2.88426e-06
-9.27599e-08
-2.90419e-06
-8.05569e-08
-2.92107e-06
-6.8285e-08
-2.93491e-06
-5.59556e-08
-2.94568e-06
-4.35788e-08
-2.95339e-06
-3.11636e-08
-2.95801e-06
-1.87179e-08
-6.24574e-09
1.64468e-06
-4.97188e-09
1.63974e-06
-1.48927e-08
1.6315e-06
-2.47751e-08
1.62e-06
-3.46035e-08
1.60526e-06
-4.43607e-08
1.5873e-06
-5.40286e-08
1.56616e-06
-6.35887e-08
1.54189e-06
-7.30216e-08
1.51452e-06
-8.23081e-08
1.48412e-06
-9.14293e-08
1.45074e-06
-1.00367e-07
1.41444e-06
-1.09103e-07
1.37531e-06
-1.17621e-07
1.33342e-06
-1.25904e-07
1.28884e-06
-1.33936e-07
1.24167e-06
-1.417e-07
1.192e-06
-1.49182e-07
1.13993e-06
-1.56367e-07
1.08557e-06
-1.63238e-07
1.02901e-06
-1.69783e-07
9.70373e-07
-1.75985e-07
9.09784e-07
-1.81823e-07
8.47374e-07
-1.87266e-07
7.83303e-07
-1.92246e-07
7.17786e-07
-1.96622e-07
6.51161e-07
-2.00085e-07
5.83993e-07
-2.02046e-07
5.17204e-07
-2.0154e-07
4.52034e-07
-1.97481e-07
3.89567e-07
-1.9004e-07
3.3035e-07
-1.80553e-07
2.74319e-07
-1.7085e-07
2.21061e-07
-1.62166e-07
1.70114e-07
-1.54862e-07
1.21088e-07
-1.48755e-07
7.37231e-08
-1.43487e-07
2.78725e-08
-1.38718e-07
-1.65345e-08
-1.34205e-07
-5.95174e-08
-1.2979e-07
-1.01046e-07
-1.25315e-07
-1.41075e-07
-1.20726e-07
-1.79558e-07
-1.16014e-07
-2.16456e-07
-1.1119e-07
-2.51736e-07
-1.06281e-07
-2.85384e-07
-1.01326e-07
-3.17399e-07
-9.63739e-08
-3.47807e-07
-9.14873e-08
-3.76664e-07
-8.67554e-08
-4.04143e-07
-8.2444e-08
-4.30417e-07
-7.8651e-08
-4.55893e-07
-7.59835e-08
-4.81546e-07
-7.59388e-08
-5.08842e-07
-8.01683e-08
-5.38599e-07
-8.69126e-08
-5.7147e-07
-9.55331e-08
-6.08086e-07
-1.05895e-07
-6.49081e-07
-1.17978e-07
-6.95408e-07
-1.32244e-07
-7.48993e-07
-1.51825e-07
-8.11229e-07
-1.75386e-07
-8.82872e-07
-2.01803e-07
-9.62938e-07
-2.28247e-07
-1.04868e-06
-2.49878e-07
-1.13712e-06
-2.59919e-07
-1.226e-06
-2.6358e-07
-1.3142e-06
-2.6298e-07
-1.40115e-06
-2.60039e-07
-1.48658e-06
-2.55892e-07
-1.57035e-06
-2.51093e-07
-1.65233e-06
-2.45884e-07
-1.73245e-06
-2.40363e-07
-1.81061e-06
-2.34572e-07
-1.88673e-06
-2.2853e-07
-1.96073e-06
-2.2225e-07
-2.03255e-06
-2.15741e-07
-2.10211e-06
-2.09011e-07
-2.16933e-06
-2.0207e-07
-2.23416e-06
-1.94927e-07
-2.29653e-06
-1.87592e-07
-2.35638e-06
-1.80073e-07
-2.41366e-06
-1.72379e-07
-2.46831e-06
-1.64521e-07
-2.52028e-06
-1.56506e-07
-2.56952e-06
-1.48345e-07
-2.616e-06
-1.40045e-07
-2.65967e-06
-1.31614e-07
-2.70049e-06
-1.23063e-07
-2.73843e-06
-1.14399e-07
-2.77345e-06
-1.0563e-07
-2.80552e-06
-9.67649e-08
-2.83462e-06
-8.78123e-08
-2.86073e-06
-7.87804e-08
-2.88381e-06
-6.9678e-08
-2.90385e-06
-6.0514e-08
-2.92084e-06
-5.12973e-08
-2.93476e-06
-4.20365e-08
-2.9456e-06
-3.27393e-08
-2.95335e-06
-2.34126e-08
-2.958e-06
-1.40626e-08
-4.69241e-09
1.64468e-06
-3.3167e-09
1.63972e-06
-9.93443e-09
1.63147e-06
-1.65261e-08
1.61995e-06
-2.30816e-08
1.60518e-06
-2.95895e-08
1.58719e-06
-3.60375e-08
1.56601e-06
-4.24132e-08
1.5417e-06
-4.87038e-08
1.51428e-06
-5.48964e-08
1.48383e-06
-6.09784e-08
1.4504e-06
-6.69376e-08
1.41406e-06
-7.27621e-08
1.37488e-06
-7.84406e-08
1.33294e-06
-8.39619e-08
1.28832e-06
-8.93152e-08
1.24111e-06
-9.44901e-08
1.1914e-06
-9.94762e-08
1.1393e-06
-1.04264e-07
1.0849e-06
-1.08842e-07
1.02832e-06
-1.13203e-07
9.69674e-07
-1.17334e-07
9.09076e-07
-1.21223e-07
8.46663e-07
-1.24848e-07
7.82595e-07
-1.28165e-07
7.17089e-07
-1.31077e-07
6.50483e-07
-1.33381e-07
5.83344e-07
-1.34683e-07
5.16594e-07
-1.34339e-07
4.51475e-07
-1.31627e-07
3.89067e-07
-1.26663e-07
3.29911e-07
-1.20337e-07
2.73942e-07
-1.13869e-07
2.20748e-07
-1.08082e-07
1.69857e-07
-1.03214e-07
1.20884e-07
-9.91444e-08
7.35711e-08
-9.56328e-08
2.77713e-08
-9.24537e-08
-1.65857e-08
-8.9445e-08
-5.95193e-08
-8.65017e-08
-1.00999e-07
-8.35185e-08
-1.40981e-07
-8.04599e-08
-1.79418e-07
-7.73187e-08
-2.1627e-07
-7.4103e-08
-2.51507e-07
-7.08309e-08
-2.8511e-07
-6.75281e-08
-3.17082e-07
-6.42267e-08
-3.47444e-07
-6.09692e-08
-3.76254e-07
-5.78149e-08
-4.03677e-07
-5.49401e-08
-4.29885e-07
-5.24123e-08
-4.55304e-07
-5.06417e-08
-4.80964e-07
-5.0608e-08
-5.08216e-07
-5.34186e-08
-5.37901e-07
-5.79041e-08
-5.70671e-07
-6.36397e-08
-6.07157e-07
-7.05353e-08
-6.47968e-07
-7.85773e-08
-6.94126e-07
-8.80632e-08
-7.47471e-07
-1.01085e-07
-8.09399e-07
-1.16747e-07
-8.80658e-07
-1.34305e-07
-9.60572e-07
-1.52018e-07
-1.04655e-06
-1.66773e-07
-1.1349e-06
-1.73252e-07
-1.22366e-06
-1.75656e-07
-1.31176e-06
-1.75265e-07
-1.39865e-06
-1.73319e-07
-1.48404e-06
-1.70566e-07
-1.56778e-06
-1.67378e-07
-1.64976e-06
-1.63915e-07
-1.72989e-06
-1.60243e-07
-1.80807e-06
-1.56391e-07
-1.88423e-06
-1.52371e-07
-1.95829e-06
-1.48192e-07
-2.03017e-06
-1.43859e-07
-2.0998e-06
-1.39379e-07
-2.16711e-06
-1.34758e-07
-2.23204e-06
-1.30002e-07
-2.29451e-06
-1.25116e-07
-2.35448e-06
-1.20108e-07
-2.41187e-06
-1.14983e-07
-2.46665e-06
-1.09747e-07
-2.51875e-06
-1.04406e-07
-2.56813e-06
-9.89664e-08
-2.61474e-06
-9.34337e-08
-2.65854e-06
-8.78136e-08
-2.69949e-06
-8.21118e-08
-2.73755e-06
-7.63341e-08
-2.7727e-06
-7.0486e-08
-2.80489e-06
-6.45731e-08
-2.8341e-06
-5.8601e-08
-2.86031e-06
-5.25755e-08
-2.88348e-06
-4.65024e-08
-2.90361e-06
-4.03877e-08
-2.92067e-06
-3.42374e-08
-2.93465e-06
-2.80572e-08
-2.94553e-06
-2.18523e-08
-2.95332e-06
-1.56274e-08
-2.958e-06
-9.3868e-09
-3.13223e-09
1.64468e-06
-1.65944e-09
1.63971e-06
-4.9699e-09
1.63145e-06
-8.26679e-09
1.61992e-06
-1.15455e-08
1.60513e-06
-1.48004e-08
1.58712e-06
-1.80252e-08
1.56592e-06
-2.12138e-08
1.54157e-06
-2.43597e-08
1.51413e-06
-2.74564e-08
1.48365e-06
-3.04978e-08
1.45019e-06
-3.34776e-08
1.41382e-06
-3.639e-08
1.37461e-06
-3.92292e-08
1.33264e-06
-4.19897e-08
1.28799e-06
-4.46661e-08
1.24075e-06
-4.72531e-08
1.19102e-06
-4.97456e-08
1.1389e-06
-5.21386e-08
1.08448e-06
-5.44273e-08
1.02789e-06
-5.66066e-08
9.69223e-07
-5.86713e-08
9.08616e-07
-6.06148e-08
8.462e-07
-6.24261e-08
7.82133e-07
-6.40833e-08
7.16633e-07
-6.55384e-08
6.50039e-07
-6.66893e-08
5.82919e-07
-6.73386e-08
5.16197e-07
-6.7165e-08
4.51114e-07
-6.58077e-08
3.88748e-07
-6.33246e-08
3.29635e-07
-6.01614e-08
2.73706e-07
-5.6928e-08
2.20551e-07
-5.40349e-08
1.69696e-07
-5.16015e-08
1.20758e-07
-4.95669e-08
7.34785e-08
-4.78112e-08
2.7712e-08
-4.62217e-08
-1.66119e-08
-4.47173e-08
-5.95128e-08
-4.32457e-08
-1.0096e-07
-4.17541e-08
-1.4091e-07
-4.02248e-08
-1.79316e-07
-3.86543e-08
-2.16137e-07
-3.70465e-08
-2.51343e-07
-3.54105e-08
-2.84916e-07
-3.37592e-08
-3.16858e-07
-3.21087e-08
-3.47191e-07
-3.04801e-08
-3.75972e-07
-2.89031e-08
-4.03365e-07
-2.74657e-08
-4.29545e-07
-2.62021e-08
-4.54944e-07
-2.53192e-08
-4.80582e-07
-2.52996e-08
-5.07801e-07
-2.67027e-08
-5.37438e-07
-2.8943e-08
-5.70146e-07
-3.18079e-08
-6.06554e-07
-3.52523e-08
-6.47266e-07
-3.92699e-08
-6.93292e-07
-4.40058e-08
-7.46465e-07
-5.05078e-08
-8.0817e-07
-5.83275e-08
-8.79168e-07
-6.70853e-08
-9.58935e-07
-7.59398e-08
-1.04518e-06
-8.33988e-08
-1.13349e-06
-8.66263e-08
-1.22217e-06
-8.78177e-08
-1.3102e-06
-8.76195e-08
-1.39704e-06
-8.6647e-08
-1.4824e-06
-8.52729e-08
-1.56613e-06
-8.36809e-08
-1.6481e-06
-8.19517e-08
-1.72823e-06
-8.01184e-08
-1.80643e-06
-7.81949e-08
-1.88261e-06
-7.61875e-08
-1.95671e-06
-7.41003e-08
-2.02863e-06
-7.19363e-08
-2.09831e-06
-6.96986e-08
-2.16568e-06
-6.739e-08
-2.23067e-06
-6.50137e-08
-2.29321e-06
-6.25727e-08
-2.35325e-06
-6.007e-08
-2.41072e-06
-5.75086e-08
-2.46558e-06
-5.48917e-08
-2.51776e-06
-5.22222e-08
-2.56722e-06
-4.95029e-08
-2.61392e-06
-4.67369e-08
-2.65781e-06
-4.3927e-08
-2.69884e-06
-4.1076e-08
-2.73699e-06
-3.81868e-08
-2.77221e-06
-3.52622e-08
-2.80448e-06
-3.2305e-08
-2.83377e-06
-2.9318e-08
-2.86004e-06
-2.63041e-08
-2.88327e-06
-2.32663e-08
-2.90345e-06
-2.02075e-08
-2.92056e-06
-1.71308e-08
-2.93458e-06
-1.40389e-08
-2.94549e-06
-1.09346e-08
-2.9533e-06
-7.82008e-09
-2.95799e-06
-4.6976e-09
-1.5676e-09
1.64468e-06
-1.12039e-12
1.63971e-06
-2.28068e-12
1.63145e-06
-2.4216e-12
1.6199e-06
-2.48783e-12
1.6051e-06
-2.59651e-12
1.58708e-06
-2.65585e-12
1.56587e-06
-2.65509e-12
1.54151e-06
-2.63694e-12
1.51406e-06
-2.64118e-12
1.48357e-06
-2.67612e-12
1.45009e-06
-2.73914e-12
1.4137e-06
-2.81649e-12
1.37448e-06
-2.89951e-12
1.33249e-06
-2.97299e-12
1.28783e-06
-3.03748e-12
1.24058e-06
-3.08835e-12
1.19083e-06
-3.12349e-12
1.1387e-06
-3.13684e-12
1.08428e-06
-3.13414e-12
1.02767e-06
-3.1178e-12
9.69004e-07
-3.09745e-12
9.08394e-07
-3.0881e-12
8.45976e-07
-3.10864e-12
7.81911e-07
-3.178e-12
7.16414e-07
-3.31152e-12
6.49827e-07
-3.51757e-12
5.82716e-07
-3.79619e-12
5.16008e-07
-4.14035e-12
4.50941e-07
-4.53124e-12
3.88594e-07
-4.93173e-12
3.29501e-07
-5.29276e-12
2.73592e-07
-5.57752e-12
2.20455e-07
-5.77389e-12
1.69617e-07
-5.88529e-12
1.20696e-07
-5.93077e-12
7.34338e-08
-5.92738e-12
2.7684e-08
-5.88877e-12
-1.66233e-08
-5.82388e-12
-5.95077e-08
-5.73539e-12
-1.00939e-07
-5.63082e-12
-1.40872e-07
-5.5126e-12
-1.79262e-07
-5.38468e-12
-2.16068e-07
-5.25172e-12
-2.51258e-07
-5.11827e-12
-2.84817e-07
-4.98755e-12
-3.16744e-07
-4.85828e-12
-3.47063e-07
-4.71748e-12
-3.75831e-07
-4.54167e-12
-4.03211e-07
-4.35458e-12
-4.29379e-07
-4.19396e-12
-4.54771e-07
-4.00624e-12
-4.80396e-07
-3.7868e-12
-5.07599e-07
-3.63794e-12
-5.37214e-07
-3.51848e-12
-5.69896e-07
-3.32576e-12
-6.0627e-07
-2.97415e-12
-6.46943e-07
-2.39532e-12
-6.92913e-07
-1.46721e-12
-7.46013e-07
-8.91554e-14
-8.07624e-07
1.90917e-12
-8.78491e-07
4.4812e-12
-9.58126e-07
7.21153e-12
-1.04441e-06
9.27012e-12
-1.13273e-06
1.06784e-11
-1.2214e-06
1.1289e-11
-1.30942e-06
1.12179e-11
-1.39624e-06
1.09785e-11
-1.4816e-06
1.06328e-11
-1.56531e-06
1.02077e-11
-1.64729e-06
9.7657e-12
-1.72742e-06
9.29403e-12
-1.80562e-06
8.79283e-12
-1.88182e-06
8.26156e-12
-1.95593e-06
7.7018e-12
-2.02787e-06
7.1267e-12
-2.09758e-06
6.52112e-12
-2.16497e-06
5.89851e-12
-2.22999e-06
5.2973e-12
-2.29257e-06
4.71567e-12
-2.35264e-06
4.15804e-12
-2.41016e-06
3.64259e-12
-2.46505e-06
3.16742e-12
-2.51728e-06
2.73242e-12
-2.56678e-06
2.33543e-12
-2.61352e-06
1.97342e-12
-2.65745e-06
1.64224e-12
-2.69853e-06
1.33475e-12
-2.73671e-06
1.04554e-12
-2.77198e-06
7.65154e-13
-2.80428e-06
4.81882e-13
-2.8336e-06
1.80976e-13
-2.8599e-06
-1.54368e-13
-2.88317e-06
-5.34198e-13
-2.90338e-06
-9.42928e-13
-2.92051e-06
-1.32432e-12
-2.93454e-06
-1.59889e-12
-2.94548e-06
-1.74597e-12
-2.95329e-06
-1.8599e-12
-2.95799e-06
-1.86081e-12
-8.05428e-13
1.64468e-06
1.65721e-09
1.63971e-06
4.96539e-09
1.63145e-06
8.262e-09
1.6199e-06
1.15406e-08
1.6051e-06
1.47952e-08
1.58708e-06
1.802e-08
1.56587e-06
2.12085e-08
1.54151e-06
2.43544e-08
1.51406e-06
2.74512e-08
1.48356e-06
3.04925e-08
1.45009e-06
3.34722e-08
1.4137e-06
3.63844e-08
1.37448e-06
3.92235e-08
1.33249e-06
4.19838e-08
1.28783e-06
4.46601e-08
1.24058e-06
4.7247e-08
1.19083e-06
4.97395e-08
1.1387e-06
5.21324e-08
1.08427e-06
5.44211e-08
1.02767e-06
5.66004e-08
9.69003e-07
5.86652e-08
9.08393e-07
6.06087e-08
8.45975e-07
6.242e-08
7.81909e-07
6.40771e-08
7.16413e-07
6.55319e-08
6.49825e-07
6.66824e-08
5.82714e-07
6.73312e-08
5.16006e-07
6.71569e-08
4.50939e-07
6.57988e-08
3.88592e-07
6.33149e-08
3.29499e-07
6.0151e-08
2.7359e-07
5.6917e-08
2.20454e-07
5.40235e-08
1.69616e-07
5.15898e-08
1.20695e-07
4.95552e-08
7.3433e-08
4.77995e-08
2.76832e-08
4.62101e-08
-1.66241e-08
4.47058e-08
-5.95085e-08
4.32344e-08
-1.00939e-07
4.17429e-08
-1.40873e-07
4.02138e-08
-1.79263e-07
3.86435e-08
-2.16068e-07
3.70359e-08
-2.51258e-07
3.54002e-08
-2.84817e-07
3.37492e-08
-3.16744e-07
3.20989e-08
-3.47063e-07
3.04706e-08
-3.75831e-07
2.8894e-08
-4.03211e-07
2.7457e-08
-4.29379e-07
2.61937e-08
-4.5477e-07
2.53112e-08
-4.80396e-07
2.52921e-08
-5.07599e-07
2.66956e-08
-5.37215e-07
2.89361e-08
-5.69896e-07
3.18014e-08
-6.06271e-07
3.52466e-08
-6.46944e-07
3.92655e-08
-6.92914e-07
4.40033e-08
-7.46015e-07
5.05083e-08
-8.07627e-07
5.83321e-08
-8.78494e-07
6.70949e-08
-9.58129e-07
7.59551e-08
-1.04441e-06
8.3418e-08
-1.13273e-06
8.6648e-08
-1.2214e-06
8.78401e-08
-1.30942e-06
8.76419e-08
-1.39624e-06
8.66688e-08
-1.4816e-06
8.52939e-08
-1.56532e-06
8.37011e-08
-1.64729e-06
8.1971e-08
-1.72742e-06
8.01368e-08
-1.80562e-06
7.82123e-08
-1.88182e-06
7.62039e-08
-1.95593e-06
7.41156e-08
-2.02787e-06
7.19505e-08
-2.09758e-06
6.97115e-08
-2.16497e-06
6.74018e-08
-2.22999e-06
6.50242e-08
-2.29257e-06
6.2582e-08
-2.35264e-06
6.00782e-08
-2.41016e-06
5.75159e-08
-2.46505e-06
5.48981e-08
-2.51727e-06
5.22276e-08
-2.56678e-06
4.95076e-08
-2.61352e-06
4.67409e-08
-2.65745e-06
4.39303e-08
-2.69853e-06
4.10787e-08
-2.73671e-06
3.8189e-08
-2.77198e-06
3.52638e-08
-2.80428e-06
3.2306e-08
-2.8336e-06
2.93184e-08
-2.8599e-06
2.63038e-08
-2.88317e-06
2.32653e-08
-2.90338e-06
2.02057e-08
-2.92051e-06
1.71282e-08
-2.93454e-06
1.40358e-08
-2.94548e-06
1.09311e-08
-2.95329e-06
7.81641e-09
-2.95799e-06
4.69394e-09
1.56603e-09
1.64468e-06
3.31459e-09
1.63971e-06
9.93012e-09
1.63145e-06
1.65215e-08
1.61992e-06
2.30769e-08
1.60513e-06
2.95845e-08
1.58712e-06
3.60324e-08
1.56592e-06
4.24082e-08
1.54157e-06
4.86988e-08
1.51413e-06
5.48914e-08
1.48365e-06
6.09733e-08
1.45019e-06
6.69324e-08
1.41382e-06
7.27567e-08
1.37461e-06
7.84351e-08
1.33264e-06
8.39562e-08
1.28799e-06
8.93095e-08
1.24075e-06
9.44842e-08
1.19102e-06
9.94703e-08
1.13889e-06
1.04258e-07
1.08448e-06
1.08836e-07
1.02788e-06
1.13197e-07
9.69219e-07
1.17328e-07
9.08612e-07
1.21217e-07
8.46195e-07
1.24842e-07
7.82127e-07
1.28159e-07
7.16627e-07
1.31071e-07
6.50033e-07
1.33375e-07
5.82913e-07
1.34676e-07
5.16191e-07
1.34331e-07
4.51108e-07
1.31618e-07
3.88742e-07
1.26653e-07
3.2963e-07
1.20326e-07
2.73702e-07
1.13858e-07
2.20548e-07
1.08071e-07
1.69693e-07
1.03203e-07
1.20755e-07
9.91331e-08
7.34761e-08
9.56215e-08
2.77098e-08
9.24425e-08
-1.6614e-08
8.94338e-08
-5.95147e-08
8.64907e-08
-1.00962e-07
8.35077e-08
-1.40911e-07
8.04492e-08
-1.79317e-07
7.73082e-08
-2.16138e-07
7.40926e-08
-2.51344e-07
7.08207e-08
-2.84917e-07
6.75181e-08
-3.16859e-07
6.42169e-08
-3.47191e-07
6.09597e-08
-3.75972e-07
5.78057e-08
-4.03365e-07
5.49313e-08
-4.29544e-07
5.24038e-08
-4.54943e-07
5.06337e-08
-4.80581e-07
5.06006e-08
-5.07801e-07
5.34116e-08
-5.37439e-07
5.78975e-08
-5.70148e-07
6.36337e-08
-6.06556e-07
7.05302e-08
-6.4727e-07
7.85736e-08
-6.93297e-07
8.80622e-08
-7.46471e-07
1.01087e-07
-8.08179e-07
1.16755e-07
-8.79176e-07
1.34318e-07
-9.58945e-07
1.52036e-07
-1.04519e-06
1.66794e-07
-1.1335e-06
1.73274e-07
-1.22218e-06
1.75678e-07
-1.31021e-06
1.75287e-07
-1.39705e-06
1.7334e-07
-1.48241e-06
1.70587e-07
-1.56613e-06
1.67397e-07
-1.64811e-06
1.63933e-07
-1.72823e-06
1.60261e-07
-1.80643e-06
1.56408e-07
-1.88261e-06
1.52387e-07
-1.95671e-06
1.48207e-07
-2.02863e-06
1.43873e-07
-2.09831e-06
1.39392e-07
-2.16568e-06
1.3477e-07
-2.23067e-06
1.30012e-07
-2.29321e-06
1.25126e-07
-2.35325e-06
1.20116e-07
-2.41072e-06
1.1499e-07
-2.46558e-06
1.09753e-07
-2.51776e-06
1.04411e-07
-2.56722e-06
9.8971e-08
-2.61392e-06
9.34376e-08
-2.65781e-06
8.78169e-08
-2.69884e-06
8.21145e-08
-2.73699e-06
7.63362e-08
-2.77221e-06
7.04876e-08
-2.80448e-06
6.45741e-08
-2.83376e-06
5.86014e-08
-2.86004e-06
5.25753e-08
-2.88327e-06
4.65014e-08
-2.90345e-06
4.0386e-08
-2.92056e-06
3.42349e-08
-2.93458e-06
2.80541e-08
-2.94549e-06
2.1849e-08
-2.9533e-06
1.56239e-08
-2.95799e-06
9.38325e-09
3.13071e-09
1.64468e-06
4.9699e-09
1.63972e-06
1.48887e-08
1.63147e-06
2.47708e-08
1.61995e-06
3.45991e-08
1.60518e-06
4.43561e-08
1.58719e-06
5.40239e-08
1.56601e-06
6.35839e-08
1.54169e-06
7.30168e-08
1.51428e-06
8.23033e-08
1.48383e-06
9.14245e-08
1.4504e-06
1.00362e-07
1.41406e-06
1.09098e-07
1.37488e-06
1.17616e-07
1.33294e-06
1.25899e-07
1.28832e-06
1.3393e-07
1.2411e-06
1.41695e-07
1.1914e-06
1.49177e-07
1.1393e-06
1.56361e-07
1.0849e-06
1.63233e-07
1.02832e-06
1.69778e-07
9.69667e-07
1.7598e-07
9.09068e-07
1.81818e-07
8.46654e-07
1.87261e-07
7.82586e-07
1.92241e-07
7.1708e-07
1.96616e-07
6.50473e-07
2.00079e-07
5.83334e-07
2.0204e-07
5.16584e-07
2.01533e-07
4.51465e-07
1.97473e-07
3.89058e-07
1.90032e-07
3.29904e-07
1.80543e-07
2.73935e-07
1.7084e-07
2.20742e-07
1.62156e-07
1.69852e-07
1.54851e-07
1.2088e-07
1.48745e-07
7.35671e-08
1.43477e-07
2.77676e-08
1.38708e-07
-1.65891e-08
1.34194e-07
-5.95224e-08
1.29779e-07
-1.01002e-07
1.25304e-07
-1.40983e-07
1.20716e-07
-1.7942e-07
1.16004e-07
-2.16272e-07
1.1118e-07
-2.51508e-07
1.06271e-07
-2.85112e-07
1.01317e-07
-3.17083e-07
9.63643e-08
-3.47445e-07
9.14778e-08
-3.76254e-07
8.67462e-08
-4.03677e-07
8.2435e-08
-4.29885e-07
7.86423e-08
-4.55303e-07
7.59753e-08
-4.80963e-07
7.59315e-08
-5.08217e-07
8.01616e-08
-5.37902e-07
8.69063e-08
-5.70674e-07
9.55274e-08
-6.07161e-07
1.05891e-07
-6.47972e-07
1.17975e-07
-6.94131e-07
1.32243e-07
-7.47478e-07
1.5183e-07
-8.09409e-07
1.754e-07
-8.80676e-07
2.01836e-07
-9.60593e-07
2.28273e-07
-1.04657e-06
2.499e-07
-1.13491e-06
2.5994e-07
-1.22367e-06
2.636e-07
-1.31177e-06
2.63e-07
-1.39865e-06
2.60058e-07
-1.48405e-06
2.55911e-07
-1.56779e-06
2.51111e-07
-1.64977e-06
2.45901e-07
-1.72989e-06
2.4038e-07
-1.80807e-06
2.34588e-07
-1.88423e-06
2.28546e-07
-1.95829e-06
2.22265e-07
-2.03017e-06
2.15754e-07
-2.0998e-06
2.09023e-07
-2.16711e-06
2.02081e-07
-2.23204e-06
1.94937e-07
-2.29451e-06
1.87601e-07
-2.35448e-06
1.80081e-07
-2.41187e-06
1.72386e-07
-2.46665e-06
1.64527e-07
-2.51875e-06
1.56512e-07
-2.56813e-06
1.48349e-07
-2.61474e-06
1.40048e-07
-2.65854e-06
1.31618e-07
-2.69949e-06
1.23066e-07
-2.73755e-06
1.14401e-07
-2.7727e-06
1.05632e-07
-2.80489e-06
9.6766e-08
-2.8341e-06
8.78128e-08
-2.86031e-06
7.87803e-08
-2.88348e-06
6.96771e-08
-2.90361e-06
6.05124e-08
-2.92067e-06
5.1295e-08
-2.93465e-06
4.20337e-08
-2.94553e-06
3.27362e-08
-2.95332e-06
2.34093e-08
-2.958e-06
1.40593e-08
4.69101e-09
1.64468e-06
6.62198e-09
1.63973e-06
1.98375e-08
1.6315e-06
3.30039e-08
1.62e-06
4.6099e-08
1.60526e-06
5.90996e-08
1.5873e-06
7.19822e-08
1.56616e-06
8.4722e-08
1.54189e-06
9.72934e-08
1.51452e-06
1.09671e-07
1.48411e-06
1.21829e-07
1.45073e-06
1.33744e-07
1.41444e-06
1.45391e-07
1.37531e-06
1.56749e-07
1.33341e-06
1.67795e-07
1.28883e-06
1.78507e-07
1.24166e-06
1.88864e-07
1.192e-06
1.98845e-07
1.13993e-06
2.08431e-07
1.08556e-06
2.17602e-07
1.029e-06
2.26337e-07
9.70363e-07
2.34615e-07
9.09774e-07
2.42409e-07
8.47363e-07
2.49676e-07
7.8329e-07
2.56328e-07
7.17773e-07
2.62172e-07
6.51147e-07
2.66802e-07
5.83979e-07
2.69431e-07
5.1719e-07
2.68773e-07
4.52021e-07
2.63378e-07
3.89555e-07
2.53467e-07
3.30339e-07
2.40819e-07
2.74309e-07
2.27878e-07
2.21056e-07
2.16295e-07
1.70109e-07
2.06553e-07
1.21083e-07
1.98409e-07
7.37184e-08
1.91383e-07
2.78681e-08
1.85023e-07
-1.65387e-08
1.79004e-07
-5.95214e-08
1.73117e-07
-1.01049e-07
1.67149e-07
-1.41078e-07
1.6103e-07
-1.79562e-07
1.54746e-07
-2.16459e-07
1.48312e-07
-2.51739e-07
1.41766e-07
-2.85386e-07
1.35159e-07
-3.17401e-07
1.28555e-07
-3.47808e-07
1.2204e-07
-3.76665e-07
1.15734e-07
-4.04143e-07
1.09994e-07
-4.30417e-07
1.04946e-07
-4.55893e-07
1.01375e-07
-4.81547e-07
1.01256e-07
-5.08845e-07
1.06955e-07
-5.38603e-07
1.15987e-07
-5.71475e-07
1.27517e-07
-6.08092e-07
1.41369e-07
-6.49085e-07
1.57515e-07
-6.95403e-07
1.76591e-07
-7.48972e-07
2.02779e-07
-8.11188e-07
2.3429e-07
-8.82968e-07
2.69597e-07
-9.63005e-07
3.04603e-07
-1.04872e-06
3.32754e-07
-1.13715e-06
3.46695e-07
-1.22602e-06
3.51642e-07
-1.31421e-06
3.50806e-07
-1.40115e-06
3.46842e-07
-1.48659e-06
3.41277e-07
-1.57035e-06
3.34848e-07
-1.65234e-06
3.27875e-07
-1.73245e-06
3.20489e-07
-1.81061e-06
3.12744e-07
-1.88673e-06
3.04666e-07
-1.96073e-06
2.9627e-07
-2.03255e-06
2.87571e-07
-2.10211e-06
2.78578e-07
-2.16933e-06
2.69306e-07
-2.23416e-06
2.59766e-07
-2.29653e-06
2.4997e-07
-2.35638e-06
2.39932e-07
-2.41366e-06
2.29663e-07
-2.4683e-06
2.19176e-07
-2.52028e-06
2.08483e-07
-2.56952e-06
1.97596e-07
-2.616e-06
1.86527e-07
-2.65967e-06
1.75286e-07
-2.70049e-06
1.63886e-07
-2.73843e-06
1.52338e-07
-2.77345e-06
1.40652e-07
-2.80552e-06
1.2884e-07
-2.83462e-06
1.16913e-07
-2.86072e-06
1.04882e-07
-2.88381e-06
9.27593e-08
-2.90385e-06
8.05555e-08
-2.92084e-06
6.8283e-08
-2.93476e-06
5.59531e-08
-2.9456e-06
4.3576e-08
-2.95335e-06
3.11605e-08
-2.958e-06
1.87148e-08
6.24448e-09
1.64469e-06
8.26939e-09
1.63975e-06
2.47724e-08
1.63154e-06
4.12138e-08
1.62008e-06
5.75669e-08
1.60537e-06
7.38031e-08
1.58746e-06
8.98931e-08
1.56638e-06
1.05806e-07
1.54216e-06
1.21511e-07
1.51486e-06
1.36975e-07
1.48452e-06
1.52167e-07
1.4512e-06
1.67057e-07
1.41498e-06
1.81616e-07
1.37592e-06
1.95814e-07
1.33409e-06
2.09624e-07
1.28957e-06
2.2302e-07
1.24246e-06
2.35974e-07
1.19285e-06
2.4846e-07
1.14083e-06
2.60453e-07
1.0865e-06
2.71928e-07
1.02998e-06
2.8286e-07
9.7137e-07
2.93222e-07
9.108e-07
3.02981e-07
8.48401e-07
3.12081e-07
7.8433e-07
3.20413e-07
7.18801e-07
3.27739e-07
6.5215e-07
3.33551e-07
5.84937e-07
3.36866e-07
5.18081e-07
3.36079e-07
4.52824e-07
3.29367e-07
3.9026e-07
3.17e-07
3.30946e-07
3.01195e-07
2.74828e-07
2.85013e-07
2.215e-07
2.70524e-07
1.70478e-07
2.58335e-07
1.21377e-07
2.48148e-07
7.39411e-08
2.3936e-07
2.80208e-08
2.31407e-07
-1.6454e-08
2.23881e-07
-5.95031e-08
2.1652e-07
-1.01096e-07
2.09057e-07
-1.41188e-07
2.01406e-07
-1.79733e-07
1.93548e-07
-2.16689e-07
1.85503e-07
-2.52027e-07
1.77317e-07
-2.8573e-07
1.69056e-07
-3.178e-07
1.608e-07
-3.48262e-07
1.52658e-07
-3.77178e-07
1.4478e-07
-4.04723e-07
1.37621e-07
-4.31082e-07
1.31334e-07
-4.5667e-07
1.26886e-07
-4.82363e-07
1.26619e-07
-5.09734e-07
1.33821e-07
-5.39601e-07
1.45175e-07
-5.72616e-07
1.59649e-07
-6.09413e-07
1.77032e-07
-6.50613e-07
1.9729e-07
-6.9713e-07
2.2125e-07
-7.51018e-07
2.54122e-07
-8.13685e-07
2.93657e-07
-8.85622e-07
3.37872e-07
-9.65977e-07
3.8123e-07
-1.0518e-06
4.15707e-07
-1.14039e-06
4.33613e-07
-1.22939e-06
4.39822e-07
-1.31767e-06
4.38711e-07
-1.40468e-06
4.33692e-07
-1.49016e-06
4.26684e-07
-1.57394e-06
4.18604e-07
-1.65592e-06
4.09847e-07
-1.73601e-06
4.00577e-07
-1.81413e-06
3.9086e-07
-1.8902e-06
3.80729e-07
-1.96413e-06
3.70202e-07
-2.03585e-06
3.59297e-07
-2.1053e-06
3.48027e-07
-2.17241e-06
3.3641e-07
-2.2371e-06
3.2446e-07
-2.29933e-06
3.12194e-07
-2.35902e-06
2.99627e-07
-2.41613e-06
2.86774e-07
-2.47061e-06
2.73653e-07
-2.5224e-06
2.60277e-07
-2.57147e-06
2.46661e-07
-2.61776e-06
2.32821e-07
-2.66125e-06
2.18771e-07
-2.70188e-06
2.04525e-07
-2.73964e-06
1.90097e-07
-2.77449e-06
1.75501e-07
-2.8064e-06
1.6075e-07
-2.83535e-06
1.45859e-07
-2.86131e-06
1.30841e-07
-2.88426e-06
1.15711e-07
-2.90419e-06
1.00482e-07
-2.92107e-06
8.51703e-08
-2.93491e-06
6.97886e-08
-2.94568e-06
5.43496e-08
-2.95339e-06
3.8864e-08
-2.95801e-06
2.33416e-08
7.78841e-09
1.64469e-06
9.91044e-09
1.63978e-06
2.96881e-08
1.6316e-06
4.93921e-08
1.62018e-06
6.89914e-08
1.60553e-06
8.8452e-08
1.58768e-06
1.07739e-07
1.56667e-06
1.26817e-07
1.54253e-06
1.45648e-07
1.51531e-06
1.64193e-07
1.48507e-06
1.82415e-07
1.45185e-06
2.00278e-07
1.41571e-06
2.17747e-07
1.37674e-06
2.34787e-07
1.335e-06
2.51366e-07
1.29057e-06
2.6745e-07
1.24354e-06
2.83007e-07
1.19399e-06
2.98006e-07
1.14203e-06
3.12416e-07
1.08775e-06
3.26207e-07
1.03126e-06
3.39349e-07
9.72677e-07
3.51808e-07
9.12115e-07
3.63544e-07
8.49709e-07
3.74492e-07
7.85619e-07
3.84518e-07
7.20059e-07
3.93337e-07
6.53366e-07
4.0034e-07
5.86101e-07
4.04352e-07
5.19178e-07
4.0345e-07
4.53839e-07
3.95436e-07
3.91179e-07
3.80626e-07
3.31761e-07
3.61672e-07
2.75536e-07
3.42248e-07
2.22099e-07
3.24848e-07
1.70976e-07
3.10213e-07
1.2178e-07
2.9798e-07
7.42509e-08
2.8743e-07
2.82397e-08
2.77882e-07
-1.63242e-08
2.68847e-07
-5.94604e-08
2.60009e-07
-1.01138e-07
2.5105e-07
-1.41312e-07
2.41864e-07
-1.79937e-07
2.32429e-07
-2.16971e-07
2.2277e-07
-2.52383e-07
2.12942e-07
-2.86158e-07
2.03024e-07
-3.18297e-07
1.93114e-07
-3.48827e-07
1.83342e-07
-3.77808e-07
1.73891e-07
-4.05421e-07
1.65314e-07
-4.3185e-07
1.57792e-07
-4.57492e-07
1.52452e-07
-4.83314e-07
1.52113e-07
-5.10815e-07
1.60819e-07
-5.40828e-07
1.7451e-07
-5.74011e-07
1.91949e-07
-6.11009e-07
2.12886e-07
-6.52458e-07
2.37274e-07
-6.99353e-07
2.66155e-07
-7.53667e-07
3.05794e-07
-8.16722e-07
3.53367e-07
-8.89051e-07
4.06525e-07
-9.69725e-07
4.5826e-07
-1.05584e-06
4.98981e-07
-1.14465e-06
5.20774e-07
-1.23382e-06
5.28172e-07
-1.32221e-06
5.26733e-07
-1.4093e-06
5.2062e-07
-1.49482e-06
5.1214e-07
-1.57863e-06
5.02383e-07
-1.66061e-06
4.9182e-07
-1.74068e-06
4.80642e-07
-1.81875e-06
4.68929e-07
-1.89474e-06
4.56721e-07
-1.96858e-06
4.44041e-07
-2.04019e-06
4.30907e-07
-2.1095e-06
4.17341e-07
-2.17645e-06
4.03359e-07
-2.24097e-06
3.88981e-07
-2.30301e-06
3.74228e-07
-2.3625e-06
3.59118e-07
-2.41939e-06
3.4367e-07
-2.47364e-06
3.27903e-07
-2.5252e-06
3.11836e-07
-2.57403e-06
2.95487e-07
-2.62008e-06
2.78874e-07
-2.66333e-06
2.62014e-07
-2.70372e-06
2.44924e-07
-2.74125e-06
2.27622e-07
-2.77587e-06
2.10123e-07
-2.80757e-06
1.92444e-07
-2.83631e-06
1.74601e-07
-2.86208e-06
1.56611e-07
-2.88486e-06
1.3849e-07
-2.90463e-06
1.20256e-07
-2.92138e-06
1.01925e-07
-2.93511e-06
8.35132e-08
-2.9458e-06
6.50357e-08
-2.95344e-06
4.65044e-08
-2.95802e-06
2.79305e-08
9.3197e-09
1.6447e-06
1.1543e-08
1.63981e-06
3.45784e-08
1.63168e-06
5.75283e-08
1.62031e-06
8.03578e-08
1.60573e-06
1.03028e-07
1.58797e-06
1.255e-07
1.56706e-06
1.47731e-07
1.54303e-06
1.69678e-07
1.51593e-06
1.91297e-07
1.4858e-06
2.12544e-07
1.4527e-06
2.33377e-07
1.41669e-06
2.53756e-07
1.37784e-06
2.73639e-07
1.33621e-06
2.92989e-07
1.2919e-06
3.11767e-07
1.24497e-06
3.29934e-07
1.19552e-06
3.47454e-07
1.14365e-06
3.6429e-07
1.08945e-06
3.80407e-07
1.03303e-06
3.95769e-07
9.74498e-07
4.10337e-07
9.13981e-07
4.24063e-07
8.51606e-07
4.36872e-07
7.87529e-07
4.48609e-07
7.21958e-07
4.58945e-07
6.55221e-07
4.67174e-07
5.87867e-07
4.71926e-07
5.20805e-07
4.70958e-07
4.55287e-07
4.61682e-07
3.92434e-07
4.44445e-07
3.32831e-07
4.22332e-07
2.7644e-07
3.99647e-07
2.22855e-07
3.79319e-07
1.71601e-07
3.6222e-07
1.22285e-07
3.47932e-07
7.46408e-08
3.35612e-07
2.85189e-08
3.24465e-07
-1.6153e-08
3.13919e-07
-5.93948e-08
3.03602e-07
-1.01176e-07
2.93144e-07
-1.4145e-07
2.82421e-07
-1.80172e-07
2.71406e-07
-2.17299e-07
2.60129e-07
-2.52801e-07
2.48656e-07
-2.86661e-07
2.37077e-07
-3.18881e-07
2.25508e-07
-3.49487e-07
2.14102e-07
-3.78541e-07
2.03073e-07
-4.06227e-07
1.93081e-07
-4.32726e-07
1.8432e-07
-4.58418e-07
1.78067e-07
-4.84397e-07
1.77764e-07
-5.12075e-07
1.87993e-07
-5.42287e-07
2.04043e-07
-5.75697e-07
2.24473e-07
-6.12951e-07
2.48992e-07
-6.5468e-07
2.77538e-07
-7.01903e-07
3.11379e-07
-7.56829e-07
3.57818e-07
-8.20139e-07
4.13595e-07
-8.93106e-07
4.75742e-07
-9.74412e-07
5.35931e-07
-1.06105e-06
5.8281e-07
-1.15018e-06
6.08273e-07
-1.23955e-06
6.16733e-07
-1.32807e-06
6.14888e-07
-1.41524e-06
6.07631e-07
-1.50081e-06
5.97642e-07
-1.58463e-06
5.86178e-07
-1.6666e-06
5.73779e-07
-1.74663e-06
5.60667e-07
-1.82463e-06
5.46932e-07
-1.90053e-06
5.3262e-07
-1.97425e-06
5.17759e-07
-2.04571e-06
5.02372e-07
-2.11486e-06
4.86482e-07
-2.18161e-06
4.70112e-07
-2.24591e-06
4.53285e-07
-2.30771e-06
4.36024e-07
-2.36694e-06
4.18352e-07
-2.42356e-06
4.00292e-07
-2.47753e-06
3.81867e-07
-2.52879e-06
3.63099e-07
-2.57731e-06
3.44009e-07
-2.62306e-06
3.24619e-07
-2.66599e-06
3.04949e-07
-2.70609e-06
2.85018e-07
-2.74331e-06
2.64847e-07
-2.77764e-06
2.44455e-07
-2.80906e-06
2.23861e-07
-2.83754e-06
2.03082e-07
-2.86307e-06
1.82138e-07
-2.88563e-06
1.61049e-07
-2.9052e-06
1.39832e-07
-2.92179e-06
1.18508e-07
-2.93537e-06
9.70954e-08
-2.94594e-06
7.56094e-08
-2.9535e-06
5.40638e-08
-2.95804e-06
3.24705e-08
1.08347e-08
1.64471e-06
1.31644e-08
1.63986e-06
3.94352e-08
1.63178e-06
6.5609e-08
1.62049e-06
9.1648e-08
1.60601e-06
1.17509e-07
1.58836e-06
1.43148e-07
1.56757e-06
1.68518e-07
1.54368e-06
1.93569e-07
1.51673e-06
2.18252e-07
1.48675e-06
2.42517e-07
1.45381e-06
2.66318e-07
1.41796e-06
2.89607e-07
1.37926e-06
3.12337e-07
1.33779e-06
3.34466e-07
1.29361e-06
3.55947e-07
1.2468e-06
3.76738e-07
1.19746e-06
3.96796e-07
1.14567e-06
4.16079e-07
1.09153e-06
4.34545e-07
1.03515e-06
4.52152e-07
9.76632e-07
4.68855e-07
9.16098e-07
4.84598e-07
8.53683e-07
4.99292e-07
7.89546e-07
5.1276e-07
7.23904e-07
5.24624e-07
6.57093e-07
5.3408e-07
5.89668e-07
5.3957e-07
5.22529e-07
5.3854e-07
4.56918e-07
5.2802e-07
3.9394e-07
5.08386e-07
3.34185e-07
4.83143e-07
2.77627e-07
4.57212e-07
2.23874e-07
4.33959e-07
1.72454e-07
4.14392e-07
1.22979e-07
3.98041e-07
7.51836e-08
3.83945e-07
2.89165e-08
3.71193e-07
-1.58945e-08
3.59128e-07
-5.92696e-08
3.47327e-07
-1.01178e-07
3.35365e-07
-1.41575e-07
3.23098e-07
-1.80412e-07
3.10497e-07
-2.17649e-07
2.97597e-07
-2.53254e-07
2.84471e-07
-2.87211e-07
2.71225e-07
-3.19522e-07
2.57991e-07
-3.50213e-07
2.44945e-07
-3.79344e-07
2.32333e-07
-4.07108e-07
2.20923e-07
-4.33688e-07
2.10928e-07
-4.59487e-07
2.0379e-07
-4.85629e-07
2.03576e-07
-5.13512e-07
2.15372e-07
-5.4397e-07
2.3382e-07
-5.7767e-07
2.57286e-07
-6.15266e-07
2.8544e-07
-6.57392e-07
3.18203e-07
-7.0508e-07
3.57106e-07
-7.60079e-07
4.10456e-07
-8.24352e-07
4.74401e-07
-8.98044e-07
5.45582e-07
-9.80028e-07
6.14259e-07
-1.06732e-06
6.67318e-07
-1.15681e-06
6.96141e-07
-1.2464e-06
7.05526e-07
-1.33508e-06
7.03209e-07
-1.42237e-06
6.94768e-07
-1.50803e-06
6.83237e-07
-1.59191e-06
6.70033e-07
-1.6739e-06
6.55764e-07
-1.75392e-06
6.4068e-07
-1.83188e-06
6.24885e-07
-1.90769e-06
6.08431e-07
-1.98128e-06
5.91352e-07
-2.05258e-06
5.73674e-07
-2.12153e-06
5.55426e-07
-2.18805e-06
5.36634e-07
-2.25209e-06
5.17326e-07
-2.31359e-06
4.97529e-07
-2.37251e-06
4.7727e-07
-2.4288e-06
4.56577e-07
-2.48241e-06
4.35476e-07
-2.5333e-06
4.13993e-07
-2.58144e-06
3.92152e-07
-2.6268e-06
3.69979e-07
-2.66935e-06
3.47497e-07
-2.70906e-06
3.24729e-07
-2.74591e-06
3.01697e-07
-2.77988e-06
2.78423e-07
-2.81094e-06
2.54928e-07
-2.8391e-06
2.31233e-07
-2.86432e-06
2.0736e-07
-2.8866e-06
1.83328e-07
-2.90592e-06
1.5916e-07
-2.92229e-06
1.34876e-07
-2.93569e-06
1.10498e-07
-2.94613e-06
8.60411e-08
-2.95358e-06
6.15207e-08
-2.95806e-06
3.69489e-08
1.23292e-08
1.64473e-06
1.47711e-08
1.63992e-06
4.42481e-08
1.63191e-06
7.36173e-08
1.62072e-06
1.02839e-07
1.60636e-06
1.31865e-07
1.58886e-06
1.60649e-07
1.56824e-06
1.89138e-07
1.54453e-06
2.17278e-07
1.51777e-06
2.45013e-07
1.488e-06
2.72289e-07
1.45526e-06
2.99053e-07
1.41962e-06
3.25251e-07
1.38112e-06
3.50831e-07
1.33985e-06
3.75744e-07
1.29585e-06
3.99938e-07
1.24923e-06
4.23364e-07
1.20005e-06
4.45972e-07
1.14842e-06
4.67715e-07
1.09442e-06
4.88543e-07
1.03816e-06
5.08409e-07
9.79755e-07
5.27263e-07
9.19313e-07
5.45042e-07
8.56963e-07
5.61646e-07
7.92855e-07
5.76882e-07
7.27188e-07
5.90328e-07
6.60278e-07
6.01085e-07
5.92659e-07
6.07404e-07
5.25231e-07
6.06408e-07
4.59266e-07
5.94708e-07
3.95925e-07
5.72688e-07
3.35843e-07
5.44282e-07
2.7901e-07
5.15054e-07
2.25025e-07
4.8883e-07
1.73401e-07
4.66769e-07
1.23747e-07
4.48328e-07
7.57872e-08
4.32442e-07
2.93634e-08
4.18076e-07
-1.55983e-08
4.04487e-07
-5.91186e-08
3.91196e-07
-1.01166e-07
3.77723e-07
-1.41696e-07
3.63906e-07
-1.8066e-07
3.49713e-07
-2.18017e-07
3.35181e-07
-2.53734e-07
3.20395e-07
-2.87797e-07
3.05474e-07
-3.20207e-07
2.90569e-07
-3.50992e-07
2.75877e-07
-3.80214e-07
2.6168e-07
-4.08059e-07
2.48845e-07
-4.34703e-07
2.37599e-07
-4.60615e-07
2.2962e-07
-4.86958e-07
2.29576e-07
-5.15102e-07
2.42992e-07
-5.45869e-07
2.63886e-07
-5.79925e-07
2.90433e-07
-6.17923e-07
3.22273e-07
-6.60484e-07
3.59304e-07
-7.08667e-07
4.03365e-07
-7.64383e-07
4.63742e-07
-8.29331e-07
5.36083e-07
-9.03949e-07
6.16372e-07
-9.86878e-07
6.9352e-07
-1.07507e-06
7.52747e-07
-1.16513e-06
7.84584e-07
-1.25507e-06
7.94681e-07
-1.34398e-06
7.9176e-07
-1.43141e-06
7.82049e-07
-1.51715e-06
7.68915e-07
-1.60106e-06
7.53923e-07
-1.68305e-06
7.37742e-07
-1.76302e-06
7.20646e-07
-1.84089e-06
7.02752e-07
-1.91657e-06
6.84116e-07
-1.99e-06
6.64778e-07
-2.06109e-06
6.4477e-07
-2.12979e-06
6.24124e-07
-2.19603e-06
6.02871e-07
-2.25975e-06
5.81045e-07
-2.3209e-06
5.58678e-07
-2.37943e-06
5.35802e-07
-2.4353e-06
5.12448e-07
-2.48847e-06
4.88648e-07
-2.53891e-06
4.64431e-07
-2.58658e-06
4.39827e-07
-2.63147e-06
4.14863e-07
-2.67354e-06
3.89566e-07
-2.71277e-06
3.63963e-07
-2.74915e-06
3.38078e-07
-2.78267e-06
3.11936e-07
-2.8133e-06
2.8556e-07
-2.84104e-06
2.58974e-07
-2.86588e-06
2.32199e-07
-2.88781e-06
2.05259e-07
-2.90683e-06
1.78177e-07
-2.92292e-06
1.50975e-07
-2.9361e-06
1.23675e-07
-2.94636e-06
9.62954e-08
-2.95369e-06
6.88496e-08
-2.95809e-06
4.13501e-08
1.37979e-08
1.64475e-06
1.63588e-08
1.63999e-06
4.90038e-08
1.63208e-06
8.15311e-08
1.62102e-06
1.139e-07
1.60682e-06
1.4606e-07
1.58951e-06
1.7796e-07
1.56911e-06
2.09543e-07
1.54563e-06
2.40752e-07
1.51912e-06
2.71525e-07
1.48961e-06
3.01803e-07
1.45713e-06
3.31526e-07
1.42175e-06
3.60637e-07
1.3835e-06
3.89078e-07
1.34245e-06
4.16791e-07
1.29867e-06
4.4372e-07
1.25223e-06
4.69809e-07
1.2032e-06
4.95003e-07
1.15167e-06
5.19245e-07
1.09773e-06
5.4248e-07
1.04149e-06
5.64653e-07
9.83047e-07
5.85703e-07
9.22532e-07
6.05558e-07
8.60079e-07
6.24104e-07
7.95853e-07
6.41121e-07
7.30073e-07
6.56144e-07
6.63069e-07
6.68182e-07
5.95379e-07
6.75308e-07
5.2788e-07
6.74343e-07
4.61813e-07
6.61494e-07
3.98308e-07
6.37148e-07
3.38001e-07
6.05634e-07
2.80907e-07
5.73143e-07
2.26651e-07
5.43961e-07
1.74765e-07
5.19398e-07
1.24858e-07
4.98861e-07
7.66596e-08
4.8117e-07
3.00157e-08
4.65175e-07
-1.51491e-08
4.50046e-07
-5.88572e-08
4.35249e-07
-1.01078e-07
4.20251e-07
-1.41767e-07
4.0487e-07
-1.80878e-07
3.89069e-07
-2.18367e-07
3.72892e-07
-2.54207e-07
3.56433e-07
-2.88383e-07
3.39825e-07
-3.20901e-07
3.23238e-07
-3.51794e-07
3.06895e-07
-3.81137e-07
2.91117e-07
-4.09105e-07
2.7688e-07
-4.35751e-07
2.64272e-07
-4.61741e-07
2.55512e-07
-4.88371e-07
2.55775e-07
-5.16869e-07
2.70873e-07
-5.48026e-07
2.94256e-07
-5.82505e-07
3.23931e-07
-6.2097e-07
3.59513e-07
-6.64037e-07
4.00868e-07
-7.1286e-07
4.5018e-07
-7.69478e-07
5.17711e-07
-8.35309e-07
5.98608e-07
-9.10881e-07
6.88136e-07
-9.94738e-07
7.73724e-07
-1.08368e-06
8.38942e-07
-1.17423e-06
8.7354e-07
-1.26454e-06
8.84206e-07
-1.35374e-06
8.80615e-07
-1.44143e-06
8.69597e-07
-1.5274e-06
8.54825e-07
-1.61151e-06
8.38002e-07
-1.69363e-06
8.19857e-07
-1.77368e-06
8.0069e-07
-1.85156e-06
7.80631e-07
-1.92719e-06
7.59747e-07
-2.00049e-06
7.38083e-07
-2.0714e-06
7.15679e-07
-2.13985e-06
6.92571e-07
-2.20578e-06
6.68799e-07
-2.26913e-06
6.44401e-07
-2.32987e-06
6.19414e-07
-2.38794e-06
5.93875e-07
-2.44332e-06
5.67823e-07
-2.49596e-06
5.41291e-07
-2.54584e-06
5.14315e-07
-2.59295e-06
4.86928e-07
-2.63724e-06
4.59161e-07
-2.67872e-06
4.31045e-07
-2.71737e-06
4.0261e-07
-2.75317e-06
3.73881e-07
-2.78612e-06
3.44888e-07
-2.81622e-06
3.15654e-07
-2.84345e-06
2.86205e-07
-2.86782e-06
2.56565e-07
-2.88931e-06
2.26758e-07
-2.90795e-06
1.96809e-07
-2.92371e-06
1.6674e-07
-2.93661e-06
1.36574e-07
-2.94664e-06
1.06329e-07
-2.95381e-06
7.60194e-08
-2.95812e-06
4.56556e-08
1.52347e-08
1.64477e-06
1.79215e-08
1.64009e-06
5.36849e-08
1.6323e-06
8.93216e-08
1.62141e-06
1.24792e-07
1.60743e-06
1.60043e-07
1.59036e-06
1.95022e-07
1.57024e-06
2.29668e-07
1.54707e-06
2.6392e-07
1.52088e-06
2.97712e-07
1.49171e-06
3.30979e-07
1.45958e-06
3.63656e-07
1.42454e-06
3.95679e-07
1.38663e-06
4.26984e-07
1.34591e-06
4.57507e-07
1.30245e-06
4.87185e-07
1.2563e-06
5.15954e-07
1.20756e-06
5.43751e-07
1.15629e-06
5.70513e-07
1.10259e-06
5.96179e-07
1.04655e-06
6.20687e-07
9.88287e-07
6.43971e-07
9.27895e-07
6.65952e-07
8.65498e-07
6.86505e-07
8.01242e-07
7.05391e-07
7.35325e-07
7.22097e-07
6.6806e-07
7.35537e-07
5.99974e-07
7.43602e-07
5.31948e-07
7.42792e-07
4.65281e-07
7.28883e-07
4.01178e-07
7.02213e-07
3.40341e-07
6.67529e-07
2.82815e-07
6.31683e-07
2.28221e-07
5.99449e-07
1.76076e-07
5.72305e-07
1.25922e-07
5.4965e-07
7.7494e-08
5.30132e-07
3.06357e-08
5.12488e-07
-1.47294e-08
4.95803e-07
-5.86237e-08
4.79486e-07
-1.01017e-07
4.62947e-07
-1.41865e-07
4.45986e-07
-1.8112e-07
4.28563e-07
-2.18742e-07
4.10726e-07
-2.54706e-07
3.92579e-07
-2.89003e-07
3.7427e-07
-3.21645e-07
3.55989e-07
-3.52672e-07
3.37983e-07
-3.82141e-07
3.20607e-07
-4.10183e-07
3.0494e-07
-4.36798e-07
2.9095e-07
-4.62869e-07
2.81461e-07
-4.89894e-07
2.82105e-07
-5.18827e-07
2.98911e-07
-5.50423e-07
3.24827e-07
-5.85363e-07
3.57694e-07
-6.24333e-07
3.97096e-07
-6.67975e-07
4.42868e-07
-7.17535e-07
4.97607e-07
-7.7512e-07
5.72537e-07
-8.42124e-07
6.62197e-07
-9.19006e-07
7.61161e-07
-1.00421e-06
8.55267e-07
-1.09435e-06
9.26358e-07
-1.18583e-06
9.63447e-07
-1.27683e-06
9.74428e-07
-1.36652e-06
9.69968e-07
-1.45456e-06
9.57493e-07
-1.54076e-06
9.40966e-07
-1.625e-06
9.22217e-07
-1.70718e-06
9.02027e-07
-1.7872e-06
8.80716e-07
-1.865e-06
8.58425e-07
-1.94048e-06
8.35226e-07
-2.01357e-06
8.11173e-07
-2.0842e-06
7.86308e-07
-2.1523e-06
7.60677e-07
-2.21783e-06
7.34324e-07
-2.28072e-06
7.07294e-07
-2.34094e-06
6.79632e-07
-2.39845e-06
6.51382e-07
-2.45321e-06
6.22585e-07
-2.5052e-06
5.93284e-07
-2.5544e-06
5.63518e-07
-2.6008e-06
5.33325e-07
-2.64438e-06
5.0274e-07
-2.68513e-06
4.71798e-07
-2.72306e-06
4.40532e-07
-2.75815e-06
4.08972e-07
-2.7904e-06
3.77146e-07
-2.81983e-06
3.45083e-07
-2.84643e-06
3.12807e-07
-2.87021e-06
2.80346e-07
-2.89118e-06
2.47723e-07
-2.90933e-06
2.14963e-07
-2.92468e-06
1.82091e-07
-2.93724e-06
1.49127e-07
-2.947e-06
1.1609e-07
-2.95397e-06
8.29924e-08
-2.95816e-06
4.98424e-08
1.66319e-08
1.64481e-06
1.94516e-08
1.64022e-06
5.82687e-08
1.63259e-06
9.69514e-08
1.62192e-06
1.35463e-07
1.60821e-06
1.73752e-07
1.59147e-06
2.11762e-07
1.57171e-06
2.49432e-07
1.54893e-06
2.86696e-07
1.52316e-06
3.23485e-07
1.49441e-06
3.5973e-07
1.4627e-06
3.95361e-07
1.42808e-06
4.30308e-07
1.39056e-06
4.64502e-07
1.35019e-06
4.97871e-07
1.30704e-06
5.30344e-07
1.26114e-06
5.61849e-07
1.21258e-06
5.92315e-07
1.16142e-06
6.21667e-07
1.10777e-06
6.49833e-07
1.05172e-06
6.76738e-07
9.93383e-07
7.02307e-07
9.32889e-07
7.26447e-07
8.70374e-07
7.49025e-07
8.05995e-07
7.69783e-07
7.39953e-07
7.88173e-07
6.72556e-07
8.03024e-07
6.04316e-07
8.12046e-07
5.36091e-07
8.11435e-07
4.69146e-07
7.96549e-07
4.04696e-07
7.67624e-07
3.43467e-07
7.29817e-07
2.85531e-07
6.90631e-07
2.30525e-07
6.55342e-07
1.77965e-07
6.25611e-07
1.27444e-07
6.00802e-07
7.86788e-08
5.7943e-07
3.15123e-08
5.60109e-07
-1.41319e-08
5.41838e-07
-5.82778e-08
5.23972e-07
-1.00897e-07
5.05866e-07
-1.41945e-07
4.873e-07
-1.81382e-07
4.68234e-07
-2.19169e-07
4.48718e-07
-2.55281e-07
4.2887e-07
-2.89712e-07
4.08851e-07
-3.22472e-07
3.88868e-07
-3.53596e-07
3.6919e-07
-3.83137e-07
3.50207e-07
-4.11238e-07
3.33097e-07
-4.38099e-07
3.1783e-07
-4.64395e-07
3.07617e-07
-4.91582e-07
3.08733e-07
-5.20791e-07
3.27321e-07
-5.52787e-07
3.55823e-07
-5.88245e-07
3.91936e-07
-6.27854e-07
4.3523e-07
-6.72262e-07
4.85511e-07
-7.22848e-07
5.45876e-07
-7.81698e-07
6.28422e-07
-8.50128e-07
7.27019e-07
-9.28457e-07
8.35509e-07
-1.01494e-06
9.3805e-07
-1.10602e-06
1.01471e-06
-1.19815e-06
1.05402e-06
-1.28966e-06
1.06517e-06
-1.37982e-06
1.05979e-06
-1.46831e-06
1.04584e-06
-1.55493e-06
1.02754e-06
-1.63956e-06
1.00683e-06
-1.72208e-06
9.84531e-07
-1.80236e-06
9.60999e-07
-1.88032e-06
9.36383e-07
-1.95586e-06
9.10766e-07
-2.0289e-06
8.84212e-07
-2.09937e-06
8.56775e-07
-2.1672e-06
8.2851e-07
-2.23235e-06
7.99471e-07
-2.29477e-06
7.69712e-07
-2.35442e-06
7.39285e-07
-2.41128e-06
7.08243e-07
-2.46533e-06
6.76633e-07
-2.51655e-06
6.44504e-07
-2.56493e-06
6.11901e-07
-2.61047e-06
5.78866e-07
-2.65317e-06
5.45441e-07
-2.69304e-06
5.11662e-07
-2.73007e-06
4.77565e-07
-2.76428e-06
4.43184e-07
-2.79569e-06
4.0855e-07
-2.82429e-06
3.7369e-07
-2.85012e-06
3.38633e-07
-2.87318e-06
3.03404e-07
-2.89348e-06
2.68028e-07
-2.91105e-06
2.32529e-07
-2.92589e-06
1.9693e-07
-2.93801e-06
1.61254e-07
-2.94744e-06
1.25514e-07
-2.95417e-06
8.9722e-08
-2.95821e-06
5.38826e-08
1.79803e-08
1.64485e-06
2.09391e-08
1.64039e-06
6.27247e-08
1.63297e-06
1.04371e-07
1.62259e-06
1.45846e-07
1.60924e-06
1.87101e-07
1.59292e-06
2.28079e-07
1.57364e-06
2.68719e-07
1.55138e-06
3.08952e-07
1.52616e-06
3.48707e-07
1.49798e-06
3.87908e-07
1.46686e-06
4.26482e-07
1.43281e-06
4.64353e-07
1.39587e-06
5.01442e-07
1.35607e-06
5.37672e-07
1.31345e-06
5.72963e-07
1.26806e-06
6.07238e-07
1.21996e-06
6.40415e-07
1.16921e-06
6.72417e-07
1.11588e-06
7.03162e-07
1.06005e-06
7.32568e-07
1.00182e-06
7.60543e-07
9.41286e-07
7.86979e-07
8.78599e-07
8.11716e-07
8.13926e-07
8.34469e-07
7.4749e-07
8.54643e-07
6.79614e-07
8.70987e-07
6.10809e-07
8.81052e-07
5.41916e-07
8.80739e-07
4.74198e-07
8.6498e-07
4.08933e-07
8.33844e-07
3.46922e-07
7.92882e-07
2.8829e-07
7.50272e-07
2.32685e-07
7.11833e-07
1.79615e-07
6.7943e-07
1.28671e-07
6.52374e-07
7.95529e-08
6.29079e-07
3.20845e-08
6.08029e-07
-1.38202e-08
5.88131e-07
-5.81913e-08
5.6868e-07
-1.01005e-07
5.48976e-07
-1.42223e-07
5.2878e-07
-1.81804e-07
5.08047e-07
-2.19716e-07
4.86837e-07
-2.55937e-07
4.65275e-07
-2.90459e-07
4.43538e-07
-3.23296e-07
4.21849e-07
-3.5448e-07
4.00501e-07
-3.84086e-07
3.79914e-07
-4.12285e-07
3.61374e-07
-4.39314e-07
3.44878e-07
-4.65786e-07
3.33966e-07
-4.93123e-07
3.35591e-07
-5.22555e-07
3.56027e-07
-5.5488e-07
3.87192e-07
-5.90787e-07
4.26634e-07
-6.30974e-07
4.73916e-07
-6.76104e-07
5.28823e-07
-7.27769e-07
5.95132e-07
-7.88037e-07
6.85646e-07
-8.58128e-07
7.93432e-07
-9.38336e-07
9.11694e-07
-1.02677e-06
1.02279e-06
-1.11955e-06
1.10479e-06
-1.21317e-06
1.1461e-06
-1.30593e-06
1.15719e-06
-1.39715e-06
1.15068e-06
-1.4865e-06
1.13507e-06
-1.57384e-06
1.11481e-06
-1.659e-06
1.09197e-06
-1.74188e-06
1.0674e-06
-1.82237e-06
1.04148e-06
-1.90037e-06
1.01438e-06
-1.9758e-06
9.862e-07
-2.0486e-06
9.57009e-07
-2.1187e-06
9.26874e-07
-2.18605e-06
8.95861e-07
-2.25061e-06
8.6403e-07
-2.31234e-06
8.31445e-07
-2.37122e-06
7.98166e-07
-2.42723e-06
7.64252e-07
-2.48036e-06
7.29759e-07
-2.53059e-06
6.94743e-07
-2.57795e-06
6.59254e-07
-2.62242e-06
6.23341e-07
-2.66403e-06
5.8705e-07
-2.70279e-06
5.50423e-07
-2.73873e-06
5.13499e-07
-2.77186e-06
4.76313e-07
-2.80221e-06
4.38899e-07
-2.8298e-06
4.01285e-07
-2.85467e-06
3.635e-07
-2.87683e-06
3.2557e-07
-2.89632e-06
2.87517e-07
-2.91316e-06
2.49367e-07
-2.92737e-06
2.11139e-07
-2.93897e-06
1.72854e-07
-2.94798e-06
1.34523e-07
-2.95441e-06
9.61514e-08
-2.95827e-06
5.77419e-08
1.92682e-08
1.6449e-06
2.23708e-08
1.64061e-06
6.70136e-08
1.63347e-06
1.11514e-07
1.62346e-06
1.55853e-07
1.61058e-06
1.99982e-07
1.59481e-06
2.4385e-07
1.57614e-06
2.87395e-07
1.55454e-06
3.3055e-07
1.53001e-06
3.73241e-07
1.50252e-06
4.1539e-07
1.47209e-06
4.56918e-07
1.4387e-06
4.97744e-07
1.40236e-06
5.37782e-07
1.36308e-06
5.76943e-07
1.32091e-06
6.15137e-07
1.27588e-06
6.52268e-07
1.22805e-06
6.88241e-07
1.17751e-06
7.2296e-07
1.12434e-06
7.56332e-07
1.06864e-06
7.8827e-07
1.0105e-06
8.1868e-07
9.5003e-07
8.47454e-07
8.87321e-07
8.74429e-07
8.22505e-07
8.99298e-07
7.55761e-07
9.2142e-07
6.87386e-07
9.39447e-07
6.17897e-07
9.5074e-07
5.48175e-07
9.50867e-07
4.79557e-07
9.34307e-07
4.13429e-07
9.00926e-07
3.5065e-07
8.56718e-07
2.91353e-07
8.10583e-07
2.35174e-07
7.68906e-07
1.81599e-07
7.33762e-07
1.30189e-07
7.04416e-07
8.06549e-08
6.79144e-07
3.2819e-08
6.56316e-07
-1.34038e-08
6.3474e-07
-5.80442e-08
6.13656e-07
-1.01078e-07
5.92305e-07
-1.42468e-07
5.70431e-07
-1.82181e-07
5.47992e-07
-2.2019e-07
5.25052e-07
-2.56478e-07
5.01749e-07
-2.9105e-07
4.78276e-07
-3.23927e-07
4.54874e-07
-3.55155e-07
4.3186e-07
-3.84817e-07
4.09689e-07
-4.13118e-07
3.89756e-07
-4.40294e-07
3.72074e-07
-4.66948e-07
3.60508e-07
-4.94497e-07
3.62692e-07
-5.24224e-07
3.85063e-07
-5.56972e-07
4.19009e-07
-5.93477e-07
4.61931e-07
-6.34484e-07
5.13379e-07
-6.80688e-07
5.73087e-07
-7.33743e-07
6.45501e-07
-7.9567e-07
7.44099e-07
-8.67785e-07
8.61369e-07
-9.50161e-07
9.89644e-07
-1.04064e-06
1.10935e-06
-1.13505e-06
1.19646e-06
-1.23004e-06
1.23955e-06
-1.32398e-06
1.25039e-06
-1.4162e-06
1.24258e-06
-1.50643e-06
1.22517e-06
-1.5945e-06
1.20283e-06
-1.68027e-06
1.17772e-06
-1.76363e-06
1.15076e-06
-1.84449e-06
1.12234e-06
-1.92274e-06
1.09264e-06
-1.99831e-06
1.06176e-06
-2.0711e-06
1.0298e-06
-2.14105e-06
9.96824e-07
-2.2081e-06
9.62907e-07
-2.27219e-06
9.28128e-07
-2.33331e-06
8.9256e-07
-2.39142e-06
8.56279e-07
-2.44653e-06
8.19356e-07
-2.49863e-06
7.8186e-07
-2.54774e-06
7.43853e-07
-2.59388e-06
7.05396e-07
-2.63708e-06
6.66543e-07
-2.67738e-06
6.27344e-07
-2.7148e-06
5.87845e-07
-2.74939e-06
5.48089e-07
-2.78119e-06
5.08114e-07
-2.81024e-06
4.67952e-07
-2.83659e-06
4.27634e-07
-2.86028e-06
3.87187e-07
-2.88134e-06
3.46636e-07
-2.89983e-06
3.06003e-07
-2.91577e-06
2.65308e-07
-2.9292e-06
2.2457e-07
-2.94015e-06
1.83804e-07
-2.94865e-06
1.43017e-07
-2.95471e-06
1.0221e-07
-2.95834e-06
6.13781e-08
2.04818e-08
1.64498e-06
2.37286e-08
1.64091e-06
7.10815e-08
1.63413e-06
1.18293e-07
1.62462e-06
1.6536e-07
1.61236e-06
2.12241e-07
1.59732e-06
2.5889e-07
1.57947e-06
3.05249e-07
1.55877e-06
3.5125e-07
1.53519e-06
3.9682e-07
1.5087e-06
4.41877e-07
1.47929e-06
4.86338e-07
1.44691e-06
5.30115e-07
1.41158e-06
5.73117e-07
1.37327e-06
6.15253e-07
1.33198e-06
6.56428e-07
1.2877e-06
6.96542e-07
1.24046e-06
7.35487e-07
1.19027e-06
7.73146e-07
1.13721e-06
8.09398e-07
1.08136e-06
8.44117e-07
1.02286e-06
8.77178e-07
9.61873e-07
9.08445e-07
8.98571e-07
9.37736e-07
8.33151e-07
9.64729e-07
7.65846e-07
9.88758e-07
6.96963e-07
1.00841e-06
6.26976e-07
1.02092e-06
5.56665e-07
1.02158e-06
4.87241e-07
1.00443e-06
4.2008e-07
9.69031e-07
3.56131e-07
9.21716e-07
2.9565e-07
8.72067e-07
2.3836e-07
8.27077e-07
1.83797e-07
7.89069e-07
1.31569e-07
7.57267e-07
8.13572e-08
7.29881e-07
3.29839e-08
7.05137e-07
-1.36452e-08
6.81753e-07
-5.85722e-08
6.58917e-07
-1.01786e-07
6.35813e-07
-1.43265e-07
6.12171e-07
-1.8299e-07
5.87949e-07
-2.20949e-07
5.63219e-07
-2.57146e-07
5.38133e-07
-2.91599e-07
5.12899e-07
-3.24354e-07
4.87782e-07
-3.55477e-07
4.6312e-07
-3.85075e-07
4.39403e-07
-4.13366e-07
4.18131e-07
-4.40599e-07
3.99331e-07
-4.67367e-07
3.87171e-07
-4.95051e-07
3.89948e-07
-5.24989e-07
4.1434e-07
-5.58068e-07
4.51195e-07
-5.95057e-07
4.97762e-07
-6.36725e-07
5.53571e-07
-6.83763e-07
6.18281e-07
-7.37777e-07
6.96946e-07
-8.01023e-07
8.04041e-07
-8.75418e-07
9.31894e-07
-9.6056e-07
1.07063e-06
-1.05393e-06
1.199e-06
-1.15091e-06
1.29082e-06
-1.2481e-06
1.33527e-06
-1.34398e-06
1.34557e-06
-1.438e-06
1.33629e-06
-1.5299e-06
1.31695e-06
-1.61952e-06
1.2924e-06
-1.7067e-06
1.26488e-06
-1.79128e-06
1.23533e-06
-1.87311e-06
1.20416e-06
-1.95204e-06
1.17157e-06
-2.02796e-06
1.13769e-06
-2.1008e-06
1.10263e-06
-2.17047e-06
1.0665e-06
-2.23697e-06
1.0294e-06
-2.30026e-06
9.91419e-07
-2.36035e-06
9.52657e-07
-2.41727e-06
9.132e-07
-2.47105e-06
8.73128e-07
-2.5217e-06
8.32515e-07
-2.56928e-06
7.91429e-07
-2.61381e-06
7.49933e-07
-2.65536e-06
7.08089e-07
-2.69397e-06
6.65951e-07
-2.72969e-06
6.2357e-07
-2.76259e-06
5.80991e-07
-2.79273e-06
5.38253e-07
-2.82017e-06
4.95391e-07
-2.84497e-06
4.52436e-07
-2.8672e-06
4.09413e-07
-2.88691e-06
3.66344e-07
-2.90415e-06
3.23248e-07
-2.91899e-06
2.80143e-07
-2.93146e-06
2.37042e-07
-2.94161e-06
1.93954e-07
-2.94947e-06
1.5088e-07
-2.95507e-06
1.07813e-07
-2.95843e-06
6.47389e-08
2.16035e-08
1.64507e-06
2.49894e-08
1.6413e-06
7.48591e-08
1.635e-06
1.24595e-07
1.62614e-06
1.74216e-07
1.61468e-06
2.23697e-07
1.60057e-06
2.72999e-07
1.58375e-06
3.22071e-07
1.56415e-06
3.70851e-07
1.54171e-06
4.19264e-07
1.51635e-06
4.67228e-07
1.48804e-06
5.14654e-07
1.45671e-06
5.61442e-07
1.42234e-06
6.07487e-07
1.38492e-06
6.5267e-07
1.34448e-06
6.9687e-07
1.30105e-06
7.39979e-07
1.25464e-06
7.81891e-07
1.20529e-06
8.22499e-07
1.153e-06
8.61686e-07
1.09779e-06
8.99325e-07
1.0397e-06
9.35269e-07
9.78796e-07
9.69352e-07
9.15183e-07
1.00135e-06
8.49014e-07
1.03091e-06
7.80499e-07
1.0573e-06
7.09954e-07
1.07904e-06
6.37906e-07
1.09316e-06
5.65271e-07
1.09461e-06
4.93511e-07
1.07689e-06
4.24309e-07
1.03918e-06
3.58761e-07
9.88318e-07
2.97115e-07
9.34726e-07
2.39002e-07
8.86082e-07
1.83849e-07
8.44976e-07
1.31188e-07
8.10557e-07
8.06568e-08
7.80939e-07
3.20569e-08
7.54184e-07
-1.47177e-08
7.28911e-07
-5.97144e-08
7.04247e-07
-1.02922e-07
6.79314e-07
-1.44314e-07
6.53824e-07
-1.83877e-07
6.27745e-07
-2.21609e-07
6.01162e-07
-2.5753e-07
5.74244e-07
-2.91679e-07
5.47222e-07
-3.24123e-07
5.20382e-07
-3.54958e-07
4.94094e-07
-3.84324e-07
4.68886e-07
-4.12465e-07
4.46358e-07
-4.39652e-07
4.26544e-07
-4.66467e-07
4.13885e-07
-4.94205e-07
4.17269e-07
-5.24305e-07
4.43796e-07
-5.57714e-07
4.83733e-07
-5.9524e-07
5.34159e-07
-6.37682e-07
5.9458e-07
-6.85771e-07
6.6461e-07
-7.41314e-07
7.50114e-07
-8.0653e-07
8.66269e-07
-8.83299e-07
1.00488e-06
-9.71626e-07
1.15479e-06
-1.06883e-06
1.29245e-06
-1.16976e-06
1.38915e-06
-1.27077e-06
1.43483e-06
-1.37011e-06
1.44422e-06
-1.46713e-06
1.43301e-06
-1.5615e-06
1.4112e-06
-1.65305e-06
1.3839e-06
-1.74161e-06
1.35342e-06
-1.82705e-06
1.32077e-06
-1.90928e-06
1.28638e-06
-1.98823e-06
1.25051e-06
-2.06386e-06
1.21332e-06
-2.13615e-06
1.17493e-06
-2.20512e-06
1.13546e-06
-2.27075e-06
1.09503e-06
-2.33305e-06
1.05373e-06
-2.39204e-06
1.01164e-06
-2.44772e-06
9.68877e-07
-2.5001e-06
9.2551e-07
-2.54921e-06
8.81629e-07
-2.59511e-06
8.37322e-07
-2.63784e-06
7.92668e-07
-2.67749e-06
7.47737e-07
-2.71413e-06
7.02592e-07
-2.74785e-06
6.57288e-07
-2.77873e-06
6.11875e-07
-2.80687e-06
5.66392e-07
-2.83235e-06
5.20876e-07
-2.85527e-06
4.75355e-07
-2.87571e-06
4.29852e-07
-2.89375e-06
3.84386e-07
-2.90948e-06
3.38971e-07
-2.92295e-06
2.93617e-07
-2.93424e-06
2.48332e-07
-2.9434e-06
2.03116e-07
-2.95049e-06
1.57962e-07
-2.95552e-06
1.12851e-07
-2.95855e-06
6.77604e-08
2.26122e-08
1.6452e-06
2.61194e-08
1.64182e-06
7.82437e-08
1.63617e-06
1.30246e-07
1.6282e-06
1.82182e-07
1.61786e-06
2.34044e-07
1.60505e-06
2.85806e-07
1.58969e-06
3.37429e-07
1.57169e-06
3.88857e-07
1.55093e-06
4.40018e-07
1.52733e-06
4.90832e-07
1.50077e-06
5.41212e-07
1.47115e-06
5.91062e-07
1.43836e-06
6.40279e-07
1.40226e-06
6.88769e-07
1.36275e-06
7.36381e-07
1.3198e-06
7.82926e-07
1.27347e-06
8.28217e-07
1.22387e-06
8.721e-07
1.17112e-06
9.14442e-07
1.11532e-06
9.55119e-07
1.0566e-06
9.93995e-07
9.95049e-07
1.0309e-06
9.30807e-07
1.0656e-06
8.64034e-07
1.09769e-06
7.94954e-07
1.12641e-06
7.2389e-07
1.15018e-06
6.51338e-07
1.1659e-06
5.78093e-07
1.16824e-06
5.05395e-07
1.15028e-06
4.34826e-07
1.11069e-06
3.67555e-07
1.05664e-06
3.04014e-07
9.99282e-07
2.43998e-07
9.4699e-07
1.87064e-07
9.02662e-07
1.32768e-07
8.65484e-07
8.08317e-08
8.33403e-07
3.10844e-08
8.04379e-07
-1.65537e-08
7.76932e-07
-6.2116e-08
7.50141e-07
-1.05577e-07
7.23067e-07
-1.46941e-07
6.95449e-07
-1.86219e-07
6.67256e-07
-2.23443e-07
6.38597e-07
-2.58677e-07
6.09669e-07
-2.92013e-07
5.80731e-07
-3.23572e-07
5.52099e-07
-3.53514e-07
5.24177e-07
-3.82045e-07
4.97537e-07
-4.09473e-07
4.73873e-07
-4.36123e-07
4.5322e-07
-4.62574e-07
4.40237e-07
-4.89987e-07
4.44269e-07
-5.19966e-07
4.73133e-07
-5.53555e-07
5.16453e-07
-5.91654e-07
5.71124e-07
-6.35167e-07
6.36641e-07
-6.84974e-07
7.12604e-07
-7.43054e-07
8.05679e-07
-8.11581e-07
9.31546e-07
-8.91801e-07
1.08114e-06
-9.847e-07
1.24337e-06
-1.08629e-06
1.39022e-06
-1.19084e-06
1.4911e-06
-1.29482e-06
1.53739e-06
-1.39674e-06
1.54548e-06
-1.49609e-06
1.53208e-06
-1.59262e-06
1.50762e-06
-1.68616e-06
1.47741e-06
-1.77658e-06
1.44382e-06
-1.86372e-06
1.40791e-06
-1.9475e-06
1.37016e-06
-2.02782e-06
1.33083e-06
-2.10459e-06
1.29009e-06
-2.17775e-06
1.24809e-06
-2.24722e-06
1.20494e-06
-2.31294e-06
1.16075e-06
-2.37485e-06
1.11564e-06
-2.43293e-06
1.06973e-06
-2.48722e-06
1.02316e-06
-2.53779e-06
9.76083e-07
-2.58479e-06
9.28629e-07
-2.62835e-06
8.80886e-07
-2.66861e-06
8.32921e-07
-2.70568e-06
7.84805e-07
-2.73968e-06
7.36598e-07
-2.77075e-06
6.88357e-07
-2.79901e-06
6.40129e-07
-2.82457e-06
5.91955e-07
-2.84756e-06
5.43867e-07
-2.8681e-06
4.95891e-07
-2.88629e-06
4.48046e-07
-2.90225e-06
4.00345e-07
-2.91607e-06
3.52795e-07
-2.92786e-06
3.054e-07
-2.93768e-06
2.58157e-07
-2.94562e-06
2.11057e-07
-2.95174e-06
1.64079e-07
-2.95608e-06
1.17194e-07
-2.95868e-06
7.03634e-08
2.34814e-08
1.64538e-06
2.70771e-08
1.6425e-06
8.1118e-08
1.63768e-06
1.35067e-07
1.63083e-06
1.89031e-07
1.62185e-06
2.43024e-07
1.61062e-06
2.97043e-07
1.59698e-06
3.51061e-07
1.58082e-06
4.05023e-07
1.56198e-06
4.58853e-07
1.54036e-06
5.12456e-07
1.51585e-06
5.65725e-07
1.48836e-06
6.18544e-07
1.45785e-06
6.7079e-07
1.42431e-06
7.22308e-07
1.38745e-06
7.73245e-07
1.34698e-06
8.23392e-07
1.30277e-06
8.72429e-07
1.25476e-06
9.20112e-07
1.20297e-06
9.66235e-07
1.14747e-06
1.01061e-06
1.0884e-06
1.05307e-06
1.02588e-06
1.09342e-06
9.6006e-07
1.13142e-06
8.91111e-07
1.16665e-06
8.19226e-07
1.19833e-06
7.44688e-07
1.22479e-06
6.67991e-07
1.24277e-06
5.9007e-07
1.24654e-06
5.12561e-07
1.22847e-06
4.37682e-07
1.18652e-06
3.6693e-07
1.12846e-06
3.00784e-07
1.06645e-06
2.38954e-07
1.00972e-06
1.80881e-07
9.6149e-07
1.25932e-07
9.21061e-07
7.3697e-08
8.86165e-07
2.39586e-08
8.54563e-07
-2.33926e-08
8.24664e-07
-6.83634e-08
7.95443e-07
-1.11033e-07
7.66029e-07
-1.51408e-07
7.36083e-07
-1.89573e-07
7.05653e-07
-2.25601e-07
6.74835e-07
-2.59541e-07
6.438e-07
-2.91472e-07
6.12835e-07
-3.2153e-07
5.82312e-07
-3.49915e-07
5.52701e-07
-3.76905e-07
5.24645e-07
-4.02906e-07
4.99961e-07
-4.28381e-07
4.78722e-07
-4.53939e-07
4.65694e-07
-4.80532e-07
4.70441e-07
-5.09952e-07
5.01904e-07
-5.43291e-07
5.48913e-07
-5.81475e-07
6.08162e-07
-6.25538e-07
6.79228e-07
-6.76504e-07
7.61708e-07
-7.36222e-07
8.62747e-07
-8.07371e-07
9.99251e-07
-8.92182e-07
1.16176e-06
-9.91068e-07
1.33776e-06
-1.10041e-06
1.49569e-06
-1.21351e-06
1.60165e-06
-1.32595e-06
1.64845e-06
-1.43557e-06
1.65447e-06
-1.54159e-06
1.63783e-06
-1.64374e-06
1.60967e-06
-1.74189e-06
1.57552e-06
-1.83593e-06
1.53785e-06
-1.92577e-06
1.49774e-06
-2.01131e-06
1.4557e-06
-2.09247e-06
1.41199e-06
-2.16919e-06
1.36681e-06
-2.24143e-06
1.32033e-06
-2.30918e-06
1.27269e-06
-2.37249e-06
1.22406e-06
-2.43146e-06
1.1746e-06
-2.48623e-06
1.1245e-06
-2.53701e-06
1.07394e-06
-2.58412e-06
1.02319e-06
-2.62779e-06
9.72303e-07
-2.6681e-06
9.21198e-07
-2.70516e-06
8.69978e-07
-2.73907e-06
8.18717e-07
-2.76995e-06
7.67482e-07
-2.79793e-06
7.16336e-07
-2.82314e-06
6.65336e-07
-2.84571e-06
6.14528e-07
-2.8658e-06
5.6395e-07
-2.88353e-06
5.13629e-07
-2.89907e-06
4.63584e-07
-2.91255e-06
4.13822e-07
-2.9241e-06
3.64345e-07
-2.93384e-06
3.15145e-07
-2.9419e-06
2.66209e-07
-2.94835e-06
2.17512e-07
-2.95329e-06
1.69019e-07
-2.95678e-06
1.20682e-07
-2.95886e-06
7.24448e-08
2.41744e-08
1.64567e-06
2.77397e-08
1.64364e-06
8.31543e-08
1.6401e-06
1.386e-07
1.63497e-06
1.94167e-07
1.62806e-06
2.49929e-07
1.61918e-06
3.05928e-07
1.60807e-06
3.62169e-07
1.59447e-06
4.18625e-07
1.57809e-06
4.75226e-07
1.55868e-06
5.31872e-07
1.53598e-06
5.88422e-07
1.50983e-06
6.44697e-07
1.48013e-06
7.00488e-07
1.44693e-06
7.55508e-07
1.4104e-06
8.0977e-07
1.37052e-06
8.63281e-07
1.32706e-06
9.15886e-07
1.27984e-06
9.67326e-07
1.22876e-06
1.01732e-06
1.17377e-06
1.0656e-06
1.1149e-06
1.11194e-06
1.05225e-06
1.15608e-06
9.85946e-07
1.19773e-06
9.16167e-07
1.23644e-06
8.43151e-07
1.27137e-06
7.6723e-07
1.30079e-06
6.88929e-07
1.32125e-06
6.09132e-07
1.32672e-06
5.29314e-07
1.30897e-06
4.51678e-07
1.2651e-06
3.7788e-07
1.20332e-06
3.08655e-07
1.1367e-06
2.43886e-07
1.07539e-06
1.8303e-07
1.0231e-06
1.25534e-07
9.79186e-07
7.10588e-08
9.41165e-07
1.93856e-08
9.0668e-07
-2.94099e-08
8.73839e-07
-7.55706e-08
8.41935e-07
-1.18996e-07
8.09754e-07
-1.59636e-07
7.76984e-07
-1.97423e-07
7.4367e-07
-2.32333e-07
7.09952e-07
-2.6443e-07
6.76081e-07
-2.93849e-07
6.42418e-07
-3.20814e-07
6.0942e-07
-3.45652e-07
5.77663e-07
-3.68809e-07
5.47911e-07
-3.90919e-07
5.22156e-07
-4.13114e-07
5.00921e-07
-4.36147e-07
4.88608e-07
-4.61069e-07
4.94876e-07
-4.90027e-07
5.30147e-07
-5.24214e-07
5.82166e-07
-5.64485e-07
6.47241e-07
-6.1181e-07
7.25032e-07
-6.67464e-07
8.15452e-07
-7.33246e-07
9.25806e-07
-8.11862e-07
1.07429e-06
-9.04996e-07
1.25049e-06
-1.01147e-06
1.43953e-06
-1.1285e-06
1.60873e-06
-1.24794e-06
1.71853e-06
-1.36546e-06
1.76463e-06
-1.47924e-06
1.76764e-06
-1.58866e-06
1.747e-06
-1.69351e-06
1.71443e-06
-1.7937e-06
1.67567e-06
-1.88913e-06
1.63327e-06
-1.97977e-06
1.58837e-06
-2.06555e-06
1.54148e-06
-2.14648e-06
1.49292e-06
-2.22258e-06
1.44291e-06
-2.29393e-06
1.39167e-06
-2.36063e-06
1.3394e-06
-2.42288e-06
1.2863e-06
-2.48088e-06
1.23261e-06
-2.53491e-06
1.17853e-06
-2.58521e-06
1.12424e-06
-2.63178e-06
1.06976e-06
-2.6745e-06
1.01502e-06
-2.71334e-06
9.60037e-07
-2.74838e-06
9.05017e-07
-2.77976e-06
8.501e-07
-2.80768e-06
7.95403e-07
-2.83236e-06
7.4102e-07
-2.85405e-06
6.87022e-07
-2.87298e-06
6.33461e-07
-2.88941e-06
5.80374e-07
-2.90356e-06
5.27779e-07
-2.91565e-06
4.75682e-07
-2.92591e-06
4.24075e-07
-2.9345e-06
3.72941e-07
-2.94161e-06
3.22251e-07
-2.94737e-06
2.71972e-07
-2.95192e-06
2.22055e-07
-2.95534e-06
1.72443e-07
-2.95772e-06
1.23062e-07
-2.9591e-06
7.38266e-08
2.46263e-08
1.6459e-06
1.64471e-06
1.64271e-06
1.63978e-06
1.63575e-06
1.63041e-06
1.62353e-06
1.61482e-06
1.60393e-06
1.59049e-06
1.57409e-06
1.55427e-06
1.53054e-06
1.50228e-06
1.46955e-06
1.43252e-06
1.39115e-06
1.34532e-06
1.29492e-06
1.23984e-06
1.18007e-06
1.11563e-06
1.04658e-06
9.72988e-07
8.94962e-07
8.12663e-07
7.26454e-07
6.37247e-07
5.47055e-07
4.5927e-07
3.76828e-07
3.01001e-07
2.31467e-07
1.67259e-07
1.07563e-07
5.18686e-08
-1.54877e-10
-4.91042e-08
-9.47731e-08
-1.37084e-07
-1.76083e-07
-2.11642e-07
-2.43753e-07
-2.72563e-07
-2.98289e-07
-3.21209e-07
-3.41661e-07
-3.60073e-07
-3.76871e-07
-3.94114e-07
-4.12493e-07
-4.34579e-07
-4.62192e-07
-4.9578e-07
-5.35929e-07
-5.8365e-07
-6.40842e-07
-7.10603e-07
-7.96502e-07
-9.00621e-07
-1.02308e-06
-1.16017e-06
-1.30089e-06
-1.43759e-06
-1.5672e-06
-1.68918e-06
-1.8038e-06
-1.91139e-06
-2.01226e-06
-2.10661e-06
-2.19463e-06
-2.27649e-06
-2.35237e-06
-2.42247e-06
-2.48702e-06
-2.54626e-06
-2.60042e-06
-2.64965e-06
-2.69395e-06
-2.73318e-06
-2.76752e-06
-2.79753e-06
-2.82368e-06
-2.84635e-06
-2.86593e-06
-2.88274e-06
-2.89711e-06
-2.90931e-06
-2.91961e-06
-2.92825e-06
-2.93544e-06
-2.94138e-06
-2.94623e-06
-2.95014e-06
-2.95323e-06
-2.95561e-06
-2.95737e-06
-2.95858e-06
-2.95929e-06
)
;

boundaryField
{
    fuel
    {
        type            calculated;
        value           nonuniform List<scalar> 
40
(
-1.64633e-06
-1.64633e-06
-1.64633e-06
-1.64633e-06
-1.64633e-06
-1.64633e-06
-1.64633e-06
-1.64634e-06
-1.64634e-06
-1.64634e-06
-1.64634e-06
-1.64634e-06
-1.64634e-06
-1.64634e-06
-1.64634e-06
-1.64634e-06
-1.64634e-06
-1.64634e-06
-1.64634e-06
-1.64634e-06
-1.64634e-06
-1.64634e-06
-1.64634e-06
-1.64634e-06
-1.64634e-06
-1.64634e-06
-1.64634e-06
-1.64634e-06
-1.64634e-06
-1.64634e-06
-1.64634e-06
-1.64634e-06
-1.64634e-06
-1.64633e-06
-1.64633e-06
-1.64633e-06
-1.64633e-06
-1.64633e-06
-1.64633e-06
-1.64633e-06
)
;
    }
    air
    {
        type            calculated;
        value           nonuniform List<scalar> 
40
(
-2.95955e-06
-2.95955e-06
-2.95955e-06
-2.95955e-06
-2.95955e-06
-2.95955e-06
-2.95955e-06
-2.95955e-06
-2.95956e-06
-2.95956e-06
-2.95956e-06
-2.95956e-06
-2.95956e-06
-2.95956e-06
-2.95956e-06
-2.95956e-06
-2.95956e-06
-2.95956e-06
-2.95956e-06
-2.95956e-06
-2.95956e-06
-2.95956e-06
-2.95956e-06
-2.95956e-06
-2.95956e-06
-2.95956e-06
-2.95956e-06
-2.95956e-06
-2.95956e-06
-2.95956e-06
-2.95956e-06
-2.95956e-06
-2.95955e-06
-2.95955e-06
-2.95955e-06
-2.95955e-06
-2.95955e-06
-2.95955e-06
-2.95955e-06
-2.95955e-06
)
;
    }
    outlet
    {
        type            calculated;
        value           nonuniform List<scalar> 
200
(
2.81743e-08
8.43341e-08
1.40595e-07
1.97098e-07
2.53955e-07
3.11254e-07
3.69043e-07
4.27337e-07
4.86112e-07
5.45305e-07
6.04818e-07
6.64511e-07
7.24215e-07
7.83762e-07
8.42489e-07
9.00309e-07
9.57251e-07
1.01314e-06
1.06772e-06
1.12067e-06
1.1717e-06
1.22051e-06
1.26678e-06
1.31003e-06
1.34941e-06
1.38314e-06
1.40761e-06
1.41627e-06
1.39982e-06
1.35381e-06
1.28681e-06
1.21353e-06
1.14579e-06
1.08803e-06
1.03947e-06
9.97337e-07
9.59098e-07
9.23118e-07
8.87882e-07
8.52299e-07
8.16191e-07
7.79413e-07
7.42221e-07
7.05022e-07
6.68249e-07
6.32418e-07
5.98195e-07
5.66507e-07
5.39533e-07
5.17436e-07
5.06498e-07
5.15921e-07
5.56521e-07
6.14373e-07
6.85826e-07
7.70906e-07
8.70428e-07
9.92532e-07
1.15627e-06
1.34988e-06
1.55708e-06
1.74169e-06
1.85666e-06
1.9e-06
1.89667e-06
1.86876e-06
1.82897e-06
1.78324e-06
1.73414e-06
1.68274e-06
1.62952e-06
1.5748e-06
1.51882e-06
1.46179e-06
1.40397e-06
1.34557e-06
1.28679e-06
1.22778e-06
1.16856e-06
1.10901e-06
1.04937e-06
9.90067e-07
9.31174e-07
8.72788e-07
8.1499e-07
7.57843e-07
7.01394e-07
6.4567e-07
5.90681e-07
5.36424e-07
4.82878e-07
4.30014e-07
3.7779e-07
3.26158e-07
2.75062e-07
2.24436e-07
1.74203e-07
1.2427e-07
7.45342e-08
2.48841e-08
2.81766e-08
8.43386e-08
1.406e-07
1.97102e-07
2.53961e-07
3.11259e-07
3.69049e-07
4.27342e-07
4.86117e-07
5.4531e-07
6.04823e-07
6.64516e-07
7.24221e-07
7.83768e-07
8.42494e-07
9.00315e-07
9.57257e-07
1.01315e-06
1.06773e-06
1.12068e-06
1.17171e-06
1.22052e-06
1.26678e-06
1.31004e-06
1.34942e-06
1.38316e-06
1.40763e-06
1.41629e-06
1.39984e-06
1.35384e-06
1.28685e-06
1.21358e-06
1.14583e-06
1.08807e-06
1.03951e-06
9.97382e-07
9.59142e-07
9.23162e-07
8.87924e-07
8.52338e-07
8.1623e-07
7.79451e-07
7.42257e-07
7.05057e-07
6.68282e-07
6.32451e-07
5.98226e-07
5.66539e-07
5.39565e-07
5.17472e-07
5.06547e-07
5.16003e-07
5.56627e-07
6.14501e-07
6.85976e-07
7.71081e-07
8.70629e-07
9.92786e-07
1.15657e-06
1.35021e-06
1.55739e-06
1.74194e-06
1.8568e-06
1.90007e-06
1.89669e-06
1.86877e-06
1.82896e-06
1.78323e-06
1.73413e-06
1.68272e-06
1.6295e-06
1.57478e-06
1.51879e-06
1.46177e-06
1.40394e-06
1.34554e-06
1.28677e-06
1.22776e-06
1.16854e-06
1.10899e-06
1.04935e-06
9.90052e-07
9.31161e-07
8.72776e-07
8.14979e-07
7.57834e-07
7.01386e-07
6.45663e-07
5.90676e-07
5.36419e-07
4.82875e-07
4.30012e-07
3.77789e-07
3.26158e-07
2.75063e-07
2.24438e-07
1.74206e-07
1.24274e-07
7.45377e-08
2.48856e-08
)
;
    }
    frontAndBack
    {
        type            empty;
    }
}


// ************************************************************************* //
