/*--------------------------------*- C++ -*----------------------------------*\
  =========                 |
  \\      /  F ield         | OpenFOAM: The Open Source CFD Toolbox
   \\    /   O peration     | Website:  https://openfoam.org
    \\  /    A nd           | Version:  11
     \\/     M anipulation  |
\*---------------------------------------------------------------------------*/
FoamFile
{
    format      ascii;
    class       volVectorField;
    location    "0.1";
    object      U;
}
// * * * * * * * * * * * * * * * * * * * * * * * * * * * * * * * * * * * * * //

dimensions      [0 1 -1 0 0 0 0];

internalField   nonuniform List<vector> 
4000
(
(0.249992 -0.0106602 0)
(0.249869 -0.0319724 0)
(0.249634 -0.0533245 0)
(0.249266 -0.0747654 0)
(0.248744 -0.0963384 0)
(0.248041 -0.118076 0)
(0.247124 -0.139997 0)
(0.245952 -0.162106 0)
(0.244476 -0.184394 0)
(0.242643 -0.206837 0)
(0.240393 -0.229397 0)
(0.237658 -0.252019 0)
(0.234368 -0.274638 0)
(0.230455 -0.297187 0)
(0.225822 -0.319414 0)
(0.220511 -0.341292 0)
(0.214555 -0.362833 0)
(0.20794 -0.383975 0)
(0.20064 -0.404612 0)
(0.192635 -0.424631 0)
(0.183919 -0.443921 0)
(0.174495 -0.462381 0)
(0.164383 -0.479927 0)
(0.153628 -0.496493 0)
(0.142326 -0.512067 0)
(0.130676 -0.526784 0)
(0.119055 -0.541161 0)
(0.108051 -0.556451 0)
(0.0982722 -0.574824 0)
(0.0899363 -0.598654 0)
(0.0825621 -0.629069 0)
(0.0750743 -0.665219 0)
(0.0662969 -0.704891 0)
(0.0554444 -0.745591 0)
(0.0422754 -0.785159 0)
(0.0268892 -0.821913 0)
(0.00944327 -0.854647 0)
(-0.00933727 -0.882575 0)
(-0.0291834 -0.905069 0)
(-0.0501469 -0.921922 0)
(-0.0717763 -0.93306 0)
(-0.0937035 -0.938419 0)
(-0.115617 -0.938294 0)
(-0.13727 -0.933154 0)
(-0.158466 -0.923507 0)
(-0.179029 -0.909963 0)
(-0.198772 -0.893262 0)
(-0.217364 -0.874286 0)
(-0.234451 -0.854014 0)
(-0.249422 -0.833625 0)
(-0.259352 -0.814041 0)
(-0.259386 -0.794165 0)
(-0.248496 -0.770695 0)
(-0.231154 -0.741503 0)
(-0.212032 -0.706961 0)
(-0.193208 -0.668463 0)
(-0.175073 -0.627901 0)
(-0.157057 -0.5867 0)
(-0.139563 -0.545734 0)
(-0.124922 -0.506912 0)
(-0.115494 -0.473188 0)
(-0.112292 -0.446982 0)
(-0.114625 -0.428563 0)
(-0.120785 -0.415617 0)
(-0.129168 -0.405261 0)
(-0.138498 -0.395643 0)
(-0.147962 -0.385947 0)
(-0.157147 -0.375906 0)
(-0.165879 -0.365463 0)
(-0.174099 -0.354633 0)
(-0.181793 -0.343449 0)
(-0.188964 -0.331952 0)
(-0.195622 -0.320185 0)
(-0.201784 -0.308197 0)
(-0.207465 -0.296035 0)
(-0.212689 -0.283749 0)
(-0.217476 -0.271382 0)
(-0.221846 -0.258962 0)
(-0.225807 -0.246498 0)
(-0.229329 -0.233962 0)
(-0.232417 -0.221399 0)
(-0.235127 -0.208901 0)
(-0.237492 -0.196487 0)
(-0.239547 -0.184176 0)
(-0.241325 -0.171988 0)
(-0.242856 -0.159935 0)
(-0.244166 -0.148028 0)
(-0.245283 -0.136272 0)
(-0.246228 -0.124671 0)
(-0.247023 -0.113223 0)
(-0.247688 -0.101924 0)
(-0.248238 -0.0907672 0)
(-0.248691 -0.0797452 0)
(-0.249058 -0.0688472 0)
(-0.249351 -0.0580615 0)
(-0.24958 -0.0473744 0)
(-0.249754 -0.0367695 0)
(-0.249877 -0.0262272 0)
(-0.249956 -0.0157257 0)
(-0.249998 -0.00524299 0)
(0.249993 -0.0104033 0)
(0.249786 -0.031197 0)
(0.249377 -0.0519942 0)
(0.248731 -0.0728115 0)
(0.247824 -0.0936598 0)
(0.246634 -0.11454 0)
(0.245126 -0.135442 0)
(0.243261 -0.156339 0)
(0.240996 -0.177195 0)
(0.23829 -0.197961 0)
(0.235101 -0.218578 0)
(0.231397 -0.238975 0)
(0.22716 -0.25908 0)
(0.222355 -0.278773 0)
(0.217069 -0.298272 0)
(0.211287 -0.317563 0)
(0.204966 -0.336495 0)
(0.198083 -0.354946 0)
(0.190621 -0.372816 0)
(0.182568 -0.390023 0)
(0.173925 -0.406499 0)
(0.164705 -0.422184 0)
(0.154941 -0.437019 0)
(0.144692 -0.450961 0)
(0.134078 -0.464019 0)
(0.123331 -0.47635 0)
(0.112854 -0.488479 0)
(0.103218 -0.501616 0)
(0.0949476 -0.51778 0)
(0.0881554 -0.539113 0)
(0.0822925 -0.566639 0)
(0.0762621 -0.599658 0)
(0.0688869 -0.636251 0)
(0.0593656 -0.674181 0)
(0.0474038 -0.711449 0)
(0.0330779 -0.746498 0)
(0.016645 -0.778184 0)
(-0.00152306 -0.805683 0)
(-0.0211128 -0.82861 0)
(-0.0419106 -0.84667 0)
(-0.0636497 -0.859841 0)
(-0.0860646 -0.868351 0)
(-0.108885 -0.872221 0)
(-0.131868 -0.871489 0)
(-0.154805 -0.866381 0)
(-0.177502 -0.857237 0)
(-0.199754 -0.844466 0)
(-0.221273 -0.828507 0)
(-0.241761 -0.8098 0)
(-0.260189 -0.788729 0)
(-0.272752 -0.765303 0)
(-0.273718 -0.739047 0)
(-0.262017 -0.709238 0)
(-0.24298 -0.675771 0)
(-0.222013 -0.639268 0)
(-0.201461 -0.60078 0)
(-0.181686 -0.561258 0)
(-0.161913 -0.521807 0)
(-0.142568 -0.483641 0)
(-0.12621 -0.44867 0)
(-0.115269 -0.419118 0)
(-0.110572 -0.396599 0)
(-0.111259 -0.380994 0)
(-0.115713 -0.370325 0)
(-0.122537 -0.36209 0)
(-0.130587 -0.354581 0)
(-0.139059 -0.347 0)
(-0.147498 -0.339069 0)
(-0.155681 -0.330722 0)
(-0.163514 -0.32197 0)
(-0.170958 -0.312842 0)
(-0.177997 -0.303371 0)
(-0.184628 -0.293592 0)
(-0.190854 -0.283536 0)
(-0.196683 -0.27324 0)
(-0.202128 -0.26274 0)
(-0.207204 -0.252081 0)
(-0.211929 -0.241313 0)
(-0.216321 -0.230491 0)
(-0.220415 -0.219679 0)
(-0.224201 -0.208827 0)
(-0.227643 -0.197871 0)
(-0.230762 -0.186858 0)
(-0.233563 -0.175815 0)
(-0.236063 -0.164765 0)
(-0.23828 -0.153729 0)
(-0.240233 -0.142725 0)
(-0.241943 -0.131766 0)
(-0.243432 -0.120864 0)
(-0.244718 -0.110026 0)
(-0.245822 -0.0992579 0)
(-0.246762 -0.0885621 0)
(-0.247554 -0.0779384 0)
(-0.248214 -0.067385 0)
(-0.248755 -0.056898 0)
(-0.249188 -0.0464713 0)
(-0.249523 -0.0360959 0)
(-0.249764 -0.0257599 0)
(-0.249919 -0.0154496 0)
(-0.249997 -0.00515086 0)
(0.249986 -0.0100918 0)
(0.249693 -0.0302562 0)
(0.249125 -0.050408 0)
(0.248249 -0.0705509 0)
(0.247053 -0.0906855 0)
(0.245522 -0.110807 0)
(0.243639 -0.130903 0)
(0.241382 -0.150956 0)
(0.238731 -0.170941 0)
(0.235663 -0.190833 0)
(0.232164 -0.210603 0)
(0.22822 -0.230225 0)
(0.223819 -0.24967 0)
(0.218961 -0.268925 0)
(0.213623 -0.287915 0)
(0.207761 -0.306532 0)
(0.201339 -0.324684 0)
(0.194338 -0.342297 0)
(0.186758 -0.359308 0)
(0.178608 -0.375663 0)
(0.169907 -0.391307 0)
(0.16068 -0.406187 0)
(0.150963 -0.42025 0)
(0.14082 -0.433459 0)
(0.130366 -0.445828 0)
(0.119827 -0.457522 0)
(0.109593 -0.469061 0)
(0.100211 -0.481616 0)
(0.0921852 -0.497096 0)
(0.0856297 -0.517484 0)
(0.0800328 -0.543704 0)
(0.0743381 -0.575075 0)
(0.067394 -0.609805 0)
(0.0584244 -0.645817 0)
(0.0471389 -0.681256 0)
(0.0335774 -0.714654 0)
(0.0179417 -0.74493 0)
(0.000528883 -0.771344 0)
(-0.018367 -0.793441 0)
(-0.0385504 -0.810944 0)
(-0.05984 -0.823753 0)
(-0.0820528 -0.831897 0)
(-0.105035 -0.835515 0)
(-0.128626 -0.834809 0)
(-0.152649 -0.830018 0)
(-0.176916 -0.821406 0)
(-0.201194 -0.809256 0)
(-0.225124 -0.793852 0)
(-0.248242 -0.775446 0)
(-0.269065 -0.754253 0)
(-0.283152 -0.730318 0)
(-0.284414 -0.703489 0)
(-0.271881 -0.673639 0)
(-0.251284 -0.640979 0)
(-0.228445 -0.606014 0)
(-0.20601 -0.569464 0)
(-0.184453 -0.532239 0)
(-0.163092 -0.495358 0)
(-0.142474 -0.459947 0)
(-0.125171 -0.427624 0)
(-0.113573 -0.400252 0)
(-0.108387 -0.379228 0)
(-0.10862 -0.364494 0)
(-0.112654 -0.354364 0)
(-0.119083 -0.346576 0)
(-0.126787 -0.339525 0)
(-0.13498 -0.332436 0)
(-0.143206 -0.325024 0)
(-0.151239 -0.317218 0)
(-0.158978 -0.309022 0)
(-0.166378 -0.300461 0)
(-0.173418 -0.291565 0)
(-0.180087 -0.282366 0)
(-0.18638 -0.272892 0)
(-0.192293 -0.263172 0)
(-0.197828 -0.253233 0)
(-0.20299 -0.243105 0)
(-0.207789 -0.232817 0)
(-0.212242 -0.222406 0)
(-0.216372 -0.211914 0)
(-0.220203 -0.201384 0)
(-0.223748 -0.190837 0)
(-0.227014 -0.180277 0)
(-0.230009 -0.169715 0)
(-0.232743 -0.159162 0)
(-0.235227 -0.148624 0)
(-0.23747 -0.138112 0)
(-0.239485 -0.127631 0)
(-0.241284 -0.117187 0)
(-0.242878 -0.106784 0)
(-0.24428 -0.096426 0)
(-0.245503 -0.0861138 0)
(-0.246557 -0.075848 0)
(-0.247454 -0.0656278 0)
(-0.248204 -0.0554515 0)
(-0.248815 -0.0453154 0)
(-0.249295 -0.0352139 0)
(-0.249647 -0.0251388 0)
(-0.249876 -0.0150802 0)
(-0.249995 -0.00502838 0)
(0.249984 -0.00969727 0)
(0.249638 -0.0290667 0)
(0.248969 -0.0484062 0)
(0.247946 -0.0677093 0)
(0.246559 -0.0869676 0)
(0.244803 -0.106169 0)
(0.242669 -0.125294 0)
(0.24014 -0.144319 0)
(0.237202 -0.163216 0)
(0.233839 -0.18195 0)
(0.230035 -0.200484 0)
(0.225774 -0.218775 0)
(0.22104 -0.236775 0)
(0.215814 -0.254426 0)
(0.210076 -0.271673 0)
(0.203815 -0.288471 0)
(0.197034 -0.304777 0)
(0.189746 -0.320553 0)
(0.18197 -0.335762 0)
(0.173725 -0.350363 0)
(0.16503 -0.36431 0)
(0.155906 -0.377556 0)
(0.146387 -0.390055 0)
(0.136532 -0.401779 0)
(0.126461 -0.412756 0)
(0.116406 -0.423164 0)
(0.106754 -0.433522 0)
(0.0980423 -0.444959 0)
(0.0907346 -0.459274 0)
(0.0848876 -0.478297 0)
(0.0799511 -0.502865 0)
(0.0748662 -0.532332 0)
(0.068481 -0.565031 0)
(0.0600016 -0.599036 0)
(0.0491262 -0.632629 0)
(0.0358972 -0.664448 0)
(0.0205093 -0.693484 0)
(0.00322308 -0.719033 0)
(-0.0156716 -0.740652 0)
(-0.0359737 -0.758075 0)
(-0.0575198 -0.771184 0)
(-0.0801154 -0.779965 0)
(-0.103586 -0.784477 0)
(-0.127772 -0.784836 0)
(-0.152514 -0.781198 0)
(-0.177632 -0.77375 0)
(-0.20288 -0.762691 0)
(-0.227859 -0.74822 0)
(-0.252018 -0.73051 0)
(-0.273717 -0.709735 0)
(-0.288309 -0.68601 0)
(-0.289639 -0.659365 0)
(-0.27683 -0.629895 0)
(-0.255737 -0.597955 0)
(-0.232294 -0.564102 0)
(-0.209216 -0.529033 0)
(-0.187028 -0.493588 0)
(-0.165089 -0.458699 0)
(-0.143919 -0.425337 0)
(-0.126041 -0.394942 0)
(-0.11379 -0.369247 0)
(-0.107823 -0.349507 0)
(-0.107232 -0.335707 0)
(-0.110482 -0.32634 0)
(-0.116186 -0.31931 0)
(-0.12325 -0.313087 0)
(-0.130903 -0.306902 0)
(-0.138686 -0.300461 0)
(-0.146366 -0.293678 0)
(-0.153836 -0.286543 0)
(-0.161046 -0.279073 0)
(-0.167975 -0.271293 0)
(-0.174611 -0.263228 0)
(-0.180946 -0.254902 0)
(-0.186972 -0.246338 0)
(-0.192684 -0.237557 0)
(-0.198075 -0.228579 0)
(-0.203143 -0.219423 0)
(-0.207888 -0.210109 0)
(-0.212315 -0.200657 0)
(-0.216433 -0.191087 0)
(-0.220256 -0.181422 0)
(-0.223793 -0.171683 0)
(-0.227056 -0.161888 0)
(-0.230056 -0.152052 0)
(-0.232801 -0.142189 0)
(-0.235304 -0.13231 0)
(-0.237575 -0.122425 0)
(-0.239623 -0.112542 0)
(-0.241459 -0.102667 0)
(-0.243092 -0.0928044 0)
(-0.244532 -0.0829589 0)
(-0.245788 -0.0731327 0)
(-0.246868 -0.0633275 0)
(-0.247779 -0.0535441 0)
(-0.248528 -0.043782 0)
(-0.249121 -0.0340383 0)
(-0.249558 -0.0243084 0)
(-0.249845 -0.0145858 0)
(-0.249993 -0.00486418 0)
(0.249982 -0.00924433 0)
(0.249595 -0.0277054 0)
(0.248849 -0.0461285 0)
(0.247709 -0.0645015 0)
(0.24617 -0.0828114 0)
(0.24423 -0.101042 0)
(0.241884 -0.119173 0)
(0.239122 -0.137179 0)
(0.235933 -0.155033 0)
(0.232307 -0.172705 0)
(0.228235 -0.190164 0)
(0.223708 -0.207376 0)
(0.218722 -0.224308 0)
(0.213271 -0.240929 0)
(0.207359 -0.257203 0)
(0.200989 -0.273097 0)
(0.194167 -0.28857 0)
(0.186897 -0.303578 0)
(0.17918 -0.31807 0)
(0.171019 -0.331994 0)
(0.162419 -0.345294 0)
(0.153393 -0.357919 0)
(0.143972 -0.369829 0)
(0.134213 -0.381002 0)
(0.124237 -0.391472 0)
(0.114272 -0.401411 0)
(0.104707 -0.411305 0)
(0.0960726 -0.422201 0)
(0.0888372 -0.435739 0)
(0.0830668 -0.453566 0)
(0.0782296 -0.476412 0)
(0.0732901 -0.503689 0)
(0.0671208 -0.533904 0)
(0.0589391 -0.565329 0)
(0.0484361 -0.59641 0)
(0.0356259 -0.625903 0)
(0.0206649 -0.652877 0)
(0.00377394 -0.676674 0)
(-0.0147873 -0.696865 0)
(-0.0348473 -0.71319 0)
(-0.0562684 -0.725519 0)
(-0.0788667 -0.733819 0)
(-0.102475 -0.738128 0)
(-0.126931 -0.738533 0)
(-0.152063 -0.735157 0)
(-0.177668 -0.728145 0)
(-0.20347 -0.717654 0)
(-0.229022 -0.703844 0)
(-0.253719 -0.686861 0)
(-0.275849 -0.66687 0)
(-0.290697 -0.64403 0)
(-0.292097 -0.618471 0)
(-0.27918 -0.590368 0)
(-0.257823 -0.560104 0)
(-0.234013 -0.528237 0)
(-0.210522 -0.495439 0)
(-0.187934 -0.462504 0)
(-0.165605 -0.4303 0)
(-0.144016 -0.399696 0)
(-0.125754 -0.37194 0)
(-0.113138 -0.348484 0)
(-0.106751 -0.330347 0)
(-0.105769 -0.317499 0)
(-0.108694 -0.308645 0)
(-0.114119 -0.301942 0)
(-0.120941 -0.296007 0)
(-0.128384 -0.290129 0)
(-0.135981 -0.284028 0)
(-0.143494 -0.277616 0)
(-0.150811 -0.270881 0)
(-0.157882 -0.263834 0)
(-0.164687 -0.256495 0)
(-0.171216 -0.248888 0)
(-0.177463 -0.241039 0)
(-0.18343 -0.232971 0)
(-0.189114 -0.224707 0)
(-0.194518 -0.216271 0)
(-0.199641 -0.207682 0)
(-0.204484 -0.198959 0)
(-0.209048 -0.190119 0)
(-0.213334 -0.181176 0)
(-0.217345 -0.172144 0)
(-0.221087 -0.163037 0)
(-0.224565 -0.153865 0)
(-0.227785 -0.144642 0)
(-0.230755 -0.135376 0)
(-0.233482 -0.126079 0)
(-0.235973 -0.116757 0)
(-0.238235 -0.107418 0)
(-0.240278 -0.0980677 0)
(-0.242107 -0.0887117 0)
(-0.243731 -0.079354 0)
(-0.245155 -0.0699981 0)
(-0.246387 -0.0606469 0)
(-0.247432 -0.0513026 0)
(-0.248295 -0.0419664 0)
(-0.24898 -0.0326378 0)
(-0.249487 -0.0233141 0)
(-0.24982 -0.0139915 0)
(-0.249992 -0.00466644 0)
(0.249981 -0.00874798 0)
(0.249564 -0.0262152 0)
(0.24876 -0.0436393 0)
(0.247535 -0.0610044 0)
(0.245884 -0.0782934 0)
(0.243812 -0.0954871 0)
(0.241316 -0.112563 0)
(0.238391 -0.129493 0)
(0.235031 -0.146251 0)
(0.231232 -0.162805 0)
(0.226989 -0.179124 0)
(0.222298 -0.195173 0)
(0.217159 -0.21092 0)
(0.211568 -0.226326 0)
(0.205525 -0.241352 0)
(0.199029 -0.255957 0)
(0.19208 -0.270098 0)
(0.184681 -0.283733 0)
(0.176839 -0.296819 0)
(0.168566 -0.309319 0)
(0.159884 -0.321201 0)
(0.150818 -0.332438 0)
(0.141413 -0.343008 0)
(0.131736 -0.352908 0)
(0.121912 -0.362183 0)
(0.112172 -0.371008 0)
(0.102895 -0.379869 0)
(0.0945946 -0.389783 0)
(0.0877049 -0.402331 0)
(0.082252 -0.419065 0)
(0.0776796 -0.440646 0)
(0.0729505 -0.466463 0)
(0.0669477 -0.495063 0)
(0.0589028 -0.524789 0)
(0.0485199 -0.554176 0)
(0.0358216 -0.582064 0)
(0.0209635 -0.607587 0)
(0.00415866 -0.630139 0)
(-0.0143338 -0.649318 0)
(-0.0343471 -0.664884 0)
(-0.0557562 -0.67671 0)
(-0.0783828 -0.684755 0)
(-0.102061 -0.689044 0)
(-0.126628 -0.689646 0)
(-0.151907 -0.686661 0)
(-0.177685 -0.680212 0)
(-0.203671 -0.670433 0)
(-0.229397 -0.657465 0)
(-0.254236 -0.641443 0)
(-0.27647 -0.622531 0)
(-0.291407 -0.600909 0)
(-0.292892 -0.576757 0)
(-0.280005 -0.550273 0)
(-0.258593 -0.521819 0)
(-0.23467 -0.491914 0)
(-0.211029 -0.46117 0)
(-0.188282 -0.430295 0)
(-0.165813 -0.400065 0)
(-0.144118 -0.371274 0)
(-0.125702 -0.345071 0)
(-0.112767 -0.322786 0)
(-0.105948 -0.305464 0)
(-0.104531 -0.293213 0)
(-0.107057 -0.284896 0)
(-0.112123 -0.278764 0)
(-0.118637 -0.27346 0)
(-0.125828 -0.268274 0)
(-0.133229 -0.262916 0)
(-0.140597 -0.257289 0)
(-0.147818 -0.251371 0)
(-0.154837 -0.245165 0)
(-0.161625 -0.23868 0)
(-0.168167 -0.231932 0)
(-0.174451 -0.224935 0)
(-0.180471 -0.217707 0)
(-0.186223 -0.210266 0)
(-0.191705 -0.202631 0)
(-0.196916 -0.194821 0)
(-0.201858 -0.186853 0)
(-0.206533 -0.178746 0)
(-0.210942 -0.170516 0)
(-0.21509 -0.162177 0)
(-0.21898 -0.153744 0)
(-0.222615 -0.14523 0)
(-0.225999 -0.136646 0)
(-0.229137 -0.128002 0)
(-0.232034 -0.119308 0)
(-0.234695 -0.110573 0)
(-0.237126 -0.101804 0)
(-0.239331 -0.0930065 0)
(-0.241315 -0.0841873 0)
(-0.243085 -0.0753512 0)
(-0.244644 -0.0665025 0)
(-0.245998 -0.0576455 0)
(-0.247151 -0.0487837 0)
(-0.248106 -0.0399197 0)
(-0.248866 -0.0310546 0)
(-0.249429 -0.0221877 0)
(-0.249799 -0.0133174 0)
(-0.249991 -0.00444192 0)
(0.24998 -0.00821905 0)
(0.24954 -0.0246282 0)
(0.248693 -0.0409921 0)
(0.247402 -0.0572924 0)
(0.245666 -0.0735103 0)
(0.24349 -0.089625 0)
(0.240876 -0.105613 0)
(0.237819 -0.121449 0)
(0.234318 -0.137104 0)
(0.23037 -0.152551 0)
(0.225974 -0.167761 0)
(0.221128 -0.182703 0)
(0.215834 -0.197348 0)
(0.210093 -0.211666 0)
(0.203908 -0.225625 0)
(0.197286 -0.239196 0)
(0.190233 -0.252349 0)
(0.182762 -0.265055 0)
(0.174884 -0.277284 0)
(0.166616 -0.289008 0)
(0.157974 -0.300196 0)
(0.148978 -0.310819 0)
(0.139661 -0.320847 0)
(0.130079 -0.330266 0)
(0.12035 -0.339109 0)
(0.110698 -0.347533 0)
(0.101504 -0.355975 0)
(0.0932846 -0.365354 0)
(0.086477 -0.377082 0)
(0.081108 -0.392537 0)
(0.0766239 -0.412318 0)
(0.0719958 -0.435909 0)
(0.0661184 -0.462042 0)
(0.0582281 -0.489249 0)
(0.0480189 -0.516206 0)
(0.035501 -0.541849 0)
(0.0208205 -0.565373 0)
(0.00417938 -0.586203 0)
(-0.0141729 -0.603952 0)
(-0.034075 -0.618387 0)
(-0.0554046 -0.629374 0)
(-0.0779848 -0.636864 0)
(-0.101649 -0.640869 0)
(-0.12623 -0.641442 0)
(-0.151545 -0.638668 0)
(-0.177374 -0.632655 0)
(-0.203413 -0.623521 0)
(-0.229182 -0.611398 0)
(-0.254046 -0.59641 0)
(-0.276312 -0.578718 0)
(-0.291349 -0.558511 0)
(-0.293 -0.535992 0)
(-0.280242 -0.511359 0)
(-0.258867 -0.484944 0)
(-0.234913 -0.457226 0)
(-0.211197 -0.428775 0)
(-0.188374 -0.400255 0)
(-0.16587 -0.372406 0)
(-0.144147 -0.345955 0)
(-0.125601 -0.32191 0)
(-0.112387 -0.301455 0)
(-0.105226 -0.285508 0)
(-0.103489 -0.274135 0)
(-0.105748 -0.266315 0)
(-0.110587 -0.260489 0)
(-0.116909 -0.255433 0)
(-0.123933 -0.250501 0)
(-0.131187 -0.245423 0)
(-0.138425 -0.240113 0)
(-0.145532 -0.23455 0)
(-0.152457 -0.228738 0)
(-0.159174 -0.222688 0)
(-0.165672 -0.216413 0)
(-0.171939 -0.209926 0)
(-0.177969 -0.203241 0)
(-0.183756 -0.196369 0)
(-0.189296 -0.189326 0)
(-0.194585 -0.182123 0)
(-0.199621 -0.174774 0)
(-0.204403 -0.167293 0)
(-0.208931 -0.159691 0)
(-0.213205 -0.15198 0)
(-0.217228 -0.144172 0)
(-0.221 -0.136278 0)
(-0.224526 -0.128306 0)
(-0.227808 -0.120267 0)
(-0.230848 -0.112168 0)
(-0.233651 -0.104018 0)
(-0.23622 -0.0958237 0)
(-0.238559 -0.0875909 0)
(-0.240671 -0.0793256 0)
(-0.24256 -0.0710331 0)
(-0.24423 -0.0627184 0)
(-0.245683 -0.0543861 0)
(-0.246923 -0.0460407 0)
(-0.247953 -0.0376856 0)
(-0.248773 -0.0293233 0)
(-0.249383 -0.0209543 0)
(-0.249783 -0.0125784 0)
(-0.249991 -0.0041957 0)
(0.249979 -0.0076654 0)
(0.249522 -0.0229679 0)
(0.248642 -0.0382246 0)
(0.247302 -0.0534162 0)
(0.245501 -0.0685228 0)
(0.243248 -0.0835233 0)
(0.240545 -0.098394 0)
(0.237391 -0.113109 0)
(0.233787 -0.127642 0)
(0.229734 -0.141965 0)
(0.225231 -0.156051 0)
(0.220283 -0.169872 0)
(0.214893 -0.183398 0)
(0.209066 -0.196603 0)
(0.202807 -0.209455 0)
(0.196123 -0.221927 0)
(0.189023 -0.233986 0)
(0.181516 -0.245603 0)
(0.173611 -0.256746 0)
(0.165322 -0.267383 0)
(0.156662 -0.277483 0)
(0.147654 -0.287019 0)
(0.138333 -0.295971 0)
(0.128764 -0.304338 0)
(0.119071 -0.312165 0)
(0.109484 -0.319622 0)
(0.100386 -0.327144 0)
(0.0922841 -0.33563 0)
(0.0855969 -0.346433 0)
(0.0803309 -0.360848 0)
(0.0759215 -0.379389 0)
(0.0713444 -0.401504 0)
(0.0655086 -0.425954 0)
(0.0576657 -0.451347 0)
(0.0475205 -0.476453 0)
(0.0350845 -0.500297 0)
(0.0204988 -0.522149 0)
(0.00396078 -0.541489 0)
(-0.0142884 -0.557972 0)
(-0.0340926 -0.571383 0)
(-0.055331 -0.581603 0)
(-0.0778298 -0.588586 0)
(-0.101424 -0.592339 0)
(-0.125945 -0.59291 0)
(-0.151209 -0.590375 0)
(-0.176994 -0.584829 0)
(-0.202988 -0.576386 0)
(-0.228706 -0.565166 0)
(-0.253514 -0.55129 0)
(-0.275753 -0.534907 0)
(-0.290875 -0.5162 0)
(-0.292717 -0.495381 0)
(-0.28012 -0.47264 0)
(-0.258803 -0.448265 0)
(-0.23484 -0.422685 0)
(-0.211083 -0.396416 0)
(-0.188241 -0.370058 0)
(-0.165737 -0.344279 0)
(-0.143941 -0.319709 0)
(-0.125217 -0.297252 0)
(-0.111779 -0.278033 0)
(-0.104382 -0.262978 0)
(-0.102426 -0.25224 0)
(-0.104499 -0.244936 0)
(-0.109182 -0.239605 0)
(-0.115377 -0.23507 0)
(-0.122302 -0.230687 0)
(-0.129478 -0.226185 0)
(-0.136655 -0.221469 0)
(-0.143715 -0.216514 0)
(-0.150603 -0.211317 0)
(-0.157294 -0.205889 0)
(-0.163774 -0.200238 0)
(-0.170036 -0.194377 0)
(-0.176072 -0.188319 0)
(-0.181879 -0.182077 0)
(-0.187451 -0.175664 0)
(-0.192785 -0.169093 0)
(-0.19788 -0.162375 0)
(-0.202733 -0.155524 0)
(-0.207342 -0.14855 0)
(-0.211708 -0.141465 0)
(-0.21583 -0.134278 0)
(-0.219708 -0.127 0)
(-0.223343 -0.11964 0)
(-0.226737 -0.112206 0)
(-0.229891 -0.104706 0)
(-0.232808 -0.0971479 0)
(-0.235488 -0.0895379 0)
(-0.237934 -0.0818824 0)
(-0.240149 -0.0741871 0)
(-0.242135 -0.0664577 0)
(-0.243894 -0.0586993 0)
(-0.245427 -0.050917 0)
(-0.246738 -0.0431157 0)
(-0.247829 -0.0352996 0)
(-0.248698 -0.0274718 0)
(-0.249345 -0.0196339 0)
(-0.249769 -0.0117869 0)
(-0.24999 -0.00393187 0)
(0.249978 -0.00709298 0)
(0.249508 -0.0212517 0)
(0.248603 -0.0353657 0)
(0.247225 -0.0494152 0)
(0.245375 -0.0633805 0)
(0.243062 -0.0772405 0)
(0.24029 -0.0909723 0)
(0.237061 -0.104551 0)
(0.233375 -0.117952 0)
(0.229236 -0.131149 0)
(0.224646 -0.144117 0)
(0.219609 -0.15683 0)
(0.21413 -0.169264 0)
(0.208216 -0.181392 0)
(0.201873 -0.193191 0)
(0.19511 -0.204634 0)
(0.187935 -0.215697 0)
(0.180361 -0.226356 0)
(0.172401 -0.236587 0)
(0.164069 -0.246367 0)
(0.155384 -0.255677 0)
(0.146372 -0.264496 0)
(0.137068 -0.272811 0)
(0.127536 -0.280621 0)
(0.1179 -0.287962 0)
(0.108385 -0.294979 0)
(0.0993713 -0.302055 0)
(0.0913631 -0.309979 0)
(0.0847724 -0.319948 0)
(0.0795959 -0.33311 0)
(0.0752622 -0.349945 0)
(0.070748 -0.369995 0)
(0.064971 -0.392182 0)
(0.0571915 -0.415267 0)
(0.0471155 -0.438133 0)
(0.0347533 -0.459887 0)
(0.0202465 -0.479852 0)
(0.00379248 -0.497544 0)
(-0.0143715 -0.512636 0)
(-0.0340911 -0.524926 0)
(-0.0552446 -0.534298 0)
(-0.0776599 -0.540707 0)
(-0.101173 -0.544154 0)
(-0.125616 -0.54468 0)
(-0.150805 -0.542353 0)
(-0.176518 -0.53726 0)
(-0.202446 -0.529504 0)
(-0.2281 -0.519204 0)
(-0.252844 -0.50647 0)
(-0.275052 -0.491439 0)
(-0.290275 -0.47427 0)
(-0.292356 -0.455186 0)
(-0.279967 -0.434366 0)
(-0.258739 -0.412054 0)
(-0.234787 -0.388632 0)
(-0.211008 -0.364573 0)
(-0.188147 -0.340431 0)
(-0.165623 -0.316819 0)
(-0.143765 -0.294323 0)
(-0.124923 -0.273779 0)
(-0.111309 -0.256203 0)
(-0.103693 -0.242411 0)
(-0.101518 -0.232522 0)
(-0.1034 -0.225737 0)
(-0.107923 -0.220751 0)
(-0.113989 -0.216503 0)
(-0.120815 -0.212412 0)
(-0.127916 -0.208229 0)
(-0.135036 -0.203869 0)
(-0.142056 -0.199305 0)
(-0.148919 -0.194536 0)
(-0.1556 -0.189567 0)
(-0.162083 -0.184404 0)
(-0.16836 -0.179055 0)
(-0.174422 -0.173531 0)
(-0.180265 -0.16784 0)
(-0.185882 -0.161992 0)
(-0.191271 -0.155997 0)
(-0.196427 -0.149865 0)
(-0.201349 -0.143606 0)
(-0.206033 -0.13723 0)
(-0.210479 -0.130745 0)
(-0.214686 -0.124161 0)
(-0.218653 -0.117486 0)
(-0.22238 -0.110727 0)
(-0.225867 -0.103893 0)
(-0.229114 -0.0969905 0)
(-0.232123 -0.0900263 0)
(-0.234894 -0.0830068 0)
(-0.237428 -0.0759379 0)
(-0.239726 -0.0688251 0)
(-0.24179 -0.061674 0)
(-0.243621 -0.0544899 0)
(-0.24522 -0.0472779 0)
(-0.246589 -0.0400432 0)
(-0.247728 -0.0327903 0)
(-0.248638 -0.0255228 0)
(-0.249314 -0.0182431 0)
(-0.249759 -0.0109528 0)
(-0.24999 -0.00365376 0)
(0.249978 -0.00650622 0)
(0.249498 -0.019493 0)
(0.248573 -0.0324369 0)
(0.247166 -0.0453189 0)
(0.245279 -0.0581194 0)
(0.24292 -0.0708183 0)
(0.240096 -0.0833937 0)
(0.236809 -0.0958222 0)
(0.233062 -0.10808 0)
(0.228859 -0.120144 0)
(0.224203 -0.131989 0)
(0.219102 -0.143593 0)
(0.213563 -0.154933 0)
(0.207591 -0.165985 0)
(0.201198 -0.176727 0)
(0.194392 -0.187135 0)
(0.187185 -0.197187 0)
(0.179588 -0.206859 0)
(0.171615 -0.21613 0)
(0.163282 -0.224976 0)
(0.154604 -0.233376 0)
(0.145605 -0.241309 0)
(0.136319 -0.248758 0)
(0.126807 -0.255721 0)
(0.117192 -0.262236 0)
(0.107702 -0.268445 0)
(0.0987153 -0.274723 0)
(0.0907369 -0.281825 0)
(0.0841737 -0.290884 0)
(0.0790161 -0.302959 0)
(0.0746898 -0.318453 0)
(0.0701765 -0.336898 0)
(0.0644059 -0.357268 0)
(0.0566515 -0.378417 0)
(0.0466205 -0.399331 0)
(0.0343175 -0.419201 0)
(0.0198819 -0.437421 0)
(0.00351045 -0.453559 0)
(-0.0145657 -0.467322 0)
(-0.0341951 -0.47853 0)
(-0.0552547 -0.48708 0)
(-0.0775743 -0.492931 0)
(-0.10099 -0.496086 0)
(-0.125337 -0.496582 0)
(-0.150431 -0.494478 0)
(-0.176054 -0.489855 0)
(-0.201905 -0.482807 0)
(-0.227492 -0.473442 0)
(-0.252165 -0.461864 0)
(-0.274313 -0.448186 0)
(-0.28962 -0.432568 0)
(-0.291945 -0.415239 0)
(-0.279748 -0.396319 0)
(-0.258569 -0.37601 0)
(-0.23459 -0.354664 0)
(-0.210764 -0.332719 0)
(-0.187874 -0.310681 0)
(-0.165341 -0.289109 0)
(-0.143456 -0.268535 0)
(-0.124541 -0.249709 0)
(-0.110808 -0.233556 0)
(-0.103047 -0.220838 0)
(-0.100731 -0.21171 0)
(-0.102495 -0.205479 0)
(-0.106923 -0.200957 0)
(-0.112917 -0.19715 0)
(-0.119687 -0.193502 0)
(-0.126742 -0.189773 0)
(-0.133824 -0.185879 0)
(-0.140811 -0.181794 0)
(-0.147649 -0.177517 0)
(-0.154311 -0.173052 0)
(-0.160785 -0.168406 0)
(-0.167061 -0.163587 0)
(-0.173132 -0.158603 0)
(-0.178993 -0.153463 0)
(-0.184638 -0.148176 0)
(-0.190063 -0.14275 0)
(-0.195263 -0.137195 0)
(-0.200236 -0.131519 0)
(-0.204978 -0.12573 0)
(-0.209488 -0.119837 0)
(-0.213762 -0.113847 0)
(-0.2178 -0.107768 0)
(-0.2216 -0.101607 0)
(-0.225162 -0.0953711 0)
(-0.228484 -0.0890665 0)
(-0.231568 -0.0826996 0)
(-0.234412 -0.0762761 0)
(-0.237017 -0.0698017 0)
(-0.239383 -0.0632817 0)
(-0.241511 -0.0567215 0)
(-0.2434 -0.0501262 0)
(-0.245052 -0.0435011 0)
(-0.246467 -0.0368512 0)
(-0.247647 -0.0301812 0)
(-0.248588 -0.0234949 0)
(-0.249289 -0.0167951 0)
(-0.24975 -0.0100841 0)
(-0.249989 -0.00336407 0)
(0.249978 -0.00590851 0)
(0.24949 -0.0177017 0)
(0.24855 -0.0294547 0)
(0.247122 -0.0411494 0)
(0.245205 -0.0527674 0)
(0.242811 -0.0642894 0)
(0.239947 -0.075695 0)
(0.236615 -0.0869627 0)
(0.23282 -0.0980706 0)
(0.228566 -0.108997 0)
(0.223859 -0.11972 0)
(0.218705 -0.130219 0)
(0.213113 -0.140473 0)
(0.207091 -0.150462 0)
(0.200648 -0.160166 0)
(0.193795 -0.169564 0)
(0.186544 -0.178638 0)
(0.178905 -0.187367 0)
(0.170895 -0.195733 0)
(0.162527 -0.203718 0)
(0.15382 -0.211305 0)
(0.144798 -0.218478 0)
(0.135499 -0.225228 0)
(0.125986 -0.231556 0)
(0.116385 -0.2375 0)
(0.106928 -0.243187 0)
(0.097995 -0.248947 0)
(0.0900873 -0.255442 0)
(0.0836016 -0.263664 0)
(0.0785159 -0.274547 0)
(0.0742469 -0.288459 0)
(0.0697726 -0.305002 0)
(0.0640258 -0.323278 0)
(0.0562881 -0.342273 0)
(0.0462799 -0.361076 0)
(0.0340128 -0.378957 0)
(0.0196242 -0.395362 0)
(0.00331033 -0.409899 0)
(-0.0147014 -0.4223 0)
(-0.0342617 -0.432402 0)
(-0.0552467 -0.44011 0)
(-0.077488 -0.445386 0)
(-0.100823 -0.448232 0)
(-0.125087 -0.448682 0)
(-0.150097 -0.446791 0)
(-0.175638 -0.442628 0)
(-0.201411 -0.436279 0)
(-0.226926 -0.427836 0)
(-0.251495 -0.417393 0)
(-0.273598 -0.405052 0)
(-0.289077 -0.39099 0)
(-0.29164 -0.375395 0)
(-0.279526 -0.358342 0)
(-0.258313 -0.340014 0)
(-0.234292 -0.320743 0)
(-0.210445 -0.300934 0)
(-0.187563 -0.281045 0)
(-0.16506 -0.261583 0)
(-0.143186 -0.243027 0)
(-0.124229 -0.226047 0)
(-0.110393 -0.21147 0)
(-0.102484 -0.199967 0)
(-0.100013 -0.191677 0)
(-0.101642 -0.185992 0)
(-0.105964 -0.18186 0)
(-0.111883 -0.178389 0)
(-0.118603 -0.175077 0)
(-0.125627 -0.171703 0)
(-0.132691 -0.168188 0)
(-0.139669 -0.164509 0)
(-0.146504 -0.160661 0)
(-0.153171 -0.156647 0)
(-0.159655 -0.152473 0)
(-0.165946 -0.148144 0)
(-0.172038 -0.143667 0)
(-0.177925 -0.139049 0)
(-0.183602 -0.134297 0)
(-0.189063 -0.129418 0)
(-0.194305 -0.12442 0)
(-0.199324 -0.11931 0)
(-0.204116 -0.114095 0)
(-0.208679 -0.108782 0)
(-0.21301 -0.103377 0)
(-0.217106 -0.0978881 0)
(-0.220967 -0.0923205 0)
(-0.22459 -0.0866806 0)
(-0.227974 -0.0809741 0)
(-0.231118 -0.0752066 0)
(-0.234022 -0.0693836 0)
(-0.236685 -0.0635101 0)
(-0.239106 -0.0575913 0)
(-0.241285 -0.0516321 0)
(-0.243222 -0.0456376 0)
(-0.244916 -0.0396127 0)
(-0.246369 -0.0335623 0)
(-0.247581 -0.0274911 0)
(-0.248548 -0.021403 0)
(-0.249269 -0.0153009 0)
(-0.249743 -0.00918742 0)
(-0.249989 -0.00306501 0)
(0.249977 -0.00530241 0)
(0.249484 -0.0158855 0)
(0.248533 -0.0264316 0)
(0.247087 -0.0369239 0)
(0.245148 -0.0473454 0)
(0.242728 -0.0576782 0)
(0.239832 -0.0679037 0)
(0.236466 -0.078002 0)
(0.232634 -0.0879534 0)
(0.228341 -0.097738 0)
(0.223594 -0.107337 0)
(0.218401 -0.11673 0)
(0.212771 -0.1259 0)
(0.206712 -0.134829 0)
(0.200235 -0.143497 0)
(0.193353 -0.151889 0)
(0.186076 -0.159985 0)
(0.178419 -0.167769 0)
(0.170395 -0.175224 0)
(0.162021 -0.182333 0)
(0.153316 -0.18908 0)
(0.144303 -0.195452 0)
(0.135017 -0.201436 0)
(0.125523 -0.207033 0)
(0.115942 -0.212276 0)
(0.106505 -0.217281 0)
(0.0975899 -0.222351 0)
(0.0896957 -0.228096 0)
(0.0832169 -0.235425 0)
(0.0781312 -0.245178 0)
(0.0738572 -0.257671 0)
(0.0693783 -0.272522 0)
(0.0636335 -0.288908 0)
(0.0559077 -0.305913 0)
(0.0459234 -0.322728 0)
(0.0336933 -0.338703 0)
(0.0193535 -0.353353 0)
(0.00309848 -0.366328 0)
(-0.0148484 -0.377394 0)
(-0.0343395 -0.386406 0)
(-0.0552503 -0.39328 0)
(-0.0774138 -0.397983 0)
(-0.100669 -0.400518 0)
(-0.124851 -0.400914 0)
(-0.149778 -0.39922 0)
(-0.175235 -0.395501 0)
(-0.200922 -0.389831 0)
(-0.226344 -0.38229 0)
(-0.250831 -0.372963 0)
(-0.272939 -0.361957 0)
(-0.288548 -0.349428 0)
(-0.291263 -0.335512 0)
(-0.279213 -0.320283 0)
(-0.257999 -0.303925 0)
(-0.233967 -0.286732 0)
(-0.210118 -0.269058 0)
(-0.187254 -0.25131 0)
(-0.164785 -0.233933 0)
(-0.142925 -0.217354 0)
(-0.123948 -0.202175 0)
(-0.110049 -0.189118 0)
(-0.102032 -0.178785 0)
(-0.0994463 -0.171321 0)
(-0.100979 -0.166205 0)
(-0.10523 -0.16251 0)
(-0.111096 -0.159429 0)
(-0.117779 -0.156499 0)
(-0.124775 -0.153517 0)
(-0.131818 -0.150408 0)
(-0.13878 -0.147152 0)
(-0.145606 -0.143744 0)
(-0.152269 -0.140186 0)
(-0.158754 -0.136483 0)
(-0.165053 -0.132641 0)
(-0.171158 -0.128665 0)
(-0.177064 -0.124561 0)
(-0.182764 -0.120336 0)
(-0.188254 -0.115995 0)
(-0.193529 -0.111545 0)
(-0.198585 -0.106992 0)
(-0.203417 -0.102343 0)
(-0.208024 -0.0976026 0)
(-0.2124 -0.092778 0)
(-0.216544 -0.0878745 0)
(-0.220454 -0.0828975 0)
(-0.224127 -0.0778525 0)
(-0.227561 -0.0727445 0)
(-0.230755 -0.0675787 0)
(-0.233707 -0.0623598 0)
(-0.236416 -0.0570926 0)
(-0.238881 -0.0517818 0)
(-0.241102 -0.046432 0)
(-0.243077 -0.0410478 0)
(-0.244806 -0.0356339 0)
(-0.24629 -0.0301951 0)
(-0.247527 -0.0247357 0)
(-0.248516 -0.0192594 0)
(-0.249253 -0.0137693 0)
(-0.249737 -0.00826813 0)
(-0.249989 -0.00275837 0)
(0.249977 -0.00468987 0)
(0.249479 -0.0140501 0)
(0.24852 -0.023377 0)
(0.247061 -0.0326554 0)
(0.245105 -0.0418696 0)
(0.242663 -0.0510038 0)
(0.239744 -0.0600409 0)
(0.236352 -0.0689634 0)
(0.232491 -0.0777534 0)
(0.228168 -0.0863934 0)
(0.22339 -0.0948662 0)
(0.218165 -0.103155 0)
(0.212503 -0.111244 0)
(0.206414 -0.119117 0)
(0.199908 -0.126759 0)
(0.192997 -0.134153 0)
(0.185694 -0.141285 0)
(0.178012 -0.148141 0)
(0.169967 -0.154705 0)
(0.161573 -0.160965 0)
(0.15285 -0.166906 0)
(0.143821 -0.172518 0)
(0.134524 -0.177791 0)
(0.125022 -0.182729 0)
(0.115442 -0.187361 0)
(0.106017 -0.191792 0)
(0.0971268 -0.196288 0)
(0.0892698 -0.201382 0)
(0.0828342 -0.207859 0)
(0.0777889 -0.216452 0)
(0.0735454 -0.227435 0)
(0.0690856 -0.240481 0)
(0.0633535 -0.254876 0)
(0.0556417 -0.26982 0)
(0.0456765 -0.284599 0)
(0.0334722 -0.298644 0)
(0.0191663 -0.311526 0)
(0.00295443 -0.322935 0)
(-0.0149422 -0.332665 0)
(-0.0343771 -0.340587 0)
(-0.055225 -0.346628 0)
(-0.0773202 -0.350757 0)
(-0.100503 -0.352977 0)
(-0.124608 -0.353314 0)
(-0.149457 -0.351812 0)
(-0.174835 -0.348527 0)
(-0.200441 -0.343523 0)
(-0.225787 -0.336876 0)
(-0.250218 -0.32866 0)
(-0.272327 -0.318971 0)
(-0.287993 -0.307972 0)
(-0.290835 -0.295728 0)
(-0.278867 -0.282327 0)
(-0.257683 -0.267938 0)
(-0.233661 -0.252821 0)
(-0.209818 -0.237284 0)
(-0.186971 -0.221682 0)
(-0.164541 -0.206405 0)
(-0.142734 -0.191829 0)
(-0.123768 -0.178471 0)
(-0.109788 -0.166958 0)
(-0.101647 -0.157829 0)
(-0.098939 -0.151217 0)
(-0.10037 -0.146654 0)
(-0.104553 -0.143369 0)
(-0.110375 -0.140644 0)
(-0.11703 -0.138062 0)
(-0.124012 -0.13544 0)
(-0.131047 -0.13271 0)
(-0.138008 -0.129852 0)
(-0.144835 -0.126861 0)
(-0.151503 -0.12374 0)
(-0.157998 -0.120491 0)
(-0.164309 -0.11712 0)
(-0.17043 -0.11363 0)
(-0.176355 -0.110027 0)
(-0.182077 -0.106316 0)
(-0.187593 -0.102502 0)
(-0.192897 -0.0985901 0)
(-0.197984 -0.0945863 0)
(-0.20285 -0.0904956 0)
(-0.207492 -0.0863229 0)
(-0.211907 -0.0820734 0)
(-0.21609 -0.077752 0)
(-0.22004 -0.0733635 0)
(-0.223753 -0.0689126 0)
(-0.227228 -0.0644037 0)
(-0.230461 -0.0598413 0)
(-0.233453 -0.0552298 0)
(-0.236199 -0.0505733 0)
(-0.238701 -0.0458761 0)
(-0.240955 -0.0411424 0)
(-0.242961 -0.0363763 0)
(-0.244718 -0.0315823 0)
(-0.246226 -0.0267647 0)
(-0.247484 -0.0219274 0)
(-0.24849 -0.017074 0)
(-0.24924 -0.0122076 0)
(-0.249732 -0.00733058 0)
(-0.249989 -0.00244562 0)
(0.249977 -0.0040724 0)
(0.249475 -0.0122001 0)
(0.248509 -0.0202983 0)
(0.247041 -0.0283538 0)
(0.245072 -0.0363527 0)
(0.242614 -0.0442808 0)
(0.239677 -0.0521232 0)
(0.236264 -0.0598646 0)
(0.232381 -0.0674892 0)
(0.228035 -0.0749819 0)
(0.223233 -0.0823276 0)
(0.217984 -0.0895119 0)
(0.212298 -0.0965207 0)
(0.206186 -0.10334 0)
(0.199658 -0.109957 0)
(0.192728 -0.116357 0)
(0.185407 -0.122529 0)
(0.177711 -0.128459 0)
(0.169654 -0.134134 0)
(0.161252 -0.139544 0)
(0.152525 -0.144676 0)
(0.143497 -0.149519 0)
(0.134204 -0.154068 0)
(0.124712 -0.158323 0)
(0.115143 -0.162311 0)
(0.105732 -0.166122 0)
(0.0968563 -0.16999 0)
(0.0890126 -0.174381 0)
(0.0825863 -0.179983 0)
(0.0775451 -0.18743 0)
(0.073301 -0.196957 0)
(0.0688388 -0.208269 0)
(0.063107 -0.220744 0)
(0.0554019 -0.233686 0)
(0.0454522 -0.246479 0)
(0.0332719 -0.258631 0)
(0.0189984 -0.269773 0)
(0.00282715 -0.279639 0)
(-0.0150227 -0.28805 0)
(-0.0344055 -0.294896 0)
(-0.0551956 -0.300113 0)
(-0.0772281 -0.303676 0)
(-0.100344 -0.305587 0)
(-0.124379 -0.305868 0)
(-0.149156 -0.304558 0)
(-0.17446 -0.301704 0)
(-0.199993 -0.297365 0)
(-0.225271 -0.291603 0)
(-0.249646 -0.284484 0)
(-0.271777 -0.27609 0)
(-0.287429 -0.266658 0)
(-0.29042 -0.256075 0)
(-0.278535 -0.244492 0)
(-0.257398 -0.232055 0)
(-0.23341 -0.21899 0)
(-0.209595 -0.205562 0)
(-0.186784 -0.192076 0)
(-0.164399 -0.178869 0)
(-0.142606 -0.166257 0)
(-0.12359 -0.154683 0)
(-0.109539 -0.144701 0)
(-0.101318 -0.136777 0)
(-0.0985431 -0.131084 0)
(-0.0998787 -0.127046 0)
(-0.104019 -0.124178 0)
(-0.109807 -0.121821 0)
(-0.116441 -0.119597 0)
(-0.123408 -0.117341 0)
(-0.130435 -0.114992 0)
(-0.137391 -0.112532 0)
(-0.144218 -0.109957 0)
(-0.150889 -0.107268 0)
(-0.157389 -0.104468 0)
(-0.163709 -0.101562 0)
(-0.169842 -0.0985521 0)
(-0.175782 -0.0954433 0)
(-0.181523 -0.09224 0)
(-0.18706 -0.0889465 0)
(-0.192387 -0.0855673 0)
(-0.197499 -0.0821069 0)
(-0.202394 -0.0785698 0)
(-0.207065 -0.0749602 0)
(-0.21151 -0.0712825 0)
(-0.215725 -0.0675409 0)
(-0.219707 -0.0637394 0)
(-0.223453 -0.0598821 0)
(-0.22696 -0.0559729 0)
(-0.230226 -0.0520157 0)
(-0.233249 -0.0480141 0)
(-0.236026 -0.0439719 0)
(-0.238556 -0.0398929 0)
(-0.240837 -0.0357808 0)
(-0.242868 -0.0316392 0)
(-0.244647 -0.0274722 0)
(-0.246175 -0.0232834 0)
(-0.24745 -0.0190767 0)
(-0.24847 -0.0148552 0)
(-0.249229 -0.0106216 0)
(-0.249729 -0.00637838 0)
(-0.249989 -0.00212797 0)
(0.249977 -0.00345118 0)
(0.249473 -0.0103388 0)
(0.248502 -0.0172013 0)
(0.247025 -0.024027 0)
(0.245046 -0.0308041 0)
(0.242577 -0.0375205 0)
(0.239625 -0.0441634 0)
(0.236197 -0.0507196 0)
(0.232297 -0.0571758 0)
(0.227933 -0.0635189 0)
(0.223113 -0.0697364 0)
(0.217845 -0.075816 0)
(0.212141 -0.0817457 0)
(0.20601 -0.0875138 0)
(0.199465 -0.0931092 0)
(0.192518 -0.0985206 0)
(0.185182 -0.103737 0)
(0.177471 -0.108749 0)
(0.169401 -0.113544 0)
(0.160989 -0.118114 0)
(0.152253 -0.122449 0)
(0.143217 -0.126541 0)
(0.133918 -0.130384 0)
(0.124423 -0.13398 0)
(0.114855 -0.13735 0)
(0.105449 -0.140574 0)
(0.0965863 -0.143849 0)
(0.0887607 -0.147568 0)
(0.0823551 -0.152309 0)
(0.0773326 -0.158606 0)
(0.0731019 -0.166653 0)
(0.0686478 -0.176206 0)
(0.0629226 -0.186738 0)
(0.0552261 -0.197664 0)
(0.045289 -0.208464 0)
(0.0331273 -0.218724 0)
(0.0188787 -0.228129 0)
(0.0027393 -0.236457 0)
(-0.0150729 -0.243556 0)
(-0.0344129 -0.249332 0)
(-0.0551547 -0.253731 0)
(-0.0771342 -0.256733 0)
(-0.100192 -0.258339 0)
(-0.124167 -0.258567 0)
(-0.14888 -0.257449 0)
(-0.174119 -0.255028 0)
(-0.199586 -0.25135 0)
(-0.224799 -0.246471 0)
(-0.249121 -0.240445 0)
(-0.271274 -0.233342 0)
(-0.286917 -0.225445 0)
(-0.290048 -0.216534 0)
(-0.278229 -0.206764 0)
(-0.257131 -0.196262 0)
(-0.233172 -0.185226 0)
(-0.20938 -0.173884 0)
(-0.186593 -0.16249 0)
(-0.164238 -0.151328 0)
(-0.142469 -0.140664 0)
(-0.123465 -0.130878 0)
(-0.109372 -0.122443 0)
(-0.101081 -0.115779 0)
(-0.0982363 -0.111038 0)
(-0.0994654 -0.107501 0)
(-0.103574 -0.105044 0)
(-0.109333 -0.103048 0)
(-0.115949 -0.101173 0)
(-0.122907 -0.0992726 0)
(-0.129929 -0.0972946 0)
(-0.136884 -0.0952227 0)
(-0.143713 -0.0930537 0)
(-0.150388 -0.0907886 0)
(-0.156895 -0.0884299 0)
(-0.163224 -0.0859803 0)
(-0.169369 -0.0834432 0)
(-0.175322 -0.0808219 0)
(-0.181079 -0.0781201 0)
(-0.186633 -0.0753413 0)
(-0.191979 -0.0724892 0)
(-0.197113 -0.0695676 0)
(-0.20203 -0.0665801 0)
(-0.206725 -0.0635304 0)
(-0.211195 -0.060422 0)
(-0.215435 -0.0572583 0)
(-0.219443 -0.0540429 0)
(-0.223215 -0.050779 0)
(-0.226748 -0.0474701 0)
(-0.23004 -0.0441193 0)
(-0.233087 -0.0407299 0)
(-0.235888 -0.0373051 0)
(-0.238441 -0.0338479 0)
(-0.240743 -0.0303617 0)
(-0.242794 -0.0268498 0)
(-0.244591 -0.0233153 0)
(-0.246134 -0.0197617 0)
(-0.247423 -0.0161922 0)
(-0.248453 -0.0126096 0)
(-0.249221 -0.00901627 0)
(-0.249726 -0.00541451 0)
(-0.249988 -0.00180642 0)
(0.249977 -0.00282712 0)
(0.249471 -0.00846916 0)
(0.248496 -0.0140903 0)
(0.247014 -0.0196811 0)
(0.245027 -0.0252317 0)
(0.242549 -0.0307321 0)
(0.239587 -0.0361716 0)
(0.236147 -0.0415395 0)
(0.232234 -0.0468248 0)
(0.227857 -0.0520168 0)
(0.223022 -0.0571051 0)
(0.217741 -0.0620796 0)
(0.212022 -0.0669306 0)
(0.205878 -0.0716487 0)
(0.19932 -0.0762244 0)
(0.19236 -0.0806489 0)
(0.185013 -0.0849131 0)
(0.177293 -0.0890086 0)
(0.169215 -0.0929269 0)
(0.160796 -0.0966599 0)
(0.152055 -0.1002 0)
(0.143017 -0.10354 0)
(0.133719 -0.106676 0)
(0.124225 -0.109609 0)
(0.114663 -0.112358 0)
(0.105264 -0.114987 0)
(0.0964103 -0.117657 0)
(0.088595 -0.120694 0)
(0.0821987 -0.124569 0)
(0.0771826 -0.12972 0)
(0.0729543 -0.136303 0)
(0.0685001 -0.144115 0)
(0.0627761 -0.152726 0)
(0.0550847 -0.161657 0)
(0.0451575 -0.170484 0)
(0.0330111 -0.178867 0)
(0.0187835 -0.186551 0)
(0.00267097 -0.193353 0)
(-0.0151097 -0.19915 0)
(-0.0344141 -0.203865 0)
(-0.0551158 -0.207455 0)
(-0.0770511 -0.209903 0)
(-0.100062 -0.211209 0)
(-0.123986 -0.211388 0)
(-0.148645 -0.210467 0)
(-0.173828 -0.208479 0)
(-0.199238 -0.205462 0)
(-0.224394 -0.20146 0)
(-0.248662 -0.196515 0)
(-0.270829 -0.190679 0)
(-0.286483 -0.184245 0)
(-0.289691 -0.17718 0)
(-0.277959 -0.169153 0)
(-0.256901 -0.160546 0)
(-0.232974 -0.151513 0)
(-0.209209 -0.142237 0)
(-0.186444 -0.132921 0)
(-0.164107 -0.123795 0)
(-0.14235 -0.115078 0)
(-0.123348 -0.107078 0)
(-0.109206 -0.100172 0)
(-0.100922 -0.0947927 0)
(-0.0980211 -0.0909916 0)
(-0.0991403 -0.0879563 0)
(-0.103232 -0.0859132 0)
(-0.108967 -0.0842784 0)
(-0.115568 -0.0827508 0)
(-0.122517 -0.0812042 0)
(-0.129535 -0.0795941 0)
(-0.136488 -0.0779072 0)
(-0.143318 -0.0761405 0)
(-0.149996 -0.074295 0)
(-0.156508 -0.0723725 0)
(-0.162844 -0.0703754 0)
(-0.168997 -0.0683063 0)
(-0.174961 -0.0661679 0)
(-0.18073 -0.0639631 0)
(-0.186298 -0.0616949 0)
(-0.19166 -0.0593662 0)
(-0.19681 -0.05698 0)
(-0.201745 -0.0545393 0)
(-0.206459 -0.0520469 0)
(-0.210948 -0.0495058 0)
(-0.215208 -0.0469189 0)
(-0.219237 -0.0442888 0)
(-0.223029 -0.0416183 0)
(-0.226583 -0.0389102 0)
(-0.229894 -0.0361671 0)
(-0.232961 -0.0333917 0)
(-0.235781 -0.0305865 0)
(-0.238352 -0.0277542 0)
(-0.240671 -0.0248975 0)
(-0.242736 -0.0220191 0)
(-0.244547 -0.0191217 0)
(-0.246103 -0.0162082 0)
(-0.247402 -0.0132811 0)
(-0.24844 -0.010343 0)
(-0.249214 -0.0073958 0)
(-0.249724 -0.00444148 0)
(-0.249988 -0.0014818 0)
(0.249977 -0.00220094 0)
(0.249469 -0.00659319 0)
(0.248492 -0.010969 0)
(0.247005 -0.015321 0)
(0.245013 -0.0196415 0)
(0.242528 -0.0239226 0)
(0.239558 -0.028156 0)
(0.23611 -0.0323332 0)
(0.232188 -0.0364458 0)
(0.2278 -0.0404853 0)
(0.222956 -0.0444436 0)
(0.217664 -0.048313 0)
(0.211935 -0.0520857 0)
(0.20578 -0.0557546 0)
(0.199212 -0.0593123 0)
(0.192243 -0.0627518 0)
(0.184887 -0.0660664 0)
(0.177159 -0.0692494 0)
(0.169074 -0.0722942 0)
(0.160649 -0.0751948 0)
(0.151904 -0.0779453 0)
(0.142862 -0.0805404 0)
(0.133561 -0.0829765 0)
(0.124067 -0.0852549 0)
(0.114506 -0.0873904 0)
(0.105111 -0.089433 0)
(0.0962645 -0.091509 0)
(0.0884585 -0.0938701 0)
(0.0820724 -0.096884 0)
(0.0770652 -0.100888 0)
(0.0728435 -0.106005 0)
(0.0683926 -0.112075 0)
(0.0626692 -0.118764 0)
(0.0549803 -0.125702 0)
(0.0450606 -0.132558 0)
(0.0329268 -0.139069 0)
(0.0187159 -0.145037 0)
(0.00262431 -0.150319 0)
(-0.0151319 -0.15482 0)
(-0.0344085 -0.158481 0)
(-0.0550791 -0.161267 0)
(-0.0769801 -0.163164 0)
(-0.0999536 -0.164175 0)
(-0.123838 -0.164309 0)
(-0.148455 -0.163588 0)
(-0.173595 -0.162036 0)
(-0.198959 -0.159683 0)
(-0.224066 -0.156562 0)
(-0.248281 -0.152704 0)
(-0.270441 -0.148145 0)
(-0.286099 -0.143152 0)
(-0.289338 -0.137894 0)
(-0.277731 -0.131586 0)
(-0.256715 -0.124863 0)
(-0.232814 -0.117828 0)
(-0.209066 -0.11061 0)
(-0.186319 -0.103365 0)
(-0.164012 -0.0962683 0)
(-0.142285 -0.0894925 0)
(-0.123286 -0.0832717 0)
(-0.109077 -0.0778976 0)
(-0.10079 -0.0737775 0)
(-0.097876 -0.0709251 0)
(-0.0988763 -0.0684233 0)
(-0.102969 -0.0668032 0)
(-0.108688 -0.0655293 0)
(-0.115277 -0.0643451 0)
(-0.122218 -0.0631473 0)
(-0.129233 -0.0619001 0)
(-0.136185 -0.060593 0)
(-0.143016 -0.0592238 0)
(-0.149696 -0.0577931 0)
(-0.156212 -0.0563023 0)
(-0.162554 -0.0547533 0)
(-0.168714 -0.053148 0)
(-0.174686 -0.0514886 0)
(-0.180465 -0.0497773 0)
(-0.186043 -0.0480164 0)
(-0.191417 -0.046208 0)
(-0.19658 -0.0443546 0)
(-0.201528 -0.0424584 0)
(-0.206257 -0.0405217 0)
(-0.210761 -0.0385466 0)
(-0.215036 -0.0365354 0)
(-0.21908 -0.0344902 0)
(-0.222888 -0.0324131 0)
(-0.226457 -0.0303063 0)
(-0.229784 -0.0281718 0)
(-0.232866 -0.0260117 0)
(-0.2357 -0.0238281 0)
(-0.238284 -0.021623 0)
(-0.240616 -0.0193985 0)
(-0.242693 -0.0171567 0)
(-0.244514 -0.0148999 0)
(-0.246079 -0.0126301 0)
(-0.247386 -0.0103496 0)
(-0.248431 -0.00806026 0)
(-0.249209 -0.00576367 0)
(-0.249722 -0.00346139 0)
(-0.249988 -0.00115483 0)
(0.249977 -0.00157324 0)
(0.249468 -0.00471269 0)
(0.248489 -0.00784021 0)
(0.246999 -0.0109506 0)
(0.245004 -0.0140384 0)
(0.242514 -0.0170979 0)
(0.239538 -0.0201232 0)
(0.236084 -0.0231081 0)
(0.232155 -0.0260465 0)
(0.227761 -0.0289325 0)
(0.222909 -0.0317603 0)
(0.21761 -0.0345243 0)
(0.211873 -0.037219 0)
(0.205711 -0.0398392 0)
(0.199136 -0.0423798 0)
(0.192161 -0.0448358 0)
(0.184799 -0.0472022 0)
(0.177065 -0.0494744 0)
(0.168976 -0.0516477 0)
(0.160547 -0.0537178 0)
(0.151798 -0.0556804 0)
(0.142755 -0.0575319 0)
(0.133453 -0.0592697 0)
(0.12396 -0.0608947 0)
(0.1144 -0.0624176 0)
(0.105009 -0.0638743 0)
(0.0961666 -0.0653552 0)
(0.0883665 -0.0670403 0)
(0.0819861 -0.0691924 0)
(0.0769834 -0.0720524 0)
(0.0727641 -0.0757065 0)
(0.0683145 -0.0800411 0)
(0.0625931 -0.0848171 0)
(0.0549077 -0.089769 0)
(0.0449939 -0.0946619 0)
(0.032869 -0.0993081 0)
(0.0186705 -0.103566 0)
(0.00259448 -0.107335 0)
(-0.0151433 -0.110546 0)
(-0.034399 -0.113157 0)
(-0.0550458 -0.115143 0)
(-0.0769206 -0.116495 0)
(-0.0998656 -0.117214 0)
(-0.123719 -0.117307 0)
(-0.148304 -0.116789 0)
(-0.173409 -0.115679 0)
(-0.198737 -0.113997 0)
(-0.223805 -0.111767 0)
(-0.247981 -0.109013 0)
(-0.270137 -0.105766 0)
(-0.285767 -0.102236 0)
(-0.289097 -0.0984938 0)
(-0.277569 -0.0939854 0)
(-0.256593 -0.0891817 0)
(-0.232712 -0.0841562 0)
(-0.208975 -0.0790023 0)
(-0.186235 -0.073829 0)
(-0.163943 -0.0687607 0)
(-0.14223 -0.0639172 0)
(-0.123231 -0.0594646 0)
(-0.108966 -0.0556126 0)
(-0.100679 -0.0527076 0)
(-0.0978131 -0.05078 0)
(-0.098683 -0.048884 0)
(-0.102789 -0.0477038 0)
(-0.108494 -0.0467923 0)
(-0.115072 -0.0459491 0)
(-0.122006 -0.0450968 0)
(-0.129017 -0.0442092 0)
(-0.135968 -0.0432786 0)
(-0.142799 -0.0423035 0)
(-0.14948 -0.0412842 0)
(-0.155999 -0.0402219 0)
(-0.162345 -0.0391178 0)
(-0.16851 -0.0379734 0)
(-0.174488 -0.0367902 0)
(-0.180274 -0.0355698 0)
(-0.18586 -0.0343137 0)
(-0.191242 -0.0330236 0)
(-0.196415 -0.031701 0)
(-0.201373 -0.0303478 0)
(-0.206111 -0.0289653 0)
(-0.210626 -0.0275552 0)
(-0.214913 -0.0261191 0)
(-0.218968 -0.0246584 0)
(-0.222787 -0.0231748 0)
(-0.226367 -0.0216697 0)
(-0.229705 -0.0201445 0)
(-0.232797 -0.0186009 0)
(-0.235642 -0.0170402 0)
(-0.238235 -0.015464 0)
(-0.240576 -0.0138737 0)
(-0.242662 -0.0122708 0)
(-0.244491 -0.0106571 0)
(-0.246062 -0.00903397 0)
(-0.247374 -0.00740301 0)
(-0.248424 -0.00576558 0)
(-0.249206 -0.0041229 0)
(-0.249721 -0.00247609 0)
(-0.249988 -0.000826112 0)
(0.249977 -0.000944513 0)
(0.249467 -0.00282914 0)
(0.248487 -0.00470643 0)
(0.246996 -0.00657341 0)
(0.244997 -0.00842678 0)
(0.242505 -0.0102631 0)
(0.239526 -0.0120788 0)
(0.236067 -0.0138701 0)
(0.232135 -0.0156336 0)
(0.227736 -0.0173654 0)
(0.222879 -0.0190623 0)
(0.217575 -0.0207208 0)
(0.211834 -0.0223376 0)
(0.205668 -0.0239096 0)
(0.199088 -0.0254337 0)
(0.192108 -0.0269069 0)
(0.184742 -0.0283264 0)
(0.177005 -0.0296892 0)
(0.168913 -0.0309926 0)
(0.160481 -0.0322341 0)
(0.151731 -0.033411 0)
(0.142686 -0.0345212 0)
(0.133383 -0.0355632 0)
(0.12389 -0.0365376 0)
(0.114331 -0.0374507 0)
(0.104941 -0.0383242 0)
(0.0961022 -0.0392123 0)
(0.0883061 -0.0402231 0)
(0.0819299 -0.0415143 0)
(0.0769306 -0.04323 0)
(0.0727135 -0.0454219 0)
(0.0682652 -0.0480217 0)
(0.0625451 -0.0508861 0)
(0.054862 -0.0538557 0)
(0.0449523 -0.0567898 0)
(0.0328334 -0.0595758 0)
(0.0186432 -0.0621289 0)
(0.00257762 -0.0643884 0)
(-0.0151477 -0.0663134 0)
(-0.0343891 -0.0678783 0)
(-0.0550197 -0.0690687 0)
(-0.0768766 -0.0698787 0)
(-0.0998019 -0.0703086 0)
(-0.123634 -0.0703635 0)
(-0.148197 -0.0700519 0)
(-0.173278 -0.0693848 0)
(-0.198581 -0.0683753 0)
(-0.223624 -0.0670376 0)
(-0.247777 -0.0653865 0)
(-0.269939 -0.0634409 0)
(-0.285559 -0.0613367 0)
(-0.288949 -0.0590967 0)
(-0.277463 -0.0563929 0)
(-0.25651 -0.0535103 0)
(-0.232644 -0.0504946 0)
(-0.208915 -0.047402 0)
(-0.186183 -0.0442978 0)
(-0.163901 -0.0412569 0)
(-0.142194 -0.0383487 0)
(-0.123192 -0.0356723 0)
(-0.108888 -0.0333522 0)
(-0.100602 -0.0316202 0)
(-0.0977658 -0.0305054 0)
(-0.098561 -0.0293365 0)
(-0.102675 -0.0286191 0)
(-0.108371 -0.0280705 0)
(-0.114941 -0.027565 0)
(-0.12187 -0.0270546 0)
(-0.128878 -0.0265231 0)
(-0.135828 -0.0259659 0)
(-0.142658 -0.0253818 0)
(-0.149341 -0.0247713 0)
(-0.155861 -0.024135 0)
(-0.162209 -0.0234735 0)
(-0.168378 -0.0227878 0)
(-0.17436 -0.0220787 0)
(-0.18015 -0.0213472 0)
(-0.185741 -0.0205943 0)
(-0.191129 -0.0198209 0)
(-0.196308 -0.0190279 0)
(-0.201272 -0.0182164 0)
(-0.206017 -0.0173873 0)
(-0.210539 -0.0165416 0)
(-0.214833 -0.0156801 0)
(-0.218895 -0.0148038 0)
(-0.222722 -0.0139136 0)
(-0.226309 -0.0130105 0)
(-0.229654 -0.0120952 0)
(-0.232753 -0.0111688 0)
(-0.235604 -0.010232 0)
(-0.238204 -0.00928582 0)
(-0.240551 -0.00833112 0)
(-0.242642 -0.00736884 0)
(-0.244475 -0.00639994 0)
(-0.246051 -0.00542535 0)
(-0.247367 -0.004446 0)
(-0.248419 -0.0034627 0)
(-0.249204 -0.00247621 0)
(-0.24972 -0.00148721 0)
(-0.249988 -0.0004962 0)
(0.249977 -0.000315188 0)
(0.249467 -0.000943819 0)
(0.248486 -0.00156974 0)
(0.246994 -0.0021922 0)
(0.244994 -0.00281013 0)
(0.2425 -0.00342235 0)
(0.23952 -0.00402766 0)
(0.236059 -0.00462485 0)
(0.232125 -0.00521272 0)
(0.227723 -0.00579007 0)
(0.222865 -0.00635573 0)
(0.217558 -0.00690858 0)
(0.211815 -0.00744753 0)
(0.205646 -0.00797152 0)
(0.199065 -0.00847954 0)
(0.192083 -0.00897057 0)
(0.184715 -0.00944366 0)
(0.176976 -0.00989785 0)
(0.168882 -0.0103322 0)
(0.160449 -0.0107459 0)
(0.151698 -0.0111381 0)
(0.142652 -0.011508 0)
(0.13335 -0.0118552 0)
(0.123856 -0.0121798 0)
(0.114298 -0.0124841 0)
(0.104909 -0.0127751 0)
(0.0960714 -0.013071 0)
(0.0882771 -0.013408 0)
(0.0819027 -0.0138384 0)
(0.0769049 -0.0144105 0)
(0.0726887 -0.0151414 0)
(0.0682409 -0.0160082 0)
(0.0625214 -0.0169632 0)
(0.0548395 -0.0179532 0)
(0.0449318 -0.0189312 0)
(0.0328161 -0.0198599 0)
(0.01863 -0.0207108 0)
(0.00256984 -0.0214639 0)
(-0.0151492 -0.0221055 0)
(-0.0343833 -0.022627 -2.16537e-29)
(-0.0550057 -0.0230237 0)
(-0.0768535 -0.0232936 0)
(-0.0997689 -0.0234369 -2.14442e-29)
(-0.12359 -0.0234551 0)
(-0.148141 -0.0233513 0)
(-0.173211 -0.0231289 2.09794e-29)
(-0.198502 -0.0227925 0)
(-0.223533 -0.0223467 0)
(-0.247676 -0.0217966 0)
(-0.269842 -0.0211484 0)
(-0.285458 -0.0204489 0)
(-0.288877 -0.0197024 0)
(-0.27741 -0.018801 0)
(-0.256469 -0.0178398 0)
(-0.23261 -0.0168342 0)
(-0.208886 -0.0158029 0)
(-0.18616 -0.0147677 0)
(-0.163883 -0.0137536 0)
(-0.142178 -0.0127834 0)
(-0.123174 -0.0118898 0)
(-0.108849 -0.0111138 -5.23505e-30)
(-0.100565 -0.0105359 0)
(-0.0977084 -0.0101647 -4.10607e-30)
(-0.0985032 -0.00977792 0)
(-0.102615 -0.00953837 0)
(-0.108307 -0.00935513 -3.79932e-30)
(-0.114874 -0.00918651 7.55596e-30)
(-0.121803 -0.00901643 0)
(-0.12881 -0.00883942 -3.76679e-30)
(-0.135759 -0.00865387 7.53148e-30)
(-0.142589 -0.00845941 0)
(-0.149273 -0.00825614 0)
(-0.155794 -0.00804424 0)
(-0.162143 -0.00782398 -3.76522e-30)
(-0.168313 -0.00759563 0)
(-0.174297 -0.00735949 0)
(-0.180089 -0.00711587 -3.76522e-30)
(-0.185683 -0.00686509 0)
(-0.191073 -0.00660746 3.76522e-30)
(-0.196255 -0.00634331 0)
(-0.201222 -0.00607295 0)
(-0.205971 -0.00579671 0)
(-0.210496 -0.00551489 7.53044e-30)
(-0.214794 -0.00522782 0)
(-0.218859 -0.00493579 -7.53044e-30)
(-0.222689 -0.00463911 0)
(-0.22628 -0.00433808 0)
(-0.229629 -0.004033 7.53044e-30)
(-0.232731 -0.00372417 0)
(-0.235586 -0.0034119 0)
(-0.238189 -0.00309647 0)
(-0.240538 -0.00277819 0)
(-0.242632 -0.00245739 0)
(-0.244468 -0.00213436 3.76522e-30)
(-0.246046 -0.00180943 0)
(-0.247363 -0.00148289 0)
(-0.248417 -0.001155 7.53044e-30)
(-0.249203 -0.000826046 0)
(-0.249719 -0.000496229 7.53044e-30)
(-0.249988 -0.00016559 0)
(0.249977 0.000314341 0)
(0.249467 0.000942094 0)
(0.248486 0.00156791 0)
(0.246994 0.00219032 0)
(0.244994 0.00280816 0)
(0.2425 0.00342033 0)
(0.23952 0.00402565 0)
(0.236059 0.00462286 0)
(0.232124 0.00521072 0)
(0.227723 0.00578804 0)
(0.222865 0.00635365 0)
(0.217558 0.00690644 0)
(0.211815 0.00744533 0)
(0.205646 0.00796927 0)
(0.199064 0.00847723 0)
(0.192083 0.00896823 0)
(0.184715 0.00944129 0)
(0.176976 0.00989547 0)
(0.168882 0.0103298 0)
(0.160449 0.0107436 0)
(0.151698 0.0111357 0)
(0.142652 0.0115057 0)
(0.133349 0.0118528 0)
(0.123856 0.0121774 0)
(0.114297 0.0124815 0)
(0.104909 0.0127724 0)
(0.096071 0.0130681 0)
(0.0882768 0.0134047 0)
(0.0819024 0.0138346 0)
(0.0769046 0.0144061 0)
(0.0726884 0.0151361 0)
(0.0682406 0.016002 0)
(0.062521 0.0169559 0)
(0.0548391 0.017945 0)
(0.0449315 0.0189222 0)
(0.0328158 0.0198501 0)
(0.0186297 0.0207004 0)
(0.00256953 0.0214529 0)
(-0.0151495 0.0220939 0)
(-0.0343836 0.0226149 2.16537e-29)
(-0.055006 0.0230112 0)
(-0.0768538 0.0232807 0)
(-0.0997691 0.0234236 2.14442e-29)
(-0.123591 0.0234415 0)
(-0.148141 0.0233373 0)
(-0.173211 0.0231148 -2.09794e-29)
(-0.198502 0.0227783 0)
(-0.223532 0.0223326 0)
(-0.247675 0.0217827 0)
(-0.269842 0.0211349 0)
(-0.285457 0.020436 0)
(-0.288876 0.0196907 0)
(-0.277409 0.0187908 0)
(-0.256468 0.0178312 0)
(-0.232609 0.0168272 0)
(-0.208885 0.0157976 0)
(-0.186159 0.0147643 0)
(-0.163882 0.0137519 0)
(-0.142178 0.0127835 0)
(-0.123173 0.0118917 0)
(-0.108848 0.0111171 5.23502e-30)
(-0.100565 0.0105401 0)
(-0.0977084 0.0101694 4.10606e-30)
(-0.0985032 0.00978287 0)
(-0.102615 0.0095433 0)
(-0.108308 0.00935995 3.79932e-30)
(-0.114875 0.00919117 -7.55595e-30)
(-0.121803 0.00902091 0)
(-0.12881 0.00884373 3.76679e-30)
(-0.135759 0.00865798 -7.53148e-30)
(-0.14259 0.00846333 0)
(-0.149273 0.00825985 0)
(-0.155794 0.00804773 0)
(-0.162143 0.00782723 3.76522e-30)
(-0.168313 0.00759864 0)
(-0.174297 0.00736225 0)
(-0.180089 0.00711837 3.76522e-30)
(-0.185683 0.00686733 0)
(-0.191073 0.00660945 -3.76522e-30)
(-0.196255 0.00634507 0)
(-0.201222 0.0060745 0)
(-0.205971 0.00579805 0)
(-0.210496 0.00551606 -7.53044e-30)
(-0.214794 0.00522881 0)
(-0.218859 0.00493663 7.53044e-30)
(-0.222689 0.00463982 0)
(-0.22628 0.00433866 0)
(-0.229629 0.00403346 -7.53044e-30)
(-0.232731 0.00372451 0)
(-0.235586 0.00341211 0)
(-0.238189 0.00309655 0)
(-0.240538 0.00277814 0)
(-0.242632 0.00245717 0)
(-0.244468 0.00213397 -3.76522e-30)
(-0.246046 0.00180888 0)
(-0.247363 0.00148222 0)
(-0.248417 0.00115427 -7.53044e-30)
(-0.249203 0.000825265 0)
(-0.249719 0.000495449 -7.53044e-30)
(-0.249988 0.000165255 0)
(0.249977 0.00094369 0)
(0.249467 0.00282746 0)
(0.248487 0.00470465 0)
(0.246995 0.00657158 0)
(0.244997 0.00842486 0)
(0.242504 0.0102611 0)
(0.239526 0.0120768 0)
(0.236067 0.0138682 0)
(0.232134 0.0156316 0)
(0.227735 0.0173635 0)
(0.222879 0.0190603 0)
(0.217575 0.0207187 0)
(0.211834 0.0223354 0)
(0.205667 0.0239074 0)
(0.199088 0.0254314 0)
(0.192108 0.0269046 0)
(0.184742 0.0283241 0)
(0.177005 0.0296869 0)
(0.168912 0.0309903 0)
(0.160481 0.0322318 0)
(0.15173 0.0334087 0)
(0.142685 0.034519 0)
(0.133383 0.035561 0)
(0.123889 0.0365353 0)
(0.11433 0.0374483 0)
(0.10494 0.0383216 0)
(0.0961012 0.0392095 0)
(0.0883051 0.0402199 0)
(0.0819289 0.0415106 0)
(0.0769296 0.0432257 0)
(0.0727125 0.0454168 0)
(0.0682642 0.0480157 0)
(0.0625441 0.050879 0)
(0.054861 0.0538478 0)
(0.0449513 0.056781 0)
(0.0328325 0.0595662 0)
(0.0186423 0.0621185 0)
(0.0025768 0.0643774 0)
(-0.0151485 0.0663017 0)
(-0.0343898 0.0678661 0)
(-0.0550203 0.0690561 0)
(-0.0768771 0.0698657 0)
(-0.0998023 0.0702952 0)
(-0.123634 0.0703498 0)
(-0.148197 0.0700379 0)
(-0.173277 0.0693706 0)
(-0.198581 0.0683609 0)
(-0.223623 0.0670232 0)
(-0.247776 0.0653724 0)
(-0.269937 0.0634269 0)
(-0.285556 0.0613233 0)
(-0.288945 0.0590845 0)
(-0.277459 0.0563822 0)
(-0.256506 0.0535012 0)
(-0.23264 0.0504873 0)
(-0.208912 0.0473965 0)
(-0.186181 0.0442942 0)
(-0.163899 0.0412552 0)
(-0.142192 0.0383489 0)
(-0.12319 0.0356743 0)
(-0.108887 0.0333556 0)
(-0.100601 0.0316245 0)
(-0.0977658 0.0305101 0)
(-0.0985614 0.0293414 0)
(-0.102675 0.028624 0)
(-0.108371 0.0280752 0)
(-0.114941 0.0275696 0)
(-0.121871 0.027059 0)
(-0.128879 0.0265273 0)
(-0.135828 0.0259699 0)
(-0.142659 0.0253857 0)
(-0.149341 0.024775 0)
(-0.155861 0.0241384 0)
(-0.162209 0.0234767 0)
(-0.168378 0.0227907 0)
(-0.17436 0.0220814 0)
(-0.18015 0.0213497 0)
(-0.185741 0.0205965 0)
(-0.191129 0.0198228 0)
(-0.196307 0.0190297 0)
(-0.201272 0.0182179 0)
(-0.206017 0.0173886 0)
(-0.210539 0.0165427 0)
(-0.214833 0.0156811 0)
(-0.218895 0.0148047 0)
(-0.222722 0.0139143 0)
(-0.226309 0.0130111 0)
(-0.229654 0.0120957 0)
(-0.232753 0.0111691 0)
(-0.235604 0.0102322 0)
(-0.238204 0.00928591 0)
(-0.240551 0.00833107 0)
(-0.242642 0.00736863 0)
(-0.244475 0.00639956 0)
(-0.246051 0.00542481 0)
(-0.247367 0.00444534 0)
(-0.248419 0.00346198 0)
(-0.249204 0.00247545 0)
(-0.24972 0.00148645 0)
(-0.249988 0.000495875 0)
(0.249977 0.00157246 0)
(0.249468 0.0047111 0)
(0.248488 0.00783853 0)
(0.246999 0.0109489 0)
(0.245003 0.0140366 0)
(0.242513 0.0170961 0)
(0.239538 0.0201213 0)
(0.236083 0.0231062 0)
(0.232155 0.0260447 0)
(0.22776 0.0289306 0)
(0.222909 0.0317584 0)
(0.217609 0.0345223 0)
(0.211873 0.037217 0)
(0.205711 0.0398372 0)
(0.199136 0.0423777 0)
(0.19216 0.0448336 0)
(0.184798 0.0472 0)
(0.177064 0.0494722 0)
(0.168975 0.0516455 0)
(0.160546 0.0537156 0)
(0.151797 0.0556783 0)
(0.142754 0.0575298 0)
(0.133452 0.0592676 0)
(0.123959 0.0608926 0)
(0.114399 0.0624154 0)
(0.105007 0.0638719 0)
(0.096165 0.0653526 0)
(0.0883648 0.0670374 0)
(0.0819844 0.069189 0)
(0.0769816 0.0720483 0)
(0.0727623 0.0757016 0)
(0.0683128 0.0800353 0)
(0.0625914 0.0848102 0)
(0.0549061 0.0897612 0)
(0.0449924 0.0946533 0)
(0.0328675 0.0992987 0)
(0.018669 0.103556 0)
(0.00259311 0.107324 0)
(-0.0151446 0.110534 0)
(-0.0344001 0.113145 0)
(-0.0550468 0.115131 0)
(-0.0769214 0.116482 0)
(-0.0998662 0.1172 0)
(-0.123719 0.117293 0)
(-0.148304 0.116775 0)
(-0.173409 0.115664 0)
(-0.198737 0.113982 0)
(-0.223804 0.111752 0)
(-0.247979 0.108998 0)
(-0.270134 0.105751 0)
(-0.285762 0.102222 0)
(-0.28909 0.0984806 0)
(-0.277563 0.0939737 0)
(-0.256586 0.0891714 0)
(-0.232706 0.0841477 0)
(-0.208969 0.0789957 0)
(-0.18623 0.0738243 0)
(-0.163938 0.0687583 0)
(-0.142226 0.0639173 0)
(-0.123228 0.0594677 0)
(-0.108964 0.0556185 0)
(-0.100679 0.0527125 0)
(-0.0978136 0.0507846 0)
(-0.0986838 0.0488884 0)
(-0.10279 0.0477082 0)
(-0.108495 0.0467966 0)
(-0.115072 0.0459534 0)
(-0.122007 0.0451009 0)
(-0.129017 0.0442132 0)
(-0.135968 0.0432825 0)
(-0.142799 0.0423071 0)
(-0.149481 0.0412877 0)
(-0.155999 0.0402252 0)
(-0.162345 0.0391209 0)
(-0.16851 0.0379763 0)
(-0.174488 0.0367929 0)
(-0.180274 0.0355722 0)
(-0.18586 0.0343158 0)
(-0.191242 0.0330255 0)
(-0.196415 0.0317028 0)
(-0.201372 0.0303493 0)
(-0.206111 0.0289666 0)
(-0.210626 0.0275563 0)
(-0.214913 0.02612 0)
(-0.218968 0.0246593 0)
(-0.222787 0.0231755 0)
(-0.226367 0.0216702 0)
(-0.229705 0.020145 0)
(-0.232797 0.0186012 0)
(-0.235642 0.0170404 0)
(-0.238235 0.0154641 0)
(-0.240576 0.0138736 0)
(-0.242662 0.0122707 0)
(-0.244491 0.0106567 0)
(-0.246062 0.00903346 0)
(-0.247374 0.00740239 0)
(-0.248424 0.0057649 0)
(-0.249206 0.00412217 0)
(-0.249721 0.00247537 0)
(-0.249988 0.000825803 0)
(0.249977 0.00220023 0)
(0.249469 0.00659174 0)
(0.248491 0.0109674 0)
(0.247005 0.0153194 0)
(0.245013 0.0196398 0)
(0.242528 0.0239208 0)
(0.239558 0.0281543 0)
(0.236109 0.0323315 0)
(0.232187 0.0364441 0)
(0.2278 0.0404835 0)
(0.222955 0.0444418 0)
(0.217663 0.0483111 0)
(0.211934 0.0520839 0)
(0.205779 0.0557527 0)
(0.199211 0.0593103 0)
(0.192242 0.0627499 0)
(0.184886 0.0660644 0)
(0.177158 0.0692474 0)
(0.169073 0.0722923 0)
(0.160648 0.0751929 0)
(0.151902 0.0779434 0)
(0.14286 0.0805385 0)
(0.13356 0.0829746 0)
(0.124066 0.085253 0)
(0.114504 0.0873885 0)
(0.105109 0.0894309 0)
(0.0962624 0.0915067 0)
(0.0884563 0.0938675 0)
(0.0820701 0.0968809 0)
(0.0770629 0.100885 0)
(0.072841 0.106 0)
(0.0683901 0.112069 0)
(0.0626671 0.118758 0)
(0.0549785 0.125695 0)
(0.045059 0.13255 0)
(0.032925 0.13906 0)
(0.0187142 0.145027 0)
(0.00262267 0.150308 0)
(-0.0151334 0.154809 0)
(-0.03441 0.158469 0)
(-0.0550804 0.161254 0)
(-0.0769813 0.163151 0)
(-0.0999545 0.164161 0)
(-0.123838 0.164295 0)
(-0.148456 0.163573 0)
(-0.173595 0.162021 0)
(-0.198959 0.159668 0)
(-0.224065 0.156547 0)
(-0.248279 0.152688 0)
(-0.270438 0.148129 0)
(-0.286093 0.143136 0)
(-0.28933 0.137879 0)
(-0.277722 0.131572 0)
(-0.256706 0.124851 0)
(-0.232806 0.117816 0)
(-0.209059 0.1106 0)
(-0.186311 0.103356 0)
(-0.164003 0.0962605 0)
(-0.142275 0.0894856 0)
(-0.123275 0.0832653 0)
(-0.109075 0.0778919 0)
(-0.100796 0.0737759 0)
(-0.0978794 0.0709264 0)
(-0.0988781 0.0684259 0)
(-0.10297 0.0668065 0)
(-0.108689 0.0655329 0)
(-0.115277 0.0643488 0)
(-0.122219 0.063151 0)
(-0.129233 0.0619038 0)
(-0.136185 0.0605967 0)
(-0.143016 0.0592273 0)
(-0.149696 0.0577965 0)
(-0.156212 0.0563055 0)
(-0.162554 0.0547563 0)
(-0.168714 0.0531508 0)
(-0.174686 0.0514912 0)
(-0.180465 0.0497797 0)
(-0.186043 0.0480185 0)
(-0.191417 0.0462099 0)
(-0.19658 0.0443563 0)
(-0.201528 0.0424599 0)
(-0.206256 0.040523 0)
(-0.21076 0.0385477 0)
(-0.215036 0.0365363 0)
(-0.21908 0.034491 0)
(-0.222888 0.0324138 0)
(-0.226457 0.0303069 0)
(-0.229784 0.0281723 0)
(-0.232866 0.0260121 0)
(-0.2357 0.0238283 0)
(-0.238284 0.0216231 0)
(-0.240615 0.0193985 0)
(-0.242693 0.0171565 0)
(-0.244514 0.0148995 0)
(-0.246079 0.0126297 0)
(-0.247386 0.0103491 0)
(-0.248431 0.00805962 0)
(-0.249209 0.00576299 0)
(-0.249722 0.00346072 0)
(-0.249988 0.00115454 0)
(0.249977 0.00282649 0)
(0.249471 0.00846787 0)
(0.248496 0.0140889 0)
(0.247013 0.0196797 0)
(0.245027 0.0252302 0)
(0.242548 0.0307305 0)
(0.239586 0.0361701 0)
(0.236146 0.041538 0)
(0.232233 0.0468233 0)
(0.227856 0.0520152 0)
(0.223021 0.0571035 0)
(0.21774 0.062078 0)
(0.212021 0.066929 0)
(0.205877 0.071647 0)
(0.199318 0.0762227 0)
(0.192359 0.0806471 0)
(0.185012 0.0849114 0)
(0.177291 0.0890068 0)
(0.169213 0.0929252 0)
(0.160794 0.0966582 0)
(0.152053 0.100198 0)
(0.143015 0.103539 0)
(0.133717 0.106675 0)
(0.124223 0.109608 0)
(0.11466 0.112356 0)
(0.105261 0.114985 0)
(0.0964077 0.117655 0)
(0.0885923 0.120692 0)
(0.0821959 0.124567 0)
(0.0771796 0.129717 0)
(0.0729514 0.136299 0)
(0.0684975 0.144111 0)
(0.0627736 0.152721 0)
(0.0550822 0.161651 0)
(0.0451551 0.170477 0)
(0.0330088 0.178858 0)
(0.0187814 0.186541 0)
(0.00266897 0.193343 0)
(-0.0151116 0.199139 0)
(-0.0344159 0.203854 0)
(-0.0551175 0.207443 0)
(-0.0770527 0.20989 0)
(-0.100063 0.211195 0)
(-0.123987 0.211374 0)
(-0.148646 0.210452 0)
(-0.173828 0.208463 0)
(-0.199238 0.205446 0)
(-0.224393 0.201443 0)
(-0.24866 0.196498 0)
(-0.270826 0.190662 0)
(-0.286476 0.184228 0)
(-0.289682 0.177163 0)
(-0.277949 0.169138 0)
(-0.256892 0.160532 0)
(-0.232967 0.151501 0)
(-0.209204 0.142226 0)
(-0.186441 0.132912 0)
(-0.164107 0.123788 0)
(-0.142354 0.115072 0)
(-0.123355 0.107072 0)
(-0.109203 0.100167 0)
(-0.100913 0.0947912 0)
(-0.0980158 0.0909925 0)
(-0.099138 0.0879585 0)
(-0.103231 0.0859162 0)
(-0.108967 0.0842818 0)
(-0.115568 0.0827543 0)
(-0.122517 0.0812077 0)
(-0.129535 0.0795976 0)
(-0.136488 0.0779106 0)
(-0.143318 0.0761439 0)
(-0.149996 0.0742983 0)
(-0.156508 0.0723756 0)
(-0.162844 0.0703783 0)
(-0.168997 0.068309 0)
(-0.174961 0.0661704 0)
(-0.18073 0.0639654 0)
(-0.186298 0.0616969 0)
(-0.19166 0.059368 0)
(-0.19681 0.0569816 0)
(-0.201744 0.0545407 0)
(-0.206458 0.0520482 0)
(-0.210948 0.049507 0)
(-0.215208 0.0469198 0)
(-0.219236 0.0442896 0)
(-0.223029 0.041619 0)
(-0.226582 0.0389108 0)
(-0.229894 0.0361676 0)
(-0.232961 0.033392 0)
(-0.235781 0.0305867 0)
(-0.238351 0.0277544 0)
(-0.24067 0.0248975 0)
(-0.242736 0.022019 0)
(-0.244547 0.0191214 0)
(-0.246103 0.0162078 0)
(-0.247401 0.0132806 0)
(-0.24844 0.0103424 0)
(-0.249214 0.00739519 0)
(-0.249724 0.00444087 0)
(-0.249988 0.00148155 0)
(0.249977 0.00345065 0)
(0.249473 0.0103378 0)
(0.248501 0.0172001 0)
(0.247025 0.0240258 0)
(0.245046 0.0308028 0)
(0.242576 0.0375192 0)
(0.239625 0.0441621 0)
(0.236196 0.0507183 0)
(0.232296 0.0571745 0)
(0.227932 0.0635176 0)
(0.223112 0.0697351 0)
(0.217844 0.0758146 0)
(0.21214 0.0817442 0)
(0.206009 0.0875124 0)
(0.199464 0.0931078 0)
(0.192516 0.0985192 0)
(0.18518 0.103736 0)
(0.17747 0.108747 0)
(0.1694 0.113543 0)
(0.160987 0.118113 0)
(0.15225 0.122448 0)
(0.143215 0.12654 0)
(0.133916 0.130383 0)
(0.12442 0.133978 0)
(0.114853 0.137349 0)
(0.105446 0.140573 0)
(0.0965833 0.143848 0)
(0.0887576 0.147566 0)
(0.082352 0.152307 0)
(0.0773296 0.158603 0)
(0.0730991 0.16665 0)
(0.0686452 0.176202 0)
(0.0629197 0.186733 0)
(0.055223 0.197658 0)
(0.0452859 0.208458 0)
(0.0331244 0.218716 0)
(0.018876 0.228121 0)
(0.00273679 0.236448 0)
(-0.0150753 0.243546 0)
(-0.0344153 0.249321 0)
(-0.055157 0.25372 0)
(-0.0771363 0.256721 0)
(-0.100194 0.258326 0)
(-0.124169 0.258553 0)
(-0.148882 0.257435 0)
(-0.17412 0.255013 0)
(-0.199586 0.251334 0)
(-0.224799 0.246454 0)
(-0.24912 0.240428 0)
(-0.271271 0.233323 0)
(-0.28691 0.225426 0)
(-0.290037 0.216515 0)
(-0.278215 0.206746 0)
(-0.257118 0.196246 0)
(-0.23316 0.185212 0)
(-0.209369 0.173873 0)
(-0.186584 0.162485 0)
(-0.164231 0.151329 0)
(-0.142466 0.140672 0)
(-0.123464 0.130885 0)
(-0.10937 0.122449 0)
(-0.101079 0.115783 0)
(-0.098235 0.111041 0)
(-0.0994645 0.107504 0)
(-0.103573 0.105047 0)
(-0.109333 0.103051 0)
(-0.115949 0.101176 0)
(-0.122907 0.099276 0)
(-0.129929 0.0972979 0)
(-0.136884 0.095226 0)
(-0.143713 0.0930569 0)
(-0.150388 0.0907917 0)
(-0.156895 0.0884328 0)
(-0.163224 0.0859831 0)
(-0.169369 0.0834458 0)
(-0.175322 0.0808244 0)
(-0.181079 0.0781223 0)
(-0.186633 0.0753433 0)
(-0.191979 0.072491 0)
(-0.197113 0.0695692 0)
(-0.202029 0.0665816 0)
(-0.206725 0.0635317 0)
(-0.211194 0.060423 0)
(-0.215435 0.0572592 0)
(-0.219443 0.0540437 0)
(-0.223215 0.0507797 0)
(-0.226748 0.0474707 0)
(-0.230039 0.0441198 0)
(-0.233087 0.0407303 0)
(-0.235888 0.0373053 0)
(-0.238441 0.0338481 0)
(-0.240743 0.0303618 0)
(-0.242794 0.0268497 0)
(-0.244591 0.0233151 0)
(-0.246134 0.0197614 0)
(-0.247423 0.0161918 0)
(-0.248453 0.0126091 0)
(-0.249221 0.00901575 0)
(-0.249726 0.00541399 0)
(-0.249988 0.00180621 0)
(0.249977 0.00407197 0)
(0.249475 0.0121992 0)
(0.248509 0.0202974 0)
(0.24704 0.0283528 0)
(0.245071 0.0363516 0)
(0.242614 0.0442797 0)
(0.239676 0.0521222 0)
(0.236263 0.0598635 0)
(0.23238 0.0674882 0)
(0.228034 0.0749808 0)
(0.223232 0.0823265 0)
(0.217983 0.0895108 0)
(0.212297 0.0965195 0)
(0.206185 0.103339 0)
(0.199657 0.109956 0)
(0.192726 0.116356 0)
(0.185405 0.122528 0)
(0.177709 0.128458 0)
(0.169652 0.134133 0)
(0.16125 0.139543 0)
(0.152523 0.144675 0)
(0.143495 0.149519 0)
(0.134202 0.154067 0)
(0.124709 0.158322 0)
(0.11514 0.16231 0)
(0.105728 0.166121 0)
(0.096853 0.169989 0)
(0.0890091 0.17438 0)
(0.0825828 0.179981 0)
(0.0775416 0.187428 0)
(0.0732976 0.196954 0)
(0.0688355 0.208265 0)
(0.0631037 0.220739 0)
(0.0553987 0.23368 0)
(0.045449 0.246473 0)
(0.0332689 0.258624 0)
(0.0189954 0.269765 0)
(0.0028243 0.279631 0)
(-0.0150255 0.288041 0)
(-0.0344083 0.294886 0)
(-0.0551984 0.300103 0)
(-0.0772309 0.303665 0)
(-0.100346 0.305575 0)
(-0.124382 0.305855 0)
(-0.149159 0.304544 0)
(-0.174462 0.301689 0)
(-0.199995 0.297349 0)
(-0.225272 0.291586 0)
(-0.249647 0.284465 0)
(-0.271776 0.276069 0)
(-0.287423 0.266637 0)
(-0.290409 0.256052 0)
(-0.278521 0.244468 0)
(-0.257383 0.23203 0)
(-0.233392 0.218964 0)
(-0.209574 0.205536 0)
(-0.186757 0.192049 0)
(-0.164367 0.178839 0)
(-0.142597 0.166228 0)
(-0.123603 0.154666 0)
(-0.109547 0.144693 0)
(-0.10132 0.136775 0)
(-0.0985429 0.131084 0)
(-0.0998781 0.127048 0)
(-0.104019 0.124181 0)
(-0.109807 0.121824 0)
(-0.11644 0.119601 0)
(-0.123408 0.117345 0)
(-0.130435 0.114996 0)
(-0.137391 0.112535 0)
(-0.144218 0.10996 0)
(-0.150888 0.107271 0)
(-0.157388 0.104471 0)
(-0.163709 0.101565 0)
(-0.169842 0.0985546 0)
(-0.175782 0.0954457 0)
(-0.181523 0.0922421 0)
(-0.187059 0.0889484 0)
(-0.192386 0.085569 0)
(-0.197499 0.0821085 0)
(-0.202393 0.0785712 0)
(-0.207065 0.0749614 0)
(-0.21151 0.0712836 0)
(-0.215725 0.0675418 0)
(-0.219707 0.0637402 0)
(-0.223453 0.0598828 0)
(-0.22696 0.0559735 0)
(-0.230226 0.0520161 0)
(-0.233249 0.0480145 0)
(-0.236026 0.0439722 0)
(-0.238556 0.0398931 0)
(-0.240837 0.0357809 0)
(-0.242867 0.0316392 0)
(-0.244647 0.027472 0)
(-0.246175 0.0232832 0)
(-0.24745 0.0190764 0)
(-0.248469 0.0148548 0)
(-0.249229 0.0106211 0)
(-0.249729 0.00637795 0)
(-0.249989 0.0021278 0)
(0.249977 0.00468955 0)
(0.249479 0.0140495 0)
(0.248519 0.0233763 0)
(0.24706 0.0326546 0)
(0.245104 0.0418689 0)
(0.242663 0.051003 0)
(0.239744 0.0600402 0)
(0.236351 0.0689626 0)
(0.23249 0.0777527 0)
(0.228167 0.0863926 0)
(0.223389 0.0948655 0)
(0.218164 0.103155 0)
(0.212502 0.111243 0)
(0.206412 0.119116 0)
(0.199906 0.126758 0)
(0.192995 0.134152 0)
(0.185692 0.141285 0)
(0.17801 0.14814 0)
(0.169964 0.154705 0)
(0.161571 0.160964 0)
(0.152847 0.166906 0)
(0.143818 0.172517 0)
(0.134521 0.177791 0)
(0.125019 0.182729 0)
(0.115439 0.187361 0)
(0.106013 0.191792 0)
(0.0971232 0.196288 0)
(0.089266 0.201381 0)
(0.0828302 0.207858 0)
(0.0777848 0.21645 0)
(0.0735414 0.227433 0)
(0.0690817 0.240478 0)
(0.0633499 0.254872 0)
(0.0556383 0.269815 0)
(0.0456733 0.284594 0)
(0.033469 0.298639 0)
(0.019163 0.311519 0)
(0.00295119 0.322928 0)
(-0.0149455 0.332658 0)
(-0.0343805 0.340579 0)
(-0.0552285 0.346619 0)
(-0.0773238 0.350747 0)
(-0.100506 0.352967 0)
(-0.124612 0.353303 0)
(-0.149461 0.3518 0)
(-0.174839 0.348513 0)
(-0.200445 0.343509 0)
(-0.225792 0.33686 0)
(-0.250222 0.328643 0)
(-0.272331 0.318952 0)
(-0.287993 0.307951 0)
(-0.290832 0.295704 0)
(-0.278862 0.282301 0)
(-0.257679 0.267911 0)
(-0.233662 0.252793 0)
(-0.209825 0.237257 0)
(-0.186986 0.221655 0)
(-0.16456 0.206379 0)
(-0.142725 0.191802 0)
(-0.123737 0.178454 0)
(-0.109768 0.166948 0)
(-0.101636 0.157825 0)
(-0.0989331 0.151216 0)
(-0.100366 0.146656 0)
(-0.104551 0.143372 0)
(-0.110374 0.140647 0)
(-0.117029 0.138066 0)
(-0.124011 0.135444 0)
(-0.131047 0.132714 0)
(-0.138007 0.129855 0)
(-0.144835 0.126864 0)
(-0.151503 0.123743 0)
(-0.157997 0.120494 0)
(-0.164309 0.117122 0)
(-0.17043 0.113632 0)
(-0.176354 0.110029 0)
(-0.182077 0.106318 0)
(-0.187593 0.102504 0)
(-0.192896 0.0985918 0)
(-0.197983 0.0945879 0)
(-0.20285 0.0904969 0)
(-0.207492 0.0863241 0)
(-0.211906 0.0820745 0)
(-0.21609 0.0777529 0)
(-0.22004 0.0733643 0)
(-0.223753 0.0689132 0)
(-0.227227 0.0644043 0)
(-0.230461 0.0598418 0)
(-0.233452 0.0552302 0)
(-0.236199 0.0505736 0)
(-0.2387 0.0458763 0)
(-0.240954 0.0411425 0)
(-0.24296 0.0363764 0)
(-0.244718 0.0315823 0)
(-0.246226 0.0267645 0)
(-0.247484 0.0219272 0)
(-0.24849 0.0170738 0)
(-0.24924 0.0122073 0)
(-0.249732 0.00733026 0)
(-0.249989 0.0024455 0)
(0.249977 0.00530221 0)
(0.249484 0.0158851 0)
(0.248533 0.0264312 0)
(0.247087 0.0369235 0)
(0.245148 0.0473449 0)
(0.242727 0.0576777 0)
(0.239832 0.0679032 0)
(0.236466 0.0780016 0)
(0.232633 0.087953 0)
(0.22834 0.0977376 0)
(0.223593 0.107336 0)
(0.2184 0.11673 0)
(0.212769 0.1259 0)
(0.20671 0.134828 0)
(0.200234 0.143497 0)
(0.193351 0.151888 0)
(0.186074 0.159985 0)
(0.178416 0.167769 0)
(0.170393 0.175223 0)
(0.162019 0.182333 0)
(0.153314 0.18908 0)
(0.1443 0.195452 0)
(0.135014 0.201436 0)
(0.125519 0.207034 0)
(0.115939 0.212276 0)
(0.106501 0.217281 0)
(0.097586 0.222351 0)
(0.0896916 0.228097 0)
(0.0832126 0.235425 0)
(0.0781267 0.245178 0)
(0.0738527 0.25767 0)
(0.0693739 0.27252 0)
(0.0636295 0.288905 0)
(0.0559039 0.30591 0)
(0.0459198 0.322724 0)
(0.0336897 0.338699 0)
(0.0193498 0.353348 0)
(0.00309485 0.366323 0)
(-0.0148521 0.377389 0)
(-0.0343434 0.3864 0)
(-0.0552544 0.393273 0)
(-0.077418 0.397976 0)
(-0.100673 0.40051 0)
(-0.124855 0.400905 0)
(-0.149783 0.399211 0)
(-0.17524 0.395491 0)
(-0.200928 0.38982 0)
(-0.22635 0.382279 0)
(-0.250838 0.372952 0)
(-0.272947 0.361944 0)
(-0.288554 0.349413 0)
(-0.291264 0.335495 0)
(-0.279211 0.320263 0)
(-0.257993 0.303903 0)
(-0.233959 0.28671 0)
(-0.210109 0.26904 0)
(-0.187243 0.251298 0)
(-0.164774 0.23393 0)
(-0.142916 0.21736 0)
(-0.12394 0.202178 0)
(-0.11004 0.189119 0)
(-0.102024 0.178786 0)
(-0.0994402 0.171324 0)
(-0.100975 0.166208 0)
(-0.105227 0.162514 0)
(-0.111094 0.159433 0)
(-0.117777 0.156503 0)
(-0.124774 0.153521 0)
(-0.131817 0.150412 0)
(-0.13878 0.147155 0)
(-0.145606 0.143747 0)
(-0.152269 0.140189 0)
(-0.158754 0.136486 0)
(-0.165053 0.132644 0)
(-0.171158 0.128668 0)
(-0.177064 0.124564 0)
(-0.182764 0.120338 0)
(-0.188254 0.115997 0)
(-0.193529 0.111546 0)
(-0.198585 0.106993 0)
(-0.203417 0.102344 0)
(-0.208023 0.0976038 0)
(-0.2124 0.092779 0)
(-0.216544 0.0878754 0)
(-0.220454 0.0828983 0)
(-0.224126 0.0778531 0)
(-0.227561 0.0727451 0)
(-0.230754 0.0675791 0)
(-0.233706 0.0623602 0)
(-0.236416 0.057093 0)
(-0.238881 0.0517821 0)
(-0.241102 0.0464322 0)
(-0.243077 0.0410479 0)
(-0.244806 0.035634 0)
(-0.24629 0.0301951 0)
(-0.247527 0.0247356 0)
(-0.248516 0.0192593 0)
(-0.249253 0.0137692 0)
(-0.249737 0.00826792 0)
(-0.249989 0.00275829 0)
(0.249978 0.00590845 0)
(0.24949 0.0177016 0)
(0.24855 0.0294546 0)
(0.247121 0.0411493 0)
(0.245205 0.0527672 0)
(0.242811 0.0642892 0)
(0.239946 0.0756949 0)
(0.236614 0.0869626 0)
(0.232819 0.0980705 0)
(0.228565 0.108997 0)
(0.223857 0.11972 0)
(0.218704 0.130219 0)
(0.213112 0.140473 0)
(0.207089 0.150462 0)
(0.200646 0.160166 0)
(0.193793 0.169564 0)
(0.186541 0.178638 0)
(0.178903 0.187367 0)
(0.170892 0.195733 0)
(0.162524 0.203719 0)
(0.153817 0.211305 0)
(0.144796 0.218479 0)
(0.135495 0.225229 0)
(0.125982 0.231557 0)
(0.116381 0.237501 0)
(0.106924 0.243188 0)
(0.097991 0.248947 0)
(0.090083 0.255443 0)
(0.0835971 0.263664 0)
(0.0785113 0.274547 0)
(0.0742422 0.288458 0)
(0.069768 0.305001 0)
(0.0640215 0.323277 0)
(0.056284 0.342271 0)
(0.0462761 0.361074 0)
(0.034009 0.378954 0)
(0.0196204 0.39536 0)
(0.00330659 0.409896 0)
(-0.0147052 0.422296 0)
(-0.0342657 0.432397 0)
(-0.0552508 0.440105 0)
(-0.0774922 0.44538 0)
(-0.100827 0.448226 0)
(-0.125091 0.448676 0)
(-0.150101 0.446785 0)
(-0.175641 0.442624 0)
(-0.201414 0.436276 0)
(-0.226929 0.427833 0)
(-0.251502 0.417389 0)
(-0.273609 0.405047 0)
(-0.289087 0.390986 0)
(-0.291649 0.375394 0)
(-0.279534 0.358337 0)
(-0.258315 0.340003 0)
(-0.234286 0.320729 0)
(-0.210433 0.300918 0)
(-0.187545 0.281031 0)
(-0.165039 0.261572 0)
(-0.143168 0.243018 0)
(-0.124216 0.226042 0)
(-0.110383 0.211467 0)
(-0.102478 0.199967 0)
(-0.100008 0.19168 0)
(-0.101639 0.185996 0)
(-0.105962 0.181864 0)
(-0.111882 0.178394 0)
(-0.118603 0.175081 0)
(-0.125627 0.171707 0)
(-0.132691 0.168192 0)
(-0.139669 0.164512 0)
(-0.146504 0.160664 0)
(-0.153171 0.156651 0)
(-0.159655 0.152476 0)
(-0.165946 0.148147 0)
(-0.172038 0.14367 0)
(-0.177925 0.139051 0)
(-0.183602 0.134299 0)
(-0.189063 0.12942 0)
(-0.194305 0.124422 0)
(-0.199324 0.119311 0)
(-0.204116 0.114096 0)
(-0.208679 0.108783 0)
(-0.213009 0.103378 0)
(-0.217106 0.0978889 0)
(-0.220966 0.0923212 0)
(-0.224589 0.0866812 0)
(-0.227974 0.0809746 0)
(-0.231118 0.0752071 0)
(-0.234022 0.0693839 0)
(-0.236684 0.0635104 0)
(-0.239105 0.0575916 0)
(-0.241284 0.0516324 0)
(-0.243221 0.0456378 0)
(-0.244916 0.0396128 0)
(-0.246369 0.0335624 0)
(-0.24758 0.0274912 0)
(-0.248548 0.021403 0)
(-0.249269 0.0153009 0)
(-0.249743 0.00918734 0)
(-0.249989 0.00306497 0)
(0.249978 0.00650628 0)
(0.249498 0.0194931 0)
(0.248573 0.032437 0)
(0.247166 0.045319 0)
(0.245278 0.0581196 0)
(0.24292 0.0708185 0)
(0.240095 0.0833938 0)
(0.236808 0.0958224 0)
(0.233061 0.10808 0)
(0.228857 0.120144 0)
(0.224202 0.131989 0)
(0.219101 0.143594 0)
(0.213561 0.154933 0)
(0.20759 0.165986 0)
(0.201196 0.176727 0)
(0.19439 0.187135 0)
(0.187183 0.197187 0)
(0.179586 0.20686 0)
(0.171613 0.21613 0)
(0.163279 0.224977 0)
(0.154601 0.233377 0)
(0.145602 0.24131 0)
(0.136316 0.248759 0)
(0.126804 0.255722 0)
(0.117189 0.262237 0)
(0.107698 0.268447 0)
(0.0987112 0.274724 0)
(0.0907326 0.281827 0)
(0.0841691 0.290885 0)
(0.0790113 0.30296 0)
(0.074685 0.318454 0)
(0.0701719 0.336899 0)
(0.0644016 0.357268 0)
(0.0566474 0.378417 0)
(0.0466163 0.399331 0)
(0.0343134 0.419201 0)
(0.0198778 0.437421 0)
(0.0035065 0.453558 0)
(-0.0145695 0.46732 0)
(-0.0341989 0.478527 0)
(-0.0552584 0.487078 0)
(-0.0775774 0.492928 0)
(-0.100992 0.496083 0)
(-0.125337 0.496578 0)
(-0.150429 0.494475 0)
(-0.17605 0.489852 0)
(-0.201905 0.482804 0)
(-0.227499 0.473438 0)
(-0.252173 0.461858 0)
(-0.274315 0.44818 0)
(-0.289615 0.432564 0)
(-0.291947 0.415237 0)
(-0.279763 0.396318 0)
(-0.258582 0.376009 0)
(-0.234591 0.354661 0)
(-0.210754 0.332715 0)
(-0.187857 0.310677 0)
(-0.165324 0.289104 0)
(-0.143441 0.26853 0)
(-0.124528 0.249706 0)
(-0.110797 0.233554 0)
(-0.103038 0.220839 0)
(-0.100725 0.211712 0)
(-0.102491 0.205484 0)
(-0.106921 0.200962 0)
(-0.112916 0.197155 0)
(-0.119686 0.193507 0)
(-0.126742 0.189778 0)
(-0.133824 0.185883 0)
(-0.140811 0.181798 0)
(-0.147649 0.177521 0)
(-0.154311 0.173055 0)
(-0.160785 0.168409 0)
(-0.167061 0.163589 0)
(-0.173132 0.158605 0)
(-0.178993 0.153465 0)
(-0.184638 0.148178 0)
(-0.190063 0.142752 0)
(-0.195263 0.137196 0)
(-0.200236 0.13152 0)
(-0.204978 0.125731 0)
(-0.209487 0.119838 0)
(-0.213762 0.113848 0)
(-0.2178 0.107769 0)
(-0.2216 0.101608 0)
(-0.225161 0.0953716 0)
(-0.228484 0.089067 0)
(-0.231568 0.0827 0)
(-0.234412 0.0762764 0)
(-0.237017 0.069802 0)
(-0.239383 0.063282 0)
(-0.241511 0.0567218 0)
(-0.2434 0.0501265 0)
(-0.245052 0.0435013 0)
(-0.246467 0.0368514 0)
(-0.247646 0.0301813 0)
(-0.248588 0.023495 0)
(-0.249289 0.0167952 0)
(-0.24975 0.0100841 0)
(-0.249989 0.00336408 0)
(0.249978 0.00709316 0)
(0.249508 0.0212521 0)
(0.248603 0.0353661 0)
(0.247225 0.0494156 0)
(0.245375 0.063381 0)
(0.243061 0.077241 0)
(0.24029 0.0909728 0)
(0.23706 0.104552 0)
(0.233375 0.117952 0)
(0.229235 0.13115 0)
(0.224644 0.144117 0)
(0.219607 0.156831 0)
(0.214129 0.169264 0)
(0.208214 0.181393 0)
(0.201871 0.193191 0)
(0.195108 0.204635 0)
(0.187933 0.215698 0)
(0.180359 0.226357 0)
(0.172398 0.236588 0)
(0.164066 0.246369 0)
(0.155382 0.255678 0)
(0.146369 0.264498 0)
(0.137065 0.272813 0)
(0.127533 0.280622 0)
(0.117896 0.287964 0)
(0.108381 0.294982 0)
(0.0993673 0.302058 0)
(0.0913589 0.309982 0)
(0.0847681 0.31995 0)
(0.0795915 0.333112 0)
(0.0752578 0.349947 0)
(0.0707437 0.369997 0)
(0.0649667 0.392184 0)
(0.0571872 0.415269 0)
(0.0471112 0.438135 0)
(0.0347491 0.459888 0)
(0.0202423 0.479853 0)
(0.00378857 0.497545 0)
(-0.0143752 0.512636 0)
(-0.0340947 0.524926 0)
(-0.0552478 0.534298 0)
(-0.0776623 0.540705 0)
(-0.101174 0.544151 0)
(-0.125615 0.544676 0)
(-0.150803 0.542346 0)
(-0.176515 0.537251 0)
(-0.202448 0.529493 0)
(-0.228109 0.519192 0)
(-0.252852 0.506457 0)
(-0.275052 0.491426 0)
(-0.29027 0.474255 0)
(-0.292354 0.455171 0)
(-0.27997 0.434354 0)
(-0.258742 0.412048 0)
(-0.234784 0.388631 0)
(-0.210999 0.364573 0)
(-0.188134 0.340429 0)
(-0.165608 0.316816 0)
(-0.14375 0.294321 0)
(-0.12491 0.273777 0)
(-0.111299 0.256203 0)
(-0.103686 0.242414 0)
(-0.101513 0.232526 0)
(-0.103398 0.225742 0)
(-0.107922 0.220757 0)
(-0.113989 0.216509 0)
(-0.120815 0.212417 0)
(-0.127916 0.208234 0)
(-0.135037 0.203873 0)
(-0.142057 0.199309 0)
(-0.14892 0.19454 0)
(-0.155601 0.18957 0)
(-0.162084 0.184407 0)
(-0.16836 0.179058 0)
(-0.174423 0.173533 0)
(-0.180265 0.167842 0)
(-0.185883 0.161994 0)
(-0.191271 0.155998 0)
(-0.196427 0.149867 0)
(-0.201349 0.143608 0)
(-0.206033 0.137231 0)
(-0.210479 0.130746 0)
(-0.214686 0.124162 0)
(-0.218653 0.117486 0)
(-0.22238 0.110728 0)
(-0.225866 0.103893 0)
(-0.229114 0.0969909 0)
(-0.232123 0.0900267 0)
(-0.234893 0.0830071 0)
(-0.237428 0.0759381 0)
(-0.239726 0.0688254 0)
(-0.24179 0.0616743 0)
(-0.243621 0.0544901 0)
(-0.24522 0.0472782 0)
(-0.246588 0.0400435 0)
(-0.247728 0.0327906 0)
(-0.248637 0.0255231 0)
(-0.249314 0.0182433 0)
(-0.249759 0.010953 0)
(-0.24999 0.00365381 0)
(0.249979 0.00766571 0)
(0.249522 0.0229685 0)
(0.248642 0.0382253 0)
(0.247301 0.0534169 0)
(0.245501 0.0685236 0)
(0.243247 0.0835241 0)
(0.240544 0.0983948 0)
(0.237391 0.11311 0)
(0.233787 0.127643 0)
(0.229733 0.141966 0)
(0.22523 0.156052 0)
(0.220282 0.169873 0)
(0.214892 0.183399 0)
(0.209064 0.196604 0)
(0.202805 0.209456 0)
(0.196122 0.221928 0)
(0.189021 0.233987 0)
(0.181514 0.245605 0)
(0.173609 0.256747 0)
(0.165319 0.267384 0)
(0.156659 0.277485 0)
(0.147651 0.287021 0)
(0.13833 0.295974 0)
(0.128761 0.30434 0)
(0.119067 0.312168 0)
(0.109481 0.319625 0)
(0.100382 0.327147 0)
(0.0922801 0.335633 0)
(0.0855927 0.346436 0)
(0.0803265 0.360851 0)
(0.0759171 0.379392 0)
(0.07134 0.401507 0)
(0.0655043 0.425957 0)
(0.0576614 0.45135 0)
(0.0475164 0.476456 0)
(0.0350805 0.5003 0)
(0.0204948 0.522151 0)
(0.003957 0.541492 0)
(-0.0142921 0.557973 0)
(-0.0340965 0.571384 0)
(-0.0553349 0.581603 0)
(-0.0778335 0.588585 0)
(-0.101427 0.592337 0)
(-0.125948 0.592907 0)
(-0.151212 0.590369 0)
(-0.176996 0.584821 0)
(-0.20299 0.576375 0)
(-0.22871 0.565155 0)
(-0.253519 0.551279 0)
(-0.275754 0.534895 0)
(-0.290871 0.516186 0)
(-0.292708 0.495366 0)
(-0.280109 0.472627 0)
(-0.258791 0.448256 0)
(-0.234826 0.422678 0)
(-0.211068 0.39641 0)
(-0.188225 0.370052 0)
(-0.16572 0.344272 0)
(-0.143926 0.319703 0)
(-0.125204 0.297248 0)
(-0.111768 0.278032 0)
(-0.104375 0.26298 0)
(-0.102422 0.252245 0)
(-0.104498 0.244942 0)
(-0.109182 0.239612 0)
(-0.115378 0.235076 0)
(-0.122303 0.230692 0)
(-0.12948 0.22619 0)
(-0.136657 0.221474 0)
(-0.143716 0.216518 0)
(-0.150604 0.211321 0)
(-0.157295 0.205892 0)
(-0.163776 0.20024 0)
(-0.170037 0.194379 0)
(-0.176073 0.188321 0)
(-0.18188 0.182079 0)
(-0.187452 0.175666 0)
(-0.192786 0.169094 0)
(-0.197881 0.162376 0)
(-0.202733 0.155525 0)
(-0.207343 0.148551 0)
(-0.211708 0.141465 0)
(-0.21583 0.134279 0)
(-0.219708 0.127001 0)
(-0.223343 0.11964 0)
(-0.226737 0.112206 0)
(-0.229891 0.104707 0)
(-0.232807 0.0971482 0)
(-0.235488 0.0895381 0)
(-0.237934 0.0818826 0)
(-0.240149 0.0741874 0)
(-0.242135 0.0664579 0)
(-0.243893 0.0586995 0)
(-0.245427 0.0509173 0)
(-0.246738 0.043116 0)
(-0.247829 0.0352999 0)
(-0.248698 0.0274721 0)
(-0.249345 0.0196342 0)
(-0.249769 0.0117872 0)
(-0.24999 0.00393198 0)
(0.24998 0.00821947 0)
(0.24954 0.0246291 0)
(0.248693 0.0409931 0)
(0.247402 0.0572934 0)
(0.245666 0.0735113 0)
(0.24349 0.0896261 0)
(0.240875 0.105614 0)
(0.237819 0.12145 0)
(0.234318 0.137106 0)
(0.230369 0.152552 0)
(0.225973 0.167762 0)
(0.221127 0.182704 0)
(0.215833 0.197349 0)
(0.210092 0.211667 0)
(0.203907 0.225627 0)
(0.197284 0.239198 0)
(0.190232 0.252351 0)
(0.18276 0.265056 0)
(0.174882 0.277286 0)
(0.166614 0.28901 0)
(0.157971 0.300199 0)
(0.148976 0.310821 0)
(0.139658 0.320849 0)
(0.130077 0.330269 0)
(0.120347 0.339112 0)
(0.110695 0.347536 0)
(0.1015 0.355979 0)
(0.0932809 0.365358 0)
(0.0864731 0.377085 0)
(0.0811039 0.392541 0)
(0.0766197 0.412322 0)
(0.0719915 0.435913 0)
(0.0661141 0.462046 0)
(0.058224 0.489253 0)
(0.048015 0.51621 0)
(0.0354973 0.541853 0)
(0.0208169 0.565377 0)
(0.00417587 0.586206 0)
(-0.0141763 0.603955 0)
(-0.0340784 0.618389 0)
(-0.0554079 0.629375 0)
(-0.077988 0.636865 0)
(-0.101652 0.640868 0)
(-0.126233 0.64144 0)
(-0.151548 0.638665 0)
(-0.177377 0.63265 0)
(-0.203417 0.623515 0)
(-0.229186 0.61139 0)
(-0.25405 0.596401 0)
(-0.276313 0.578709 0)
(-0.291344 0.558501 0)
(-0.292988 0.535981 0)
(-0.280226 0.51135 0)
(-0.25885 0.484937 0)
(-0.234896 0.45722 0)
(-0.211181 0.42877 0)
(-0.188358 0.400251 0)
(-0.165853 0.372403 0)
(-0.144129 0.345952 0)
(-0.125584 0.321908 0)
(-0.112375 0.301454 0)
(-0.105221 0.28551 0)
(-0.103487 0.274138 0)
(-0.105748 0.26632 0)
(-0.110589 0.260494 0)
(-0.116912 0.255439 0)
(-0.123936 0.250506 0)
(-0.13119 0.245428 0)
(-0.138428 0.240117 0)
(-0.145535 0.234553 0)
(-0.152459 0.228741 0)
(-0.159177 0.222691 0)
(-0.165674 0.216415 0)
(-0.171941 0.209928 0)
(-0.177971 0.203242 0)
(-0.183758 0.196371 0)
(-0.189297 0.189327 0)
(-0.194586 0.182124 0)
(-0.199622 0.174775 0)
(-0.204404 0.167294 0)
(-0.208931 0.159692 0)
(-0.213206 0.151981 0)
(-0.217228 0.144173 0)
(-0.221001 0.136278 0)
(-0.224526 0.128306 0)
(-0.227808 0.120267 0)
(-0.230848 0.112168 0)
(-0.233651 0.104018 0)
(-0.23622 0.0958238 0)
(-0.238559 0.087591 0)
(-0.240671 0.0793257 0)
(-0.24256 0.0710333 0)
(-0.24423 0.0627186 0)
(-0.245683 0.0543864 0)
(-0.246923 0.046041 0)
(-0.247953 0.037686 0)
(-0.248773 0.0293237 0)
(-0.249383 0.0209547 0)
(-0.249783 0.0125789 0)
(-0.249991 0.00419586 0)
(0.249981 0.00874851 0)
(0.249564 0.0262163 0)
(0.24876 0.0436405 0)
(0.247535 0.0610056 0)
(0.245884 0.0782947 0)
(0.243812 0.0954884 0)
(0.241315 0.112564 0)
(0.23839 0.129495 0)
(0.23503 0.146252 0)
(0.231231 0.162806 0)
(0.226988 0.179125 0)
(0.222297 0.195175 0)
(0.217158 0.210921 0)
(0.211567 0.226327 0)
(0.205523 0.241354 0)
(0.199027 0.255959 0)
(0.192078 0.2701 0)
(0.184679 0.283735 0)
(0.176837 0.296821 0)
(0.168565 0.309322 0)
(0.159882 0.321204 0)
(0.150816 0.33244 0)
(0.14141 0.343011 0)
(0.131733 0.352912 0)
(0.12191 0.362186 0)
(0.112169 0.371012 0)
(0.102891 0.379873 0)
(0.0945912 0.389787 0)
(0.0877013 0.402335 0)
(0.0822482 0.419069 0)
(0.0776757 0.44065 0)
(0.0729466 0.466468 0)
(0.0669438 0.495067 0)
(0.0588991 0.524794 0)
(0.0485163 0.554181 0)
(0.035818 0.582069 0)
(0.02096 0.607592 0)
(0.0041554 0.630143 0)
(-0.0143369 0.649322 0)
(-0.0343503 0.664887 0)
(-0.0557594 0.676711 0)
(-0.078386 0.684755 0)
(-0.102065 0.689043 0)
(-0.126632 0.689644 0)
(-0.15191 0.686658 0)
(-0.177688 0.680207 0)
(-0.203674 0.670426 0)
(-0.229399 0.657457 0)
(-0.254237 0.641434 0)
(-0.276468 0.622521 0)
(-0.291398 0.600899 0)
(-0.292873 0.576747 0)
(-0.27998 0.550263 0)
(-0.258566 0.52181 0)
(-0.234643 0.491905 0)
(-0.211003 0.461162 0)
(-0.188257 0.430287 0)
(-0.165789 0.400058 0)
(-0.144101 0.371266 0)
(-0.125692 0.345064 0)
(-0.112762 0.32278 0)
(-0.105946 0.305462 0)
(-0.104531 0.293215 0)
(-0.107059 0.2849 0)
(-0.112126 0.278769 0)
(-0.11864 0.273465 0)
(-0.125831 0.268279 0)
(-0.133232 0.26292 0)
(-0.140601 0.257293 0)
(-0.147822 0.251374 0)
(-0.15484 0.245167 0)
(-0.161628 0.238683 0)
(-0.16817 0.231934 0)
(-0.174454 0.224937 0)
(-0.180474 0.217708 0)
(-0.186225 0.210267 0)
(-0.191706 0.202632 0)
(-0.196917 0.194821 0)
(-0.201859 0.186854 0)
(-0.206534 0.178746 0)
(-0.210943 0.170516 0)
(-0.215091 0.162177 0)
(-0.218981 0.153744 0)
(-0.222615 0.14523 0)
(-0.225999 0.136646 0)
(-0.229137 0.128002 0)
(-0.232034 0.119308 0)
(-0.234695 0.110573 0)
(-0.237126 0.101804 0)
(-0.239331 0.0930065 0)
(-0.241315 0.0841874 0)
(-0.243085 0.0753513 0)
(-0.244644 0.0665027 0)
(-0.245998 0.0576458 0)
(-0.247151 0.0487841 0)
(-0.248106 0.0399202 0)
(-0.248866 0.0310551 0)
(-0.249429 0.0221883 0)
(-0.249799 0.0133179 0)
(-0.249991 0.00444214 0)
(0.249982 0.00924496 0)
(0.249595 0.0277067 0)
(0.248849 0.0461299 0)
(0.247709 0.0645029 0)
(0.246169 0.0828129 0)
(0.244229 0.101043 0)
(0.241883 0.119174 0)
(0.239121 0.13718 0)
(0.235932 0.155035 0)
(0.232306 0.172707 0)
(0.228234 0.190165 0)
(0.223708 0.207378 0)
(0.218721 0.22431 0)
(0.21327 0.24093 0)
(0.207358 0.257205 0)
(0.200988 0.273099 0)
(0.194166 0.288572 0)
(0.186896 0.30358 0)
(0.179178 0.318073 0)
(0.171017 0.331997 0)
(0.162417 0.345297 0)
(0.153392 0.357922 0)
(0.14397 0.369832 0)
(0.134211 0.381005 0)
(0.124235 0.391476 0)
(0.11427 0.401415 0)
(0.104704 0.41131 0)
(0.0960699 0.422206 0)
(0.0888343 0.435744 0)
(0.0830637 0.453571 0)
(0.0782264 0.476417 0)
(0.0732869 0.503694 0)
(0.0671176 0.533909 0)
(0.0589359 0.565334 0)
(0.048433 0.596415 0)
(0.0356227 0.625908 0)
(0.0206616 0.652882 0)
(0.00377082 0.676679 0)
(-0.0147903 0.696869 0)
(-0.0348502 0.713192 0)
(-0.0562712 0.72552 0)
(-0.0788695 0.73382 0)
(-0.102478 0.738127 0)
(-0.126934 0.738531 0)
(-0.152065 0.735153 0)
(-0.177671 0.72814 0)
(-0.203471 0.717647 0)
(-0.229023 0.703836 0)
(-0.253718 0.686852 0)
(-0.275846 0.66686 0)
(-0.290687 0.644019 0)
(-0.292077 0.618458 0)
(-0.279153 0.590353 0)
(-0.257794 0.560088 0)
(-0.233985 0.528219 0)
(-0.210495 0.49542 0)
(-0.187909 0.462483 0)
(-0.165584 0.430279 0)
(-0.143999 0.399677 0)
(-0.125741 0.371924 0)
(-0.113128 0.348474 0)
(-0.106745 0.330342 0)
(-0.105768 0.317499 0)
(-0.108696 0.308649 0)
(-0.114122 0.301947 0)
(-0.120946 0.296011 0)
(-0.128389 0.290133 0)
(-0.135986 0.284031 0)
(-0.143498 0.277619 0)
(-0.150815 0.270883 0)
(-0.157886 0.263836 0)
(-0.164691 0.256496 0)
(-0.171219 0.248889 0)
(-0.177466 0.24104 0)
(-0.183432 0.232971 0)
(-0.189117 0.224708 0)
(-0.19452 0.216271 0)
(-0.199643 0.207682 0)
(-0.204486 0.198959 0)
(-0.209049 0.190119 0)
(-0.213335 0.181176 0)
(-0.217346 0.172144 0)
(-0.221088 0.163036 0)
(-0.224566 0.153865 0)
(-0.227786 0.144641 0)
(-0.230756 0.135376 0)
(-0.233482 0.126078 0)
(-0.235973 0.116756 0)
(-0.238236 0.107417 0)
(-0.240278 0.0980675 0)
(-0.242107 0.0887117 0)
(-0.243731 0.0793541 0)
(-0.245155 0.0699982 0)
(-0.246387 0.0606471 0)
(-0.247432 0.051303 0)
(-0.248295 0.0419669 0)
(-0.24898 0.0326383 0)
(-0.249487 0.0233147 0)
(-0.24982 0.0139922 0)
(-0.249992 0.00466671 0)
(0.249984 0.00969798 0)
(0.249638 0.0290682 0)
(0.248969 0.0484077 0)
(0.247945 0.0677109 0)
(0.246559 0.0869693 0)
(0.244803 0.10617 0)
(0.242668 0.125296 0)
(0.240139 0.144321 0)
(0.237201 0.163217 0)
(0.233838 0.181952 0)
(0.230034 0.200486 0)
(0.225773 0.218777 0)
(0.22104 0.236777 0)
(0.215813 0.254428 0)
(0.210075 0.271676 0)
(0.203814 0.288473 0)
(0.197033 0.304779 0)
(0.189745 0.320556 0)
(0.181969 0.335765 0)
(0.173724 0.350366 0)
(0.165029 0.364314 0)
(0.155905 0.37756 0)
(0.146386 0.390059 0)
(0.13653 0.401783 0)
(0.12646 0.412761 0)
(0.116404 0.423169 0)
(0.106753 0.433527 0)
(0.0980403 0.444964 0)
(0.0907324 0.459279 0)
(0.0848851 0.478302 0)
(0.0799485 0.50287 0)
(0.0748635 0.532337 0)
(0.0684783 0.565036 0)
(0.0599989 0.59904 0)
(0.0491237 0.632633 0)
(0.0358949 0.664453 0)
(0.0205072 0.693488 0)
(0.00322116 0.719037 0)
(-0.0156734 0.740655 0)
(-0.0359756 0.758077 0)
(-0.0575219 0.771185 0)
(-0.0801177 0.779965 0)
(-0.103589 0.784475 0)
(-0.127775 0.784832 0)
(-0.152516 0.781193 0)
(-0.177634 0.773744 0)
(-0.202881 0.762683 0)
(-0.227858 0.748211 0)
(-0.252016 0.730501 0)
(-0.273712 0.709724 0)
(-0.288297 0.685997 0)
(-0.289619 0.659351 0)
(-0.276805 0.629878 0)
(-0.255711 0.597936 0)
(-0.232269 0.564081 0)
(-0.209193 0.52901 0)
(-0.187006 0.493565 0)
(-0.165067 0.458676 0)
(-0.143899 0.425318 0)
(-0.126025 0.394928 0)
(-0.11378 0.369239 0)
(-0.107818 0.349504 0)
(-0.107231 0.335709 0)
(-0.110485 0.326345 0)
(-0.11619 0.319315 0)
(-0.123256 0.313091 0)
(-0.130909 0.306906 0)
(-0.138692 0.300464 0)
(-0.146372 0.29368 0)
(-0.153841 0.286544 0)
(-0.161051 0.279074 0)
(-0.16798 0.271294 0)
(-0.174615 0.263228 0)
(-0.180949 0.254902 0)
(-0.186975 0.246338 0)
(-0.192687 0.237557 0)
(-0.198078 0.228579 0)
(-0.203145 0.219423 0)
(-0.20789 0.210108 0)
(-0.212316 0.200656 0)
(-0.216435 0.191086 0)
(-0.220257 0.181421 0)
(-0.223794 0.171682 0)
(-0.227057 0.161887 0)
(-0.230056 0.152051 0)
(-0.232802 0.142188 0)
(-0.235305 0.132309 0)
(-0.237575 0.122424 0)
(-0.239623 0.112541 0)
(-0.241459 0.102666 0)
(-0.243092 0.0928042 0)
(-0.244532 0.0829589 0)
(-0.245788 0.0731328 0)
(-0.246868 0.0633278 0)
(-0.247779 0.0535445 0)
(-0.248528 0.0437825 0)
(-0.249121 0.0340389 0)
(-0.249558 0.0243091 0)
(-0.249845 0.0145865 0)
(-0.249993 0.00486449 0)
(0.249986 0.0100925 0)
(0.249693 0.0302578 0)
(0.249125 0.0504097 0)
(0.248249 0.0705526 0)
(0.247052 0.0906873 0)
(0.245522 0.110809 0)
(0.243639 0.130905 0)
(0.241382 0.150957 0)
(0.23873 0.170943 0)
(0.235663 0.190835 0)
(0.232164 0.210605 0)
(0.22822 0.230227 0)
(0.223818 0.249672 0)
(0.21896 0.268927 0)
(0.213622 0.287917 0)
(0.20776 0.306535 0)
(0.201338 0.324687 0)
(0.194337 0.342299 0)
(0.186757 0.359311 0)
(0.178607 0.375666 0)
(0.169906 0.39131 0)
(0.160679 0.406191 0)
(0.150963 0.420254 0)
(0.140819 0.433463 0)
(0.130365 0.445832 0)
(0.119826 0.457527 0)
(0.109592 0.469066 0)
(0.10021 0.481621 0)
(0.092184 0.497101 0)
(0.0856281 0.517489 0)
(0.0800311 0.543709 0)
(0.0743363 0.57508 0)
(0.0673922 0.609809 0)
(0.0584227 0.645822 0)
(0.0471373 0.68126 0)
(0.033576 0.714658 0)
(0.0179406 0.744934 0)
(0.000527926 0.771347 0)
(-0.018368 0.793443 0)
(-0.0385517 0.810945 0)
(-0.0598416 0.823752 0)
(-0.0820544 0.831895 0)
(-0.105037 0.835512 0)
(-0.128628 0.834805 0)
(-0.152651 0.830012 0)
(-0.176917 0.821398 0)
(-0.201193 0.809247 0)
(-0.225121 0.793842 0)
(-0.248238 0.775437 0)
(-0.269059 0.754243 0)
(-0.28314 0.730304 0)
(-0.284392 0.703472 0)
(-0.271855 0.67362 0)
(-0.251258 0.640958 0)
(-0.22842 0.605991 0)
(-0.205987 0.56944 0)
(-0.184429 0.532214 0)
(-0.163067 0.495333 0)
(-0.142451 0.459925 0)
(-0.125154 0.427607 0)
(-0.113564 0.40024 0)
(-0.108385 0.379223 0)
(-0.108623 0.364494 0)
(-0.11266 0.354367 0)
(-0.11909 0.346579 0)
(-0.126794 0.339529 0)
(-0.134988 0.332438 0)
(-0.143213 0.325026 0)
(-0.151246 0.317219 0)
(-0.158984 0.309023 0)
(-0.166384 0.300461 0)
(-0.173423 0.291565 0)
(-0.180092 0.282365 0)
(-0.186384 0.272891 0)
(-0.192297 0.26317 0)
(-0.197831 0.253232 0)
(-0.202993 0.243103 0)
(-0.207791 0.232815 0)
(-0.212244 0.222405 0)
(-0.216373 0.211913 0)
(-0.220205 0.201383 0)
(-0.22375 0.190835 0)
(-0.227015 0.180275 0)
(-0.23001 0.169714 0)
(-0.232744 0.15916 0)
(-0.235227 0.148623 0)
(-0.237471 0.138111 0)
(-0.239485 0.12763 0)
(-0.241284 0.117186 0)
(-0.242878 0.106784 0)
(-0.24428 0.0964256 0)
(-0.245503 0.0861136 0)
(-0.246557 0.0758479 0)
(-0.247454 0.065628 0)
(-0.248204 0.0554518 0)
(-0.248815 0.0453159 0)
(-0.249295 0.0352145 0)
(-0.249647 0.0251395 0)
(-0.249876 0.015081 0)
(-0.249995 0.00502871 0)
(0.249993 0.0104041 0)
(0.249786 0.0311986 0)
(0.249377 0.051996 0)
(0.248731 0.0728133 0)
(0.247824 0.0936617 0)
(0.246634 0.114542 0)
(0.245125 0.135444 0)
(0.24326 0.156341 0)
(0.240996 0.177197 0)
(0.238289 0.197963 0)
(0.235101 0.21858 0)
(0.231397 0.238977 0)
(0.22716 0.259082 0)
(0.222354 0.278775 0)
(0.217069 0.298274 0)
(0.211286 0.317565 0)
(0.204965 0.336498 0)
(0.198083 0.354949 0)
(0.190621 0.372818 0)
(0.182568 0.390026 0)
(0.173925 0.406503 0)
(0.164705 0.422188 0)
(0.154941 0.437023 0)
(0.144692 0.450966 0)
(0.134078 0.464024 0)
(0.123331 0.476355 0)
(0.112854 0.488484 0)
(0.103217 0.501622 0)
(0.0949473 0.517786 0)
(0.0881547 0.539118 0)
(0.0822916 0.566643 0)
(0.0762612 0.599661 0)
(0.068886 0.636255 0)
(0.0593648 0.674184 0)
(0.0474031 0.711453 0)
(0.0330771 0.746501 0)
(0.0166441 0.778187 0)
(-0.00152395 0.805685 0)
(-0.0211137 0.82861 0)
(-0.0419114 0.84667 0)
(-0.0636504 0.859839 0)
(-0.0860651 0.868348 0)
(-0.108885 0.872217 0)
(-0.131868 0.871484 0)
(-0.154805 0.866374 0)
(-0.177501 0.857229 0)
(-0.199749 0.844457 0)
(-0.221262 0.828497 0)
(-0.24175 0.809788 0)
(-0.260184 0.788715 0)
(-0.272743 0.765287 0)
(-0.273698 0.739028 0)
(-0.261991 0.709216 0)
(-0.242954 0.675746 0)
(-0.221989 0.639241 0)
(-0.201438 0.600751 0)
(-0.181663 0.561229 0)
(-0.161889 0.521778 0)
(-0.142545 0.483613 0)
(-0.126193 0.448647 0)
(-0.11526 0.419102 0)
(-0.110571 0.39659 0)
(-0.111263 0.380991 0)
(-0.11572 0.370326 0)
(-0.122546 0.362092 0)
(-0.130596 0.354583 0)
(-0.139069 0.347002 0)
(-0.147506 0.33907 0)
(-0.155689 0.330722 0)
(-0.163521 0.32197 0)
(-0.170964 0.312841 0)
(-0.178003 0.30337 0)
(-0.184634 0.29359 0)
(-0.190859 0.283534 0)
(-0.196687 0.273238 0)
(-0.202131 0.262738 0)
(-0.207207 0.252079 0)
(-0.211932 0.241311 0)
(-0.216323 0.230489 0)
(-0.220417 0.219677 0)
(-0.224203 0.208825 0)
(-0.227645 0.197869 0)
(-0.230763 0.186856 0)
(-0.233564 0.175813 0)
(-0.236064 0.164763 0)
(-0.238281 0.153728 0)
(-0.240234 0.142723 0)
(-0.241944 0.131765 0)
(-0.243432 0.120863 0)
(-0.244718 0.110025 0)
(-0.245822 0.0992574 0)
(-0.246762 0.0885617 0)
(-0.247554 0.0779383 0)
(-0.248214 0.0673852 0)
(-0.248755 0.0568984 0)
(-0.249188 0.0464718 0)
(-0.249523 0.0360965 0)
(-0.249764 0.0257606 0)
(-0.249919 0.0154503 0)
(-0.249997 0.0051512 0)
(0.249992 0.0106611 0)
(0.249869 0.0319741 0)
(0.249634 0.0533263 0)
(0.249266 0.0747673 0)
(0.248744 0.0963404 0)
(0.248041 0.118078 0)
(0.247124 0.139999 0)
(0.245952 0.162108 0)
(0.244476 0.184396 0)
(0.242643 0.206839 0)
(0.240393 0.229398 0)
(0.237658 0.252021 0)
(0.234368 0.27464 0)
(0.230455 0.297189 0)
(0.225822 0.319416 0)
(0.220511 0.341294 0)
(0.214556 0.362836 0)
(0.207941 0.383977 0)
(0.200641 0.404615 0)
(0.192636 0.424634 0)
(0.183919 0.443923 0)
(0.174495 0.462384 0)
(0.164384 0.479931 0)
(0.153629 0.496497 0)
(0.142327 0.512071 0)
(0.130677 0.526789 0)
(0.119056 0.541166 0)
(0.108053 0.556456 0)
(0.0982734 0.574828 0)
(0.089937 0.598658 0)
(0.0825623 0.629072 0)
(0.0750743 0.665221 0)
(0.0662968 0.704893 0)
(0.0554444 0.745594 0)
(0.0422756 0.785161 0)
(0.0268894 0.821916 0)
(0.00944325 0.854649 0)
(-0.00933737 0.882577 0)
(-0.0291833 0.905071 0)
(-0.050146 0.921923 0)
(-0.0717744 0.933059 0)
(-0.0937011 0.938417 0)
(-0.115614 0.938292 0)
(-0.137267 0.933151 0)
(-0.158462 0.923503 0)
(-0.179024 0.909958 0)
(-0.198766 0.893255 0)
(-0.217358 0.874277 0)
(-0.234444 0.854003 0)
(-0.249413 0.833614 0)
(-0.259337 0.81403 0)
(-0.259363 0.794151 0)
(-0.248469 0.770676 0)
(-0.231126 0.741479 0)
(-0.212006 0.706932 0)
(-0.193184 0.668431 0)
(-0.175051 0.627867 0)
(-0.157035 0.586665 0)
(-0.139543 0.545698 0)
(-0.124908 0.506879 0)
(-0.115487 0.473163 0)
(-0.112292 0.446966 0)
(-0.114631 0.428556 0)
(-0.120794 0.415613 0)
(-0.129179 0.405259 0)
(-0.13851 0.395641 0)
(-0.147973 0.385945 0)
(-0.157157 0.375903 0)
(-0.165889 0.365459 0)
(-0.174108 0.354629 0)
(-0.1818 0.343444 0)
(-0.188971 0.331947 0)
(-0.195629 0.320181 0)
(-0.201789 0.308192 0)
(-0.20747 0.296031 0)
(-0.212693 0.283745 0)
(-0.217479 0.271377 0)
(-0.221849 0.258958 0)
(-0.225809 0.246494 0)
(-0.229331 0.233958 0)
(-0.232418 0.221395 0)
(-0.235128 0.208898 0)
(-0.237493 0.196484 0)
(-0.239548 0.184174 0)
(-0.241326 0.171986 0)
(-0.242856 0.159933 0)
(-0.244167 0.148026 0)
(-0.245283 0.136271 0)
(-0.246228 0.12467 0)
(-0.247023 0.113222 0)
(-0.247688 0.101923 0)
(-0.248239 0.0907668 0)
(-0.248691 0.0797449 0)
(-0.249058 0.0688472 0)
(-0.249351 0.0580618 0)
(-0.24958 0.0473749 0)
(-0.249754 0.0367701 0)
(-0.249877 0.0262279 0)
(-0.249956 0.0157264 0)
(-0.249998 0.00524332 0)
)
;

boundaryField
{
    fuel
    {
        type            fixedValue;
        value           uniform (0.25 0 0);
    }
    air
    {
        type            fixedValue;
        value           uniform (-0.25 0 0);
    }
    outlet
    {
        type            pressureInletOutletVelocity;
        value           nonuniform List<vector> 
200
(
(0.249992 -0.0106602 0)
(0.249869 -0.0319724 0)
(0.249634 -0.0533245 0)
(0.249266 -0.0747654 0)
(0.248744 -0.0963384 0)
(0.248041 -0.118076 0)
(0.247124 -0.139997 0)
(0.245952 -0.162106 0)
(0.244476 -0.184394 0)
(0.242643 -0.206837 0)
(0.240393 -0.229397 0)
(0.237658 -0.252019 0)
(0.234368 -0.274638 0)
(0.230455 -0.297187 0)
(0.225822 -0.319414 0)
(0.220511 -0.341292 0)
(0.214555 -0.362833 0)
(0.20794 -0.383975 0)
(0.20064 -0.404612 0)
(0.192635 -0.424631 0)
(0.183919 -0.443921 0)
(0.174495 -0.462381 0)
(0.164383 -0.479927 0)
(0.153628 -0.496493 0)
(0.142326 -0.512067 0)
(0.130676 -0.526784 0)
(0.119055 -0.541161 0)
(0.108051 -0.556451 0)
(0.0982722 -0.574824 0)
(0.0899363 -0.598654 0)
(0.0825621 -0.629069 0)
(0.0750743 -0.665219 0)
(0.0662969 -0.704891 0)
(0.0554444 -0.745591 0)
(0.0422754 -0.785159 0)
(0.0268892 -0.821913 0)
(0.00944327 -0.854647 0)
(-0.00933727 -0.882575 0)
(-0.0291834 -0.905069 0)
(-0.0501469 -0.921922 0)
(-0.0717763 -0.93306 0)
(-0.0937035 -0.938419 0)
(-0.115617 -0.938294 0)
(-0.13727 -0.933154 0)
(-0.158466 -0.923507 0)
(-0.179029 -0.909963 0)
(-0.198772 -0.893262 0)
(-0.217364 -0.874286 0)
(-0.234451 -0.854014 0)
(-0.249422 -0.833625 0)
(-0.259352 -0.814041 0)
(-0.259386 -0.794165 0)
(-0.248496 -0.770695 0)
(-0.231154 -0.741503 0)
(-0.212032 -0.706961 0)
(-0.193208 -0.668463 0)
(-0.175073 -0.627901 0)
(-0.157057 -0.5867 0)
(-0.139563 -0.545734 0)
(-0.124922 -0.506912 0)
(-0.115494 -0.473188 0)
(-0.112292 -0.446982 0)
(-0.114625 -0.428563 0)
(-0.120785 -0.415617 0)
(-0.129168 -0.405261 0)
(-0.138498 -0.395643 0)
(-0.147962 -0.385947 0)
(-0.157147 -0.375906 0)
(-0.165879 -0.365463 0)
(-0.174099 -0.354633 0)
(-0.181793 -0.343449 0)
(-0.188964 -0.331952 0)
(-0.195622 -0.320185 0)
(-0.201784 -0.308197 0)
(-0.207465 -0.296035 0)
(-0.212689 -0.283749 0)
(-0.217476 -0.271382 0)
(-0.221846 -0.258962 0)
(-0.225807 -0.246498 0)
(-0.229329 -0.233962 0)
(-0.232417 -0.221399 0)
(-0.235127 -0.208901 0)
(-0.237492 -0.196487 0)
(-0.239547 -0.184176 0)
(-0.241325 -0.171988 0)
(-0.242856 -0.159935 0)
(-0.244166 -0.148028 0)
(-0.245283 -0.136272 0)
(-0.246228 -0.124671 0)
(-0.247023 -0.113223 0)
(-0.247688 -0.101924 0)
(-0.248238 -0.0907672 0)
(-0.248691 -0.0797452 0)
(-0.249058 -0.0688472 0)
(-0.249351 -0.0580615 0)
(-0.24958 -0.0473744 0)
(-0.249754 -0.0367695 0)
(-0.249877 -0.0262272 0)
(-0.249956 -0.0157257 0)
(-0.249998 -0.00524299 0)
(0.249992 0.0106611 0)
(0.249869 0.0319741 0)
(0.249634 0.0533263 0)
(0.249266 0.0747673 0)
(0.248744 0.0963404 0)
(0.248041 0.118078 0)
(0.247124 0.139999 0)
(0.245952 0.162108 0)
(0.244476 0.184396 0)
(0.242643 0.206839 0)
(0.240393 0.229398 0)
(0.237658 0.252021 0)
(0.234368 0.27464 0)
(0.230455 0.297189 0)
(0.225822 0.319416 0)
(0.220511 0.341294 0)
(0.214556 0.362836 0)
(0.207941 0.383977 0)
(0.200641 0.404615 0)
(0.192636 0.424634 0)
(0.183919 0.443923 0)
(0.174495 0.462384 0)
(0.164384 0.479931 0)
(0.153629 0.496497 0)
(0.142327 0.512071 0)
(0.130677 0.526789 0)
(0.119056 0.541166 0)
(0.108053 0.556456 0)
(0.0982734 0.574828 0)
(0.089937 0.598658 0)
(0.0825623 0.629072 0)
(0.0750743 0.665221 0)
(0.0662968 0.704893 0)
(0.0554444 0.745594 0)
(0.0422756 0.785161 0)
(0.0268894 0.821916 0)
(0.00944325 0.854649 0)
(-0.00933737 0.882577 0)
(-0.0291833 0.905071 0)
(-0.050146 0.921923 0)
(-0.0717744 0.933059 0)
(-0.0937011 0.938417 0)
(-0.115614 0.938292 0)
(-0.137267 0.933151 0)
(-0.158462 0.923503 0)
(-0.179024 0.909958 0)
(-0.198766 0.893255 0)
(-0.217358 0.874277 0)
(-0.234444 0.854003 0)
(-0.249413 0.833614 0)
(-0.259337 0.81403 0)
(-0.259363 0.794151 0)
(-0.248469 0.770676 0)
(-0.231126 0.741479 0)
(-0.212006 0.706932 0)
(-0.193184 0.668431 0)
(-0.175051 0.627867 0)
(-0.157035 0.586665 0)
(-0.139543 0.545698 0)
(-0.124908 0.506879 0)
(-0.115487 0.473163 0)
(-0.112292 0.446966 0)
(-0.114631 0.428556 0)
(-0.120794 0.415613 0)
(-0.129179 0.405259 0)
(-0.13851 0.395641 0)
(-0.147973 0.385945 0)
(-0.157157 0.375903 0)
(-0.165889 0.365459 0)
(-0.174108 0.354629 0)
(-0.1818 0.343444 0)
(-0.188971 0.331947 0)
(-0.195629 0.320181 0)
(-0.201789 0.308192 0)
(-0.20747 0.296031 0)
(-0.212693 0.283745 0)
(-0.217479 0.271377 0)
(-0.221849 0.258958 0)
(-0.225809 0.246494 0)
(-0.229331 0.233958 0)
(-0.232418 0.221395 0)
(-0.235128 0.208898 0)
(-0.237493 0.196484 0)
(-0.239548 0.184174 0)
(-0.241326 0.171986 0)
(-0.242856 0.159933 0)
(-0.244167 0.148026 0)
(-0.245283 0.136271 0)
(-0.246228 0.12467 0)
(-0.247023 0.113222 0)
(-0.247688 0.101923 0)
(-0.248239 0.0907668 0)
(-0.248691 0.0797449 0)
(-0.249058 0.0688472 0)
(-0.249351 0.0580618 0)
(-0.24958 0.0473749 0)
(-0.249754 0.0367701 0)
(-0.249877 0.0262279 0)
(-0.249956 0.0157264 0)
(-0.249998 0.00524332 0)
)
;
    }
    frontAndBack
    {
        type            empty;
    }
}


// ************************************************************************* //
