/*--------------------------------*- C++ -*----------------------------------*\
  =========                 |
  \\      /  F ield         | OpenFOAM: The Open Source CFD Toolbox
   \\    /   O peration     | Website:  https://openfoam.org
    \\  /    A nd           | Version:  11
     \\/     M anipulation  |
\*---------------------------------------------------------------------------*/
FoamFile
{
    format      ascii;
    class       volVectorField;
    location    "0.1";
    object      U;
}
// * * * * * * * * * * * * * * * * * * * * * * * * * * * * * * * * * * * * * //

dimensions      [0 1 -1 0 0 0 0];

internalField   nonuniform List<vector> 
4000
(
(0.0999856 -0.00457716 0)
(0.0998787 -0.0139277 0)
(0.0996944 -0.0234265 0)
(0.099427 -0.0328749 0)
(0.0990698 -0.0422194 0)
(0.0986118 -0.0514933 0)
(0.0980392 -0.06073 0)
(0.0973359 -0.069944 0)
(0.0964842 -0.0791368 0)
(0.0954653 -0.0883045 0)
(0.0942603 -0.0974407 0)
(0.0928508 -0.106539 0)
(0.0912209 -0.115596 0)
(0.0893607 -0.124611 0)
(0.0872734 -0.133568 0)
(0.0849879 -0.14249 0)
(0.0825484 -0.151446 0)
(0.0800017 -0.160512 0)
(0.077398 -0.16977 0)
(0.0747844 -0.179297 0)
(0.072193 -0.18914 0)
(0.0696286 -0.199297 0)
(0.0670638 -0.209694 0)
(0.0644415 -0.220194 0)
(0.0616886 -0.230619 0)
(0.0587317 -0.240782 0)
(0.0555124 -0.250514 0)
(0.0519938 -0.259681 0)
(0.0481617 -0.268192 0)
(0.0440198 -0.275994 0)
(0.0395845 -0.283069 0)
(0.0348789 -0.289422 0)
(0.0299294 -0.295077 0)
(0.0247661 -0.300059 0)
(0.0194229 -0.304404 0)
(0.0139274 -0.308177 0)
(0.00829879 -0.311437 0)
(0.00255007 -0.314235 0)
(-0.00329677 -0.316617 0)
(-0.00923057 -0.318623 0)
(-0.0152485 -0.320292 0)
(-0.0213373 -0.321658 0)
(-0.0274863 -0.322752 0)
(-0.0336851 -0.323598 0)
(-0.0399238 -0.324217 0)
(-0.0461916 -0.324627 0)
(-0.0524775 -0.32484 0)
(-0.0587697 -0.32487 0)
(-0.0650553 -0.324724 0)
(-0.0713205 -0.324412 0)
(-0.0775504 -0.323943 0)
(-0.0837282 -0.323329 0)
(-0.0898353 -0.322587 0)
(-0.0958502 -0.32174 0)
(-0.101747 -0.320823 0)
(-0.107489 -0.319884 0)
(-0.113019 -0.318988 0)
(-0.118258 -0.318208 0)
(-0.123083 -0.317633 0)
(-0.127202 -0.317343 0)
(-0.129918 -0.317272 0)
(-0.130554 -0.31698 0)
(-0.129018 -0.315724 0)
(-0.126009 -0.313033 0)
(-0.122289 -0.308811 0)
(-0.118259 -0.303153 0)
(-0.114099 -0.296191 0)
(-0.109891 -0.288049 0)
(-0.105702 -0.278834 0)
(-0.101676 -0.268669 0)
(-0.0980815 -0.25779 0)
(-0.0947233 -0.246553 0)
(-0.09111 -0.234827 0)
(-0.0873746 -0.222525 0)
(-0.0839635 -0.209761 0)
(-0.0811337 -0.19689 0)
(-0.0790048 -0.184243 0)
(-0.0776713 -0.172111 0)
(-0.0771863 -0.160714 0)
(-0.0775277 -0.150166 0)
(-0.0785911 -0.140455 0)
(-0.0802117 -0.131463 0)
(-0.0821976 -0.123023 0)
(-0.0843633 -0.114969 0)
(-0.0865539 -0.107172 0)
(-0.0886543 -0.0995393 0)
(-0.0905854 -0.0920106 0)
(-0.0922986 -0.0845606 0)
(-0.0937836 -0.0772175 0)
(-0.0950512 -0.0699861 0)
(-0.0961206 -0.0628693 0)
(-0.0970136 -0.0558689 0)
(-0.0977515 -0.0489839 0)
(-0.0983547 -0.04221 0)
(-0.0988413 -0.0355372 0)
(-0.0992273 -0.0289439 0)
(-0.0995262 -0.0223903 0)
(-0.0997485 -0.0158347 0)
(-0.0999009 -0.0093159 0)
(-0.0999886 -0.00301871 0)
(0.0999994 -0.00439309 0)
(0.0999027 -0.0134026 0)
(0.0997 -0.0225605 0)
(0.0993756 -0.0316454 0)
(0.0989258 -0.0405884 0)
(0.0983445 -0.0494094 0)
(0.0976215 -0.0581302 0)
(0.0967444 -0.0667548 0)
(0.0957008 -0.0752757 0)
(0.094479 -0.0836808 0)
(0.0930698 -0.0919568 0)
(0.091468 -0.100091 0)
(0.0896743 -0.108078 0)
(0.0876971 -0.115927 0)
(0.08556 -0.1237 0)
(0.0832945 -0.131456 0)
(0.0809366 -0.139235 0)
(0.0785309 -0.147104 0)
(0.0761221 -0.155152 0)
(0.0737475 -0.163467 0)
(0.0714255 -0.172117 0)
(0.0691467 -0.181119 0)
(0.0668698 -0.190425 0)
(0.0645278 -0.199926 0)
(0.0620401 -0.209466 0)
(0.0593289 -0.218875 0)
(0.0563324 -0.22799 0)
(0.0530121 -0.236676 0)
(0.0493525 -0.244832 0)
(0.0453572 -0.252392 0)
(0.0410425 -0.259326 0)
(0.0364325 -0.265628 0)
(0.0315542 -0.271316 0)
(0.0264362 -0.276426 0)
(0.0211071 -0.281007 0)
(0.0155947 -0.285073 0)
(0.00992134 -0.288657 0)
(0.00410588 -0.291798 0)
(-0.00183253 -0.294537 0)
(-0.00787935 -0.296916 0)
(-0.0140238 -0.298971 0)
(-0.0202539 -0.300735 0)
(-0.0265582 -0.302237 0)
(-0.0329266 -0.303501 0)
(-0.039349 -0.304549 0)
(-0.0458158 -0.305397 0)
(-0.0523169 -0.30606 0)
(-0.0588421 -0.30655 0)
(-0.0653808 -0.306876 0)
(-0.0719219 -0.307048 0)
(-0.0784538 -0.307073 0)
(-0.0849642 -0.30696 0)
(-0.0914394 -0.306718 0)
(-0.0978641 -0.306359 0)
(-0.104219 -0.305896 0)
(-0.110474 -0.305343 0)
(-0.116574 -0.304707 0)
(-0.122436 -0.303989 0)
(-0.127924 -0.303166 0)
(-0.132669 -0.302176 0)
(-0.135791 -0.300865 0)
(-0.136419 -0.298903 0)
(-0.13454 -0.295994 0)
(-0.131093 -0.291978 0)
(-0.126958 -0.286797 0)
(-0.122564 -0.280453 0)
(-0.118081 -0.27299 0)
(-0.11358 -0.264475 0)
(-0.109136 -0.254997 0)
(-0.104944 -0.244677 0)
(-0.101292 -0.233746 0)
(-0.0975632 -0.222306 0)
(-0.0932485 -0.210171 0)
(-0.0889489 -0.197705 0)
(-0.0851254 -0.185324 0)
(-0.0819584 -0.173245 0)
(-0.0795395 -0.1617 0)
(-0.0779588 -0.150904 0)
(-0.0772565 -0.141003 0)
(-0.0773928 -0.132034 0)
(-0.0782522 -0.123917 0)
(-0.0796709 -0.116492 0)
(-0.0814691 -0.109564 0)
(-0.0834769 -0.102958 0)
(-0.0855526 -0.0965363 0)
(-0.0875893 -0.0902133 0)
(-0.0895139 -0.0839465 0)
(-0.091281 -0.0777057 0)
(-0.0928638 -0.0714393 0)
(-0.0942567 -0.065149 0)
(-0.095464 -0.0588486 0)
(-0.0964962 -0.0525533 0)
(-0.0973666 -0.0462751 0)
(-0.0980896 -0.0400227 0)
(-0.0986795 -0.0337984 0)
(-0.0991493 -0.0275929 0)
(-0.0995094 -0.0213787 0)
(-0.0997666 -0.0151268 0)
(-0.0999255 -0.00888974 0)
(-0.1 -0.0028707 0)
(0.09999 -0.00425158 0)
(0.0998505 -0.0129697 0)
(0.099575 -0.0218294 0)
(0.099151 -0.0306092 0)
(0.0985771 -0.0392376 0)
(0.0978499 -0.0477322 0)
(0.0969632 -0.056114 0)
(0.0959098 -0.0643885 0)
(0.0946833 -0.0725522 0)
(0.0932791 -0.0805993 0)
(0.0916955 -0.0885252 0)
(0.089935 -0.0963287 0)
(0.088007 -0.104014 0)
(0.0859283 -0.11159 0)
(0.0837206 -0.119077 0)
(0.0814099 -0.126507 0)
(0.0790315 -0.133934 0)
(0.0766304 -0.141435 0)
(0.0742543 -0.1491 0)
(0.0719424 -0.157017 0)
(0.0697137 -0.165247 0)
(0.0675581 -0.173806 0)
(0.0654327 -0.182647 0)
(0.0632674 -0.191665 0)
(0.0609776 -0.200716 0)
(0.0584806 -0.209642 0)
(0.0557088 -0.218293 0)
(0.0526172 -0.226544 0)
(0.0491841 -0.234304 0)
(0.0454075 -0.241513 0)
(0.0412997 -0.248139 0)
(0.0368815 -0.254177 0)
(0.0321772 -0.259639 0)
(0.0272113 -0.264549 0)
(0.0220051 -0.268941 0)
(0.0165793 -0.272855 0)
(0.0109558 -0.276329 0)
(0.00515543 -0.279404 0)
(-0.000802028 -0.282117 0)
(-0.00690025 -0.284505 0)
(-0.0131261 -0.286599 0)
(-0.0194673 -0.288428 0)
(-0.0259125 -0.290017 0)
(-0.0324513 -0.291388 0)
(-0.0390745 -0.292558 0)
(-0.0457733 -0.293542 0)
(-0.0525395 -0.294352 0)
(-0.059365 -0.294996 0)
(-0.0662426 -0.295481 0)
(-0.073165 -0.295811 0)
(-0.0801253 -0.295992 0)
(-0.0871167 -0.296024 0)
(-0.0941316 -0.295908 0)
(-0.10116 -0.295645 0)
(-0.108188 -0.295233 0)
(-0.115182 -0.294664 0)
(-0.122073 -0.293925 0)
(-0.128754 -0.292987 0)
(-0.135032 -0.291802 0)
(-0.140384 -0.290284 0)
(-0.143714 -0.288271 0)
(-0.144067 -0.285485 0)
(-0.141652 -0.281763 0)
(-0.137596 -0.277067 0)
(-0.132826 -0.271388 0)
(-0.127794 -0.264736 0)
(-0.122688 -0.257142 0)
(-0.117595 -0.248663 0)
(-0.112606 -0.239382 0)
(-0.108081 -0.229414 0)
(-0.104135 -0.218902 0)
(-0.0994804 -0.207849 0)
(-0.0940981 -0.196454 0)
(-0.0892674 -0.184947 0)
(-0.0850788 -0.173537 0)
(-0.0815683 -0.162432 0)
(-0.0788663 -0.151847 0)
(-0.077066 -0.141968 0)
(-0.0761939 -0.13291 0)
(-0.0761933 -0.124687 0)
(-0.0769376 -0.117222 0)
(-0.0782602 -0.110364 0)
(-0.0799837 -0.103941 0)
(-0.0819426 -0.097793 0)
(-0.0839986 -0.091794 0)
(-0.0860473 -0.0858604 0)
(-0.0880187 -0.0799438 0)
(-0.0898692 -0.0740222 0)
(-0.0915707 -0.0680897 0)
(-0.0931061 -0.0621466 0)
(-0.0944694 -0.0561968 0)
(-0.0956621 -0.0502458 0)
(-0.0966901 -0.0442991 0)
(-0.0975617 -0.0383613 0)
(-0.0982867 -0.0324332 0)
(-0.0988745 -0.0265059 0)
(-0.0993334 -0.0205539 0)
(-0.099669 -0.0145512 0)
(-0.0998848 -0.00855317 0)
(-0.0999926 -0.00276247 0)
(0.0999907 -0.00406315 0)
(0.0998364 -0.0123992 0)
(0.0995289 -0.0208679 0)
(0.0990551 -0.0292479 0)
(0.0984171 -0.0374652 0)
(0.0976154 -0.0455336 0)
(0.096648 -0.0534708 0)
(0.0955118 -0.06128 0)
(0.0942046 -0.068956 0)
(0.0927256 -0.0764919 0)
(0.0910758 -0.0838823 0)
(0.0892597 -0.0911251 0)
(0.0872861 -0.0982244 0)
(0.0851698 -0.105193 0)
(0.0829331 -0.112057 0)
(0.0806077 -0.118858 0)
(0.0782345 -0.125658 0)
(0.0758611 -0.132536 0)
(0.0735342 -0.139582 0)
(0.0712903 -0.146884 0)
(0.0691445 -0.154504 0)
(0.067082 -0.162457 0)
(0.0650556 -0.170703 0)
(0.0629915 -0.179142 0)
(0.0608023 -0.187641 0)
(0.0584032 -0.196048 0)
(0.0557251 -0.204225 0)
(0.0527215 -0.212053 0)
(0.0493695 -0.219444 0)
(0.0456653 -0.226339 0)
(0.0416194 -0.23271 0)
(0.0372508 -0.238549 0)
(0.0325825 -0.243864 0)
(0.0276384 -0.248678 0)
(0.0224415 -0.253019 0)
(0.017013 -0.256922 0)
(0.0113729 -0.26042 0)
(0.00553919 -0.263549 0)
(-0.000471492 -0.266343 0)
(-0.00664527 -0.268834 0)
(-0.0129709 -0.271052 0)
(-0.019438 -0.273021 0)
(-0.026037 -0.274764 0)
(-0.032759 -0.276299 0)
(-0.0395965 -0.277641 0)
(-0.0465422 -0.278802 0)
(-0.0535897 -0.279789 0)
(-0.0607328 -0.280609 0)
(-0.067966 -0.281264 0)
(-0.0752841 -0.281754 0)
(-0.0826819 -0.282077 0)
(-0.0901536 -0.282226 0)
(-0.097692 -0.282196 0)
(-0.105286 -0.281974 0)
(-0.112914 -0.281546 0)
(-0.120532 -0.280892 0)
(-0.128051 -0.27998 0)
(-0.135327 -0.278771 0)
(-0.142105 -0.277207 0)
(-0.147727 -0.275195 0)
(-0.150921 -0.272575 0)
(-0.150746 -0.269124 0)
(-0.147698 -0.264757 0)
(-0.14305 -0.259507 0)
(-0.13771 -0.253404 0)
(-0.132113 -0.246474 0)
(-0.126448 -0.23875 0)
(-0.120819 -0.230282 0)
(-0.11534 -0.221142 0)
(-0.110236 -0.211434 0)
(-0.105441 -0.201226 0)
(-0.100428 -0.190554 0)
(-0.0951778 -0.17984 0)
(-0.0901772 -0.169145 0)
(-0.0857387 -0.158591 0)
(-0.0820396 -0.148381 0)
(-0.079207 -0.138715 0)
(-0.077316 -0.129755 0)
(-0.0763705 -0.12159 0)
(-0.0762964 -0.114217 0)
(-0.0769597 -0.10755 0)
(-0.0781947 -0.10144 0)
(-0.0798301 -0.0957233 0)
(-0.0817079 -0.0902497 0)
(-0.0836966 -0.0849021 0)
(-0.0856955 -0.0796007 0)
(-0.0876339 -0.0742967 0)
(-0.0894658 -0.0689641 0)
(-0.0911631 -0.0635915 0)
(-0.0927104 -0.0581774 0)
(-0.0941012 -0.0527252 0)
(-0.0953345 -0.047241 0)
(-0.0964123 -0.0417311 0)
(-0.0973391 -0.0362019 0)
(-0.0981198 -0.0306561 0)
(-0.0987603 -0.0250879 0)
(-0.099265 -0.0194756 0)
(-0.0996363 -0.0137974 0)
(-0.0998749 -0.00811096 0)
(-0.0999932 -0.00261838 0)
(0.0999893 -0.00385842 0)
(0.0998194 -0.01178 0)
(0.0994817 -0.0198298 0)
(0.0989634 -0.0277906 0)
(0.098268 -0.0355886 0)
(0.0973986 -0.0432361 0)
(0.0963551 -0.0507496 0)
(0.0951368 -0.0581323 0)
(0.0937438 -0.0653798 0)
(0.0921775 -0.0724868 0)
(0.0904418 -0.0794497 0)
(0.0885438 -0.0862689 0)
(0.0864955 -0.0929503 0)
(0.0843154 -0.0995077 0)
(0.0820294 -0.105966 0)
(0.0796719 -0.112366 0)
(0.0772852 -0.118765 0)
(0.0749169 -0.125237 0)
(0.0726127 -0.131866 0)
(0.0704077 -0.138731 0)
(0.0683147 -0.145888 0)
(0.0663168 -0.15335 0)
(0.0643643 -0.161075 0)
(0.0623812 -0.168974 0)
(0.0602781 -0.176925 0)
(0.0579681 -0.184792 0)
(0.0553799 -0.192449 0)
(0.0524647 -0.199791 0)
(0.0491968 -0.206736 0)
(0.0455702 -0.213233 0)
(0.0415925 -0.219253 0)
(0.0372805 -0.224789 0)
(0.032655 -0.229848 0)
(0.0277382 -0.234449 0)
(0.0225518 -0.238618 0)
(0.0171162 -0.242386 0)
(0.0114501 -0.245784 0)
(0.00557039 -0.248846 0)
(-0.000507375 -0.251601 0)
(-0.00677057 -0.254078 0)
(-0.0132092 -0.256303 0)
(-0.019814 -0.258299 0)
(-0.0265766 -0.260083 0)
(-0.0334894 -0.261672 0)
(-0.0405457 -0.263076 0)
(-0.0477396 -0.264304 0)
(-0.0550654 -0.26536 0)
(-0.0625179 -0.266247 0)
(-0.070092 -0.266963 0)
(-0.0777825 -0.267503 0)
(-0.0855838 -0.26786 0)
(-0.0934885 -0.268025 0)
(-0.101486 -0.267982 0)
(-0.109561 -0.267715 0)
(-0.117681 -0.267201 0)
(-0.12579 -0.266414 0)
(-0.133774 -0.265316 0)
(-0.14146 -0.263863 0)
(-0.148529 -0.261997 0)
(-0.154191 -0.259621 0)
(-0.15704 -0.256579 0)
(-0.156238 -0.252717 0)
(-0.152572 -0.24801 0)
(-0.147408 -0.242516 0)
(-0.141598 -0.23628 0)
(-0.135538 -0.229336 0)
(-0.129409 -0.22172 0)
(-0.123322 -0.21348 0)
(-0.117416 -0.204678 0)
(-0.111918 -0.195409 0)
(-0.106726 -0.185816 0)
(-0.101423 -0.176 0)
(-0.0959719 -0.166085 0)
(-0.0907474 -0.156186 0)
(-0.0861135 -0.14647 0)
(-0.0822696 -0.137122 0)
(-0.0793374 -0.128314 0)
(-0.0773773 -0.120172 0)
(-0.0763763 -0.112759 0)
(-0.076248 -0.106056 0)
(-0.076853 -0.0999767 0)
(-0.0780262 -0.0943859 0)
(-0.0795998 -0.0891375 0)
(-0.0814214 -0.0840996 0)
(-0.0833647 -0.0791694 0)
(-0.0853325 -0.0742762 0)
(-0.0872561 -0.069376 0)
(-0.0890887 -0.0644452 0)
(-0.0908005 -0.0594732 0)
(-0.0923736 -0.0544571 0)
(-0.0937988 -0.0493988 0)
(-0.0950724 -0.0443018 0)
(-0.096194 -0.0391712 0)
(-0.0971654 -0.0340115 0)
(-0.0979894 -0.0288255 0)
(-0.0986697 -0.0236073 0)
(-0.0992089 -0.0183367 0)
(-0.0996074 -0.0129941 0)
(-0.0998646 -0.00763705 0)
(-0.0999924 -0.00246371 0)
(0.0999889 -0.00363787 0)
(0.0998102 -0.011112 0)
(0.099454 -0.0187095 0)
(0.0989074 -0.026219 0)
(0.0981755 -0.0335674 0)
(0.0972632 -0.0407652 0)
(0.0961722 -0.0478272 0)
(0.0949037 -0.0547558 0)
(0.0934598 -0.0615463 0)
(0.0918439 -0.0681931 0)
(0.0900616 -0.074693 0)
(0.0881217 -0.0810466 0)
(0.0860376 -0.0872599 0)
(0.0838287 -0.0933472 0)
(0.0815216 -0.0993341 0)
(0.079151 -0.105261 0)
(0.0767596 -0.111184 0)
(0.0743947 -0.117178 0)
(0.0721014 -0.123324 0)
(0.0699135 -0.129699 0)
(0.0678426 -0.136359 0)
(0.0658701 -0.143315 0)
(0.0639451 -0.15053 0)
(0.0619907 -0.157917 0)
(0.0599171 -0.165361 0)
(0.0576373 -0.172737 0)
(0.0550797 -0.179924 0)
(0.0521948 -0.186824 0)
(0.0489559 -0.193364 0)
(0.0453554 -0.199494 0)
(0.0413993 -0.205188 0)
(0.0371022 -0.210441 0)
(0.0324833 -0.215257 0)
(0.027563 -0.219654 0)
(0.0223615 -0.223656 0)
(0.0168974 -0.22729 0)
(0.0111881 -0.230585 0)
(0.00524907 -0.23357 0)
(-0.000905307 -0.236272 0)
(-0.00726372 -0.238718 0)
(-0.0138176 -0.240929 0)
(-0.0205588 -0.242926 0)
(-0.0274797 -0.244722 0)
(-0.0345736 -0.246331 0)
(-0.0418346 -0.247761 0)
(-0.049257 -0.249018 0)
(-0.0568354 -0.250103 0)
(-0.0645645 -0.251015 0)
(-0.0724385 -0.25175 0)
(-0.0804512 -0.252299 0)
(-0.0885949 -0.252652 0)
(-0.0968591 -0.252796 0)
(-0.105229 -0.252712 0)
(-0.113681 -0.252381 0)
(-0.122174 -0.251778 0)
(-0.130633 -0.250872 0)
(-0.138924 -0.249626 0)
(-0.146846 -0.247995 0)
(-0.154006 -0.24592 0)
(-0.159493 -0.243299 0)
(-0.161879 -0.239977 0)
(-0.160499 -0.235863 0)
(-0.156318 -0.230997 0)
(-0.150731 -0.22544 0)
(-0.144539 -0.219236 0)
(-0.138107 -0.212422 0)
(-0.131605 -0.205041 0)
(-0.125132 -0.197139 0)
(-0.118854 -0.188778 0)
(-0.113099 -0.180045 0)
(-0.10777 -0.17108 0)
(-0.102294 -0.161937 0)
(-0.0966053 -0.152691 0)
(-0.0911774 -0.143488 0)
(-0.0864208 -0.134502 0)
(-0.0825232 -0.125902 0)
(-0.0795793 -0.117835 0)
(-0.0776264 -0.110408 0)
(-0.0766335 -0.103664 0)
(-0.0765026 -0.0975799 0)
(-0.0770892 -0.0920667 0)
(-0.0782283 -0.086998 0)
(-0.0797559 -0.0822376 0)
(-0.0815253 -0.0776642 0)
(-0.0834157 -0.0731831 0)
(-0.0853349 -0.068729 0)
(-0.0872172 -0.0642607 0)
(-0.0890181 -0.0597554 0)
(-0.0907083 -0.0552025 0)
(-0.0922698 -0.0505987 0)
(-0.0936926 -0.0459448 0)
(-0.0949713 -0.0412441 0)
(-0.096104 -0.036501 0)
(-0.0970904 -0.0317202 0)
(-0.0979315 -0.0269044 0)
(-0.098629 -0.0220488 0)
(-0.099184 -0.0171348 0)
(-0.0995952 -0.0121449 0)
(-0.0998607 -0.00713602 0)
(-0.0999924 -0.00230052 0)
(0.0999885 -0.00340786 0)
(0.0998026 -0.0104146 0)
(0.0994318 -0.01754 0)
(0.0988628 -0.0245808 0)
(0.098102 -0.0314663 0)
(0.0971551 -0.0382057 0)
(0.0960251 -0.0448129 0)
(0.0947144 -0.0512898 0)
(0.0932261 -0.0576321 0)
(0.091565 -0.063835 0)
(0.0897381 -0.0698958 0)
(0.0877554 -0.0758158 0)
(0.0856317 -0.0816016 0)
(0.083388 -0.0872676 0)
(0.0810521 -0.0928388 0)
(0.0786601 -0.0983538 0)
(0.0762556 -0.103867 0)
(0.0738864 -0.109447 0)
(0.0715975 -0.11517 0)
(0.0694217 -0.121108 0)
(0.067369 -0.12731 0)
(0.0654187 -0.133786 0)
(0.063518 -0.140499 0)
(0.0615881 -0.147371 0)
(0.059538 -0.154296 0)
(0.0572797 -0.161158 0)
(0.0547414 -0.167849 0)
(0.0518731 -0.174278 0)
(0.0486475 -0.18038 0)
(0.0450562 -0.186108 0)
(0.0411042 -0.191441 0)
(0.0368048 -0.19637 0)
(0.0321759 -0.200903 0)
(0.0272366 -0.205053 0)
(0.0220058 -0.208844 0)
(0.0165008 -0.212298 0)
(0.0107379 -0.215442 0)
(0.00473122 -0.218303 0)
(-0.00150521 -0.220905 0)
(-0.00796117 -0.22327 0)
(-0.0146296 -0.225417 0)
(-0.0215025 -0.227363 0)
(-0.0285731 -0.229121 0)
(-0.0358348 -0.2307 0)
(-0.043282 -0.232107 0)
(-0.0509089 -0.233343 0)
(-0.0587097 -0.234409 0)
(-0.0666783 -0.235301 0)
(-0.0748078 -0.236012 0)
(-0.0830901 -0.236532 0)
(-0.0915151 -0.236849 0)
(-0.100069 -0.236946 0)
(-0.108733 -0.236805 0)
(-0.117476 -0.236404 0)
(-0.126249 -0.235719 0)
(-0.134959 -0.234719 0)
(-0.143458 -0.233367 0)
(-0.151513 -0.231622 0)
(-0.158646 -0.229431 0)
(-0.163813 -0.226689 0)
(-0.165633 -0.223244 0)
(-0.163704 -0.219047 0)
(-0.15912 -0.214176 0)
(-0.153219 -0.208696 0)
(-0.146753 -0.20265 0)
(-0.140066 -0.196077 0)
(-0.13332 -0.18902 0)
(-0.126616 -0.181528 0)
(-0.12013 -0.173666 0)
(-0.11421 -0.165524 0)
(-0.108638 -0.1572 0)
(-0.102841 -0.148711 0)
(-0.0969345 -0.14015 0)
(-0.0914134 -0.131668 0)
(-0.0866312 -0.123424 0)
(-0.0827391 -0.115566 0)
(-0.0798142 -0.108218 0)
(-0.0778822 -0.101465 0)
(-0.0769027 -0.0953404 0)
(-0.0767719 -0.0898118 0)
(-0.0773438 -0.0847951 0)
(-0.0784547 -0.0801736 0)
(-0.0799446 -0.0758249 0)
(-0.0816713 -0.0716406 0)
(-0.0835185 -0.0675367 0)
(-0.0853976 -0.0634547 0)
(-0.0872453 -0.0593576 0)
(-0.0890184 -0.0552244 0)
(-0.0906881 -0.0510446 0)
(-0.0922359 -0.0468144 0)
(-0.0936512 -0.0425339 0)
(-0.0949278 -0.0382051 0)
(-0.0960626 -0.0338316 0)
(-0.0970542 -0.0294173 0)
(-0.0979025 -0.0249645 0)
(-0.098608 -0.0204688 0)
(-0.0991708 -0.0159125 0)
(-0.0995885 -0.0112794 0)
(-0.0998585 -0.00662506 0)
(-0.0999922 -0.00213406 0)
(0.0999882 -0.00317042 0)
(0.0997976 -0.00969355 0)
(0.0994164 -0.0163303 0)
(0.0988315 -0.0228869 0)
(0.0980497 -0.0292955 0)
(0.0970779 -0.0355643 0)
(0.0959199 -0.0417061 0)
(0.0945789 -0.0477223 0)
(0.0930591 -0.0536089 0)
(0.0913661 -0.0593611 0)
(0.0895078 -0.0649765 0)
(0.0874954 -0.0704567 0)
(0.0853444 -0.0758081 0)
(0.0830766 -0.0810448 0)
(0.0807205 -0.0861908 0)
(0.0783128 -0.0912831 0)
(0.0758973 -0.0963736 0)
(0.0735217 -0.101527 0)
(0.0712307 -0.106816 0)
(0.0690562 -0.112308 0)
(0.0670072 -0.118049 0)
(0.0650616 -0.124046 0)
(0.0631655 -0.130267 0)
(0.0612392 -0.136638 0)
(0.0591912 -0.143059 0)
(0.0569334 -0.149424 0)
(0.0543938 -0.155633 0)
(0.0515223 -0.161605 0)
(0.0482913 -0.167276 0)
(0.0446916 -0.172607 0)
(0.0407273 -0.177577 0)
(0.0364109 -0.18218 0)
(0.031759 -0.18642 0)
(0.0267895 -0.190312 0)
(0.0215202 -0.193876 0)
(0.0159677 -0.197133 0)
(0.0101466 -0.200106 0)
(0.00406962 -0.20282 0)
(-0.00224781 -0.205297 0)
(-0.00879641 -0.207554 0)
(-0.0155719 -0.209608 0)
(-0.0225659 -0.211475 0)
(-0.0297714 -0.213165 0)
(-0.0371822 -0.214684 0)
(-0.0447923 -0.216037 0)
(-0.0525956 -0.217225 0)
(-0.0605856 -0.218245 0)
(-0.068755 -0.219092 0)
(-0.0770955 -0.219759 0)
(-0.085597 -0.220233 0)
(-0.0942469 -0.220501 0)
(-0.103028 -0.220546 0)
(-0.111917 -0.220351 0)
(-0.120878 -0.219892 0)
(-0.129852 -0.219145 0)
(-0.138733 -0.218082 0)
(-0.147355 -0.216667 0)
(-0.155466 -0.214863 0)
(-0.162502 -0.21262 0)
(-0.167295 -0.209848 0)
(-0.168548 -0.206407 0)
(-0.166118 -0.202268 0)
(-0.161186 -0.197515 0)
(-0.155026 -0.192214 0)
(-0.148336 -0.186411 0)
(-0.141444 -0.180146 0)
(-0.134504 -0.173462 0)
(-0.127621 -0.166407 0)
(-0.120998 -0.159047 0)
(-0.114987 -0.151473 0)
(-0.109293 -0.143765 0)
(-0.103321 -0.135941 0)
(-0.0972678 -0.128075 0)
(-0.0916647 -0.120301 0)
(-0.0868562 -0.112764 0)
(-0.0829735 -0.105599 0)
(-0.0800757 -0.0989136 0)
(-0.0781752 -0.092782 0)
(-0.0772212 -0.0872262 0)
(-0.0771032 -0.0822132 0)
(-0.0776725 -0.0776625 0)
(-0.0787659 -0.0734664 0)
(-0.0802263 -0.0695135 0)
(-0.0819157 -0.0657061 0)
(-0.0837219 -0.0619686 0)
(-0.0855602 -0.0582484 0)
(-0.0873698 -0.0545119 0)
(-0.0891093 -0.0507397 0)
(-0.0907507 -0.046922 0)
(-0.0922761 -0.0430547 0)
(-0.0936743 -0.0391375 0)
(-0.0949388 -0.0351719 0)
(-0.0960657 -0.0311608 0)
(-0.0970528 -0.0271078 0)
(-0.0978993 -0.0230148 0)
(-0.0986048 -0.0188775 0)
(-0.0991686 -0.0146796 0)
(-0.0995876 -0.0104058 0)
(-0.0998584 -0.00610952 0)
(-0.0999923 -0.00196627 0)
(0.099988 -0.00292785 0)
(0.0997937 -0.00895595 0)
(0.0994046 -0.015092 0)
(0.0988073 -0.0211533 0)
(0.0980093 -0.0270757 0)
(0.0970179 -0.0328664 0)
(0.0958375 -0.0385372 0)
(0.0944719 -0.0440896 0)
(0.092926 -0.0495194 0)
(0.0912061 -0.0548225 0)
(0.0893208 -0.0599968 0)
(0.0872819 -0.0650439 0)
(0.0851058 -0.0699702 0)
(0.0828149 -0.0747892 0)
(0.0804385 -0.0795237 0)
(0.0780139 -0.0842085 0)
(0.0755854 -0.0888922 0)
(0.0732011 -0.0936352 0)
(0.0709054 -0.0985047 0)
(0.0687297 -0.103562 0)
(0.0666815 -0.10885 0)
(0.0647376 -0.114375 0)
(0.0628424 -0.120105 0)
(0.060915 -0.125972 0)
(0.0588632 -0.131885 0)
(0.0565987 -0.137747 0)
(0.0540495 -0.143468 0)
(0.0511657 -0.148971 0)
(0.0479196 -0.154202 0)
(0.0443016 -0.159124 0)
(0.0403156 -0.163717 0)
(0.0359732 -0.167977 0)
(0.0312903 -0.171908 0)
(0.026284 -0.175523 0)
(0.0209714 -0.178839 0)
(0.0153683 -0.181877 0)
(0.00948731 -0.184656 0)
(0.00333679 -0.187198 0)
(-0.00305852 -0.189522 0)
(-0.00969034 -0.191645 0)
(-0.0165641 -0.193582 0)
(-0.0236681 -0.195344 0)
(-0.0309938 -0.196939 0)
(-0.0385352 -0.198373 0)
(-0.0462861 -0.199649 0)
(-0.0542397 -0.200766 0)
(-0.0623887 -0.20172 0)
(-0.0707246 -0.202505 0)
(-0.0792377 -0.203112 0)
(-0.0879159 -0.203531 0)
(-0.0967441 -0.203746 0)
(-0.105702 -0.203742 0)
(-0.114763 -0.203499 0)
(-0.123886 -0.202998 0)
(-0.133003 -0.202216 0)
(-0.141994 -0.201124 0)
(-0.150685 -0.199691 0)
(-0.158803 -0.197882 0)
(-0.165712 -0.195654 0)
(-0.17012 -0.19294 0)
(-0.170838 -0.189593 0)
(-0.167938 -0.185605 0)
(-0.162695 -0.181059 0)
(-0.156318 -0.176022 0)
(-0.149455 -0.170539 0)
(-0.142414 -0.164651 0)
(-0.135344 -0.158399 0)
(-0.128358 -0.151832 0)
(-0.121679 -0.14502 0)
(-0.115639 -0.138053 0)
(-0.109836 -0.130991 0)
(-0.10367 -0.123812 0)
(-0.0974741 -0.116591 0)
(-0.0918268 -0.109474 0)
(-0.0870317 -0.102602 0)
(-0.0831829 -0.0960899 0)
(-0.0803247 -0.0900297 0)
(-0.0784614 -0.0844809 0)
(-0.0775356 -0.079458 0)
(-0.0774324 -0.0749256 0)
(-0.0780016 -0.0708078 0)
(-0.0790813 -0.067006 0)
(-0.0805172 -0.0634199 0)
(-0.0821746 -0.0599622 0)
(-0.0839452 -0.0565655 0)
(-0.0857472 -0.0531831 0)
(-0.0875221 -0.0497848 0)
(-0.08923 -0.0463531 0)
(-0.0908437 -0.0428787 0)
(-0.0923457 -0.0393576 0)
(-0.0937248 -0.035789 0)
(-0.0949743 -0.032174 0)
(-0.0960897 -0.0285148 0)
(-0.0970684 -0.0248144 0)
(-0.0979091 -0.0210745 0)
(-0.0986108 -0.0172909 0)
(-0.0991723 -0.0134484 0)
(-0.0995898 -0.00953289 0)
(-0.0998594 -0.00559477 0)
(-0.0999923 -0.00179915 0)
(0.0999879 -0.00268139 0)
(0.0997909 -0.00820556 0)
(0.0993958 -0.0138313 0)
(0.098789 -0.0193883 0)
(0.0979784 -0.0248163 0)
(0.0969717 -0.0301219 0)
(0.0957739 -0.0353159 0)
(0.0943892 -0.0403994 0)
(0.0928228 -0.0453687 0)
(0.0910816 -0.0502199 0)
(0.0891746 -0.0549511 0)
(0.0871143 -0.0595639 0)
(0.0849177 -0.0640643 0)
(0.0826075 -0.0684652 0)
(0.0802138 -0.0727877 0)
(0.0777741 -0.0770645 0)
(0.0753333 -0.0813405 0)
(0.0729395 -0.0856719 0)
(0.0706368 -0.0901204 0)
(0.0684559 -0.0947428 0)
(0.0664037 -0.099577 0)
(0.0644556 -0.104629 0)
(0.0625547 -0.10987 0)
(0.0606193 -0.115236 0)
(0.0585568 -0.120644 0)
(0.0562786 -0.126006 0)
(0.0537128 -0.131239 0)
(0.0508098 -0.136275 0)
(0.0475418 -0.141063 0)
(0.0438993 -0.145572 0)
(0.0398855 -0.149784 0)
(0.0355119 -0.153694 0)
(0.0307936 -0.157307 0)
(0.0257472 -0.160633 0)
(0.0203889 -0.16369 0)
(0.0147338 -0.166494 0)
(0.00879519 -0.169064 0)
(0.00258419 -0.171418 0)
(-0.0038835 -0.173571 0)
(-0.0105997 -0.175542 0)
(-0.0175617 -0.177343 0)
(-0.0247611 -0.178981 0)
(-0.0321906 -0.180464 0)
(-0.0398435 -0.181797 0)
(-0.047713 -0.182979 0)
(-0.0557919 -0.184011 0)
(-0.0640719 -0.184887 0)
(-0.0725434 -0.185601 0)
(-0.0811953 -0.186144 0)
(-0.0900139 -0.186505 0)
(-0.098982 -0.186669 0)
(-0.108077 -0.18662 0)
(-0.117269 -0.186343 0)
(-0.126511 -0.185817 0)
(-0.135731 -0.185021 0)
(-0.144795 -0.183931 0)
(-0.153519 -0.182519 0)
(-0.16161 -0.180753 0)
(-0.168376 -0.178592 0)
(-0.172413 -0.175998 0)
(-0.172641 -0.172807 0)
(-0.169322 -0.169036 0)
(-0.163809 -0.164765 0)
(-0.15725 -0.160056 0)
(-0.150246 -0.154952 0)
(-0.143085 -0.149491 0)
(-0.135916 -0.143709 0)
(-0.128872 -0.137658 0)
(-0.122204 -0.131404 0)
(-0.116201 -0.125048 0)
(-0.110294 -0.118644 0)
(-0.103903 -0.112084 0)
(-0.0975763 -0.105477 0)
(-0.0919222 -0.0989978 0)
(-0.0871663 -0.0927695 0)
(-0.083364 -0.0868847 0)
(-0.0805526 -0.0814198 0)
(-0.0787317 -0.0764237 0)
(-0.0778383 -0.0719049 0)
(-0.0777541 -0.0678278 0)
(-0.0783276 -0.0641215 0)
(-0.0793981 -0.0606963 0)
(-0.0808139 -0.057462 0)
(-0.0824438 -0.0543408 0)
(-0.0841825 -0.0512729 0)
(-0.0859512 -0.0482167 0)
(-0.0876934 -0.0451454 0)
(-0.0893707 -0.042043 0)
(-0.0909568 -0.0389012 0)
(-0.0924345 -0.0357161 0)
(-0.093793 -0.0324865 0)
(-0.0950251 -0.0292133 0)
(-0.0961265 -0.0258982 0)
(-0.0970942 -0.0225436 0)
(-0.0979263 -0.0191511 0)
(-0.0986218 -0.0157165 0)
(-0.0991787 -0.0122257 0)
(-0.0995931 -0.00866586 0)
(-0.0998607 -0.00508394 0)
(-0.0999924 -0.00163355 0)
(0.0999878 -0.00243207 0)
(0.0997887 -0.00744551 0)
(0.099389 -0.0125534 0)
(0.0987747 -0.0175989 0)
(0.097954 -0.0225262 0)
(0.0969351 -0.0273412 0)
(0.0957231 -0.0320537 0)
(0.0943227 -0.0366649 0)
(0.0927393 -0.0411711 0)
(0.0909802 -0.0455688 0)
(0.0890549 -0.0498564 0)
(0.086976 -0.0540353 0)
(0.0847612 -0.0581113 0)
(0.0824336 -0.0620962 0)
(0.0800238 -0.0660096 0)
(0.0775699 -0.0698815 0)
(0.0751168 -0.0737531 0)
(0.072713 -0.0776757 0)
(0.0704024 -0.0817056 0)
(0.0682152 -0.0858943 0)
(0.0661573 -0.0902758 0)
(0.0642029 -0.0948554 0)
(0.0622941 -0.0996053 0)
(0.0603483 -0.104468 0)
(0.0582722 -0.109369 0)
(0.0559772 -0.114228 0)
(0.0533917 -0.11897 0)
(0.0504661 -0.123534 0)
(0.0471731 -0.127876 0)
(0.043503 -0.131967 0)
(0.0394591 -0.13579 0)
(0.0350523 -0.139342 0)
(0.0302975 -0.142627 0)
(0.0252108 -0.145655 0)
(0.0198078 -0.14844 0)
(0.0141033 -0.150997 0)
(0.00811038 -0.153345 0)
(0.00184112 -0.155497 0)
(-0.00469225 -0.157469 0)
(-0.0114817 -0.159274 0)
(-0.0185217 -0.160924 0)
(-0.0258047 -0.162425 0)
(-0.0333236 -0.163783 0)
(-0.0410715 -0.165002 0)
(-0.0490411 -0.166081 0)
(-0.0572244 -0.167018 0)
(-0.0656122 -0.16781 0)
(-0.0741939 -0.168449 0)
(-0.0829571 -0.168925 0)
(-0.0918865 -0.169229 0)
(-0.100963 -0.169347 0)
(-0.110162 -0.169265 0)
(-0.119451 -0.168966 0)
(-0.128781 -0.168433 0)
(-0.138073 -0.167647 0)
(-0.147185 -0.166587 0)
(-0.155921 -0.165228 0)
(-0.163967 -0.163542 0)
(-0.170587 -0.161492 0)
(-0.174277 -0.159066 0)
(-0.174068 -0.15608 0)
(-0.170383 -0.152577 0)
(-0.164641 -0.148631 0)
(-0.157932 -0.144298 0)
(-0.150814 -0.139617 0)
(-0.143555 -0.134622 0)
(-0.136308 -0.129347 0)
(-0.129231 -0.123837 0)
(-0.12262 -0.118147 0)
(-0.116745 -0.112415 0)
(-0.110697 -0.106648 0)
(-0.103979 -0.100642 0)
(-0.0975507 -0.0946313 0)
(-0.0919532 -0.0887967 0)
(-0.0872674 -0.0832104 0)
(-0.083522 -0.0779422 0)
(-0.0807602 -0.0730562 0)
(-0.0789813 -0.0685932 0)
(-0.0781193 -0.0645581 0)
(-0.0780536 -0.0609166 0)
(-0.0786322 -0.0576037 0)
(-0.0796958 -0.0545389 0)
(-0.0810948 -0.051642 0)
(-0.0827009 -0.048844 0)
(-0.0844117 -0.0460926 0)
(-0.0861508 -0.0433508 0)
(-0.0878636 -0.0405951 0)
(-0.089513 -0.0378112 0)
(-0.0910735 -0.0349916 0)
(-0.0925284 -0.0321325 0)
(-0.0938669 -0.0292328 0)
(-0.095082 -0.0262928 0)
(-0.0961691 -0.023314 0)
(-0.097125 -0.0202984 0)
(-0.0979477 -0.0172472 0)
(-0.0986358 -0.0141566 0)
(-0.0991871 -0.0110134 0)
(-0.0995975 -0.00780603 0)
(-0.0998624 -0.00457777 0)
(-0.0999925 -0.00146976 0)
(0.0999877 -0.00218054 0)
(0.0997871 -0.00667781 0)
(0.0993836 -0.0112618 0)
(0.0987633 -0.0157898 0)
(0.0979346 -0.020211 0)
(0.0969057 -0.0245307 0)
(0.0956822 -0.0287577 0)
(0.0942688 -0.0328928 0)
(0.0926713 -0.036933 0)
(0.0908973 -0.040875 0)
(0.0889564 -0.0447172 0)
(0.0868619 -0.0484611 0)
(0.0846314 -0.052112 0)
(0.0822887 -0.0556805 0)
(0.0798646 -0.0591846 0)
(0.0773976 -0.0626515 0)
(0.0749331 -0.0661183 0)
(0.0725194 -0.0696317 0)
(0.0702005 -0.0732421 0)
(0.0680062 -0.0769959 0)
(0.0659413 -0.0809233 0)
(0.0639792 -0.0850286 0)
(0.0620608 -0.0892864 0)
(0.0601028 -0.0936452 0)
(0.0580114 -0.0980374 0)
(0.0556982 -0.102391 0)
(0.0530914 -0.106641 0)
(0.0501421 -0.110732 0)
(0.0468228 -0.114624 0)
(0.0431243 -0.118292 0)
(0.0390496 -0.121722 0)
(0.0346095 -0.124911 0)
(0.0298187 -0.127862 0)
(0.024693 -0.130584 0)
(0.0192476 -0.13309 0)
(0.013497 -0.135393 0)
(0.0074543 -0.137508 0)
(0.00113151 -0.139449 0)
(-0.0054602 -0.141229 0)
(-0.0123129 -0.142859 0)
(-0.0194203 -0.144348 0)
(-0.0267748 -0.145703 0)
(-0.0343693 -0.146928 0)
(-0.0421966 -0.148025 0)
(-0.0502488 -0.148994 0)
(-0.0585174 -0.149832 0)
(-0.0669925 -0.150536 0)
(-0.0756627 -0.151098 0)
(-0.0845144 -0.15151 0)
(-0.0935312 -0.151761 0)
(-0.102693 -0.15184 0)
(-0.111972 -0.151734 0)
(-0.121335 -0.151427 0)
(-0.130728 -0.150905 0)
(-0.140069 -0.150149 0)
(-0.149211 -0.149141 0)
(-0.157946 -0.147861 0)
(-0.165943 -0.146284 0)
(-0.172424 -0.144378 0)
(-0.175802 -0.142155 0)
(-0.175212 -0.139412 0)
(-0.171213 -0.136216 0)
(-0.165282 -0.132631 0)
(-0.158453 -0.12871 0)
(-0.151244 -0.124487 0)
(-0.143909 -0.119992 0)
(-0.136598 -0.11526 0)
(-0.129467 -0.110326 0)
(-0.122963 -0.105239 0)
(-0.117235 -0.10004 0)
(-0.110867 -0.0946489 0)
(-0.103798 -0.0892445 0)
(-0.0974639 -0.0839481 0)
(-0.0920029 -0.0788084 0)
(-0.0873829 -0.0738747 0)
(-0.0836829 -0.0692153 0)
(-0.0809607 -0.0648927 0)
(-0.0792162 -0.0609448 0)
(-0.0783803 -0.0573755 0)
(-0.07833 -0.0541533 0)
(-0.0789128 -0.0512198 0)
(-0.0799701 -0.0485035 0)
(-0.0813544 -0.0459335 0)
(-0.0829397 -0.0434497 0)
(-0.084626 -0.0410061 0)
(-0.0863389 -0.0385706 0)
(-0.0880255 -0.0361225 0)
(-0.0896496 -0.0336493 0)
(-0.0911866 -0.0311442 0)
(-0.0926202 -0.0286036 0)
(-0.0939399 -0.0260264 0)
(-0.0951387 -0.0234128 0)
(-0.0962119 -0.0207639 0)
(-0.0971562 -0.0180813 0)
(-0.0979695 -0.0153659 0)
(-0.0986501 -0.0126142 0)
(-0.0991959 -0.00981431 0)
(-0.099602 -0.00695564 0)
(-0.0998641 -0.00407756 0)
(-0.0999926 -0.00130813 0)
(0.0999877 -0.00192731 0)
(0.0997858 -0.00590416 0)
(0.0993793 -0.0099593 0)
(0.0987542 -0.013965 0)
(0.0979188 -0.0178757 0)
(0.0968818 -0.0216961 0)
(0.0956488 -0.025434 0)
(0.0942247 -0.0290902 0)
(0.0926154 -0.0326617 0)
(0.0908287 -0.0361458 0)
(0.0888746 -0.0395412 0)
(0.0867665 -0.042849 0)
(0.0845223 -0.046074 0)
(0.0821662 -0.0492258 0)
(0.0797293 -0.0523205 0)
(0.0772505 -0.0553823 0)
(0.0747753 -0.0584444 0)
(0.0723523 -0.0615482 0)
(0.0700252 -0.0647385 0)
(0.0678235 -0.0680562 0)
(0.0657513 -0.0715278 0)
(0.0637809 -0.0751569 0)
(0.0618525 -0.0789205 0)
(0.059882 -0.0827729 0)
(0.0577751 -0.0866543 0)
(0.0554435 -0.0905015 0)
(0.0528156 -0.0942563 0)
(0.0498428 -0.0978711 0)
(0.0464979 -0.101311 0)
(0.0427718 -0.104553 0)
(0.0386676 -0.107586 0)
(0.0341961 -0.110407 0)
(0.0293715 -0.113019 0)
(0.0242096 -0.115429 0)
(0.0187255 -0.117649 0)
(0.0129332 -0.119691 0)
(0.0068458 -0.121567 0)
(0.000475409 -0.12329 0)
(-0.00616733 -0.12487 0)
(-0.0130747 -0.126317 0)
(-0.0202398 -0.127639 0)
(-0.0276552 -0.128841 0)
(-0.0353133 -0.129926 0)
(-0.0432068 -0.130897 0)
(-0.0513274 -0.131753 0)
(-0.0596658 -0.13249 0)
(-0.0682116 -0.133105 0)
(-0.0769526 -0.133592 0)
(-0.0858742 -0.133942 0)
(-0.094959 -0.134146 0)
(-0.104185 -0.134194 0)
(-0.113525 -0.134074 0)
(-0.122942 -0.133771 0)
(-0.132381 -0.133274 0)
(-0.141755 -0.132566 0)
(-0.150912 -0.131631 0)
(-0.159638 -0.130452 0)
(-0.167583 -0.129007 0)
(-0.173937 -0.127268 0)
(-0.177041 -0.125271 0)
(-0.176131 -0.122797 0)
(-0.171874 -0.119931 0)
(-0.165793 -0.116731 0)
(-0.158877 -0.113238 0)
(-0.151611 -0.109486 0)
(-0.144237 -0.105499 0)
(-0.136901 -0.101308 0)
(-0.129765 -0.0969432 0)
(-0.123105 -0.0924446 0)
(-0.116858 -0.0877836 0)
(-0.11045 -0.0829114 0)
(-0.103866 -0.0781909 0)
(-0.0976654 -0.0735919 0)
(-0.0921799 -0.0691009 0)
(-0.0875449 -0.0647802 0)
(-0.083851 -0.0606989 0)
(-0.081149 -0.0569144 0)
(-0.0794287 -0.0534602 0)
(-0.0786136 -0.0503384 0)
(-0.0785761 -0.04752 0)
(-0.0791625 -0.044953 0)
(-0.0802146 -0.0425742 0)
(-0.0815863 -0.0403222 0)
(-0.0831537 -0.0381446 0)
(-0.0848189 -0.0360015 0)
(-0.0865091 -0.0338653 0)
(-0.0881729 -0.031718 0)
(-0.0897749 -0.0295487 0)
(-0.0912913 -0.0273513 0)
(-0.092706 -0.0251228 0)
(-0.0940088 -0.0228619 0)
(-0.0951927 -0.0205687 0)
(-0.096253 -0.0182439 0)
(-0.0971865 -0.0158891 0)
(-0.0979908 -0.0135047 0)
(-0.0986642 -0.0110876 0)
(-0.0992044 -0.008627 0)
(-0.0996066 -0.00611371 0)
(-0.0998659 -0.00358283 0)
(-0.0999927 -0.00114866 0)
(0.0999877 -0.00167275 0)
(0.0997848 -0.00512569 0)
(0.0993759 -0.00864783 0)
(0.0987468 -0.0121271 0)
(0.097906 -0.0155236 0)
(0.0968623 -0.0188413 0)
(0.0956214 -0.022087 0)
(0.0941883 -0.0252614 0)
(0.0925691 -0.028362 0)
(0.0907718 -0.0313862 0)
(0.0888065 -0.0343329 0)
(0.0866867 -0.0372032 0)
(0.0844308 -0.0400014 0)
(0.0820631 -0.0427357 0)
(0.079615 -0.0454202 0)
(0.0771256 -0.0480763 0)
(0.0746409 -0.0507328 0)
(0.0722093 -0.053426 0)
(0.0698747 -0.0561948 0)
(0.0676659 -0.0590748 0)
(0.0655865 -0.0620887 0)
(0.0636081 -0.0652394 0)
(0.06167 -0.0685066 0)
(0.0596873 -0.0718505 0)
(0.0575656 -0.075219 0)
(0.0552164 -0.0785573 0)
(0.0525685 -0.0818153 0)
(0.0495735 -0.0849518 0)
(0.0462045 -0.0879367 0)
(0.0424526 -0.0907506 0)
(0.038321 -0.0933835 0)
(0.0338204 -0.0958327 0)
(0.0289651 -0.0981012 0)
(0.0237706 -0.100196 0)
(0.0182519 -0.102126 0)
(0.0124229 -0.103901 0)
(0.0062965 -0.105534 0)
(-0.000114997 -0.107033 0)
(-0.00680127 -0.108408 0)
(-0.0137548 -0.109668 0)
(-0.0209683 -0.110818 0)
(-0.0284342 -0.111863 0)
(-0.0361449 -0.112806 0)
(-0.0440925 -0.113648 0)
(-0.0522685 -0.114388 0)
(-0.0606632 -0.115024 0)
(-0.0692655 -0.115551 0)
(-0.0780626 -0.115964 0)
(-0.0870392 -0.116256 0)
(-0.0961769 -0.116419 0)
(-0.105453 -0.116442 0)
(-0.114838 -0.116316 0)
(-0.124294 -0.116029 0)
(-0.133765 -0.11557 0)
(-0.143158 -0.114924 0)
(-0.152322 -0.114079 0)
(-0.161035 -0.113017 0)
(-0.168928 -0.111722 0)
(-0.175164 -0.11017 0)
(-0.178031 -0.108415 0)
(-0.17686 -0.106228 0)
(-0.172393 -0.103712 0)
(-0.166187 -0.100912 0)
(-0.159193 -0.0978611 0)
(-0.151871 -0.0945854 0)
(-0.14445 -0.091107 0)
(-0.137071 -0.0874497 0)
(-0.129892 -0.0836397 0)
(-0.123165 -0.0797085 0)
(-0.116809 -0.0756851 0)
(-0.110387 -0.0715986 0)
(-0.103882 -0.0675329 0)
(-0.0977211 -0.0635256 0)
(-0.0922536 -0.0596217 0)
(-0.0876383 -0.0558775 0)
(-0.0839699 -0.0523498 0)
(-0.0812967 -0.0490849 0)
(-0.0796035 -0.0461087 0)
(-0.0788096 -0.0434207 0)
(-0.0787854 -0.0409944 0)
(-0.0793764 -0.0387838 0)
(-0.0804251 -0.0367345 0)
(-0.0817869 -0.0347934 0)
(-0.0833397 -0.0329157 0)
(-0.0849871 -0.0310676 0)
(-0.0866581 -0.0292253 0)
(-0.0883024 -0.0273735 0)
(-0.0898854 -0.0255028 0)
(-0.0913839 -0.0236079 0)
(-0.0927822 -0.021686 0)
(-0.0940702 -0.0197362 0)
(-0.0952411 -0.0177581 0)
(-0.0962901 -0.0157526 0)
(-0.0972139 -0.0137206 0)
(-0.0980102 -0.0116627 0)
(-0.0986771 -0.00957594 0)
(-0.0992122 -0.00745102 0)
(-0.0996106 -0.00527984 0)
(-0.0998674 -0.0030932 0)
(-0.0999929 -0.00099118 0)
(0.0999876 -0.00141713 0)
(0.099784 -0.00434332 0)
(0.0993731 -0.00732907 0)
(0.0987408 -0.0102786 0)
(0.0978956 -0.0131578 0)
(0.0968464 -0.01597 0)
(0.095599 -0.0187209 0)
(0.0941585 -0.0214111 0)
(0.0925311 -0.0240385 0)
(0.0907249 -0.026601 0)
(0.0887502 -0.0290975 0)
(0.0866206 -0.0315291 0)
(0.0843547 -0.0338992 0)
(0.0819771 -0.0362151 0)
(0.0795193 -0.0384888 0)
(0.0770207 -0.0407383 0)
(0.0745275 -0.0429885 0)
(0.0720883 -0.0452699 0)
(0.0697468 -0.0476159 0)
(0.0675315 -0.0500565 0)
(0.0654455 -0.0526108 0)
(0.0634596 -0.055281 0)
(0.0615124 -0.0580497 0)
(0.0595185 -0.0608829 0)
(0.0573834 -0.0637366 0)
(0.0550183 -0.0665643 0)
(0.0523524 -0.0693237 0)
(0.0493375 -0.0719801 0)
(0.045947 -0.0745082 0)
(0.0421722 -0.0768917 0)
(0.0380163 -0.0791221 0)
(0.03349 -0.0811973 0)
(0.0286077 -0.0831198 0)
(0.0233847 -0.0848955 0)
(0.0178359 -0.086532 0)
(0.0119752 -0.088038 0)
(0.00581522 -0.0894227 0)
(-0.000631305 -0.0906947 0)
(-0.00735429 -0.0918616 0)
(-0.0143464 -0.0929302 0)
(-0.0216 -0.0939056 0)
(-0.0291074 -0.0947915 0)
(-0.0368609 -0.0955902 0)
(-0.0448522 -0.0963021 0)
(-0.0530725 -0.0969265 0)
(-0.0615117 -0.0974611 0)
(-0.0701583 -0.0979022 0)
(-0.0789989 -0.0982449 0)
(-0.0880177 -0.098483 0)
(-0.0971955 -0.0986094 0)
(-0.106509 -0.0986158 0)
(-0.115927 -0.0984933 0)
(-0.125411 -0.0982321 0)
(-0.134902 -0.0978222 0)
(-0.144306 -0.0972524 0)
(-0.153467 -0.0965104 0)
(-0.162159 -0.095583 0)
(-0.170003 -0.0944555 0)
(-0.176122 -0.0931119 0)
(-0.17881 -0.0916029 0)
(-0.177437 -0.0897214 0)
(-0.172805 -0.0875719 0)
(-0.166497 -0.0851864 0)
(-0.159436 -0.0825913 0)
(-0.152063 -0.079807 0)
(-0.144599 -0.0768522 0)
(-0.137183 -0.0737473 0)
(-0.129972 -0.0705161 0)
(-0.123216 -0.0671864 0)
(-0.116834 -0.0637926 0)
(-0.110402 -0.0603649 0)
(-0.103902 -0.0569376 0)
(-0.09775 -0.0535509 0)
(-0.0922961 -0.0502516 0)
(-0.087701 -0.0470901 0)
(-0.0840584 -0.0441147 0)
(-0.0814128 -0.0413636 0)
(-0.0797448 -0.0388578 0)
(-0.0789706 -0.0365956 0)
(-0.0789588 -0.0345536 0)
(-0.0795547 -0.0326928 0)
(-0.0806014 -0.030967 0)
(-0.0819556 -0.0293318 0)
(-0.0834966 -0.0277496 0)
(-0.0851297 -0.0261922 0)
(-0.0867849 -0.0246396 0)
(-0.088413 -0.0230791 0)
(-0.0899802 -0.0215028 0)
(-0.0914636 -0.0199062 0)
(-0.092848 -0.0182869 0)
(-0.0941233 -0.0166439 0)
(-0.0952829 -0.014977 0)
(-0.0963221 -0.0132867 0)
(-0.0972375 -0.0115738 0)
(-0.0980268 -0.00983878 0)
(-0.0986881 -0.00807897 0)
(-0.0992187 -0.00628642 0)
(-0.0996138 -0.00445418 0)
(-0.0998686 -0.00260859 0)
(-0.0999929 -0.000835305 0)
(0.0999876 -0.00116065 0)
(0.0997833 -0.00355792 0)
(0.0993709 -0.00600459 0)
(0.098736 -0.00842166 0)
(0.0978873 -0.0107809 0)
(0.0968337 -0.0130852 0)
(0.095581 -0.0153391 0)
(0.0941344 -0.0175431 0)
(0.0925004 -0.0196956 0)
(0.0906869 -0.0217947 0)
(0.0887044 -0.0238396 0)
(0.0865667 -0.0258311 0)
(0.0842925 -0.0277722 0)
(0.0819066 -0.0296687 0)
(0.0794407 -0.0315306 0)
(0.0769345 -0.0333728 0)
(0.0744342 -0.0352157 0)
(0.0719885 -0.0370844 0)
(0.0696411 -0.0390062 0)
(0.0674201 -0.0410057 0)
(0.0653283 -0.0430985 0)
(0.0633358 -0.0452861 0)
(0.0613806 -0.0475543 0)
(0.0593769 -0.0498749 0)
(0.0572298 -0.0522119 0)
(0.0548507 -0.0545272 0)
(0.0521691 -0.0567863 0)
(0.0491367 -0.0589609 0)
(0.0457276 -0.0610304 0)
(0.0419329 -0.0629816 0)
(0.0377561 -0.0648076 0)
(0.033208 -0.0665068 0)
(0.0283028 -0.0680813 0)
(0.0230559 -0.0695357 0)
(0.0174822 -0.0708764 0)
(0.0115953 -0.0721105 0)
(0.00540793 -0.0732453 0)
(-0.00106707 -0.0742879 0)
(-0.00781969 -0.0752443 0)
(-0.0148428 -0.07612 0)
(-0.0221287 -0.0769192 0)
(-0.0296694 -0.0776446 0)
(-0.0374569 -0.0782979 0)
(-0.045483 -0.0788795 0)
(-0.0537384 -0.0793885 0)
(-0.0622127 -0.0798231 0)
(-0.0708938 -0.08018 0)
(-0.079768 -0.0804551 0)
(-0.0888188 -0.0806433 0)
(-0.0980264 -0.0807386 0)
(-0.107366 -0.0807344 0)
(-0.116808 -0.0806231 0)
(-0.126311 -0.0803969 0)
(-0.135814 -0.0800473 0)
(-0.145222 -0.0795654 0)
(-0.154376 -0.0789408 0)
(-0.163047 -0.0781629 0)
(-0.170847 -0.0772195 0)
(-0.176859 -0.0761004 0)
(-0.179411 -0.0748416 0)
(-0.177881 -0.0732812 0)
(-0.173127 -0.0715105 0)
(-0.16674 -0.0695511 0)
(-0.159625 -0.0674219 0)
(-0.152211 -0.0651386 0)
(-0.144712 -0.0627167 0)
(-0.137265 -0.0601727 0)
(-0.130032 -0.0575271 0)
(-0.123261 -0.0548037 0)
(-0.116867 -0.0520313 0)
(-0.110424 -0.0492336 0)
(-0.10392 -0.0464356 0)
(-0.0977692 -0.04367 0)
(-0.0923239 -0.0409765 0)
(-0.0877454 -0.0383968 0)
(-0.0841248 -0.0359703 0)
(-0.0815028 -0.0337282 0)
(-0.0798565 -0.0316866 0)
(-0.0790992 -0.0298437 0)
(-0.0790983 -0.0281801 0)
(-0.079699 -0.0266638 0)
(-0.0807447 -0.0252572 0)
(-0.0820931 -0.0239241 0)
(-0.0836249 -0.022634 0)
(-0.0852465 -0.021364 0)
(-0.0868891 -0.0200981 0)
(-0.0885042 -0.0188257 0)
(-0.0900585 -0.0175404 0)
(-0.0915297 -0.0162387 0)
(-0.0929028 -0.0149185 0)
(-0.0941677 -0.0135789 0)
(-0.0953181 -0.0122197 0)
(-0.0963492 -0.0108413 0)
(-0.0972577 -0.00944443 0)
(-0.0980411 -0.00802918 0)
(-0.0986977 -0.00659346 0)
(-0.0992247 -0.00513062 0)
(-0.099617 -0.00363489 0)
(-0.0998698 -0.00212804 0)
(-0.099993 -0.00068085 0)
(0.0999876 -0.00090355 0)
(0.0997829 -0.00277011 0)
(0.0993693 -0.00467551 0)
(0.0987324 -0.00655787 0)
(0.0978808 -0.00839515 0)
(0.0968237 -0.0101895 0)
(0.0955669 -0.0119446 0)
(0.0941157 -0.0136609 0)
(0.0924763 -0.0153369 0)
(0.0906571 -0.0169712 0)
(0.0886685 -0.0185633 0)
(0.0865243 -0.0201137 0)
(0.0842435 -0.0216247 0)
(0.0818509 -0.0231011 0)
(0.0793785 -0.0245505 0)
(0.0768661 -0.0259845 0)
(0.0743599 -0.0274192 0)
(0.0719089 -0.0288741 0)
(0.0695566 -0.0303705 0)
(0.067331 -0.0319275 0)
(0.0652343 -0.0335572 0)
(0.0632364 -0.0352606 0)
(0.0612746 -0.0370265 0)
(0.0592628 -0.038833 0)
(0.057106 -0.0406518 0)
(0.0547156 -0.0424534 0)
(0.0520211 -0.044211 0)
(0.0489747 -0.0459027 0)
(0.0455503 -0.0475125 0)
(0.0417395 -0.0490303 0)
(0.0375458 -0.0504507 0)
(0.0329798 -0.0517725 0)
(0.028056 -0.0529974 0)
(0.0227897 -0.0541291 0)
(0.0171956 -0.0551723 0)
(0.0112874 -0.0561327 0)
(0.0050778 -0.0570159 0)
(-0.00142007 -0.0578273 0)
(-0.00819622 -0.0585717 0)
(-0.0152438 -0.0592531 0)
(-0.0225547 -0.0598747 0)
(-0.030121 -0.0604387 0)
(-0.0379345 -0.0609462 0)
(-0.0459866 -0.0613977 0)
(-0.0542681 -0.0617922 0)
(-0.0627683 -0.0621282 0)
(-0.0714749 -0.0624032 0)
(-0.0803738 -0.0626139 0)
(-0.0894481 -0.0627563 0)
(-0.0986776 -0.0628257 0)
(-0.108037 -0.0628167 0)
(-0.117496 -0.0627237 0)
(-0.127011 -0.0625405 0)
(-0.136522 -0.0622606 0)
(-0.14593 -0.0618769 0)
(-0.155075 -0.0613814 0)
(-0.163725 -0.0607657 0)
(-0.171481 -0.06002 0)
(-0.177401 -0.059137 0)
(-0.17985 -0.0581413 0)
(-0.178216 -0.0569133 0)
(-0.173382 -0.0555282 0)
(-0.166936 -0.0539996 0)
(-0.159778 -0.0523401 0)
(-0.152328 -0.0505615 0)
(-0.1448 -0.0486755 0)
(-0.137329 -0.0466953 0)
(-0.130079 -0.0446367 0)
(-0.123298 -0.0425188 0)
(-0.116895 -0.0403639 0)
(-0.110444 -0.0381901 0)
(-0.103936 -0.0360171 0)
(-0.0977855 -0.0338703 0)
(-0.0923467 -0.0317803 0)
(-0.0877809 -0.0297796 0)
(-0.0841771 -0.0278986 0)
(-0.0815732 -0.0261611 0)
(-0.0799433 -0.0245791 0)
(-0.0791988 -0.0231505 0)
(-0.0792064 -0.0218596 0)
(-0.0798112 -0.0206831 0)
(-0.0808567 -0.019592 0)
(-0.0822012 -0.0185581 0)
(-0.0837261 -0.0175576 0)
(-0.0853389 -0.0165727 0)
(-0.0869717 -0.0155909 0)
(-0.0885765 -0.0146042 0)
(-0.0901208 -0.0136075 0)
(-0.0915823 -0.012598 0)
(-0.0929463 -0.0115742 0)
(-0.094203 -0.0105353 0)
(-0.0953461 -0.00948113 0)
(-0.0963707 -0.00841199 0)
(-0.0972737 -0.00732833 0)
(-0.0980526 -0.00623031 0)
(-0.0987054 -0.00511624 0)
(-0.0992294 -0.00398093 0)
(-0.0996196 -0.00281994 0)
(-0.0998709 -0.00165039 0)
(-0.0999931 -0.000527747 0)
(0.0999876 -0.000645975 0)
(0.0997825 -0.00198044 0)
(0.0993681 -0.00334281 0)
(0.0987297 -0.00468876 0)
(0.0978761 -0.00600246 0)
(0.0968164 -0.00728544 0)
(0.0955565 -0.00854036 0)
(0.0941017 -0.00976748 0)
(0.0924584 -0.0109658 0)
(0.0906349 -0.0121343 0)
(0.0886416 -0.0132725 0)
(0.0864927 -0.014381 0)
(0.084207 -0.0154613 0)
(0.0818094 -0.0165168 0)
(0.0793321 -0.017553 0)
(0.076815 -0.0185782 0)
(0.0743045 -0.019604 0)
(0.0718495 -0.0206443 0)
(0.0694934 -0.0217143 0)
(0.0672642 -0.0228277 0)
(0.0651638 -0.0239929 0)
(0.0631615 -0.0252107 0)
(0.0611945 -0.0264729 0)
(0.0591763 -0.0277638 0)
(0.0570118 -0.0290632 0)
(0.0546125 -0.03035 0)
(0.0519079 -0.031605 0)
(0.0488504 -0.0328128 0)
(0.0454143 -0.0339619 0)
(0.0415911 -0.0350453 0)
(0.0373844 -0.0360591 0)
(0.0328051 -0.0370025 0)
(0.0278674 -0.0378768 0)
(0.0225867 -0.0386845 0)
(0.0169778 -0.0394293 0)
(0.0110542 -0.0401149 0)
(0.00482843 -0.0407455 0)
(-0.00168599 -0.041325 0)
(-0.00847919 -0.0418565 0)
(-0.0155446 -0.0423431 0)
(-0.022874 -0.0427869 0)
(-0.0304591 -0.0431894 0)
(-0.0382919 -0.0435516 0)
(-0.0463636 -0.0438734 0)
(-0.0546646 -0.0441544 0)
(-0.0631841 -0.0443934 0)
(-0.0719094 -0.0445885 0)
(-0.0808261 -0.0447374 0)
(-0.0899171 -0.0448372 0)
(-0.0991618 -0.0448846 0)
(-0.108535 -0.0448757 0)
(-0.118005 -0.0448065 0)
(-0.127528 -0.0446727 0)
(-0.137044 -0.0444695 0)
(-0.146451 -0.0441922 0)
(-0.155588 -0.0438348 0)
(-0.164222 -0.0433913 0)
(-0.171944 -0.0428545 0)
(-0.177788 -0.04222 0)
(-0.180156 -0.0415018 0)
(-0.178448 -0.0406155 0)
(-0.173559 -0.0396189 0)
(-0.167074 -0.0385217 0)
(-0.159886 -0.0373324 0)
(-0.152411 -0.0360589 0)
(-0.144862 -0.0347094 0)
(-0.137374 -0.0332931 0)
(-0.130112 -0.0318214 0)
(-0.123324 -0.0303081 0)
(-0.116914 -0.0287693 0)
(-0.110459 -0.0272177 0)
(-0.103948 -0.0256675 0)
(-0.0977982 -0.0241367 0)
(-0.0923644 -0.022647 0)
(-0.0878083 -0.0212218 0)
(-0.0842174 -0.019883 0)
(-0.0816273 -0.0186476 0)
(-0.0800095 -0.0175234 0)
(-0.0792736 -0.0165048 0)
(-0.0792851 -0.0155797 0)
(-0.0798935 -0.0147389 0)
(-0.0809394 -0.0139609 0)
(-0.0822813 -0.0132243 0)
(-0.0838013 -0.0125118 0)
(-0.0854078 -0.0118105 0)
(-0.0870333 -0.0111113 0)
(-0.0886306 -0.0104085 0)
(-0.0901674 -0.00969859 0)
(-0.0916217 -0.0089795 0)
(-0.092979 -0.00825012 0)
(-0.0942297 -0.00750995 0)
(-0.0953672 -0.00675885 0)
(-0.096387 -0.00599697 0)
(-0.0972858 -0.00522466 0)
(-0.0980612 -0.004442 0)
(-0.0987111 -0.00364777 0)
(-0.0992328 -0.00283822 0)
(-0.0996213 -0.00201015 0)
(-0.0998714 -0.00117592 0)
(-0.0999931 -0.000375675 0)
(0.0999876 -0.00038804 0)
(0.0997823 -0.0011895 0)
(0.0993672 -0.00200769 0)
(0.0987278 -0.00281602 0)
(0.0978729 -0.00360504 0)
(0.0968115 -0.00437562 0)
(0.0955496 -0.00512937 0)
(0.0940925 -0.00586642 0)
(0.0924466 -0.00658619 0)
(0.0906202 -0.00728805 0)
(0.0886239 -0.00797175 0)
(0.0864718 -0.00863756 0)
(0.0841827 -0.00928648 0)
(0.0817817 -0.00992051 0)
(0.0793012 -0.010543 0)
(0.0767808 -0.011159 0)
(0.0742674 -0.0117752 0)
(0.0718096 -0.0124002 0)
(0.069451 -0.013043 0)
(0.0672194 -0.0137117 0)
(0.0651164 -0.0144115 0)
(0.0631113 -0.0151425 0)
(0.0611408 -0.0159 0)
(0.0591185 -0.0166743 0)
(0.0569489 -0.0174533 0)
(0.0545437 -0.0182245 0)
(0.0518325 -0.0189763 0)
(0.0487678 -0.0196996 0)
(0.0453239 -0.0203875 0)
(0.0414924 -0.0210358 0)
(0.037277 -0.0216425 0)
(0.0326885 -0.0222069 0)
(0.0277413 -0.0227299 0)
(0.0224507 -0.0232132 0)
(0.0168313 -0.0236588 0)
(0.0108969 -0.024069 0)
(0.00465986 -0.0244464 0)
(-0.00186604 -0.0247932 0)
(-0.00867088 -0.0251114 0)
(-0.0157483 -0.0254027 0)
(-0.0230899 -0.0256684 0)
(-0.0306873 -0.0259094 0)
(-0.0385324 -0.0261261 0)
(-0.0466163 -0.0263187 0)
(-0.0549295 -0.0264868 0)
(-0.0634609 -0.0266297 0)
(-0.0721979 -0.0267462 0)
(-0.081126 -0.026835 0)
(-0.0902278 -0.0268942 0)
(-0.0994827 -0.026922 0)
(-0.108865 -0.026916 0)
(-0.118342 -0.0268738 0)
(-0.127872 -0.0267929 0)
(-0.137391 -0.0266704 0)
(-0.146799 -0.0265035 0)
(-0.155931 -0.0262886 0)
(-0.164553 -0.026022 0)
(-0.172252 -0.0256994 0)
(-0.178041 -0.0253184 0)
(-0.180349 -0.0248857 0)
(-0.178589 -0.0243502 0)
(-0.173667 -0.0237486 0)
(-0.167158 -0.0230874 0)
(-0.159952 -0.0223715 0)
(-0.152462 -0.0216054 0)
(-0.144899 -0.0207941 0)
(-0.137399 -0.0199431 0)
(-0.13013 -0.0190591 0)
(-0.123338 -0.0181505 0)
(-0.116925 -0.017227 0)
(-0.110467 -0.0162963 0)
(-0.103955 -0.0153667 0)
(-0.0978054 -0.0144492 0)
(-0.0923751 -0.0135568 0)
(-0.0878261 -0.0127038 0)
(-0.0842458 -0.0119041 0)
(-0.0816664 -0.011169 0)
(-0.0800487 -0.0104974 0)
(-0.0793414 -0.00990506 0)
(-0.0793409 -0.00932823 0)
(-0.0799525 -0.00881752 0)
(-0.0809985 -0.00835126 0)
(-0.0823378 -0.00791183 0)
(-0.0838538 -0.00748701 0)
(-0.0854554 -0.00706855 0)
(-0.0870757 -0.00665105 0)
(-0.0886677 -0.0062311 0)
(-0.0901993 -0.00580664 0)
(-0.0916487 -0.0053765 0)
(-0.0930014 -0.00494007 0)
(-0.0942479 -0.00449707 0)
(-0.0953817 -0.00404744 0)
(-0.0963983 -0.0035913 0)
(-0.0972943 -0.00312886 0)
(-0.0980672 -0.00266017 0)
(-0.0987152 -0.00218449 0)
(-0.0992353 -0.00169955 0)
(-0.0996225 -0.00120337 0)
(-0.099872 -0.000703406 0)
(-0.0999932 -0.000224214 0)
(0.0999876 -0.000129913 0)
(0.0997822 -0.000397802 0)
(0.0993669 -0.000671147 0)
(0.0987269 -0.000941173 0)
(0.0978712 -0.0012048 0)
(0.0968089 -0.00146234 0)
(0.095546 -0.00171432 0)
(0.0940877 -0.00196076 0)
(0.0924406 -0.00220146 0)
(0.0906128 -0.00243624 0)
(0.088615 -0.00266499 0)
(0.0864612 -0.00288781 0)
(0.0841705 -0.00310505 0)
(0.0817679 -0.00331737 0)
(0.0792857 -0.00352588 0)
(0.0767638 -0.00373224 0)
(0.0742489 -0.00393871 0)
(0.0717898 -0.00414805 0)
(0.06943 -0.00436322 0)
(0.0671971 -0.00458684 0)
(0.0650928 -0.00482049 0)
(0.0630861 -0.00506421 0)
(0.0611138 -0.00531626 0)
(0.0590891 -0.00557343 0)
(0.0569168 -0.00583168 0)
(0.0545083 -0.00608684 0)
(0.0517934 -0.00633516 0)
(0.0487247 -0.00657362 0)
(0.0452766 -0.00680007 0)
(0.0414408 -0.0070132 0)
(0.0372209 -0.00721237 0)
(0.0326279 -0.0073975 0)
(0.027676 -0.0075689 0)
(0.0223806 -0.00772718 0)
(0.0167564 -0.00787308 0)
(0.010817 -0.00800742 0)
(0.00457462 -0.00813102 0)
(-0.00195665 -0.00824469 0)
(-0.00876698 -0.00834905 0)
(-0.0158503 -0.00844469 -2.67651e-29)
(-0.0231979 -0.00853206 0)
(-0.0308017 -0.00861144 0)
(-0.0386532 -0.00868298 -2.59918e-29)
(-0.0467437 -0.00874669 0)
(-0.0550634 -0.00880245 0)
(-0.0636012 -0.00884998 2.52614e-29)
(-0.0723444 -0.0088889 0)
(-0.0812783 -0.00891872 0)
(-0.0903855 -0.00893883 0)
(-0.0996451 -0.00894853 0)
(-0.109032 -0.00894706 0)
(-0.118513 -0.00893359 0)
(-0.128045 -0.00890727 0)
(-0.137566 -0.00886718 0)
(-0.146973 -0.00881233 0)
(-0.156103 -0.00874155 0)
(-0.16472 -0.00865359 0)
(-0.172407 -0.00854686 0)
(-0.178168 -0.00842054 0)
(-0.180445 -0.00827639 0)
(-0.178657 -0.00809729 -1.13275e-29)
(-0.173717 -0.0078959 0)
(-0.167197 -0.00767456 -1.12395e-29)
(-0.159982 -0.00743504 0)
(-0.152484 -0.00717893 0)
(-0.144914 -0.00690784 -1.11183e-29)
(-0.13741 -0.0066236 2.21046e-29)
(-0.130136 -0.00632846 0)
(-0.123342 -0.0060252 -1.08272e-29)
(-0.116928 -0.00571704 2.13436e-29)
(-0.110468 -0.00540651 0)
(-0.103955 -0.00509648 0)
(-0.0978058 -0.00479051 0)
(-0.0923766 -0.0044929 -9.39481e-30)
(-0.0878316 -0.00420827 0)
(-0.0842578 -0.00394137 0)
(-0.0816713 -0.00369563 -8.06936e-30)
(-0.0800631 -0.00347487 0)
(-0.0794015 -0.00329249 7.17217e-30)
(-0.0793802 -0.0031133 0)
(-0.0799968 -0.00292458 0)
(-0.0810411 -0.00276555 0)
(-0.0823756 -0.00261985 1.38614e-29)
(-0.0838865 -0.00247991 0)
(-0.0854835 -0.00234209 -1.37162e-29)
(-0.0870997 -0.00220444 0)
(-0.088688 -0.00206579 0)
(-0.0902162 -0.00192549 1.36493e-29)
(-0.0916627 -0.00178316 0)
(-0.0930129 -0.00163862 0)
(-0.0942572 -0.00149178 0)
(-0.095389 -0.00134264 0)
(-0.096404 -0.00119124 0)
(-0.0972986 -0.00103767 6.81629e-30)
(-0.0980705 -0.000881958 0)
(-0.0987175 -0.000723854 0)
(-0.0992369 -0.000562591 1.36321e-29)
(-0.0996236 -0.000397533 0)
(-0.0998725 -0.000231418 1.3632e-29)
(-0.099993 -7.36576e-05 0)
(0.0999876 0.000128284 0)
(0.0997822 0.000394267 0)
(0.0993668 0.000666114 0)
(0.0987269 0.000934676 0)
(0.0978712 0.00119666 0)
(0.0968089 0.00145238 0)
(0.0955459 0.00170239 0)
(0.0940876 0.00194678 0)
(0.0924404 0.00218532 0)
(0.0906125 0.00241783 0)
(0.0886146 0.00264419 0)
(0.0864608 0.0028645 0)
(0.0841701 0.00307907 0)
(0.0817674 0.00328858 0)
(0.0792852 0.00349415 0)
(0.0767632 0.00369748 0)
(0.0742483 0.00390092 0)
(0.0717891 0.00410737 0)
(0.0694293 0.00432002 0)
(0.0671964 0.00454175 0)
(0.0650922 0.00477444 0)
(0.0630855 0.0050184 0)
(0.0611132 0.0052721 0)
(0.0590885 0.00553242 0)
(0.0569162 0.00579533 0)
(0.0545077 0.00605653 0)
(0.0517928 0.00631207 0)
(0.048724 0.00655868 0)
(0.0452758 0.00679394 0)
(0.0414398 0.00701625 0)
(0.0372197 0.00722471 0)
(0.0326264 0.00741902 0)
(0.0276743 0.00759931 0)
(0.0223786 0.00776602 0)
(0.016754 0.00791977 0)
(0.0108142 0.00806129 0)
(0.00457137 0.00819135 0)
(-0.00196032 0.0083107 0)
(-0.00877104 0.00841998 0)
(-0.0158546 0.00851976 2.6765e-29)
(-0.0232025 0.00861051 0)
(-0.0308064 0.00869253 0)
(-0.038658 0.008766 2.59917e-29)
(-0.0467485 0.00883096 0)
(-0.0550681 0.00888733 0)
(-0.0636058 0.00893487 -2.52614e-29)
(-0.0723489 0.00897327 0)
(-0.0812827 0.00900205 0)
(-0.0903899 0.00902066 0)
(-0.0996496 0.00902847 0)
(-0.109036 0.00902475 0)
(-0.118517 0.00900872 0)
(-0.12805 0.00897956 0)
(-0.13757 0.00893642 0)
(-0.146978 0.00887836 0)
(-0.156107 0.00880431 0)
(-0.164723 0.00871315 0)
(-0.17241 0.00860356 0)
(-0.178169 0.00847495 0)
(-0.180444 0.00832977 0)
(-0.178655 0.0081509 1.13274e-29)
(-0.173714 0.0079504 0)
(-0.167194 0.0077304 1.12395e-29)
(-0.159978 0.0074924 0)
(-0.152481 0.00723785 0)
(-0.144911 0.00696832 1.11182e-29)
(-0.137406 0.00668555 -2.21045e-29)
(-0.130133 0.00639168 0)
(-0.123339 0.0060895 1.08271e-29)
(-0.116925 0.0057824 -2.13435e-29)
(-0.110465 0.0054727 0)
(-0.103952 0.005163 0)
(-0.0978031 0.00485683 0)
(-0.0923742 0.0045585 9.39468e-30)
(-0.0878295 0.00427267 0)
(-0.0842562 0.00400409 0)
(-0.0816701 0.0037562 8.06941e-30)
(-0.0800623 0.00353304 0)
(-0.0794009 0.00334842 -7.19061e-30)
(-0.0793799 0.00316477 0)
(-0.0799969 0.00297317 0)
(-0.0810413 0.00281083 0)
(-0.0823759 0.00266179 -1.38613e-29)
(-0.0838869 0.00251856 0)
(-0.085484 0.00237754 1.37162e-29)
(-0.0871002 0.00223679 0)
(-0.0886885 0.0020952 0)
(-0.0902168 0.00195211 -1.36493e-29)
(-0.0916632 0.00180719 0)
(-0.0930133 0.00166024 0)
(-0.0942575 0.00151119 0)
(-0.0953892 0.00136002 0)
(-0.096404 0.00120678 0)
(-0.0972984 0.00105153 -6.81629e-30)
(-0.0980701 0.000894291 0)
(-0.0987171 0.000734818 0)
(-0.0992365 0.000572322 -1.36321e-29)
(-0.0996232 0.000406077 0)
(-0.0998723 0.000238439 -1.3632e-29)
(-0.0999929 7.76636e-05 0)
(0.0999876 0.000386493 0)
(0.0997822 0.00118612 0)
(0.0993671 0.00200288 0)
(0.0987275 0.00280975 0)
(0.0978725 0.00359709 0)
(0.0968111 0.00436584 0)
(0.0955491 0.00511765 0)
(0.0940919 0.00585266 0)
(0.0924459 0.00657029 0)
(0.0906195 0.00726992 0)
(0.0886231 0.00795126 0)
(0.0864708 0.00861458 0)
(0.0841816 0.00926087 0)
(0.0817806 0.00989213 0)
(0.0793 0.0105117 0)
(0.0767796 0.0111247 0)
(0.0742661 0.011738 0)
(0.0718083 0.0123601 0)
(0.0694497 0.0130005 0)
(0.0672181 0.0136675 0)
(0.0651151 0.0143664 0)
(0.0631099 0.0150978 0)
(0.0611392 0.015857 0)
(0.0591166 0.0166346 0)
(0.0569466 0.0174185 0)
(0.0545408 0.0181958 0)
(0.051829 0.0189549 0)
(0.0487635 0.0196864 0)
(0.0453189 0.0203831 0)
(0.0414866 0.0210406 0)
(0.0372705 0.0216564 0)
(0.0326814 0.02223 0)
(0.0277336 0.0227618 0)
(0.0224424 0.0232533 0)
(0.0168226 0.0237067 0)
(0.0108878 0.024124 0)
(0.00465034 0.0245078 0)
(-0.00187592 0.0248602 0)
(-0.00868111 0.0251833 0)
(-0.015759 0.0254787 0)
(-0.023101 0.0257477 0)
(-0.030699 0.0259914 0)
(-0.0385446 0.0262101 0)
(-0.0466292 0.0264039 0)
(-0.0549429 0.0265726 0)
(-0.0634749 0.0267155 0)
(-0.0722124 0.0268314 0)
(-0.0811409 0.026919 0)
(-0.0902429 0.0269767 0)
(-0.0994977 0.0270024 0)
(-0.10888 0.026994 0)
(-0.118357 0.0269491 0)
(-0.127886 0.0268651 0)
(-0.137405 0.0267393 0)
(-0.146812 0.026569 0)
(-0.155943 0.0263506 0)
(-0.164564 0.0260807 0)
(-0.17226 0.0257551 0)
(-0.178046 0.0253715 0)
(-0.180349 0.0249375 0)
(-0.178585 0.0244017 0)
(-0.17366 0.0238004 0)
(-0.167149 0.0231401 0)
(-0.159942 0.0224255 0)
(-0.152451 0.0216612 0)
(-0.144887 0.020852 0)
(-0.137388 0.0200032 0)
(-0.130119 0.0191215 0)
(-0.123326 0.0182149 0)
(-0.116914 0.0172924 0)
(-0.110456 0.0163621 0)
(-0.103945 0.0154327 0)
(-0.0977969 0.0145148 0)
(-0.0923678 0.0136215 0)
(-0.0878201 0.0127672 0)
(-0.0842411 0.0119659 0)
(-0.0816631 0.0112286 0)
(-0.0800467 0.0105545 0)
(-0.07934 0.009959 0)
(-0.0793406 0.00937929 0)
(-0.0799528 0.00886541 0)
(-0.0809992 0.00839582 0)
(-0.0823389 0.00795305 0)
(-0.0838551 0.00752492 0)
(-0.0854568 0.00710326 0)
(-0.0870771 0.00668269 0)
(-0.088669 0.00625983 0)
(-0.0902005 0.00583264 0)
(-0.0916499 0.00539997 0)
(-0.0930026 0.0049612 0)
(-0.094249 0.00451605 0)
(-0.0953828 0.00406447 0)
(-0.0963994 0.00360653 0)
(-0.0972954 0.00314243 0)
(-0.0980682 0.0026722 0)
(-0.098716 0.0021951 0)
(-0.099236 0.00170886 0)
(-0.099623 0.00121149 0)
(-0.0998722 0.000710166 0)
(-0.0999932 0.00022825 0)
(0.0999876 0.000644578 0)
(0.0997825 0.00197726 0)
(0.0993678 0.00333814 0)
(0.0987292 0.00468258 0)
(0.0978755 0.00599464 0)
(0.0968157 0.00727583 0)
(0.0955557 0.00852886 0)
(0.0941008 0.00975399 0)
(0.0924574 0.0109502 0)
(0.0906337 0.0121165 0)
(0.0886402 0.0132524 0)
(0.0864911 0.0143584 0)
(0.0842051 0.0154361 0)
(0.0818074 0.0164888 0)
(0.0793299 0.0175221 0)
(0.0768126 0.0185444 0)
(0.074302 0.0195672 0)
(0.0718469 0.0206047 0)
(0.0694908 0.0216724 0)
(0.0672615 0.022784 0)
(0.0651611 0.0239484 0)
(0.0631587 0.0251667 0)
(0.0611915 0.0264307 0)
(0.0591731 0.027725 0)
(0.0570081 0.0290292 0)
(0.0546082 0.0303222 0)
(0.0519029 0.0315846 0)
(0.0488446 0.0328006 0)
(0.0454076 0.0339585 0)
(0.0415834 0.035051 0)
(0.0373756 0.036074 0)
(0.0327952 0.0370265 0)
(0.0278564 0.0379096 0)
(0.0225744 0.0387256 0)
(0.0169642 0.0394781 0)
(0.0110394 0.0401708 0)
(0.00481231 0.0408077 0)
(-0.00170334 0.0413927 0)
(-0.0084977 0.041929 0)
(-0.0155642 0.0424195 0)
(-0.0228946 0.0428665 0)
(-0.0304806 0.0432716 0)
(-0.038314 0.0436355 0)
(-0.0463863 0.0439584 0)
(-0.0546878 0.0442399 0)
(-0.0632076 0.0444787 0)
(-0.0719332 0.0446731 0)
(-0.0808503 0.0448208 0)
(-0.0899415 0.0449189 0)
(-0.0991865 0.0449641 0)
(-0.10856 0.0449527 0)
(-0.118029 0.0448806 0)
(-0.127553 0.0447435 0)
(-0.137068 0.0445369 0)
(-0.146474 0.0442558 0)
(-0.15561 0.0438947 0)
(-0.164241 0.0434476 0)
(-0.171959 0.0429075 0)
(-0.177796 0.0422703 0)
(-0.180156 0.0415506 0)
(-0.178442 0.0406635 0)
(-0.173549 0.0396669 0)
(-0.16706 0.0385707 0)
(-0.159869 0.0373829 0)
(-0.152393 0.0361114 0)
(-0.144841 0.0347642 0)
(-0.137352 0.0333507 0)
(-0.13009 0.0318817 0)
(-0.123304 0.0303708 0)
(-0.116898 0.0288336 0)
(-0.110444 0.0272829 0)
(-0.103934 0.0257329 0)
(-0.0977862 0.0242017 0)
(-0.0923544 0.0227112 0)
(-0.0878004 0.0212847 0)
(-0.0842116 0.0199441 0)
(-0.0816235 0.0187066 0)
(-0.0800075 0.0175799 0)
(-0.0792731 0.0165584 0)
(-0.0792858 0.0156303 0)
(-0.079895 0.0147864 0)
(-0.0809415 0.014005 0)
(-0.0822837 0.0132652 0)
(-0.0838039 0.0125495 0)
(-0.0854104 0.011845 0)
(-0.0870358 0.0111428 0)
(-0.088633 0.0104372 0)
(-0.0901695 0.00972452 0)
(-0.0916236 0.00900287 0)
(-0.0929807 0.0082711 0)
(-0.094231 0.00752871 0)
(-0.0953683 0.00677556 0)
(-0.0963879 0.00601182 0)
(-0.0972865 0.00523782 0)
(-0.0980617 0.00445364 0)
(-0.0987115 0.00365804 0)
(-0.0992332 0.00284728 0)
(-0.0996216 0.00201807 0)
(-0.0998716 0.00118244 0)
(-0.0999932 0.000379398 0)
(0.0999876 0.000902339 0)
(0.0997828 0.00276724 0)
(0.0993691 0.00467114 0)
(0.0987319 0.00655199 0)
(0.0978802 0.00838765 0)
(0.0968229 0.0101802 0)
(0.0955659 0.0119335 0)
(0.0941144 0.0136478 0)
(0.0924749 0.0153218 0)
(0.0906554 0.016954 0)
(0.0886665 0.0185438 0)
(0.0865221 0.0200918 0)
(0.084241 0.0216003 0)
(0.0818482 0.0230739 0)
(0.0793755 0.0245205 0)
(0.0768628 0.0259517 0)
(0.0743565 0.0273835 0)
(0.0719054 0.0288357 0)
(0.0695531 0.0303298 0)
(0.0673274 0.0318852 0)
(0.0652307 0.0335143 0)
(0.0632325 0.0352183 0)
(0.0612704 0.0369862 0)
(0.0592581 0.0387962 0)
(0.0571005 0.0406199 0)
(0.0547091 0.0424278 0)
(0.0520135 0.0441928 0)
(0.0489657 0.0458926 0)
(0.04554 0.0475112 0)
(0.0417277 0.049038 0)
(0.0375324 0.0504675 0)
(0.032965 0.0517983 0)
(0.0280397 0.0530318 0)
(0.0227719 0.0541716 0)
(0.0171763 0.0552224 0)
(0.0112668 0.0561897 0)
(0.00505581 0.0570791 0)
(-0.00144337 0.057896 0)
(-0.0082208 0.058645 0)
(-0.0152697 0.0593303 0)
(-0.0225818 0.0599551 0)
(-0.0301493 0.0605215 0)
(-0.037964 0.0610308 0)
(-0.0460174 0.0614832 0)
(-0.0543 0.0618781 0)
(-0.0628013 0.0622139 0)
(-0.0715088 0.062488 0)
(-0.0804084 0.0626973 0)
(-0.0894833 0.0628378 0)
(-0.0987132 0.0629049 0)
(-0.108073 0.0628931 0)
(-0.117531 0.0627969 0)
(-0.127046 0.0626101 0)
(-0.136556 0.0623262 0)
(-0.145963 0.0619383 0)
(-0.155105 0.0614382 0)
(-0.163752 0.0608178 0)
(-0.171503 0.0600674 0)
(-0.177413 0.05918 0)
(-0.179852 0.0581813 0)
(-0.17821 0.0569521 0)
(-0.173367 0.0555676 0)
(-0.166915 0.0540407 0)
(-0.159754 0.0523833 0)
(-0.152301 0.0506071 0)
(-0.14477 0.0487237 0)
(-0.137299 0.0467462 0)
(-0.130049 0.0446902 0)
(-0.12327 0.0425749 0)
(-0.116869 0.0404234 0)
(-0.110422 0.0382523 0)
(-0.103916 0.036081 0)
(-0.0977687 0.0339347 0)
(-0.092333 0.0318444 0)
(-0.0877703 0.0298426 0)
(-0.0841695 0.02796 0)
(-0.0815684 0.0262203 0)
(-0.079941 0.0246358 0)
(-0.0791986 0.0232043 0)
(-0.0792077 0.0219104 0)
(-0.0798136 0.0207307 0)
(-0.0808597 0.0196363 0)
(-0.0822045 0.018599 0)
(-0.0837295 0.0175953 0)
(-0.0853424 0.0166072 0)
(-0.086975 0.0156224 0)
(-0.0885797 0.0146328 0)
(-0.0901238 0.0136334 0)
(-0.0915851 0.0126214 0)
(-0.092949 0.0115952 0)
(-0.0942056 0.0105542 0)
(-0.0953485 0.00949805 0)
(-0.0963729 0.00842711 0)
(-0.0972756 0.00734179 0)
(-0.0980541 0.00624223 0)
(-0.0987065 0.00512674 0)
(-0.0992302 0.00399012 0)
(-0.09962 0.00282782 0)
(-0.0998711 0.00165666 0)
(-0.0999931 0.00053122 0)
(0.0999876 0.00115966 0)
(0.0997832 0.00355547 0)
(0.0993706 0.00600074 0)
(0.0987355 0.00841633 0)
(0.0978865 0.010774 0)
(0.0968327 0.0130766 0)
(0.0955798 0.0153287 0)
(0.0941329 0.0175309 0)
(0.0924986 0.0196815 0)
(0.0906847 0.0217785 0)
(0.0887019 0.0238212 0)
(0.0865638 0.0258104 0)
(0.0842893 0.027749 0)
(0.0819029 0.0296429 0)
(0.0794367 0.0315021 0)
(0.0769302 0.0333415 0)
(0.0744296 0.0351816 0)
(0.0719837 0.0370478 0)
(0.0696361 0.0389675 0)
(0.0674151 0.0409656 0)
(0.0653231 0.043058 0)
(0.0633304 0.0452465 0)
(0.0613748 0.0475169 0)
(0.0593704 0.0498413 0)
(0.0572225 0.0521834 0)
(0.0548423 0.0545052 0)
(0.0521593 0.0567718 0)
(0.0491255 0.0589547 0)
(0.0457147 0.0610331 0)
(0.0419182 0.0629934 0)
(0.0377396 0.0648287 0)
(0.0331896 0.0665369 0)
(0.0282825 0.06812 0)
(0.0230336 0.0695825 0)
(0.0174579 0.0709307 0)
(0.011569 0.0721715 0)
(0.00537965 0.0733123 0)
(-0.00109727 0.07436 0)
(-0.00785174 0.0753208 0)
(-0.0148766 0.0762 0)
(-0.0221642 0.0770018 0)
(-0.0297063 0.0777292 0)
(-0.0374953 0.0783837 0)
(-0.0455226 0.0789659 0)
(-0.0537791 0.079475 0)
(-0.0622544 0.0799089 0)
(-0.0709365 0.0802647 0)
(-0.0798116 0.0805382 0)
(-0.0888632 0.0807243 0)
(-0.0980716 0.080817 0)
(-0.107412 0.0808097 0)
(-0.116855 0.0806949 0)
(-0.126357 0.0804647 0)
(-0.135861 0.0801107 0)
(-0.145268 0.0796239 0)
(-0.15442 0.078994 0)
(-0.163088 0.0782102 0)
(-0.170882 0.0772605 0)
(-0.176883 0.0761346 0)
(-0.179418 0.0748705 0)
(-0.177871 0.0733087 0)
(-0.173106 0.0715395 0)
(-0.166711 0.0695825 0)
(-0.159592 0.0674558 0)
(-0.152174 0.0651752 0)
(-0.144672 0.062756 0)
(-0.137224 0.0602154 0)
(-0.129991 0.0575733 0)
(-0.123221 0.0548542 0)
(-0.116828 0.0520867 0)
(-0.11039 0.0492935 0)
(-0.10389 0.0464986 0)
(-0.0977448 0.0437343 0)
(-0.0923046 0.0410406 0)
(-0.0877308 0.0384597 0)
(-0.0841145 0.0360313 0)
(-0.0814965 0.0337868 0)
(-0.0798535 0.0317425 0)
(-0.079099 0.0298966 0)
(-0.0791003 0.0282298 0)
(-0.0797025 0.0267101 0)
(-0.0807492 0.0253 0)
(-0.0820981 0.0239635 0)
(-0.0836301 0.0226701 0)
(-0.0852517 0.0213968 0)
(-0.086894 0.0201277 0)
(-0.0885087 0.0188524 0)
(-0.0900625 0.0175644 0)
(-0.0915332 0.01626 0)
(-0.0929057 0.0149374 0)
(-0.0941702 0.0135957 0)
(-0.0953202 0.0122345 0)
(-0.0963509 0.0108544 0)
(-0.0972591 0.00945586 0)
(-0.0980423 0.00803914 0)
(-0.0986987 0.00660209 0)
(-0.0992254 0.00513806 0)
(-0.0996176 0.00364129 0)
(-0.0998701 0.0021333 0)
(-0.0999931 0.00068393 0)
(0.0999876 0.00141639 0)
(0.0997838 0.00434128 0)
(0.0993727 0.00732565 0)
(0.0987402 0.0102737 0)
(0.0978948 0.0131514 0)
(0.0968453 0.015962 0)
(0.0955976 0.0187113 0)
(0.0941568 0.0213998 0)
(0.092529 0.0240254 0)
(0.0907224 0.0265859 0)
(0.0887472 0.0290804 0)
(0.0866172 0.0315097 0)
(0.0843508 0.0338774 0)
(0.0819727 0.0361908 0)
(0.0795144 0.0384619 0)
(0.0770155 0.0407088 0)
(0.074522 0.0429563 0)
(0.0720826 0.0452355 0)
(0.0697409 0.0475796 0)
(0.0675255 0.0500189 0)
(0.0654393 0.052573 0)
(0.0634531 0.0552443 0)
(0.0615053 0.0580155 0)
(0.0595106 0.0608526 0)
(0.0573741 0.0637115 0)
(0.0550075 0.0665457 0)
(0.0523398 0.0693126 0)
(0.0493228 0.0719772 0)
(0.0459301 0.0745141 0)
(0.042153 0.0769066 0)
(0.0379947 0.0791461 0)
(0.0334662 0.0812301 0)
(0.0285815 0.0831612 0)
(0.0233563 0.0849447 0)
(0.0178053 0.0865885 0)
(0.0119424 0.0881012 0)
(0.00578033 0.0894918 0)
(-0.00066821 0.0907688 0)
(-0.00739315 0.0919399 0)
(-0.0143872 0.0930119 0)
(-0.0216427 0.09399 0)
(-0.0291519 0.0948778 0)
(-0.0369071 0.0956776 0)
(-0.0449002 0.09639 0)
(-0.0531221 0.0970142 0)
(-0.061563 0.097548 0)
(-0.0702111 0.0979877 0)
(-0.079053 0.0983284 0)
(-0.088073 0.098564 0)
(-0.0972518 0.0986875 0)
(-0.106566 0.0986906 0)
(-0.115985 0.0985644 0)
(-0.125469 0.0982992 0)
(-0.13496 0.097885 0)
(-0.144364 0.0973106 0)
(-0.153524 0.0965639 0)
(-0.162215 0.0956315 0)
(-0.170054 0.0944991 0)
(-0.17616 0.0931508 0)
(-0.178824 0.0916375 0)
(-0.177423 0.0897526 0)
(-0.172775 0.0876013 0)
(-0.166458 0.0852154 0)
(-0.159393 0.0826204 0)
(-0.152016 0.0798369 0)
(-0.144549 0.0768835 0)
(-0.137129 0.073781 0)
(-0.129915 0.0705537 0)
(-0.123158 0.0672304 0)
(-0.116777 0.0638453 0)
(-0.11035 0.0604269 0)
(-0.103859 0.0570052 0)
(-0.0977168 0.0536197 0)
(-0.0922711 0.050319 0)
(-0.087683 0.0471549 0)
(-0.0840464 0.0441763 0)
(-0.0814059 0.0414219 0)
(-0.0797423 0.0389127 0)
(-0.0789717 0.036647 0)
(-0.0789627 0.0346016 0)
(-0.0795604 0.0327373 0)
(-0.0806082 0.0310081 0)
(-0.0819628 0.0293695 0)
(-0.0835038 0.027784 0)
(-0.0851367 0.0262234 0)
(-0.0867915 0.0246678 0)
(-0.0884191 0.0231045 0)
(-0.0899858 0.0215255 0)
(-0.0914687 0.0199264 0)
(-0.0928525 0.0183049 0)
(-0.0941274 0.0166598 0)
(-0.0952864 0.0149911 0)
(-0.0963251 0.0132992 0)
(-0.0972401 0.0115848 0)
(-0.0980289 0.0098484 0)
(-0.0986896 0.00808734 0)
(-0.0992199 0.00629363 0)
(-0.0996146 0.00446028 0)
(-0.099869 0.00261344 0)
(-0.099993 0.00083789 0)
(0.0999876 0.0016723 0)
(0.0997846 0.00512403 0)
(0.0993755 0.00864479 0)
(0.0987462 0.0121227 0)
(0.0979051 0.0155178 0)
(0.0968611 0.0188341 0)
(0.0956198 0.0220783 0)
(0.0941863 0.0252511 0)
(0.0925666 0.02835 0)
(0.0907688 0.0313723 0)
(0.0888029 0.0343171 0)
(0.0866826 0.0371853 0)
(0.0844261 0.0399812 0)
(0.0820578 0.0427131 0)
(0.0796091 0.0453952 0)
(0.0771193 0.0480487 0)
(0.0746341 0.0507029 0)
(0.0722023 0.0533939 0)
(0.0698675 0.056161 0)
(0.0676585 0.0590401 0)
(0.0655789 0.0620541 0)
(0.0636001 0.0652062 0)
(0.0616613 0.0684761 0)
(0.0596775 0.0718241 0)
(0.0575544 0.0751981 0)
(0.0552033 0.0785431 0)
(0.0525533 0.0818086 0)
(0.0495559 0.0849535 0)
(0.0461844 0.0879472 0)
(0.0424298 0.0907702 0)
(0.0382955 0.093412 0)
(0.0337921 0.09587 0)
(0.0289341 0.0981468 0)
(0.0237368 0.100249 0)
(0.0182154 0.102186 0)
(0.0123838 0.103968 0)
(0.00625479 0.105606 0)
(-0.000159225 0.10711 0)
(-0.00684794 0.10849 0)
(-0.0138038 0.109752 0)
(-0.0210196 0.110905 0)
(-0.0284877 0.111952 0)
(-0.0362005 0.112896 0)
(-0.0441501 0.113738 0)
(-0.0523279 0.114478 0)
(-0.0607243 0.115112 0)
(-0.0693283 0.115638 0)
(-0.0781268 0.116049 0)
(-0.0871047 0.116338 0)
(-0.0962435 0.116498 0)
(-0.10552 0.116518 0)
(-0.114907 0.116388 0)
(-0.124363 0.116097 0)
(-0.133833 0.115634 0)
(-0.143226 0.114984 0)
(-0.152388 0.114133 0)
(-0.161097 0.113067 0)
(-0.168983 0.111768 0)
(-0.175206 0.110211 0)
(-0.178051 0.108453 0)
(-0.176856 0.10626 0)
(-0.17237 0.103739 0)
(-0.166152 0.100934 0)
(-0.159151 0.09788 0)
(-0.151822 0.094601 0)
(-0.144395 0.0911199 0)
(-0.137008 0.0874607 0)
(-0.129819 0.0836515 0)
(-0.123079 0.0797253 0)
(-0.116715 0.0757205 0)
(-0.110303 0.0716724 0)
(-0.103821 0.0676197 0)
(-0.0976809 0.0636092 0)
(-0.092228 0.0596979 0)
(-0.0876227 0.0559461 0)
(-0.0839618 0.0524119 0)
(-0.0812943 0.0491415 0)
(-0.0796055 0.0461608 0)
(-0.0788149 0.0434689 0)
(-0.078793 0.041039 0)
(-0.0793855 0.038825 0)
(-0.0804349 0.0367724 0)
(-0.0817968 0.034828 0)
(-0.0833493 0.0329472 0)
(-0.0849962 0.0310961 0)
(-0.0866666 0.029251 0)
(-0.08831 0.0273966 0)
(-0.0898921 0.0255235 0)
(-0.0913896 0.0236264 0)
(-0.092787 0.0217025 0)
(-0.0940741 0.0197508 0)
(-0.0952441 0.0177711 0)
(-0.0962925 0.015764 0)
(-0.0972159 0.0137307 0)
(-0.0980118 0.0116715 0)
(-0.0986784 0.00958361 0)
(-0.0992131 0.0074576 0)
(-0.0996112 0.00528532 0)
(-0.0998677 0.00309741 0)
(-0.0999929 0.000993304 0)
(0.0999877 0.00192711 0)
(0.0997856 0.00590295 0)
(0.099379 0.00995683 0)
(0.0987536 0.0139612 0)
(0.0979179 0.0178707 0)
(0.0968806 0.0216898 0)
(0.0956471 0.0254264 0)
(0.0942224 0.0290811 0)
(0.0926126 0.0326512 0)
(0.0908253 0.0361336 0)
(0.0888705 0.0395272 0)
(0.0867617 0.042833 0)
(0.0845168 0.046056 0)
(0.0821601 0.0492056 0)
(0.0797225 0.052298 0)
(0.0772431 0.0553575 0)
(0.0747675 0.0584174 0)
(0.0723442 0.0615193 0)
(0.070017 0.0647083 0)
(0.0678151 0.0680255 0)
(0.0657427 0.0714976 0)
(0.063772 0.0751285 0)
(0.0618429 0.0788953 0)
(0.0598711 0.0827522 0)
(0.0577626 0.0866393 0)
(0.0554289 0.0904933 0)
(0.0527985 0.0942558 0)
(0.0498228 0.097879 0)
(0.0464749 0.101328 0)
(0.0427456 0.104579 0)
(0.0386381 0.107621 0)
(0.0341633 0.11045 0)
(0.0293355 0.113069 0)
(0.0241703 0.115487 0)
(0.0186831 0.117714 0)
(0.0128877 0.119762 0)
(0.00679733 0.121644 0)
(0.000424074 0.123371 0)
(-0.00622145 0.124955 0)
(-0.0131315 0.126405 0)
(-0.0202993 0.127729 0)
(-0.0277171 0.128932 0)
(-0.0353776 0.130018 0)
(-0.0432734 0.130989 0)
(-0.051396 0.131844 0)
(-0.0597364 0.13258 0)
(-0.068284 0.133193 0)
(-0.0770266 0.133677 0)
(-0.0859497 0.134024 0)
(-0.0950358 0.134225 0)
(-0.104263 0.134269 0)
(-0.113604 0.134144 0)
(-0.123021 0.133837 0)
(-0.132459 0.133335 0)
(-0.141832 0.132622 0)
(-0.150988 0.131682 0)
(-0.159711 0.130498 0)
(-0.167649 0.129047 0)
(-0.17399 0.127302 0)
(-0.177073 0.125301 0)
(-0.176137 0.122821 0)
(-0.17186 0.11995 0)
(-0.165767 0.116744 0)
(-0.158844 0.113247 0)
(-0.151574 0.109486 0)
(-0.144194 0.10549 0)
(-0.136847 0.101285 0)
(-0.129692 0.0969024 0)
(-0.122984 0.092379 0)
(-0.116651 0.087752 0)
(-0.110256 0.0830507 0)
(-0.103779 0.0783604 0)
(-0.0976369 0.0737226 0)
(-0.0921725 0.0691986 0)
(-0.0875458 0.0648563 0)
(-0.0838558 0.0607615 0)
(-0.0811564 0.0569685 0)
(-0.0794382 0.0535087 0)
(-0.0786248 0.0503828 0)
(-0.0785886 0.0475609 0)
(-0.0791756 0.0449907 0)
(-0.0802278 0.0426089 0)
(-0.0815991 0.0403539 0)
(-0.0831658 0.0381734 0)
(-0.08483 0.0360276 0)
(-0.0865191 0.0338888 0)
(-0.0881818 0.031739 0)
(-0.0897828 0.0295674 0)
(-0.0912982 0.0273679 0)
(-0.092712 0.0251375 0)
(-0.094014 0.0228748 0)
(-0.0951971 0.02058 0)
(-0.0962567 0.0182538 0)
(-0.0971895 0.0158975 0)
(-0.0979931 0.0135119 0)
(-0.0986659 0.0110936 0)
(-0.0992055 0.0086321 0)
(-0.0996071 0.00611795 0)
(-0.0998661 0.00358617 0)
(-0.0999928 0.00115048 0)
(0.0999877 0.00218054 0)
(0.0997869 0.00667698 0)
(0.0993832 0.0112599 0)
(0.0987627 0.0157868 0)
(0.0979336 0.0202069 0)
(0.0969044 0.0245256 0)
(0.0956803 0.0287514 0)
(0.0942663 0.0328853 0)
(0.0926682 0.0369242 0)
(0.0908934 0.0408647 0)
(0.0889518 0.0447053 0)
(0.0868564 0.0484474 0)
(0.084625 0.0520964 0)
(0.0822815 0.0556629 0)
(0.0798567 0.0591649 0)
(0.077389 0.0626296 0)
(0.074924 0.0660945 0)
(0.0725099 0.0696062 0)
(0.0701908 0.0732157 0)
(0.0679962 0.0769693 0)
(0.0659311 0.0808976 0)
(0.0639684 0.0850052 0)
(0.0620492 0.0892666 0)
(0.0600899 0.0936302 0)
(0.0579966 0.0980285 0)
(0.0556809 0.10239 0)
(0.0530713 0.106647 0)
(0.0501188 0.110746 0)
(0.0467962 0.114647 0)
(0.0430941 0.118324 0)
(0.0390158 0.121763 0)
(0.0345722 0.124959 0)
(0.0297777 0.127918 0)
(0.0246484 0.130647 0)
(0.0191995 0.13316 0)
(0.0134453 0.135469 0)
(0.00739911 0.137589 0)
(0.00107295 0.139534 0)
(-0.00552206 0.141317 0)
(-0.012378 0.14295 0)
(-0.0194885 0.144441 0)
(-0.026846 0.145797 0)
(-0.0344434 0.147022 0)
(-0.0422734 0.148119 0)
(-0.0503281 0.149087 0)
(-0.0585991 0.149924 0)
(-0.0670763 0.150625 0)
(-0.0757484 0.151184 0)
(-0.0846016 0.151593 0)
(-0.0936196 0.15184 0)
(-0.102782 0.151915 0)
(-0.112062 0.151804 0)
(-0.121424 0.151492 0)
(-0.130817 0.150964 0)
(-0.140157 0.150203 0)
(-0.149297 0.14919 0)
(-0.158028 0.147904 0)
(-0.166019 0.146321 0)
(-0.172487 0.144409 0)
(-0.175842 0.142182 0)
(-0.175224 0.139436 0)
(-0.171206 0.136237 0)
(-0.165267 0.132652 0)
(-0.158438 0.12873 0)
(-0.151236 0.124508 0)
(-0.143912 0.120017 0)
(-0.136615 0.115289 0)
(-0.129506 0.110361 0)
(-0.122857 0.105292 0)
(-0.116628 0.100073 0)
(-0.11026 0.0945918 0)
(-0.103732 0.0892227 0)
(-0.0975692 0.0839686 0)
(-0.0920852 0.0788402 0)
(-0.0874344 0.0739088 0)
(-0.0837154 0.0692494 0)
(-0.0809837 0.0649261 0)
(-0.079235 0.0609773 0)
(-0.0783977 0.0574069 0)
(-0.0783469 0.0541835 0)
(-0.0789294 0.0512484 0)
(-0.0799861 0.0485301 0)
(-0.0813696 0.0459581 0)
(-0.0829539 0.0434721 0)
(-0.0846392 0.0410263 0)
(-0.0863509 0.0385888 0)
(-0.0880363 0.0361387 0)
(-0.089659 0.0336637 0)
(-0.0911946 0.0311568 0)
(-0.0926269 0.0286147 0)
(-0.0939454 0.0260361 0)
(-0.0951431 0.0234211 0)
(-0.0962155 0.020771 0)
(-0.0971592 0.0180874 0)
(-0.0979719 0.0153711 0)
(-0.098652 0.0126185 0)
(-0.0991972 0.00981788 0)
(-0.0996029 0.00695867 0)
(-0.0998645 0.00408005 0)
(-0.0999927 0.00130956 0)
(0.0999878 0.00243225 0)
(0.0997886 0.00744503 0)
(0.0993886 0.0125521 0)
(0.0987741 0.0175966 0)
(0.097953 0.0225231 0)
(0.0969336 0.0273373 0)
(0.095721 0.0320489 0)
(0.0943199 0.036659 0)
(0.0927357 0.0411641 0)
(0.0909757 0.0455606 0)
(0.0890495 0.0498468 0)
(0.0869697 0.0540241 0)
(0.0847539 0.0580984 0)
(0.0824254 0.0620815 0)
(0.0800147 0.065993 0)
(0.07756 0.069863 0)
(0.0751063 0.0737329 0)
(0.072702 0.0776542 0)
(0.0703911 0.0816835 0)
(0.0682037 0.0858725 0)
(0.0661454 0.0902554 0)
(0.0641905 0.0948378 0)
(0.0622808 0.0995917 0)
(0.0603335 0.10446 0)
(0.0582553 0.109367 0)
(0.0559577 0.114233 0)
(0.053369 0.118983 0)
(0.05044 0.123556 0)
(0.0471432 0.127907 0)
(0.0434692 0.132006 0)
(0.0394212 0.135837 0)
(0.0350103 0.139397 0)
(0.0302514 0.14269 0)
(0.0251605 0.145724 0)
(0.0197535 0.148516 0)
(0.0140449 0.151079 0)
(0.00804798 0.153431 0)
(0.00177493 0.155587 0)
(-0.00476211 0.157562 0)
(-0.0115551 0.15937 0)
(-0.0185984 0.161021 0)
(-0.0258846 0.162523 0)
(-0.0334065 0.163881 0)
(-0.0411572 0.165099 0)
(-0.0491294 0.166176 0)
(-0.057315 0.167112 0)
(-0.0657049 0.1679 0)
(-0.0742886 0.168536 0)
(-0.0830536 0.169008 0)
(-0.0919845 0.169308 0)
(-0.101062 0.169421 0)
(-0.110263 0.169334 0)
(-0.119552 0.169029 0)
(-0.128882 0.168491 0)
(-0.138173 0.167699 0)
(-0.147283 0.166632 0)
(-0.156014 0.165267 0)
(-0.164052 0.163575 0)
(-0.170656 0.16152 0)
(-0.174319 0.159091 0)
(-0.174076 0.156103 0)
(-0.170364 0.152601 0)
(-0.164607 0.148657 0)
(-0.157887 0.144329 0)
(-0.150757 0.139655 0)
(-0.143483 0.134669 0)
(-0.136217 0.129408 0)
(-0.129077 0.123914 0)
(-0.122489 0.118249 0)
(-0.116812 0.112478 0)
(-0.110652 0.106525 0)
(-0.103716 0.100496 0)
(-0.0974055 0.0945359 0)
(-0.0919157 0.0887433 0)
(-0.0872615 0.083185 0)
(-0.0835274 0.0779344 0)
(-0.0807705 0.0730596 0)
(-0.0789943 0.0686037 0)
(-0.0781341 0.064573 0)
(-0.0780697 0.060934 0)
(-0.0786491 0.0576223 0)
(-0.0797127 0.0545577 0)
(-0.0811111 0.0516602 0)
(-0.082716 0.0488612 0)
(-0.0844255 0.0461084 0)
(-0.0861631 0.0433651 0)
(-0.0878746 0.0406079 0)
(-0.0895226 0.0378227 0)
(-0.091082 0.0350018 0)
(-0.0925358 0.0321415 0)
(-0.0938733 0.0292406 0)
(-0.0950874 0.0262996 0)
(-0.0961734 0.0233198 0)
(-0.0971284 0.0203033 0)
(-0.0979503 0.0172512 0)
(-0.0986376 0.0141598 0)
(-0.0991884 0.0110159 0)
(-0.0995982 0.00780807 0)
(-0.0998627 0.00457942 0)
(-0.0999926 0.00147071 0)
(0.0999879 0.00268171 0)
(0.0997907 0.00820549 0)
(0.0993955 0.0138306 0)
(0.0987884 0.019387 0)
(0.0979773 0.0248145 0)
(0.0969701 0.0301195 0)
(0.0957716 0.0353128 0)
(0.094386 0.0403956 0)
(0.0928187 0.045364 0)
(0.0910765 0.0502142 0)
(0.0891686 0.0549442 0)
(0.0871072 0.0595556 0)
(0.0849094 0.0640546 0)
(0.0825981 0.0684539 0)
(0.0802033 0.0727748 0)
(0.0777627 0.07705 0)
(0.0753212 0.0813246 0)
(0.0729267 0.085655 0)
(0.0706235 0.0901033 0)
(0.0684424 0.0947265 0)
(0.0663897 0.0995626 0)
(0.0644409 0.104618 0)
(0.0625389 0.109863 0)
(0.0606019 0.115235 0)
(0.058537 0.12065 0)
(0.0562559 0.126019 0)
(0.0536867 0.13126 0)
(0.0507799 0.136304 0)
(0.0475078 0.141102 0)
(0.043861 0.145619 0)
(0.0398429 0.149839 0)
(0.0354648 0.153757 0)
(0.030742 0.157376 0)
(0.0256911 0.16071 0)
(0.0203284 0.163772 0)
(0.0146689 0.166582 0)
(0.00872587 0.169156 0)
(0.0025104 0.171514 0)
(-0.00396139 0.173668 0)
(-0.0106813 0.175642 0)
(-0.017647 0.177443 0)
(-0.0248501 0.179082 0)
(-0.032283 0.180565 0)
(-0.0399392 0.181896 0)
(-0.0478119 0.183077 0)
(-0.0558937 0.184106 0)
(-0.0641763 0.184979 0)
(-0.0726502 0.185689 0)
(-0.0813041 0.186227 0)
(-0.0901242 0.186583 0)
(-0.0990934 0.186741 0)
(-0.108189 0.186687 0)
(-0.117381 0.186404 0)
(-0.126623 0.185871 0)
(-0.135841 0.185068 0)
(-0.144901 0.183972 0)
(-0.153619 0.182553 0)
(-0.161701 0.180781 0)
(-0.16845 0.178614 0)
(-0.172455 0.176015 0)
(-0.172644 0.17282 0)
(-0.169293 0.169048 0)
(-0.163762 0.164778 0)
(-0.157191 0.160071 0)
(-0.150181 0.154969 0)
(-0.143014 0.149507 0)
(-0.135842 0.143723 0)
(-0.128795 0.137666 0)
(-0.122126 0.131389 0)
(-0.116149 0.125036 0)
(-0.11022 0.118683 0)
(-0.10379 0.112077 0)
(-0.0974875 0.105435 0)
(-0.0918632 0.0989577 0)
(-0.0871293 0.0927404 0)
(-0.0833429 0.0868673 0)
(-0.080543 0.0814124 0)
(-0.0787305 0.0764241 0)
(-0.0778433 0.0719109 0)
(-0.0777634 0.0678375 0)
(-0.0783396 0.0641333 0)
(-0.0794117 0.0607089 0)
(-0.0808282 0.0574746 0)
(-0.0824582 0.0543527 0)
(-0.0841966 0.0512839 0)
(-0.0859644 0.0482266 0)
(-0.0877054 0.045154 0)
(-0.0893812 0.0420505 0)
(-0.0909658 0.0389076 0)
(-0.0924421 0.0357214 0)
(-0.0937994 0.0324909 0)
(-0.0950306 0.0292169 0)
(-0.0961312 0.025901 0)
(-0.0970982 0.0225459 0)
(-0.0979296 0.0191528 0)
(-0.0986244 0.0157178 0)
(-0.0991807 0.0122266 0)
(-0.0995943 0.00866654 0)
(-0.0998612 0.00508451 0)
(-0.0999925 0.00163387 0)
(0.099988 0.00292829 0)
(0.0997936 0.00895628 0)
(0.0994043 0.0150921 0)
(0.0988066 0.0211532 0)
(0.0980081 0.0270753 0)
(0.097016 0.0328657 0)
(0.0958348 0.0385362 0)
(0.0944684 0.044088 0)
(0.0929215 0.0495173 0)
(0.0912005 0.0548196 0)
(0.089314 0.059993 0)
(0.0872738 0.065039 0)
(0.0850964 0.0699641 0)
(0.0828042 0.0747818 0)
(0.0804266 0.079515 0)
(0.0780009 0.0841986 0)
(0.0755715 0.0888812 0)
(0.0731865 0.0936237 0)
(0.0708902 0.0984934 0)
(0.068714 0.103552 0)
(0.0666653 0.108842 0)
(0.0647206 0.114371 0)
(0.0628241 0.120106 0)
(0.0608949 0.125979 0)
(0.0588405 0.1319 0)
(0.0565729 0.13777 0)
(0.05402 0.143498 0)
(0.051132 0.14901 0)
(0.0478814 0.154249 0)
(0.0442587 0.159179 0)
(0.0402678 0.163781 0)
(0.0359205 0.168048 0)
(0.0312326 0.171986 0)
(0.0262214 0.175607 0)
(0.0209041 0.178929 0)
(0.0152967 0.181971 0)
(0.00941066 0.184755 0)
(0.00325071 0.1873 0)
(-0.00314879 0.189626 0)
(-0.00977998 0.191751 0)
(-0.0166574 0.193688 0)
(-0.0237656 0.195449 0)
(-0.0310952 0.197043 0)
(-0.0386401 0.198475 0)
(-0.0463942 0.199749 0)
(-0.0543508 0.200862 0)
(-0.0625025 0.201813 0)
(-0.070841 0.202594 0)
(-0.0793563 0.203197 0)
(-0.0880365 0.203609 0)
(-0.0968663 0.203819 0)
(-0.105826 0.203808 0)
(-0.114887 0.203559 0)
(-0.12401 0.20305 0)
(-0.133126 0.202259 0)
(-0.142113 0.20116 0)
(-0.150797 0.199719 0)
(-0.158904 0.197903 0)
(-0.165795 0.195668 0)
(-0.170169 0.192946 0)
(-0.170842 0.189593 0)
(-0.167904 0.185602 0)
(-0.162639 0.181055 0)
(-0.15625 0.176018 0)
(-0.149382 0.170536 0)
(-0.142337 0.164647 0)
(-0.135264 0.158393 0)
(-0.128278 0.151825 0)
(-0.121603 0.145009 0)
(-0.115572 0.138036 0)
(-0.109772 0.130978 0)
(-0.103603 0.123787 0)
(-0.0974099 0.116559 0)
(-0.0917738 0.109445 0)
(-0.086992 0.102578 0)
(-0.0831555 0.0960731 0)
(-0.0803082 0.0900192 0)
(-0.0784542 0.084476 0)
(-0.0775363 0.0794575 0)
(-0.0774394 0.0749285 0)
(-0.0780132 0.070813 0)
(-0.0790956 0.0670124 0)
(-0.0805324 0.0634266 0)
(-0.0821898 0.0599685 0)
(-0.0839597 0.0565713 0)
(-0.0857606 0.0531881 0)
(-0.0875345 0.0497891 0)
(-0.0892412 0.0463567 0)
(-0.0908538 0.0428816 0)
(-0.0923545 0.0393599 0)
(-0.0937323 0.0357908 0)
(-0.0949804 0.0321752 0)
(-0.0960945 0.0285155 0)
(-0.0970721 0.0248147 0)
(-0.0979118 0.0210744 0)
(-0.0986127 0.0172905 0)
(-0.0991734 0.0134477 0)
(-0.0995904 0.00953216 0)
(-0.0998597 0.00559421 0)
(-0.0999924 0.00179888 0)
(0.0999882 0.003171 0)
(0.0997974 0.00969433 0)
(0.099416 0.0163312 0)
(0.0988307 0.0228879 0)
(0.0980484 0.0292966 0)
(0.0970759 0.0355655 0)
(0.0959171 0.0417072 0)
(0.0945751 0.0477233 0)
(0.0930541 0.0536096 0)
(0.0913598 0.0593614 0)
(0.0895002 0.0649763 0)
(0.0874864 0.0704557 0)
(0.085334 0.0758062 0)
(0.0830647 0.0810419 0)
(0.0807073 0.0861869 0)
(0.0782983 0.0912784 0)
(0.0758816 0.0963682 0)
(0.0735051 0.101522 0)
(0.0712133 0.106812 0)
(0.0690382 0.112305 0)
(0.0669884 0.118049 0)
(0.0650418 0.124051 0)
(0.0631441 0.130278 0)
(0.0612157 0.136655 0)
(0.0591647 0.143083 0)
(0.0569034 0.149456 0)
(0.0543595 0.155674 0)
(0.0514834 0.161653 0)
(0.0482474 0.167333 0)
(0.0446425 0.172672 0)
(0.040673 0.17765 0)
(0.0363512 0.18226 0)
(0.0316938 0.186507 0)
(0.026719 0.190405 0)
(0.0214444 0.193974 0)
(0.0158868 0.197235 0)
(0.0100605 0.200211 0)
(0.0039779 0.202927 0)
(-0.00234419 0.205408 0)
(-0.00889652 0.207666 0)
(-0.0156761 0.20972 0)
(-0.0226742 0.211586 0)
(-0.0298836 0.213273 0)
(-0.0372979 0.21479 0)
(-0.0449114 0.21614 0)
(-0.0527178 0.217324 0)
(-0.0607106 0.21834 0)
(-0.0688827 0.219182 0)
(-0.0772256 0.219843 0)
(-0.0857293 0.220311 0)
(-0.0943811 0.220573 0)
(-0.103164 0.220612 0)
(-0.112054 0.220409 0)
(-0.121015 0.219943 0)
(-0.129987 0.219189 0)
(-0.138863 0.218118 0)
(-0.147477 0.216695 0)
(-0.155577 0.214882 0)
(-0.162596 0.212632 0)
(-0.167354 0.209851 0)
(-0.168557 0.206402 0)
(-0.166081 0.202257 0)
(-0.161124 0.197499 0)
(-0.154951 0.192195 0)
(-0.148258 0.186389 0)
(-0.141366 0.180122 0)
(-0.134431 0.173435 0)
(-0.127554 0.166377 0)
(-0.120942 0.159014 0)
(-0.114939 0.151437 0)
(-0.109242 0.143727 0)
(-0.103259 0.135903 0)
(-0.0971995 0.128038 0)
(-0.091603 0.120267 0)
(-0.0868089 0.112735 0)
(-0.082941 0.105576 0)
(-0.0800562 0.0988966 0)
(-0.0781662 0.0927705 0)
(-0.0772204 0.0872196 0)
(-0.0771086 0.0822104 0)
(-0.0776822 0.0776623 0)
(-0.0787786 0.0734678 0)
(-0.0802409 0.0695157 0)
(-0.081931 0.0657083 0)
(-0.083737 0.0619704 0)
(-0.0855743 0.0582496 0)
(-0.0873826 0.0545124 0)
(-0.0891205 0.0507395 0)
(-0.0907604 0.0469212 0)
(-0.0922844 0.0430535 0)
(-0.0936815 0.0391359 0)
(-0.094945 0.0351701 0)
(-0.0960711 0.0311588 0)
(-0.0970575 0.0271056 0)
(-0.0979032 0.0230125 0)
(-0.0986079 0.0188752 0)
(-0.0991709 0.0146772 0)
(-0.0995891 0.0104036 0)
(-0.0998591 0.00610773 0)
(-0.0999924 0.00196526 0)
(0.0999885 0.00340859 0)
(0.0998024 0.0104159 0)
(0.0994313 0.0175418 0)
(0.098862 0.0245831 0)
(0.0981005 0.0314691 0)
(0.0971528 0.0382089 0)
(0.0960219 0.0448165 0)
(0.0947101 0.0512936 0)
(0.0932206 0.057636 0)
(0.0915582 0.0638388 0)
(0.0897297 0.0698994 0)
(0.0877455 0.0758191 0)
(0.0856202 0.0816044 0)
(0.0833748 0.0872698 0)
(0.0810374 0.0928404 0)
(0.0786439 0.098355 0)
(0.0762382 0.103868 0)
(0.0738679 0.109448 0)
(0.071578 0.115173 0)
(0.0694014 0.121114 0)
(0.0673478 0.127319 0)
(0.0653963 0.1338 0)
(0.0634938 0.140519 0)
(0.0615614 0.147398 0)
(0.059508 0.154331 0)
(0.0572457 0.1612 0)
(0.0547026 0.1679 0)
(0.0518291 0.174338 0)
(0.048598 0.180447 0)
(0.0450009 0.186184 0)
(0.0410429 0.191524 0)
(0.0367375 0.19646 0)
(0.0321027 0.200999 0)
(0.0271575 0.205155 0)
(0.021921 0.20895 0)
(0.0164105 0.212408 0)
(0.0106422 0.215555 0)
(0.00463035 0.218418 0)
(-0.00161087 0.221021 0)
(-0.00807125 0.223386 0)
(-0.0147439 0.225532 0)
(-0.021621 0.227477 0)
(-0.0286954 0.229232 0)
(-0.0359608 0.230809 0)
(-0.0434113 0.232212 0)
(-0.0510413 0.233444 0)
(-0.0588449 0.234505 0)
(-0.066816 0.235392 0)
(-0.0749477 0.236098 0)
(-0.0832321 0.236612 0)
(-0.0916588 0.236922 0)
(-0.100214 0.237013 0)
(-0.108878 0.236865 0)
(-0.117622 0.236457 0)
(-0.126393 0.235765 0)
(-0.135099 0.234757 0)
(-0.143591 0.233397 0)
(-0.151637 0.231644 0)
(-0.158752 0.229443 0)
(-0.163882 0.226692 0)
(-0.165651 0.223238 0)
(-0.163677 0.219033 0)
(-0.159066 0.214153 0)
(-0.153152 0.208664 0)
(-0.14668 0.202611 0)
(-0.139991 0.196032 0)
(-0.133247 0.188969 0)
(-0.126546 0.181475 0)
(-0.120066 0.173613 0)
(-0.114154 0.165475 0)
(-0.108585 0.157155 0)
(-0.102781 0.148668 0)
(-0.0968722 0.140107 0)
(-0.0913574 0.131628 0)
(-0.0865866 0.123388 0)
(-0.0827071 0.115536 0)
(-0.0797942 0.108194 0)
(-0.0778728 0.101448 0)
(-0.0769022 0.0953278 0)
(-0.0767787 0.0898034 0)
(-0.0773557 0.0847894 0)
(-0.0784699 0.0801696 0)
(-0.0799613 0.0758215 0)
(-0.0816884 0.0716372 0)
(-0.0835352 0.067533 0)
(-0.0854135 0.0634506 0)
(-0.0872601 0.0593532 0)
(-0.0890318 0.0552196 0)
(-0.0906998 0.0510395 0)
(-0.092246 0.046809 0)
(-0.0936596 0.0425283 0)
(-0.0949347 0.0381995 0)
(-0.096068 0.033826 0)
(-0.0970584 0.029412 0)
(-0.0979057 0.0249595 0)
(-0.0986105 0.0204641 0)
(-0.0991726 0.0159083 0)
(-0.0995897 0.0112756 0)
(-0.099859 0.00662181 0)
(-0.0999923 0.00213211 0)
(0.0999889 0.00363874 0)
(0.0998101 0.0111139 0)
(0.0994536 0.0187123 0)
(0.0989065 0.0262226 0)
(0.098174 0.0335719 0)
(0.0972609 0.0407706 0)
(0.0961689 0.0478334 0)
(0.0948993 0.0547627 0)
(0.093454 0.0615536 0)
(0.0918366 0.0682008 0)
(0.0900527 0.074701 0)
(0.0881111 0.0810546 0)
(0.0860252 0.0872678 0)
(0.0838145 0.093355 0)
(0.0815056 0.0993417 0)
(0.0791334 0.105268 0)
(0.0767405 0.111192 0)
(0.0743743 0.117187 0)
(0.07208 0.123335 0)
(0.0698911 0.129714 0)
(0.0678191 0.136378 0)
(0.0658451 0.14334 0)
(0.063918 0.150561 0)
(0.0619607 0.157956 0)
(0.0598834 0.165408 0)
(0.057599 0.172792 0)
(0.055036 0.179987 0)
(0.0521452 0.186896 0)
(0.0489001 0.193443 0)
(0.045293 0.199581 0)
(0.0413303 0.205283 0)
(0.0370267 0.210542 0)
(0.0324014 0.215363 0)
(0.0274749 0.219766 0)
(0.0222672 0.223771 0)
(0.0167974 0.227408 0)
(0.0110825 0.230705 0)
(0.00513819 0.233691 0)
(-0.00102113 0.236394 0)
(-0.00738417 0.238839 0)
(-0.0139425 0.241049 0)
(-0.0206878 0.243043 0)
(-0.0276124 0.244837 0)
(-0.0347099 0.246442 0)
(-0.041974 0.247868 0)
(-0.0493993 0.24912 0)
(-0.0569803 0.2502 0)
(-0.0647116 0.251106 0)
(-0.0725876 0.251835 0)
(-0.080602 0.252378 0)
(-0.088747 0.252724 0)
(-0.0970122 0.252861 0)
(-0.105383 0.25277 0)
(-0.113834 0.252432 0)
(-0.122326 0.251821 0)
(-0.130781 0.250907 0)
(-0.139066 0.249653 0)
(-0.14698 0.248013 0)
(-0.154122 0.24593 0)
(-0.159574 0.243299 0)
(-0.16191 0.239963 0)
(-0.160486 0.235837 0)
(-0.156279 0.23096 0)
(-0.150677 0.225394 0)
(-0.144478 0.219181 0)
(-0.138044 0.212361 0)
(-0.13154 0.204975 0)
(-0.125065 0.197072 0)
(-0.118781 0.188711 0)
(-0.113029 0.179984 0)
(-0.107711 0.171028 0)
(-0.102233 0.161892 0)
(-0.0965403 0.152649 0)
(-0.0911171 0.143447 0)
(-0.0863722 0.134463 0)
(-0.082489 0.125866 0)
(-0.0795589 0.117804 0)
(-0.077618 0.110381 0)
(-0.0766347 0.103643 0)
(-0.0765112 0.0975628 0)
(-0.0771034 0.092053 0)
(-0.078246 0.0869865 0)
(-0.0797754 0.0822275 0)
(-0.0815451 0.0776545 0)
(-0.0834346 0.0731735 0)
(-0.0853523 0.0687192 0)
(-0.0872328 0.0642508 0)
(-0.0890318 0.0597456 0)
(-0.0907203 0.0551929 0)
(-0.0922802 0.0505894 0)
(-0.0937015 0.045936 0)
(-0.0949788 0.0412359 0)
(-0.0961101 0.0364934 0)
(-0.0970953 0.0317132 0)
(-0.0979352 0.0268981 0)
(-0.0986318 0.022043 0)
(-0.0991859 0.0171296 0)
(-0.0995963 0.01214 0)
(-0.0998612 0.00713165 0)
(-0.0999924 0.00229783 0)
(0.0999893 0.00385939 0)
(0.0998193 0.0117824 0)
(0.0994813 0.0198336 0)
(0.0989625 0.0277957 0)
(0.0982665 0.0355951 0)
(0.0973962 0.0432439 0)
(0.0963517 0.0507586 0)
(0.0951321 0.0581424 0)
(0.0937376 0.065391 0)
(0.0921697 0.0724988 0)
(0.0904322 0.0794625 0)
(0.0885323 0.0862824 0)
(0.086482 0.0929642 0)
(0.0843 0.099522 0)
(0.082012 0.105981 0)
(0.0796527 0.112382 0)
(0.0772644 0.118782 0)
(0.0748946 0.125255 0)
(0.0725893 0.131887 0)
(0.0703831 0.138756 0)
(0.068289 0.145919 0)
(0.0662894 0.153387 0)
(0.0643347 0.161119 0)
(0.0623484 0.169026 0)
(0.0602412 0.176985 0)
(0.0579261 0.184861 0)
(0.055332 0.192527 0)
(0.0524103 0.199876 0)
(0.0491355 0.206829 0)
(0.0455017 0.213333 0)
(0.0415168 0.21936 0)
(0.0371976 0.224901 0)
(0.0325651 0.229965 0)
(0.0276416 0.23457 0)
(0.0224488 0.238743 0)
(0.0170071 0.242513 0)
(0.0113351 0.245912 0)
(0.00544982 0.248974 0)
(-0.000633112 0.251728 0)
(-0.00690112 0.254204 0)
(-0.0133442 0.256427 0)
(-0.0199532 0.25842 0)
(-0.0267195 0.260201 0)
(-0.0336356 0.261785 0)
(-0.0406949 0.263184 0)
(-0.0478913 0.264406 0)
(-0.0552192 0.265456 0)
(-0.0626735 0.266337 0)
(-0.0702492 0.267046 0)
(-0.0779411 0.267579 0)
(-0.0857435 0.26793 0)
(-0.093649 0.268087 0)
(-0.101647 0.268037 0)
(-0.109721 0.267762 0)
(-0.11784 0.267241 0)
(-0.125945 0.266446 0)
(-0.133924 0.265341 0)
(-0.141602 0.26388 0)
(-0.148657 0.262004 0)
(-0.15429 0.259616 0)
(-0.157094 0.256559 0)
(-0.156245 0.252681 0)
(-0.152545 0.24796 0)
(-0.147364 0.242455 0)
(-0.141544 0.236208 0)
(-0.135477 0.229254 0)
(-0.129342 0.22163 0)
(-0.123246 0.213383 0)
(-0.117331 0.204577 0)
(-0.111828 0.195307 0)
(-0.106636 0.185731 0)
(-0.101344 0.175951 0)
(-0.0959124 0.166047 0)
(-0.0907028 0.156147 0)
(-0.0860802 0.146427 0)
(-0.0822473 0.137079 0)
(-0.079326 0.128272 0)
(-0.0773761 0.120134 0)
(-0.0763837 0.112726 0)
(-0.076262 0.106029 0)
(-0.0768717 0.0999529 0)
(-0.0780477 0.094365 0)
(-0.0796225 0.0891185 0)
(-0.0814442 0.0840818 0)
(-0.0833865 0.0791525 0)
(-0.0853528 0.0742597 0)
(-0.0872742 0.06936 0)
(-0.0891045 0.0644297 0)
(-0.0908139 0.0594582 0)
(-0.0923846 0.0544428 0)
(-0.0938076 0.0493852 0)
(-0.0950794 0.0442891 0)
(-0.0961995 0.0391593 0)
(-0.0971697 0.0340007 0)
(-0.0979928 0.0288156 0)
(-0.0986722 0.0235984 0)
(-0.0992107 0.0183288 0)
(-0.0996085 0.012987 0)
(-0.0998651 0.00763109 0)
(-0.0999925 0.00246034 0)
(0.0999907 0.00406415 0)
(0.0998363 0.0124022 0)
(0.0995285 0.0208727 0)
(0.0990544 0.0292545 0)
(0.0984156 0.0374736 0)
(0.0976131 0.0455437 0)
(0.0966445 0.0534827 0)
(0.095507 0.0612935 0)
(0.0941984 0.068971 0)
(0.0927176 0.0765083 0)
(0.091066 0.0838998 0)
(0.0892479 0.0911438 0)
(0.0872721 0.0982439 0)
(0.0851536 0.105213 0)
(0.0829147 0.112078 0)
(0.0805872 0.118881 0)
(0.0782121 0.125683 0)
(0.075837 0.132563 0)
(0.0735086 0.139613 0)
(0.0712634 0.146919 0)
(0.0691161 0.154546 0)
(0.0670518 0.162507 0)
(0.0650228 0.170761 0)
(0.0629551 0.179209 0)
(0.0607613 0.187716 0)
(0.0583565 0.196133 0)
(0.0556718 0.204318 0)
(0.052661 0.212154 0)
(0.0493013 0.219551 0)
(0.0455894 0.226454 0)
(0.0415357 0.232831 0)
(0.0371595 0.238674 0)
(0.0324839 0.243993 0)
(0.0275327 0.24881 0)
(0.0223291 0.253153 0)
(0.0168944 0.257057 0)
(0.0112483 0.260555 0)
(0.00540902 0.263683 0)
(-0.000606825 0.266476 0)
(-0.00678537 0.268965 0)
(-0.0131154 0.271179 0)
(-0.0195866 0.273144 0)
(-0.0261892 0.274883 0)
(-0.0329146 0.276412 0)
(-0.0397548 0.277749 0)
(-0.0467029 0.278903 0)
(-0.0537523 0.279884 0)
(-0.0608968 0.280697 0)
(-0.068131 0.281344 0)
(-0.0754497 0.281827 0)
(-0.0828476 0.282142 0)
(-0.0903192 0.282285 0)
(-0.0978569 0.282247 0)
(-0.105449 0.282018 0)
(-0.113076 0.281583 0)
(-0.120692 0.280921 0)
(-0.128205 0.280002 0)
(-0.135476 0.278785 0)
(-0.142243 0.277212 0)
(-0.147844 0.275189 0)
(-0.151 0.272555 0)
(-0.150777 0.269089 0)
(-0.147694 0.264706 0)
(-0.143029 0.25944 0)
(-0.137681 0.253321 0)
(-0.132078 0.246374 0)
(-0.126408 0.238631 0)
(-0.12077 0.230141 0)
(-0.115276 0.220979 0)
(-0.110128 0.211245 0)
(-0.105255 0.201065 0)
(-0.100255 0.190541 0)
(-0.0950959 0.17985 0)
(-0.0901416 0.169122 0)
(-0.0857216 0.158544 0)
(-0.0820324 0.148323 0)
(-0.0792075 0.138655 0)
(-0.0773238 0.129699 0)
(-0.0763849 0.12154 0)
(-0.0763162 0.114174 0)
(-0.0769833 0.107512 0)
(-0.0782204 0.101407 0)
(-0.0798562 0.0956939 0)
(-0.0817332 0.0902224 0)
(-0.0837201 0.0848763 0)
(-0.0857168 0.0795761 0)
(-0.0876528 0.0742732 0)
(-0.0894824 0.0689418 0)
(-0.0911774 0.0635704 0)
(-0.0927226 0.0581575 0)
(-0.0941114 0.0527066 0)
(-0.0953428 0.0472238 0)
(-0.0964189 0.0417154 0)
(-0.0973441 0.0361877 0)
(-0.0981235 0.0306435 0)
(-0.0987627 0.0250768 0)
(-0.0992665 0.0194659 0)
(-0.099637 0.013789 0)
(-0.0998752 0.00810405 0)
(-0.0999933 0.00261449 0)
(0.09999 0.0042526 0)
(0.0998504 0.0129732 0)
(0.0995747 0.0218352 0)
(0.0991502 0.0306174 0)
(0.0985756 0.0392481 0)
(0.0978475 0.0477451 0)
(0.0969596 0.0561292 0)
(0.0959048 0.064406 0)
(0.0946767 0.0725719 0)
(0.0932706 0.0806211 0)
(0.0916849 0.088549 0)
(0.0899222 0.0963545 0)
(0.0879919 0.104041 0)
(0.0859107 0.11162 0)
(0.0837006 0.119109 0)
(0.0813876 0.12654 0)
(0.0790068 0.13397 0)
(0.0766037 0.141474 0)
(0.0742258 0.149144 0)
(0.0719123 0.157066 0)
(0.0696819 0.165304 0)
(0.0675242 0.173872 0)
(0.0653959 0.182722 0)
(0.0632267 0.191749 0)
(0.0609319 0.20081 0)
(0.0584288 0.209744 0)
(0.05565 0.218403 0)
(0.0525506 0.226662 0)
(0.0491093 0.234429 0)
(0.0453245 0.241643 0)
(0.0412086 0.248274 0)
(0.0367823 0.254316 0)
(0.0320704 0.25978 0)
(0.0270971 0.264692 0)
(0.0218838 0.269085 0)
(0.0164513 0.272998 0)
(0.0108214 0.276472 0)
(0.00501519 0.279544 0)
(-0.000947596 0.282255 0)
(-0.00705063 0.284639 0)
(-0.0132809 0.286728 0)
(-0.0196259 0.288552 0)
(-0.0260743 0.290135 0)
(-0.0326158 0.2915 0)
(-0.0392412 0.292663 0)
(-0.0459417 0.293639 0)
(-0.0527091 0.294441 0)
(-0.0595354 0.295077 0)
(-0.0664133 0.295554 0)
(-0.0733357 0.295877 0)
(-0.0802956 0.29605 0)
(-0.0872861 0.296074 0)
(-0.0942997 0.295952 0)
(-0.101327 0.295682 0)
(-0.108352 0.295264 0)
(-0.115343 0.294689 0)
(-0.12223 0.293943 0)
(-0.128907 0.292999 0)
(-0.135176 0.291807 0)
(-0.140511 0.29028 0)
(-0.143806 0.288259 0)
(-0.144116 0.285462 0)
(-0.14167 0.281727 0)
(-0.137602 0.277016 0)
(-0.13283 0.271323 0)
(-0.127801 0.264657 0)
(-0.122703 0.257051 0)
(-0.117618 0.248562 0)
(-0.112642 0.239273 0)
(-0.107985 0.2293 0)
(-0.103604 0.218777 0)
(-0.0989659 0.207713 0)
(-0.0940594 0.19632 0)
(-0.0893663 0.184818 0)
(-0.0851504 0.173415 0)
(-0.0816116 0.162318 0)
(-0.0788944 0.151743 0)
(-0.0770889 0.141877 0)
(-0.076217 0.13283 0)
(-0.0762186 0.12462 0)
(-0.0769652 0.117163 0)
(-0.0782892 0.110313 0)
(-0.0800128 0.103896 0)
(-0.0819706 0.0977516 0)
(-0.0840245 0.0917556 0)
(-0.0860707 0.0858245 0)
(-0.0880393 0.07991 0)
(-0.0898869 0.0739907 0)
(-0.0915855 0.0680605 0)
(-0.0931182 0.0621198 0)
(-0.094479 0.0561724 0)
(-0.0956695 0.0502237 0)
(-0.0966956 0.0442794 0)
(-0.0975658 0.0383438 0)
(-0.0982896 0.0324179 0)
(-0.0988765 0.0264926 0)
(-0.0993347 0.0205424 0)
(-0.0996697 0.0145415 0)
(-0.0998851 0.00854539 0)
(-0.0999927 0.00275815 0)
(0.0999994 0.00439407 0)
(0.0999027 0.0134065 0)
(0.0996999 0.0225672 0)
(0.0993751 0.0316549 0)
(0.0989247 0.0406006 0)
(0.0983426 0.0494244 0)
(0.0976185 0.058148 0)
(0.0967402 0.0667753 0)
(0.095695 0.0752988 0)
(0.0944714 0.0837064 0)
(0.0930602 0.0919847 0)
(0.091456 0.100122 0)
(0.0896597 0.10811 0)
(0.0876799 0.115961 0)
(0.0855401 0.123737 0)
(0.0832718 0.131496 0)
(0.0809113 0.139278 0)
(0.078503 0.147152 0)
(0.0760919 0.155205 0)
(0.073715 0.163527 0)
(0.0713907 0.172186 0)
(0.0691089 0.181197 0)
(0.0668284 0.190514 0)
(0.0644816 0.200025 0)
(0.061988 0.209575 0)
(0.0592696 0.218993 0)
(0.0562652 0.228117 0)
(0.0529363 0.236809 0)
(0.0492678 0.244971 0)
(0.0452636 0.252537 0)
(0.0409402 0.259474 0)
(0.0363217 0.265779 0)
(0.0314353 0.271468 0)
(0.0263098 0.27658 0)
(0.0209738 0.28116 0)
(0.0154551 0.285225 0)
(0.00977576 0.288806 0)
(0.00395485 0.291944 0)
(-0.00198853 0.29468 0)
(-0.00803988 0.297054 0)
(-0.0141885 0.299103 0)
(-0.020422 0.300861 0)
(-0.0267294 0.302355 0)
(-0.0331002 0.303612 0)
(-0.0395245 0.304651 0)
(-0.0459925 0.30549 0)
(-0.0524941 0.306145 0)
(-0.0590191 0.306625 0)
(-0.065557 0.306943 0)
(-0.0720968 0.307105 0)
(-0.0786268 0.307122 0)
(-0.0851347 0.307 0)
(-0.0916069 0.306751 0)
(-0.0980283 0.306386 0)
(-0.10438 0.305917 0)
(-0.110631 0.305358 0)
(-0.116727 0.304718 0)
(-0.122585 0.303994 0)
(-0.128066 0.303166 0)
(-0.132793 0.302171 0)
(-0.135879 0.300855 0)
(-0.136468 0.298885 0)
(-0.134563 0.295965 0)
(-0.131104 0.291935 0)
(-0.126961 0.28674 0)
(-0.122559 0.280385 0)
(-0.118066 0.272915 0)
(-0.113552 0.264397 0)
(-0.109089 0.25492 0)
(-0.104868 0.244609 0)
(-0.101161 0.233638 0)
(-0.0974246 0.222041 0)
(-0.0931707 0.20988 0)
(-0.088918 0.197457 0)
(-0.0851166 0.185118 0)
(-0.0819577 0.17307 0)
(-0.0795439 0.16155 0)
(-0.0779686 0.150777 0)
(-0.0772723 0.140897 0)
(-0.077414 0.131944 0)
(-0.0782773 0.123841 0)
(-0.0796983 0.116426 0)
(-0.0814969 0.109507 0)
(-0.0835037 0.102906 0)
(-0.0855773 0.0964889 0)
(-0.0876113 0.0901698 0)
(-0.0895329 0.0839067 0)
(-0.0912971 0.0776687 0)
(-0.0928772 0.0714051 0)
(-0.0942675 0.0651175 0)
(-0.0954727 0.0588199 0)
(-0.096503 0.0525273 0)
(-0.0973719 0.0462519 0)
(-0.0980936 0.0400021 0)
(-0.0986825 0.0337803 0)
(-0.0991513 0.0275773 0)
(-0.0995108 0.0213655 0)
(-0.0997675 0.0151157 0)
(-0.0999258 0.00888105 0)
(-0.1 0.00286591 0)
(0.0999856 0.00457809 0)
(0.0998787 0.013932 0)
(0.0996942 0.0234343 0)
(0.0994264 0.0328862 0)
(0.0990685 0.0422342 0)
(0.0986098 0.0515117 0)
(0.0980362 0.0607523 0)
(0.0973316 0.0699701 0)
(0.0964783 0.079167 0)
(0.0954576 0.0883388 0)
(0.0942503 0.0974792 0)
(0.0928382 0.106582 0)
(0.0912052 0.115643 0)
(0.0893415 0.124662 0)
(0.0872506 0.133623 0)
(0.0849616 0.14255 0)
(0.0825188 0.151512 0)
(0.0799688 0.160584 0)
(0.0773621 0.16985 0)
(0.0747458 0.179385 0)
(0.0721515 0.189238 0)
(0.069584 0.199406 0)
(0.0670152 0.209813 0)
(0.0643879 0.220323 0)
(0.0616286 0.230758 0)
(0.0586643 0.240928 0)
(0.0554365 0.250666 0)
(0.0519089 0.259838 0)
(0.0480675 0.268352 0)
(0.0439164 0.276157 0)
(0.0394721 0.283233 0)
(0.0347578 0.289586 0)
(0.0298002 0.295239 0)
(0.0246296 0.300219 0)
(0.0192799 0.30456 0)
(0.0137784 0.308331 0)
(0.00814458 0.311587 0)
(0.00239261 0.314379 0)
(-0.00345874 0.316755 0)
(-0.00939813 0.318754 0)
(-0.0154198 0.320416 0)
(-0.0215115 0.321774 0)
(-0.0276629 0.32286 0)
(-0.0338637 0.323696 0)
(-0.0401037 0.324306 0)
(-0.0463725 0.324705 0)
(-0.0526588 0.324909 0)
(-0.0589508 0.324928 0)
(-0.0652357 0.324772 0)
(-0.0714995 0.324449 0)
(-0.0777271 0.32397 0)
(-0.0839017 0.323345 0)
(-0.0900047 0.322593 0)
(-0.0960148 0.321736 0)
(-0.101906 0.32081 0)
(-0.107643 0.319863 0)
(-0.11317 0.31896 0)
(-0.118406 0.318177 0)
(-0.123224 0.317604 0)
(-0.127322 0.317317 0)
(-0.129998 0.317246 0)
(-0.130597 0.316942 0)
(-0.129044 0.315668 0)
(-0.126027 0.312962 0)
(-0.122299 0.308727 0)
(-0.11826 0.303058 0)
(-0.11409 0.296086 0)
(-0.109872 0.287933 0)
(-0.105672 0.278705 0)
(-0.101634 0.268522 0)
(-0.0980348 0.257623 0)
(-0.0946824 0.246353 0)
(-0.0910742 0.234612 0)
(-0.0873424 0.222308 0)
(-0.0839372 0.209551 0)
(-0.0811145 0.196694 0)
(-0.0789941 0.184065 0)
(-0.07767 0.171951 0)
(-0.0771943 0.160573 0)
(-0.0775438 0.150043 0)
(-0.0786134 0.140347 0)
(-0.080238 0.131368 0)
(-0.0822255 0.122938 0)
(-0.0843907 0.114893 0)
(-0.0865793 0.107103 0)
(-0.0886769 0.0994765 0)
(-0.0906047 0.091953 0)
(-0.0923146 0.0845084 0)
(-0.0937965 0.0771704 0)
(-0.0950615 0.069944 0)
(-0.0961287 0.0628319 0)
(-0.0970197 0.0558359 0)
(-0.0977561 0.0489551 0)
(-0.098358 0.0421851 0)
(-0.0988435 0.0355159 0)
(-0.0992288 0.0289259 0)
(-0.0995272 0.0223753 0)
(-0.099749 0.0158223 0)
(-0.0999011 0.00930629 0)
(-0.0999887 0.00301338 0)
)
;

boundaryField
{
    fuel
    {
        type            fixedValue;
        value           uniform (0.1 0 0);
    }
    air
    {
        type            fixedValue;
        value           uniform (-0.1 0 0);
    }
    outlet
    {
        type            pressureInletOutletVelocity;
        value           nonuniform List<vector> 
200
(
(0.0999856 -0.00457716 0)
(0.0998787 -0.0139277 0)
(0.0996944 -0.0234265 0)
(0.099427 -0.0328749 0)
(0.0990698 -0.0422194 0)
(0.0986118 -0.0514933 0)
(0.0980392 -0.06073 0)
(0.0973359 -0.069944 0)
(0.0964842 -0.0791368 0)
(0.0954653 -0.0883045 0)
(0.0942603 -0.0974407 0)
(0.0928508 -0.106539 0)
(0.0912209 -0.115596 0)
(0.0893607 -0.124611 0)
(0.0872734 -0.133568 0)
(0.0849879 -0.14249 0)
(0.0825484 -0.151446 0)
(0.0800017 -0.160512 0)
(0.077398 -0.16977 0)
(0.0747844 -0.179297 0)
(0.072193 -0.18914 0)
(0.0696286 -0.199297 0)
(0.0670638 -0.209694 0)
(0.0644415 -0.220194 0)
(0.0616886 -0.230619 0)
(0.0587317 -0.240782 0)
(0.0555124 -0.250514 0)
(0.0519938 -0.259681 0)
(0.0481617 -0.268192 0)
(0.0440198 -0.275994 0)
(0.0395845 -0.283069 0)
(0.0348789 -0.289422 0)
(0.0299294 -0.295077 0)
(0.0247661 -0.300059 0)
(0.0194229 -0.304404 0)
(0.0139274 -0.308177 0)
(0.00829879 -0.311437 0)
(0.00255007 -0.314235 0)
(-0.00329677 -0.316617 0)
(-0.00923057 -0.318623 0)
(-0.0152485 -0.320292 0)
(-0.0213373 -0.321658 0)
(-0.0274863 -0.322752 0)
(-0.0336851 -0.323598 0)
(-0.0399238 -0.324217 0)
(-0.0461916 -0.324627 0)
(-0.0524775 -0.32484 0)
(-0.0587697 -0.32487 0)
(-0.0650553 -0.324724 0)
(-0.0713205 -0.324412 0)
(-0.0775504 -0.323943 0)
(-0.0837282 -0.323329 0)
(-0.0898353 -0.322587 0)
(-0.0958502 -0.32174 0)
(-0.101747 -0.320823 0)
(-0.107489 -0.319884 0)
(-0.113019 -0.318988 0)
(-0.118258 -0.318208 0)
(-0.123083 -0.317633 0)
(-0.127202 -0.317343 0)
(-0.129918 -0.317272 0)
(-0.130554 -0.31698 0)
(-0.129018 -0.315724 0)
(-0.126009 -0.313033 0)
(-0.122289 -0.308811 0)
(-0.118259 -0.303153 0)
(-0.114099 -0.296191 0)
(-0.109891 -0.288049 0)
(-0.105702 -0.278834 0)
(-0.101676 -0.268669 0)
(-0.0980815 -0.25779 0)
(-0.0947233 -0.246553 0)
(-0.09111 -0.234827 0)
(-0.0873746 -0.222525 0)
(-0.0839635 -0.209761 0)
(-0.0811337 -0.19689 0)
(-0.0790048 -0.184243 0)
(-0.0776713 -0.172111 0)
(-0.0771863 -0.160714 0)
(-0.0775277 -0.150166 0)
(-0.0785911 -0.140455 0)
(-0.0802117 -0.131463 0)
(-0.0821976 -0.123023 0)
(-0.0843633 -0.114969 0)
(-0.0865539 -0.107172 0)
(-0.0886543 -0.0995393 0)
(-0.0905854 -0.0920106 0)
(-0.0922986 -0.0845606 0)
(-0.0937836 -0.0772175 0)
(-0.0950512 -0.0699861 0)
(-0.0961206 -0.0628693 0)
(-0.0970136 -0.0558689 0)
(-0.0977515 -0.0489839 0)
(-0.0983547 -0.04221 0)
(-0.0988413 -0.0355372 0)
(-0.0992273 -0.0289439 0)
(-0.0995262 -0.0223903 0)
(-0.0997485 -0.0158347 0)
(-0.0999009 -0.0093159 0)
(-0.0999886 -0.00301871 0)
(0.0999856 0.00457809 0)
(0.0998787 0.013932 0)
(0.0996942 0.0234343 0)
(0.0994264 0.0328862 0)
(0.0990685 0.0422342 0)
(0.0986098 0.0515117 0)
(0.0980362 0.0607523 0)
(0.0973316 0.0699701 0)
(0.0964783 0.079167 0)
(0.0954576 0.0883388 0)
(0.0942503 0.0974792 0)
(0.0928382 0.106582 0)
(0.0912052 0.115643 0)
(0.0893415 0.124662 0)
(0.0872506 0.133623 0)
(0.0849616 0.14255 0)
(0.0825188 0.151512 0)
(0.0799688 0.160584 0)
(0.0773621 0.16985 0)
(0.0747458 0.179385 0)
(0.0721515 0.189238 0)
(0.069584 0.199406 0)
(0.0670152 0.209813 0)
(0.0643879 0.220323 0)
(0.0616286 0.230758 0)
(0.0586643 0.240928 0)
(0.0554365 0.250666 0)
(0.0519089 0.259838 0)
(0.0480675 0.268352 0)
(0.0439164 0.276157 0)
(0.0394721 0.283233 0)
(0.0347578 0.289586 0)
(0.0298002 0.295239 0)
(0.0246296 0.300219 0)
(0.0192799 0.30456 0)
(0.0137784 0.308331 0)
(0.00814458 0.311587 0)
(0.00239261 0.314379 0)
(-0.00345874 0.316755 0)
(-0.00939813 0.318754 0)
(-0.0154198 0.320416 0)
(-0.0215115 0.321774 0)
(-0.0276629 0.32286 0)
(-0.0338637 0.323696 0)
(-0.0401037 0.324306 0)
(-0.0463725 0.324705 0)
(-0.0526588 0.324909 0)
(-0.0589508 0.324928 0)
(-0.0652357 0.324772 0)
(-0.0714995 0.324449 0)
(-0.0777271 0.32397 0)
(-0.0839017 0.323345 0)
(-0.0900047 0.322593 0)
(-0.0960148 0.321736 0)
(-0.101906 0.32081 0)
(-0.107643 0.319863 0)
(-0.11317 0.31896 0)
(-0.118406 0.318177 0)
(-0.123224 0.317604 0)
(-0.127322 0.317317 0)
(-0.129998 0.317246 0)
(-0.130597 0.316942 0)
(-0.129044 0.315668 0)
(-0.126027 0.312962 0)
(-0.122299 0.308727 0)
(-0.11826 0.303058 0)
(-0.11409 0.296086 0)
(-0.109872 0.287933 0)
(-0.105672 0.278705 0)
(-0.101634 0.268522 0)
(-0.0980348 0.257623 0)
(-0.0946824 0.246353 0)
(-0.0910742 0.234612 0)
(-0.0873424 0.222308 0)
(-0.0839372 0.209551 0)
(-0.0811145 0.196694 0)
(-0.0789941 0.184065 0)
(-0.07767 0.171951 0)
(-0.0771943 0.160573 0)
(-0.0775438 0.150043 0)
(-0.0786134 0.140347 0)
(-0.080238 0.131368 0)
(-0.0822255 0.122938 0)
(-0.0843907 0.114893 0)
(-0.0865793 0.107103 0)
(-0.0886769 0.0994765 0)
(-0.0906047 0.091953 0)
(-0.0923146 0.0845084 0)
(-0.0937965 0.0771704 0)
(-0.0950615 0.069944 0)
(-0.0961287 0.0628319 0)
(-0.0970197 0.0558359 0)
(-0.0977561 0.0489551 0)
(-0.098358 0.0421851 0)
(-0.0988435 0.0355159 0)
(-0.0992288 0.0289259 0)
(-0.0995272 0.0223753 0)
(-0.099749 0.0158223 0)
(-0.0999011 0.00930629 0)
(-0.0999887 0.00301338 0)
)
;
    }
    frontAndBack
    {
        type            empty;
    }
}


// ************************************************************************* //
