/*--------------------------------*- C++ -*----------------------------------*\
  =========                 |
  \\      /  F ield         | OpenFOAM: The Open Source CFD Toolbox
   \\    /   O peration     | Website:  https://openfoam.org
    \\  /    A nd           | Version:  11
     \\/     M anipulation  |
\*---------------------------------------------------------------------------*/
FoamFile
{
    format      ascii;
    class       surfaceScalarField;
    location    "0.05";
    object      phi;
}
// * * * * * * * * * * * * * * * * * * * * * * * * * * * * * * * * * * * * * //

dimensions      [1 0 -1 0 0 0 0];

internalField   nonuniform List<scalar> 
7860
(
3.25456e-07
-1.53314e-08
3.17993e-07
-4.97137e-08
3.08041e-07
-8.47065e-08
2.95941e-07
-1.17758e-07
2.82097e-07
-1.46924e-07
2.66971e-07
-1.70787e-07
2.51044e-07
-1.88612e-07
2.34767e-07
-2.0035e-07
2.18518e-07
-2.06489e-07
2.02584e-07
-2.07854e-07
1.87163e-07
-2.05409e-07
1.7238e-07
-2.00112e-07
1.58302e-07
-1.92834e-07
1.44957e-07
-1.84309e-07
1.32349e-07
-1.75126e-07
1.20465e-07
-1.65733e-07
1.09286e-07
-1.56458e-07
9.87875e-08
-1.47521e-07
8.89414e-08
-1.39064e-07
7.97203e-08
-1.31167e-07
7.1096e-08
-1.23863e-07
6.30416e-08
-1.17157e-07
5.5534e-08
-1.11036e-07
4.85535e-08
-1.05475e-07
4.20739e-08
-1.0044e-07
3.60724e-08
-9.59012e-08
3.05835e-08
-9.18391e-08
2.55173e-08
-8.82476e-08
2.06892e-08
-8.51016e-08
1.6206e-08
-8.23055e-08
1.21325e-08
-7.98246e-08
8.4042e-09
-7.76544e-08
5.00654e-09
-7.5775e-08
1.91548e-09
-7.41689e-08
-8.87957e-10
-7.28182e-08
-3.42302e-09
-7.17058e-08
-5.7078e-09
-7.0815e-08
-7.75929e-09
-7.01305e-08
-9.59413e-09
-6.96374e-08
-1.12285e-08
-6.93221e-08
-1.26777e-08
-6.91715e-08
-1.39564e-08
-6.91735e-08
-1.50779e-08
-6.93165e-08
-1.60546e-08
-6.95898e-08
-1.68974e-08
-6.99831e-08
-1.76154e-08
-7.04864e-08
-1.82157e-08
-7.10905e-08
-1.87036e-08
-7.17865e-08
-1.90821e-08
-7.25656e-08
-1.93523e-08
-7.34199e-08
-1.95138e-08
-7.43416e-08
-1.95657e-08
-7.53254e-08
-1.9508e-08
-7.63643e-08
-1.93391e-08
-7.74511e-08
-1.90626e-08
-7.85852e-08
-1.86878e-08
-7.97662e-08
-1.82322e-08
-8.09969e-08
-1.77239e-08
-8.2284e-08
-1.72036e-08
-8.36387e-08
-1.67271e-08
-8.50771e-08
-1.63653e-08
-8.662e-08
-1.62045e-08
-8.82929e-08
-1.63927e-08
-9.01273e-08
-1.70557e-08
-9.2149e-08
-1.81233e-08
-9.43833e-08
-1.97039e-08
-9.68477e-08
-2.1859e-08
-9.9564e-08
-2.46271e-08
-1.02556e-07
-2.8035e-08
-1.05851e-07
-3.21057e-08
-1.09481e-07
-3.68657e-08
-1.1348e-07
-4.23466e-08
-1.17891e-07
-4.8587e-08
-1.22757e-07
-5.56328e-08
-1.2813e-07
-6.35366e-08
-1.34065e-07
-7.23576e-08
-1.40618e-07
-8.21617e-08
-1.47848e-07
-9.30209e-08
-1.55813e-07
-1.05014e-07
-1.64563e-07
-1.18224e-07
-1.74139e-07
-1.32743e-07
-1.84564e-07
-1.48662e-07
-1.95832e-07
-1.6608e-07
-2.07893e-07
-1.85092e-07
-2.20644e-07
-2.05793e-07
-2.33902e-07
-2.28262e-07
-2.47388e-07
-2.52552e-07
-2.60694e-07
-2.78685e-07
-2.7326e-07
-3.06637e-07
-2.8434e-07
-3.36305e-07
-2.92986e-07
-3.67471e-07
-2.98034e-07
-3.99759e-07
-2.98133e-07
-4.32586e-07
-2.91824e-07
-4.65132e-07
-2.77699e-07
-4.96351e-07
-2.54654e-07
-5.25044e-07
-2.22214e-07
-5.50004e-07
-1.80839e-07
-5.70186e-07
-1.32114e-07
-5.84818e-07
-7.86859e-08
-2.45864e-08
3.28254e-07
-1.44351e-08
3.24107e-07
-4.60002e-08
3.16746e-07
-7.8159e-08
3.06591e-07
-1.08802e-07
2.94081e-07
-1.35924e-07
2.79736e-07
-1.58119e-07
2.64125e-07
-1.74666e-07
2.47805e-07
-1.85503e-07
2.31255e-07
-1.91081e-07
2.14852e-07
-1.92168e-07
1.98865e-07
-1.89667e-07
1.83469e-07
-1.84479e-07
1.68764e-07
-1.77427e-07
1.548e-07
-1.69207e-07
1.41591e-07
-1.60381e-07
1.29132e-07
-1.51378e-07
1.17404e-07
-1.42506e-07
1.0638e-07
-1.33976e-07
9.60334e-08
-1.25921e-07
8.63384e-08
-1.18414e-07
7.7268e-08
-1.11483e-07
6.87867e-08
-1.05123e-07
6.08677e-08
-9.93222e-08
5.35518e-08
-9.40619e-08
4.67761e-08
-8.93399e-08
4.03507e-08
-8.51419e-08
3.42569e-08
-8.14041e-08
2.84428e-08
-7.80378e-08
2.32987e-08
-7.49631e-08
1.85988e-08
-7.22104e-08
1.42265e-08
-6.9765e-08
1.01986e-08
-6.76019e-08
6.49015e-09
-6.57039e-08
3.08427e-09
-6.40536e-08
-3.85896e-11
-6.26349e-08
-2.89663e-09
-6.14334e-08
-5.50741e-09
-6.04355e-08
-7.88783e-09
-5.96282e-08
-1.00535e-08
-5.89995e-08
-1.20192e-08
-5.85376e-08
-1.37984e-08
-5.82316e-08
-1.54041e-08
-5.80709e-08
-1.68476e-08
-5.80455e-08
-1.81391e-08
-5.81458e-08
-1.9287e-08
-5.83626e-08
-2.02982e-08
-5.86871e-08
-2.11775e-08
-5.91109e-08
-2.19276e-08
-5.96262e-08
-2.25492e-08
-6.02256e-08
-2.30409e-08
-6.09023e-08
-2.33998e-08
-6.16508e-08
-2.36225e-08
-6.24674e-08
-2.37066e-08
-6.33492e-08
-2.36482e-08
-6.42919e-08
-2.34487e-08
-6.52993e-08
-2.31151e-08
-6.6376e-08
-2.26659e-08
-6.75305e-08
-2.21336e-08
-6.87755e-08
-2.15664e-08
-7.01281e-08
-2.10341e-08
-7.16097e-08
-2.06242e-08
-7.32449e-08
-2.04361e-08
-7.50588e-08
-2.05927e-08
-7.70622e-08
-2.12291e-08
-7.92933e-08
-2.22874e-08
-8.17191e-08
-2.3878e-08
-8.43753e-08
-2.60671e-08
-8.72774e-08
-2.88917e-08
-9.04363e-08
-3.2374e-08
-9.38694e-08
-3.65295e-08
-9.75998e-08
-4.13867e-08
-1.01657e-07
-4.698e-08
-1.06076e-07
-5.33499e-08
-1.10898e-07
-6.05444e-08
-1.16168e-07
-6.86199e-08
-1.21937e-07
-7.76414e-08
-1.28258e-07
-8.76829e-08
-1.35187e-07
-9.88257e-08
-1.42778e-07
-1.11158e-07
-1.51083e-07
-1.24772e-07
-1.60142e-07
-1.3977e-07
-1.69977e-07
-1.56254e-07
-1.80584e-07
-1.74332e-07
-1.91918e-07
-1.94109e-07
-2.03879e-07
-2.15685e-07
-2.16297e-07
-2.3914e-07
-2.28908e-07
-2.64529e-07
-2.41332e-07
-2.91864e-07
-2.53037e-07
-3.2109e-07
-2.63322e-07
-3.5205e-07
-2.71295e-07
-3.84444e-07
-2.7587e-07
-4.17773e-07
-2.75795e-07
-4.51296e-07
-2.6972e-07
-4.83998e-07
-2.56358e-07
-5.1462e-07
-2.34717e-07
-5.41755e-07
-2.04409e-07
-5.64029e-07
-1.65943e-07
-5.80272e-07
-1.2094e-07
-5.89524e-07
-7.21862e-08
-2.29421e-08
3.28027e-07
-1.33685e-08
3.24239e-07
-4.28509e-08
3.17796e-07
-7.29e-08
3.0874e-07
-1.01475e-07
2.97332e-07
-1.26694e-07
2.83997e-07
-1.47234e-07
2.69259e-07
-1.62436e-07
2.53654e-07
-1.72265e-07
2.37667e-07
-1.77159e-07
2.21686e-07
-1.77848e-07
2.06001e-07
-1.75182e-07
1.90805e-07
-1.70009e-07
1.76219e-07
-1.63102e-07
1.62303e-07
-1.55118e-07
1.49083e-07
-1.46588e-07
1.36558e-07
-1.37918e-07
1.24718e-07
-1.29403e-07
1.13539e-07
-1.21239e-07
1.02998e-07
-1.13553e-07
9.30884e-08
-1.06417e-07
8.3841e-08
-9.98725e-08
7.51922e-08
-9.39352e-08
6.69377e-08
-8.85995e-08
5.90186e-08
-8.38134e-08
5.13194e-08
-7.94865e-08
4.41594e-08
-7.55088e-08
3.76496e-08
-7.18572e-08
3.17646e-08
-6.85446e-08
2.626e-08
-6.55801e-08
2.11429e-08
-6.29268e-08
1.63692e-08
-6.05592e-08
1.1926e-08
-5.84536e-08
7.79538e-09
-5.65898e-08
3.96244e-09
-5.49514e-08
4.12534e-10
-5.35239e-08
-2.86903e-09
-5.22936e-08
-5.89701e-09
-5.12485e-08
-8.68584e-09
-5.03775e-08
-1.12495e-08
-4.96704e-08
-1.36011e-08
-4.91174e-08
-1.57531e-08
-4.87092e-08
-1.77168e-08
-4.8437e-08
-1.95024e-08
-4.82923e-08
-2.11187e-08
-4.82668e-08
-2.25729e-08
-4.83528e-08
-2.38709e-08
-4.85426e-08
-2.50166e-08
-4.88291e-08
-2.60124e-08
-4.92058e-08
-2.68587e-08
-4.96666e-08
-2.75546e-08
-5.02064e-08
-2.80969e-08
-5.08213e-08
-2.84846e-08
-5.15094e-08
-2.87159e-08
-5.22708e-08
-2.87881e-08
-5.31032e-08
-2.87036e-08
-5.40131e-08
-2.84705e-08
-5.50079e-08
-2.81066e-08
-5.60985e-08
-2.76438e-08
-5.72994e-08
-2.71329e-08
-5.86289e-08
-2.66476e-08
-6.01081e-08
-2.62797e-08
-6.17583e-08
-2.6137e-08
-6.35972e-08
-2.62871e-08
-6.56427e-08
-2.67399e-08
-6.79254e-08
-2.78289e-08
-7.04622e-08
-2.94882e-08
-7.32267e-08
-3.178e-08
-7.6222e-08
-3.47392e-08
-7.94552e-08
-3.83808e-08
-8.29355e-08
-4.27189e-08
-8.66786e-08
-4.77753e-08
-9.07077e-08
-5.35805e-08
-9.50537e-08
-6.01726e-08
-9.97545e-08
-6.75973e-08
-1.04854e-07
-7.59085e-08
-1.104e-07
-8.51713e-08
-1.16441e-07
-9.54594e-08
-1.23032e-07
-1.06851e-07
-1.30222e-07
-1.19433e-07
-1.38062e-07
-1.33294e-07
-1.46591e-07
-1.48526e-07
-1.55836e-07
-1.65226e-07
-1.65794e-07
-1.83493e-07
-1.76424e-07
-2.03416e-07
-1.87637e-07
-2.25081e-07
-1.99273e-07
-2.48558e-07
-2.11084e-07
-2.73894e-07
-2.22712e-07
-3.01088e-07
-2.3366e-07
-3.30066e-07
-2.43277e-07
-3.6065e-07
-2.50736e-07
-3.92512e-07
-2.5503e-07
-4.25134e-07
-2.54997e-07
-4.57756e-07
-2.49393e-07
-4.89357e-07
-2.37028e-07
-5.18689e-07
-2.16987e-07
-5.44397e-07
-1.88907e-07
-5.65216e-07
-1.53264e-07
-5.80226e-07
-1.11577e-07
-5.89073e-07
-6.64291e-08
-2.09434e-08
3.28253e-07
-1.2589e-08
3.24831e-07
-4.0285e-08
3.18799e-07
-6.84364e-08
3.1016e-07
-9.51032e-08
2.99129e-07
-1.18502e-07
2.86114e-07
-1.37418e-07
2.71635e-07
-1.51276e-07
2.56238e-07
-1.60084e-07
2.40418e-07
-1.64284e-07
2.24578e-07
-1.6457e-07
2.09019e-07
-1.61742e-07
1.93942e-07
-1.56593e-07
1.79472e-07
-1.49842e-07
1.65674e-07
-1.42104e-07
1.52566e-07
-1.33876e-07
1.4015e-07
-1.25543e-07
1.28442e-07
-1.17389e-07
1.1741e-07
-1.09625e-07
1.07e-07
-1.02378e-07
9.70355e-08
-9.57222e-08
8.75013e-08
-8.96557e-08
7.83696e-08
-8.41279e-08
6.96121e-08
-7.90852e-08
6.14974e-08
-7.44556e-08
5.40538e-08
-7.02413e-08
4.71013e-08
-6.64478e-08
4.04735e-08
-6.30366e-08
3.42449e-08
-5.996e-08
2.84003e-08
-5.71879e-08
2.2926e-08
-5.46959e-08
1.7802e-08
-5.24607e-08
1.30113e-08
-5.04626e-08
8.53844e-09
-4.86837e-08
4.36784e-09
-4.71082e-08
4.84778e-10
-4.57229e-08
-3.12483e-09
-4.45158e-08
-6.47461e-09
-4.34762e-08
-9.57777e-09
-4.25945e-08
-1.24471e-08
-4.18617e-08
-1.50946e-08
-4.12696e-08
-1.75318e-08
-4.08103e-08
-1.97692e-08
-4.04764e-08
-2.18162e-08
-4.02609e-08
-2.36814e-08
-4.01569e-08
-2.5371e-08
-4.0158e-08
-2.68925e-08
-4.02583e-08
-2.82494e-08
-4.0452e-08
-2.94453e-08
-4.07339e-08
-3.04826e-08
-4.10995e-08
-3.13625e-08
-4.15451e-08
-3.20855e-08
-4.20681e-08
-3.26517e-08
-4.26675e-08
-3.30631e-08
-4.33451e-08
-3.33187e-08
-4.40998e-08
-3.34214e-08
-4.49385e-08
-3.33781e-08
-4.58699e-08
-3.32017e-08
-4.69059e-08
-3.29165e-08
-4.80617e-08
-3.25633e-08
-4.93568e-08
-3.22053e-08
-5.08155e-08
-3.19297e-08
-5.24631e-08
-3.18612e-08
-5.43215e-08
-3.21918e-08
-5.64023e-08
-3.277e-08
-5.86826e-08
-3.386e-08
-6.12131e-08
-3.55425e-08
-6.39821e-08
-3.78884e-08
-6.69693e-08
-4.09275e-08
-7.01637e-08
-4.46583e-08
-7.35781e-08
-4.90904e-08
-7.72241e-08
-5.4244e-08
-8.11213e-08
-6.01468e-08
-8.52978e-08
-6.68316e-08
-8.97888e-08
-7.43347e-08
-9.46366e-08
-8.26978e-08
-9.98904e-08
-9.19876e-08
-1.056e-07
-1.02284e-07
-1.11813e-07
-1.13671e-07
-1.18575e-07
-1.26233e-07
-1.25931e-07
-1.40051e-07
-1.33921e-07
-1.55214e-07
-1.42571e-07
-1.71817e-07
-1.5188e-07
-1.89959e-07
-1.6181e-07
-2.09738e-07
-1.7228e-07
-2.31245e-07
-1.83141e-07
-2.54554e-07
-1.94163e-07
-2.79708e-07
-2.05015e-07
-3.06699e-07
-2.1524e-07
-3.35449e-07
-2.24236e-07
-3.6577e-07
-2.31242e-07
-3.97328e-07
-2.35332e-07
-4.29593e-07
-2.35439e-07
-4.61794e-07
-2.30417e-07
-4.92905e-07
-2.19162e-07
-5.21677e-07
-2.00812e-07
-5.46758e-07
-1.74997e-07
-5.66906e-07
-1.42114e-07
-5.81249e-07
-1.03542e-07
-5.89476e-07
-6.16876e-08
-1.94627e-08
3.28191e-07
-1.18089e-08
3.24675e-07
-3.78401e-08
3.18536e-07
-6.42382e-08
3.09781e-07
-8.91249e-08
2.98645e-07
-1.10818e-07
2.85553e-07
-1.28206e-07
2.71037e-07
-1.40802e-07
2.55643e-07
-1.48659e-07
2.39864e-07
-1.52221e-07
2.24098e-07
-1.52156e-07
2.08641e-07
-1.49211e-07
1.93692e-07
-1.44129e-07
1.79378e-07
-1.3758e-07
1.65803e-07
-1.30147e-07
1.52969e-07
-1.22313e-07
1.4085e-07
-1.14443e-07
1.29281e-07
-1.06808e-07
1.18255e-07
-9.95343e-08
1.07715e-07
-9.27171e-08
9.75777e-08
-8.6389e-08
8.81046e-08
-8.05306e-08
7.91851e-08
-7.51837e-08
7.09017e-08
-7.03337e-08
6.29799e-08
-6.59758e-08
5.54801e-08
-6.20518e-08
4.83848e-08
-5.85193e-08
4.16673e-08
-5.5341e-08
3.53203e-08
-5.2481e-08
2.93353e-08
-4.99076e-08
2.37007e-08
-4.75941e-08
1.84038e-08
-4.55167e-08
1.34301e-08
-4.3655e-08
8.76597e-09
-4.19919e-08
4.39797e-09
-4.05128e-08
3.131e-10
-3.92052e-08
-3.50128e-09
-3.80582e-08
-7.05741e-09
-3.70623e-08
-1.03671e-08
-3.62089e-08
-1.34416e-08
-3.54902e-08
-1.62917e-08
-3.48993e-08
-1.89272e-08
-3.44296e-08
-2.13577e-08
-3.40748e-08
-2.35919e-08
-3.38291e-08
-2.56383e-08
-3.3687e-08
-2.75044e-08
-3.36433e-08
-2.91976e-08
-3.36929e-08
-3.0724e-08
-3.38315e-08
-3.20894e-08
-3.40548e-08
-3.32988e-08
-3.43595e-08
-3.43566e-08
-3.47427e-08
-3.52667e-08
-3.52023e-08
-3.60325e-08
-3.57377e-08
-3.66593e-08
-3.6351e-08
-3.71477e-08
-3.70418e-08
-3.75018e-08
-3.78145e-08
-3.77255e-08
-3.86777e-08
-3.7824e-08
-3.96427e-08
-3.78092e-08
-4.07227e-08
-3.77147e-08
-4.19318e-08
-3.75869e-08
-4.32937e-08
-3.74797e-08
-4.48299e-08
-3.74199e-08
-4.6564e-08
-3.76195e-08
-4.85727e-08
-3.83057e-08
-5.08761e-08
-3.95091e-08
-5.34323e-08
-4.13075e-08
-5.62222e-08
-4.37201e-08
-5.92181e-08
-4.68476e-08
-6.24109e-08
-5.06292e-08
-6.57783e-08
-5.50771e-08
-6.93307e-08
-6.02282e-08
-7.30911e-08
-6.61298e-08
-7.70869e-08
-7.2832e-08
-8.13499e-08
-8.0379e-08
-8.59143e-08
-8.87875e-08
-9.08148e-08
-9.79695e-08
-9.60944e-08
-1.08108e-07
-1.01839e-07
-1.19309e-07
-1.08103e-07
-1.31657e-07
-1.14923e-07
-1.45233e-07
-1.22329e-07
-1.60117e-07
-1.3034e-07
-1.76424e-07
-1.38981e-07
-1.94247e-07
-1.48209e-07
-2.13682e-07
-1.57948e-07
-2.3482e-07
-1.68053e-07
-2.57738e-07
-1.78311e-07
-2.82483e-07
-1.88416e-07
-3.09051e-07
-1.97948e-07
-3.37366e-07
-2.06354e-07
-3.67248e-07
-2.12938e-07
-3.9837e-07
-2.16852e-07
-4.30221e-07
-2.17119e-07
-4.62057e-07
-2.12679e-07
-4.9288e-07
-2.02506e-07
-5.21468e-07
-1.85774e-07
-5.46476e-07
-1.62098e-07
-5.66645e-07
-1.31793e-07
-5.81065e-07
-9.60978e-08
-5.89395e-07
-5.72507e-08
-1.80216e-08
3.28175e-07
-1.10718e-08
3.24537e-07
-3.54769e-08
3.18166e-07
-6.01537e-08
3.09103e-07
-8.33009e-08
2.97627e-07
-1.03339e-07
2.84208e-07
-1.19264e-07
2.6941e-07
-1.30671e-07
2.53796e-07
-1.37656e-07
2.37863e-07
-1.40661e-07
2.22012e-07
-1.40326e-07
2.06571e-07
-1.37364e-07
1.91722e-07
-1.32483e-07
1.77571e-07
-1.26304e-07
1.64055e-07
-1.19361e-07
1.51212e-07
-1.12021e-07
1.39012e-07
-1.04599e-07
1.27465e-07
-9.73151e-08
1.16563e-07
-9.03365e-08
1.06292e-07
-8.37831e-08
9.67307e-08
-7.77178e-08
8.75567e-08
-7.21951e-08
7.88481e-08
-6.71831e-08
7.06135e-08
-6.26553e-08
6.28022e-08
-5.85816e-08
5.53904e-08
-5.49242e-08
4.83606e-08
-5.16426e-08
4.16968e-08
-4.86984e-08
3.53855e-08
-4.60556e-08
2.94141e-08
-4.36822e-08
2.37701e-08
-4.15505e-08
1.84414e-08
-3.96372e-08
1.34167e-08
-3.79223e-08
8.68481e-09
-3.63892e-08
4.23468e-09
-3.50235e-08
5.53899e-11
-3.38133e-08
-3.86378e-09
-3.27482e-08
-7.53339e-09
-3.18194e-08
-1.09635e-08
-3.10191e-08
-1.41642e-08
-3.03404e-08
-1.71449e-08
-2.97772e-08
-1.99152e-08
-2.93239e-08
-2.24839e-08
-2.89752e-08
-2.48599e-08
-2.87264e-08
-2.70512e-08
-2.8573e-08
-2.90657e-08
-2.85107e-08
-3.0911e-08
-2.85355e-08
-3.25943e-08
-2.86435e-08
-3.41226e-08
-2.88314e-08
-3.55032e-08
-2.90957e-08
-3.67431e-08
-2.9434e-08
-3.78493e-08
-2.9844e-08
-3.88286e-08
-3.03243e-08
-3.96878e-08
-3.08753e-08
-4.0433e-08
-3.14974e-08
-4.1067e-08
-3.21897e-08
-4.15901e-08
-3.29575e-08
-4.19885e-08
-3.38087e-08
-4.22161e-08
-3.47563e-08
-4.23291e-08
-3.58292e-08
-4.23713e-08
-3.70604e-08
-4.24362e-08
-3.84878e-08
-4.27095e-08
-4.01423e-08
-4.32371e-08
-4.20584e-08
-4.41398e-08
-4.42389e-08
-4.55014e-08
-4.66501e-08
-4.73745e-08
-4.92675e-08
-4.97893e-08
-5.2061e-08
-5.27103e-08
-5.5019e-08
-5.6249e-08
-5.81541e-08
-6.04565e-08
-6.14779e-08
-6.53664e-08
-6.50081e-08
-7.10082e-08
-6.87689e-08
-7.74157e-08
-7.27905e-08
-8.4634e-08
-7.71092e-08
-9.27354e-08
-8.1768e-08
-1.01874e-07
-8.68159e-08
-1.12004e-07
-9.22727e-08
-1.23162e-07
-9.81857e-08
-1.35418e-07
-1.04599e-07
-1.48855e-07
-1.11543e-07
-1.63534e-07
-1.19022e-07
-1.79546e-07
-1.27035e-07
-1.97004e-07
-1.35563e-07
-2.1605e-07
-1.44568e-07
-2.36781e-07
-1.53923e-07
-2.59277e-07
-1.6343e-07
-2.83591e-07
-1.72802e-07
-3.0973e-07
-1.81653e-07
-3.37631e-07
-1.8948e-07
-3.67131e-07
-1.95643e-07
-3.97925e-07
-1.99371e-07
-4.29521e-07
-1.99768e-07
-4.61199e-07
-1.95862e-07
-4.91985e-07
-1.86697e-07
-5.20662e-07
-1.7149e-07
-5.45867e-07
-1.49842e-07
-5.66288e-07
-1.21993e-07
-5.80935e-07
-8.90443e-08
-5.89391e-07
-5.30722e-08
-1.6691e-08
3.28112e-07
-1.03273e-08
3.24271e-07
-3.30955e-08
3.1757e-07
-5.60487e-08
3.08093e-07
-7.74729e-08
2.96182e-07
-9.58997e-08
2.8236e-07
-1.1043e-07
2.67226e-07
-1.20735e-07
2.51379e-07
-1.26951e-07
2.35309e-07
-1.29532e-07
2.194e-07
-1.29092e-07
2.03858e-07
-1.26293e-07
1.88894e-07
-1.21737e-07
1.74596e-07
-1.15939e-07
1.61027e-07
-1.09351e-07
1.48241e-07
-1.02361e-07
1.3622e-07
-9.52924e-08
1.24942e-07
-8.83808e-08
1.14318e-07
-8.18067e-08
1.04302e-07
-7.56578e-08
9.48637e-08
-6.99854e-08
8.59243e-08
-6.48098e-08
7.74505e-08
-6.01247e-08
6.94152e-08
-5.59052e-08
6.17904e-08
-5.21188e-08
5.45509e-08
-4.87278e-08
4.76756e-08
-4.56934e-08
4.11461e-08
-4.29778e-08
3.49469e-08
-4.05461e-08
2.90646e-08
-3.83675e-08
2.34874e-08
-3.64149e-08
1.82044e-08
-3.46652e-08
1.32052e-08
-3.30989e-08
8.47948e-09
-3.16992e-08
4.01731e-09
-3.04524e-08
-1.91259e-10
-2.93469e-08
-4.15532e-09
-2.8373e-08
-7.88348e-09
-2.75223e-08
-1.13843e-08
-2.67877e-08
-1.46662e-08
-2.6163e-08
-1.77374e-08
-2.56428e-08
-2.06064e-08
-2.52219e-08
-2.32815e-08
-2.48958e-08
-2.57708e-08
-2.46603e-08
-2.80828e-08
-2.45116e-08
-3.02255e-08
-2.44459e-08
-3.22071e-08
-2.446e-08
-3.40352e-08
-2.45508e-08
-3.57173e-08
-2.47155e-08
-3.72605e-08
-2.49513e-08
-3.86716e-08
-2.52561e-08
-3.9957e-08
-2.56275e-08
-4.11227e-08
-2.60642e-08
-4.21738e-08
-2.65654e-08
-4.31156e-08
-2.71317e-08
-4.39451e-08
-2.77623e-08
-4.4675e-08
-2.8464e-08
-4.53092e-08
-2.92446e-08
-4.58491e-08
-3.01161e-08
-4.63152e-08
-3.10965e-08
-4.67354e-08
-3.22151e-08
-4.71549e-08
-3.35067e-08
-4.76226e-08
-3.50108e-08
-4.82789e-08
-3.67787e-08
-4.9269e-08
-3.88148e-08
-5.07265e-08
-4.10698e-08
-5.2572e-08
-4.34856e-08
-5.4904e-08
-4.60668e-08
-5.77769e-08
-4.8813e-08
-6.12451e-08
-5.17282e-08
-6.53537e-08
-5.48229e-08
-7.01428e-08
-5.81122e-08
-7.56514e-08
-6.16175e-08
-8.19207e-08
-6.53655e-08
-8.89972e-08
-6.93878e-08
-9.6937e-08
-7.37202e-08
-1.05809e-07
-7.83997e-08
-1.15651e-07
-8.34627e-08
-1.26514e-07
-8.8947e-08
-1.38462e-07
-9.48901e-08
-1.51572e-07
-1.01326e-07
-1.65945e-07
-1.08283e-07
-1.81668e-07
-1.15742e-07
-1.98846e-07
-1.23666e-07
-2.17569e-07
-1.31984e-07
-2.37935e-07
-1.40592e-07
-2.60057e-07
-1.49348e-07
-2.83988e-07
-1.57996e-07
-3.0974e-07
-1.66181e-07
-3.37262e-07
-1.73439e-07
-3.66406e-07
-1.79187e-07
-3.96889e-07
-1.8272e-07
-4.28248e-07
-1.83218e-07
-4.59796e-07
-1.79791e-07
-4.90584e-07
-1.71554e-07
-5.19411e-07
-1.57768e-07
-5.44895e-07
-1.38031e-07
-5.65667e-07
-1.12516e-07
-5.80645e-07
-8.22057e-08
-5.89324e-07
-4.90136e-08
-1.53983e-08
3.28056e-07
-9.57571e-09
3.24013e-07
-3.06771e-08
3.16982e-07
-5.1886e-08
3.07099e-07
-7.15923e-08
2.94767e-07
-8.84464e-08
2.80571e-07
-1.01658e-07
2.65138e-07
-1.10981e-07
2.49051e-07
-1.16585e-07
2.32752e-07
-1.18898e-07
2.16604e-07
-1.1843e-07
2.00758e-07
-1.1574e-07
1.85706e-07
-1.11341e-07
1.7144e-07
-1.05803e-07
1.58005e-07
-9.95766e-08
1.45356e-07
-9.30442e-08
1.33475e-07
-8.64706e-08
1.22337e-07
-8.00583e-08
1.11876e-07
-7.39521e-08
1.0204e-07
-6.82434e-08
9.27766e-08
-6.29808e-08
8.40357e-08
-5.81818e-08
7.57709e-08
-5.38405e-08
6.79432e-08
-4.99361e-08
6.05186e-08
-4.64378e-08
5.34679e-08
-4.33104e-08
4.67665e-08
-4.05175e-08
4.03943e-08
-3.80238e-08
3.43344e-08
-3.57965e-08
2.85728e-08
-3.3806e-08
2.30968e-08
-3.20264e-08
1.78953e-08
-3.04351e-08
1.29579e-08
-2.90131e-08
8.27373e-09
-2.77443e-08
3.83396e-09
-2.66153e-08
-3.69553e-10
-2.5615e-08
-4.34474e-09
-2.47339e-08
-8.0995e-09
-2.39641e-08
-1.16417e-08
-2.3299e-08
-1.4979e-08
-2.27327e-08
-1.81191e-08
-2.22604e-08
-2.10696e-08
-2.18776e-08
-2.3838e-08
-2.15805e-08
-2.64315e-08
-2.13653e-08
-2.88574e-08
-2.12289e-08
-3.11231e-08
-2.1168e-08
-3.32359e-08
-2.11797e-08
-3.52032e-08
-2.12614e-08
-3.70327e-08
-2.14103e-08
-3.87319e-08
-2.16242e-08
-4.03083e-08
-2.19009e-08
-4.17688e-08
-2.22388e-08
-4.31199e-08
-2.26365e-08
-4.43666e-08
-2.30935e-08
-4.55192e-08
-2.36113e-08
-4.65816e-08
-2.41888e-08
-4.75598e-08
-2.48292e-08
-4.84562e-08
-2.55388e-08
-4.92685e-08
-2.63271e-08
-5.00248e-08
-2.72108e-08
-5.07416e-08
-2.82129e-08
-5.14426e-08
-2.93641e-08
-5.21684e-08
-3.07083e-08
-5.29956e-08
-3.22924e-08
-5.40571e-08
-3.413e-08
-5.54147e-08
-3.61749e-08
-5.72121e-08
-3.84016e-08
-5.95172e-08
-4.07968e-08
-6.23576e-08
-4.3346e-08
-6.57712e-08
-4.60504e-08
-6.97983e-08
-4.89188e-08
-7.44796e-08
-5.19656e-08
-7.98565e-08
-5.521e-08
-8.59723e-08
-5.86758e-08
-9.28739e-08
-6.23912e-08
-1.00613e-07
-6.63879e-08
-1.09243e-07
-7.06999e-08
-1.18823e-07
-7.53627e-08
-1.29414e-07
-8.04119e-08
-1.41089e-07
-8.58814e-08
-1.53932e-07
-9.18005e-08
-1.6805e-07
-9.8187e-08
-1.8353e-07
-1.05041e-07
-2.00454e-07
-1.12343e-07
-2.18907e-07
-1.20017e-07
-2.38994e-07
-1.27953e-07
-2.60797e-07
-1.35985e-07
-2.84383e-07
-1.43897e-07
-3.09777e-07
-1.51401e-07
-3.36942e-07
-1.58086e-07
-3.65751e-07
-1.63411e-07
-3.95945e-07
-1.66733e-07
-4.27086e-07
-1.67304e-07
-4.58512e-07
-1.64307e-07
-4.89302e-07
-1.56925e-07
-5.18262e-07
-1.44466e-07
-5.44e-07
-1.26536e-07
-5.65094e-07
-1.03259e-07
-5.80379e-07
-7.55061e-08
-5.89265e-07
-4.50334e-08
-1.41347e-08
3.28e-07
-8.81176e-09
3.2377e-07
-2.82149e-08
3.16444e-07
-4.76604e-08
3.06203e-07
-6.56577e-08
2.935e-07
-8.0988e-08
2.78936e-07
-9.2967e-08
2.63144e-07
-1.01391e-07
2.46712e-07
-1.06386e-07
2.30163e-07
-1.08315e-07
2.13884e-07
-1.07687e-07
1.98273e-07
-1.05051e-07
1.83214e-07
-1.00969e-07
1.68926e-07
-9.58784e-08
1.55484e-07
-9.01732e-08
1.42879e-07
-8.41781e-08
1.31079e-07
-7.81453e-08
1.20041e-07
-7.22608e-08
1.09709e-07
-6.66548e-08
1.00022e-07
-6.14109e-08
9.09221e-08
-5.65752e-08
8.23531e-08
-5.21648e-08
7.42652e-08
-4.81757e-08
6.6614e-08
-4.45896e-08
5.9362e-08
-4.13795e-08
5.24771e-08
-3.85136e-08
4.5933e-08
-3.59588e-08
3.97073e-08
-3.36822e-08
3.37812e-08
-3.16533e-08
2.81384e-08
-2.98441e-08
2.2765e-08
-2.82299e-08
1.76482e-08
-2.67894e-08
1.27751e-08
-2.55046e-08
8.13708e-09
-2.43604e-08
3.72599e-09
-2.33439e-08
-4.65553e-10
-2.24446e-08
-4.44465e-09
-2.16535e-08
-8.21824e-09
-2.09631e-08
-1.17932e-08
-2.0367e-08
-1.51763e-08
-1.986e-08
-1.83746e-08
-1.94372e-08
-2.1395e-08
-1.90946e-08
-2.42447e-08
-1.88287e-08
-2.69309e-08
-1.86361e-08
-2.94607e-08
-1.8514e-08
-3.18413e-08
-1.84598e-08
-3.40798e-08
-1.84711e-08
-3.61831e-08
-1.85457e-08
-3.81582e-08
-1.86813e-08
-4.00118e-08
-1.88762e-08
-4.17507e-08
-1.91283e-08
-4.33822e-08
-1.94361e-08
-4.49133e-08
-1.97981e-08
-4.63517e-08
-2.02137e-08
-4.77054e-08
-2.0684e-08
-4.89843e-08
-2.12092e-08
-5.0191e-08
-2.17892e-08
-5.13285e-08
-2.24299e-08
-5.24041e-08
-2.31393e-08
-5.34229e-08
-2.3929e-08
-5.43798e-08
-2.48185e-08
-5.52982e-08
-2.58383e-08
-5.62065e-08
-2.70288e-08
-5.71684e-08
-2.844e-08
-5.83219e-08
-3.00967e-08
-5.97762e-08
-3.19556e-08
-6.16338e-08
-3.3986e-08
-6.39265e-08
-3.61675e-08
-6.6718e-08
-3.84962e-08
-7.00585e-08
-4.09723e-08
-7.39925e-08
-4.36019e-08
-7.85621e-08
-4.63966e-08
-8.38097e-08
-4.9373e-08
-8.97786e-08
-5.2552e-08
-9.65151e-08
-5.59584e-08
-1.04069e-07
-5.96205e-08
-1.12496e-07
-6.35691e-08
-1.21854e-07
-6.78362e-08
-1.3221e-07
-7.2454e-08
-1.43638e-07
-7.7452e-08
-1.56225e-07
-8.28547e-08
-1.70064e-07
-8.86774e-08
-1.85254e-07
-9.49206e-08
-2.01908e-07
-1.01563e-07
-2.20127e-07
-1.08551e-07
-2.39988e-07
-1.15802e-07
-2.61576e-07
-1.23163e-07
-2.85045e-07
-1.30421e-07
-3.10172e-07
-1.37252e-07
-3.37024e-07
-1.43323e-07
-3.65518e-07
-1.48181e-07
-3.95428e-07
-1.51249e-07
-4.26348e-07
-1.51852e-07
-4.57641e-07
-1.49242e-07
-4.88402e-07
-1.42668e-07
-5.17442e-07
-1.31481e-07
-5.43354e-07
-1.15296e-07
-5.64675e-07
-9.41911e-08
-5.80182e-07
-6.89358e-08
-5.89219e-07
-4.11295e-08
-1.28964e-08
3.27957e-07
-8.04225e-09
3.23573e-07
-2.57242e-08
3.16003e-07
-4.34012e-08
3.0546e-07
-5.97166e-08
2.9243e-07
-7.35729e-08
2.77494e-07
-8.43367e-08
2.61482e-07
-9.18023e-08
2.4492e-07
-9.61551e-08
2.28292e-07
-9.77655e-08
2.11966e-07
-9.71149e-08
1.96215e-07
-9.46883e-08
1.81171e-07
-9.09513e-08
1.66932e-07
-8.63182e-08
1.53541e-07
-8.1139e-08
1.41e-07
-7.57002e-08
1.29279e-07
-7.02263e-08
1.1833e-07
-6.48843e-08
1.08098e-07
-5.97921e-08
9.85218e-08
-5.50256e-08
8.95409e-08
-5.06275e-08
8.10981e-08
-4.66142e-08
7.31411e-08
-4.29836e-08
6.56237e-08
-3.97202e-08
5.85056e-08
-3.68003e-08
5.17522e-08
-3.41957e-08
4.53344e-08
-3.18764e-08
3.92272e-08
-2.98127e-08
3.34098e-08
-2.79764e-08
2.78644e-08
-2.6342e-08
2.25748e-08
-2.48864e-08
1.75256e-08
-2.35901e-08
1.27063e-08
-2.24361e-08
8.10787e-09
-2.14102e-08
3.722e-09
-2.05003e-08
-4.58905e-10
-1.96965e-08
-4.44199e-09
-1.89903e-08
-8.23406e-09
-1.83746e-08
-1.18417e-08
-1.78437e-08
-1.52713e-08
-1.73924e-08
-1.85291e-08
-1.70166e-08
-2.16214e-08
-1.67125e-08
-2.45542e-08
-1.6477e-08
-2.73339e-08
-1.63071e-08
-2.99667e-08
-1.62003e-08
-3.24592e-08
-1.61542e-08
-3.48179e-08
-1.61666e-08
-3.70499e-08
-1.62355e-08
-3.91621e-08
-1.6359e-08
-4.11617e-08
-1.65354e-08
-4.30559e-08
-1.67632e-08
-4.48516e-08
-1.7041e-08
-4.65557e-08
-1.73679e-08
-4.81749e-08
-1.77431e-08
-4.97157e-08
-1.81668e-08
-5.11867e-08
-1.86393e-08
-5.25939e-08
-1.91599e-08
-5.39421e-08
-1.97331e-08
-5.52346e-08
-2.03644e-08
-5.64784e-08
-2.10639e-08
-5.76695e-08
-2.18471e-08
-5.87991e-08
-2.27391e-08
-5.9884e-08
-2.37802e-08
-6.09978e-08
-2.50248e-08
-6.2267e-08
-2.6503e-08
-6.38035e-08
-2.81731e-08
-6.56912e-08
-3.00045e-08
-6.7983e-08
-3.19774e-08
-7.07536e-08
-3.40898e-08
-7.40497e-08
-3.63391e-08
-7.79166e-08
-3.873e-08
-8.23983e-08
-4.12722e-08
-8.75389e-08
-4.398e-08
-9.33834e-08
-4.68718e-08
-9.99792e-08
-4.99695e-08
-1.07377e-07
-5.32981e-08
-1.15633e-07
-5.68853e-08
-1.24807e-07
-6.07595e-08
-1.34967e-07
-6.49491e-08
-1.46187e-07
-6.94799e-08
-1.58549e-07
-7.4372e-08
-1.72147e-07
-7.9638e-08
-1.87082e-07
-8.52768e-08
-2.03462e-07
-9.12677e-08
-2.214e-07
-9.75625e-08
-2.41012e-07
-1.04077e-07
-2.62345e-07
-1.10688e-07
-2.85366e-07
-1.17213e-07
-3.10307e-07
-1.23422e-07
-3.37047e-07
-1.28956e-07
-3.65445e-07
-1.33397e-07
-3.95255e-07
-1.36231e-07
-4.26073e-07
-1.36857e-07
-4.57281e-07
-1.34604e-07
-4.87995e-07
-1.28791e-07
-5.17048e-07
-1.1882e-07
-5.43035e-07
-1.04319e-07
-5.64475e-07
-8.53302e-08
-5.80102e-07
-6.25219e-08
-5.89213e-07
-3.73356e-08
-1.17106e-08
3.27903e-07
-7.25269e-09
3.2336e-07
-2.31847e-08
3.15545e-07
-3.90744e-08
3.047e-07
-5.36853e-08
2.91434e-07
-6.60174e-08
2.7646e-07
-7.55423e-08
2.60317e-07
-8.2143e-08
2.43661e-07
-8.59711e-08
2.26987e-07
-8.73639e-08
2.10648e-07
-8.67441e-08
1.94888e-07
-8.45489e-08
1.79864e-07
-8.11907e-08
1.65662e-07
-7.70357e-08
1.52318e-07
-7.23947e-08
1.39827e-07
-6.75214e-08
1.28161e-07
-6.26146e-08
1.17273e-07
-5.78232e-08
1.07107e-07
-5.32523e-08
9.76016e-08
-4.89706e-08
8.86974e-08
-4.50168e-08
8.03368e-08
-4.1407e-08
7.24668e-08
-3.81402e-08
6.50397e-08
-3.52032e-08
5.80133e-08
-3.25756e-08
5.1351e-08
-3.02324e-08
4.50213e-08
-2.8147e-08
3.89973e-08
-2.62929e-08
3.32563e-08
-2.46449e-08
2.77781e-08
-2.31797e-08
2.25426e-08
-2.18771e-08
1.75371e-08
-2.07188e-08
1.27505e-08
-1.96896e-08
8.17336e-09
-1.87763e-08
3.79735e-09
-1.79677e-08
-3.85212e-10
-1.72544e-08
-4.38139e-09
-1.66287e-08
-8.19779e-09
-1.6084e-08
-1.18407e-08
-1.56149e-08
-1.53164e-08
-1.52166e-08
-1.86308e-08
-1.48852e-08
-2.179e-08
-1.46175e-08
-2.48001e-08
-1.44104e-08
-2.76671e-08
-1.42614e-08
-3.0397e-08
-1.41683e-08
-3.29961e-08
-1.4129e-08
-3.54703e-08
-1.41418e-08
-3.78258e-08
-1.42048e-08
-4.00689e-08
-1.43166e-08
-4.22061e-08
-1.44755e-08
-4.42441e-08
-1.46801e-08
-4.61896e-08
-1.49291e-08
-4.80495e-08
-1.52214e-08
-4.98308e-08
-1.55564e-08
-5.15396e-08
-1.59339e-08
-5.3185e-08
-1.63549e-08
-5.47707e-08
-1.68184e-08
-5.6301e-08
-1.73279e-08
-5.77807e-08
-1.78882e-08
-5.92113e-08
-1.8507e-08
-6.05976e-08
-1.91975e-08
-6.19425e-08
-1.99802e-08
-6.32458e-08
-2.08869e-08
-6.4518e-08
-2.19663e-08
-6.58895e-08
-2.32621e-08
-6.74859e-08
-2.474e-08
-6.94011e-08
-2.63696e-08
-7.17097e-08
-2.81343e-08
-7.44696e-08
-3.0029e-08
-7.77339e-08
-3.20503e-08
-8.15512e-08
-3.42009e-08
-8.59673e-08
-3.6489e-08
-9.10272e-08
-3.89272e-08
-9.67768e-08
-4.15313e-08
-1.03264e-07
-4.43204e-08
-1.10541e-07
-4.73166e-08
-1.18663e-07
-5.05439e-08
-1.27692e-07
-5.40272e-08
-1.37695e-07
-5.77912e-08
-1.48745e-07
-6.18582e-08
-1.60924e-07
-6.62459e-08
-1.74321e-07
-7.09643e-08
-1.89032e-07
-7.60121e-08
-2.05158e-07
-8.1371e-08
-2.22805e-07
-8.69987e-08
-2.42118e-07
-9.28207e-08
-2.63137e-07
-9.87284e-08
-2.85924e-07
-1.04563e-07
-3.10539e-07
-1.10104e-07
-3.36952e-07
-1.15057e-07
-3.6505e-07
-1.19046e-07
-3.94606e-07
-1.21615e-07
-4.25233e-07
-1.22227e-07
-4.56328e-07
-1.20285e-07
-4.87025e-07
-1.15176e-07
-5.16162e-07
-1.06357e-07
-5.42326e-07
-9.34748e-08
-5.64003e-07
-7.65434e-08
-5.79867e-07
-5.61384e-08
-5.89152e-07
-3.35448e-08
-1.05198e-08
3.27856e-07
-6.43681e-09
3.23191e-07
-2.05828e-08
3.15223e-07
-3.46604e-08
3.04278e-07
-4.75683e-08
2.90876e-07
-5.84426e-08
2.75736e-07
-6.68215e-08
2.59532e-07
-7.26035e-08
2.42862e-07
-7.59422e-08
2.26199e-07
-7.71413e-08
2.09887e-07
-7.65734e-08
1.94166e-07
-7.46228e-08
1.79184e-07
-7.16509e-08
1.65026e-07
-6.79786e-08
1.51723e-07
-6.38782e-08
1.39272e-07
-5.95719e-08
1.27645e-07
-5.52341e-08
1.16795e-07
-5.09956e-08
1.06668e-07
-4.69491e-08
9.72041e-08
-4.31554e-08
8.83446e-08
-3.96496e-08
8.00316e-08
-3.64465e-08
7.22117e-08
-3.3546e-08
6.48365e-08
-3.09372e-08
5.78629e-08
-2.86027e-08
5.12531e-08
-2.65208e-08
4.49748e-08
-2.46685e-08
3.89998e-08
-2.30223e-08
3.3304e-08
-2.15601e-08
2.78623e-08
-2.02615e-08
2.26571e-08
-1.9108e-08
1.76746e-08
-1.80837e-08
1.29031e-08
-1.71748e-08
8.33235e-09
-1.63693e-08
3.95344e-09
-1.56571e-08
-2.41577e-10
-1.50298e-08
-4.25994e-09
-1.44802e-08
-8.10831e-09
-1.40023e-08
-1.17929e-08
-1.35911e-08
-1.53197e-08
-1.32425e-08
-1.86943e-08
-1.29529e-08
-2.19224e-08
-1.27193e-08
-2.50094e-08
-1.25392e-08
-2.7961e-08
-1.24101e-08
-3.07826e-08
-1.23301e-08
-3.34803e-08
-1.22974e-08
-3.60599e-08
-1.23101e-08
-3.85278e-08
-1.23669e-08
-4.08903e-08
-1.24662e-08
-4.31538e-08
-1.26069e-08
-4.53245e-08
-1.27877e-08
-4.74085e-08
-1.30077e-08
-4.9412e-08
-1.3266e-08
-5.13409e-08
-1.3562e-08
-5.32008e-08
-1.38955e-08
-5.49999e-08
-1.42672e-08
-5.67419e-08
-1.46759e-08
-5.84323e-08
-1.51247e-08
-6.0075e-08
-1.5617e-08
-6.16741e-08
-1.61595e-08
-6.32278e-08
-1.67627e-08
-6.47431e-08
-1.74442e-08
-6.62166e-08
-1.82294e-08
-6.76484e-08
-1.91604e-08
-6.91294e-08
-2.02849e-08
-7.07992e-08
-2.15802e-08
-7.27637e-08
-2.30176e-08
-7.5116e-08
-2.45799e-08
-7.78782e-08
-2.62528e-08
-8.11214e-08
-2.80396e-08
-8.49005e-08
-2.99449e-08
-8.92644e-08
-3.19753e-08
-9.42599e-08
-3.4141e-08
-9.99338e-08
-3.64555e-08
-1.06335e-07
-3.89349e-08
-1.13516e-07
-4.1598e-08
-1.21532e-07
-4.44652e-08
-1.30446e-07
-4.75583e-08
-1.40324e-07
-5.08985e-08
-1.51239e-07
-5.45051e-08
-1.63272e-07
-5.83932e-08
-1.76507e-07
-6.25703e-08
-1.91042e-07
-6.70351e-08
-2.06974e-07
-7.17718e-08
-2.2441e-07
-7.67433e-08
-2.43485e-07
-8.18813e-08
-2.64271e-07
-8.70944e-08
-2.86821e-07
-9.22435e-08
-3.1117e-07
-9.71349e-08
-3.37304e-07
-1.01512e-07
-3.65129e-07
-1.05047e-07
-3.94433e-07
-1.07339e-07
-4.24847e-07
-1.07916e-07
-4.5579e-07
-1.06251e-07
-4.86411e-07
-1.018e-07
-5.15561e-07
-9.40742e-08
-5.41826e-07
-8.27499e-08
-5.63664e-07
-6.78207e-08
-5.79702e-07
-4.97801e-08
-5.89114e-07
-2.9761e-08
-9.33465e-09
3.27839e-07
-5.6176e-09
3.23112e-07
-1.79652e-08
3.15051e-07
-3.02408e-08
3.03987e-07
-4.14777e-08
2.90506e-07
-5.09225e-08
2.75317e-07
-5.8185e-08
2.59106e-07
-6.31859e-08
2.4246e-07
-6.60652e-08
2.2584e-07
-6.70904e-08
2.09583e-07
-6.6586e-08
1.93919e-07
-6.48848e-08
1.78992e-07
-6.22995e-08
1.64882e-07
-5.91074e-08
1.5162e-07
-5.55436e-08
1.39203e-07
-5.18001e-08
1.27603e-07
-4.80275e-08
1.16776e-07
-4.4339e-08
1.06668e-07
-4.08151e-08
9.72232e-08
-3.7509e-08
8.8382e-08
-3.44514e-08
8.0088e-08
-3.16557e-08
7.22882e-08
-2.91223e-08
6.49341e-08
-2.68424e-08
5.79824e-08
-2.48014e-08
5.13949e-08
-2.29809e-08
4.51384e-08
-2.13612e-08
3.91841e-08
-1.99222e-08
3.35042e-08
-1.86445e-08
2.8074e-08
-1.75103e-08
2.28764e-08
-1.65037e-08
1.78968e-08
-1.56107e-08
1.31226e-08
-1.4819e-08
8.54297e-09
-1.41181e-08
4.14865e-09
-1.34992e-08
-6.86508e-11
-1.29546e-08
-4.11628e-09
-1.24781e-08
-8.00096e-09
-1.20642e-08
-1.1729e-08
-1.17086e-08
-1.53062e-08
-1.14074e-08
-1.87385e-08
-1.11574e-08
-2.20313e-08
-1.0956e-08
-2.51903e-08
-1.08009e-08
-2.8221e-08
-1.069e-08
-3.11287e-08
-1.06215e-08
-3.39191e-08
-1.0594e-08
-3.65975e-08
-1.06061e-08
-3.91696e-08
-1.06564e-08
-4.16411e-08
-1.07437e-08
-4.40176e-08
-1.0867e-08
-4.63052e-08
-1.10251e-08
-4.85097e-08
-1.1217e-08
-5.06374e-08
-1.14421e-08
-5.26946e-08
-1.16995e-08
-5.46867e-08
-1.19892e-08
-5.66213e-08
-1.23122e-08
-5.85022e-08
-1.26675e-08
-6.03343e-08
-1.30567e-08
-6.2122e-08
-1.34838e-08
-6.38671e-08
-1.39539e-08
-6.55709e-08
-1.44756e-08
-6.72359e-08
-1.50626e-08
-6.88569e-08
-1.5736e-08
-7.04442e-08
-1.65306e-08
-7.20334e-08
-1.7487e-08
-7.37777e-08
-1.85967e-08
-7.57827e-08
-1.98346e-08
-7.81213e-08
-2.11855e-08
-8.0881e-08
-2.26436e-08
-8.41195e-08
-2.42061e-08
-8.78834e-08
-2.58737e-08
-9.22196e-08
-2.76514e-08
-9.7175e-08
-2.95478e-08
-1.02798e-07
-3.15742e-08
-1.09138e-07
-3.37446e-08
-1.16248e-07
-3.60751e-08
-1.24185e-07
-3.85832e-08
-1.33011e-07
-4.12875e-08
-1.42792e-07
-4.42059e-08
-1.53601e-07
-4.73549e-08
-1.65517e-07
-5.07471e-08
-1.78625e-07
-5.4389e-08
-1.93018e-07
-5.82784e-08
-2.08792e-07
-6.24015e-08
-2.26047e-07
-6.67266e-08
-2.44916e-07
-7.11937e-08
-2.65509e-07
-7.57228e-08
-2.87848e-07
-8.01974e-08
-3.1197e-07
-8.44498e-08
-3.37866e-07
-8.8258e-08
-3.65454e-07
-9.13401e-08
-3.94534e-07
-9.33492e-08
-4.24753e-07
-9.38759e-08
-4.55544e-07
-9.24616e-08
-4.86072e-07
-8.86314e-08
-5.15199e-07
-8.19546e-08
-5.41508e-07
-7.21396e-08
-5.63442e-07
-5.91682e-08
-5.79592e-07
-4.34584e-08
-5.89089e-07
-2.59948e-08
-8.15758e-09
3.27828e-07
-4.80296e-09
3.23064e-07
-1.53573e-08
3.14951e-07
-2.58407e-08
3.03835e-07
-3.54249e-08
2.90325e-07
-4.3469e-08
2.75136e-07
-4.96451e-08
2.58952e-07
-5.38909e-08
2.42354e-07
-5.63304e-08
2.25795e-07
-5.71938e-08
2.09603e-07
-5.67583e-08
1.94002e-07
-5.53071e-08
1.79132e-07
-5.31054e-08
1.65071e-07
-5.0388e-08
1.51848e-07
-4.7354e-08
1.39461e-07
-4.41661e-08
1.27882e-07
-4.09519e-08
1.17069e-07
-3.78075e-08
1.06969e-07
-3.48015e-08
9.75274e-08
-3.19794e-08
8.86872e-08
-2.93675e-08
8.03929e-08
-2.69778e-08
7.25926e-08
-2.4811e-08
6.52386e-08
-2.28601e-08
5.82876e-08
-2.11128e-08
5.17013e-08
-1.95538e-08
4.54462e-08
-1.81666e-08
3.94927e-08
-1.69342e-08
3.38091e-08
-1.58402e-08
2.83733e-08
-1.48694e-08
2.31675e-08
-1.40083e-08
1.81766e-08
-1.32448e-08
1.33873e-08
-1.25685e-08
8.7885e-09
-1.19702e-08
4.37021e-09
-1.14423e-08
1.23835e-10
-1.09782e-08
-3.95831e-09
-1.05725e-08
-7.88316e-09
-1.02204e-08
-1.16571e-08
-9.9182e-09
-1.52859e-08
-9.66254e-09
-1.87752e-08
-9.45071e-09
-2.21305e-08
-9.28034e-09
-2.53569e-08
-9.14944e-09
-2.84597e-08
-9.05624e-09
-3.14441e-08
-8.9992e-09
-3.43155e-08
-8.97693e-09
-3.70794e-08
-8.98821e-09
-3.97415e-08
-9.03188e-09
-4.23075e-08
-9.10691e-09
-4.47831e-08
-9.21233e-09
-4.71739e-08
-9.34732e-09
-4.94858e-08
-9.5111e-09
-5.17247e-08
-9.70302e-09
-5.3896e-08
-9.92258e-09
-5.60055e-08
-1.01696e-08
-5.80578e-08
-1.04445e-08
-6.00598e-08
-1.07477e-08
-6.20147e-08
-1.10794e-08
-6.39265e-08
-1.14428e-08
-6.57975e-08
-1.18419e-08
-6.76272e-08
-1.22835e-08
-6.94166e-08
-1.27787e-08
-7.11603e-08
-1.3344e-08
-7.28468e-08
-1.40072e-08
-7.45191e-08
-1.48092e-08
-7.63265e-08
-1.57473e-08
-7.83779e-08
-1.67984e-08
-8.07582e-08
-1.79495e-08
-8.35405e-08
-1.91936e-08
-8.67808e-08
-2.05295e-08
-9.05326e-08
-2.19572e-08
-9.48457e-08
-2.34805e-08
-9.97689e-08
-2.51063e-08
-1.05351e-07
-2.68437e-08
-1.11642e-07
-2.87045e-08
-1.18697e-07
-3.0702e-08
-1.26571e-07
-3.28509e-08
-1.35327e-07
-3.51667e-08
-1.45032e-07
-3.76647e-08
-1.55758e-07
-4.03584e-08
-1.67582e-07
-4.32584e-08
-1.80587e-07
-4.63697e-08
-1.94866e-07
-4.96902e-08
-2.10513e-07
-5.32077e-08
-2.27623e-07
-5.68956e-08
-2.46305e-07
-6.07027e-08
-2.66742e-07
-6.45633e-08
-2.88903e-07
-6.83756e-08
-3.12831e-07
-7.19985e-08
-3.38523e-07
-7.52455e-08
-3.65904e-07
-7.78774e-08
-3.94786e-07
-7.96001e-08
-4.24827e-07
-8.00652e-08
-4.55471e-07
-7.8882e-08
-4.85898e-07
-7.5644e-08
-5.14979e-07
-6.998e-08
-5.41298e-07
-6.16348e-08
-5.63288e-07
-5.05834e-08
-5.79512e-07
-3.71743e-08
-5.89068e-07
-2.22465e-08
-6.98544e-09
3.27821e-07
-3.99243e-09
3.23037e-07
-1.27653e-08
3.14901e-07
-2.14716e-08
3.0377e-07
-2.9423e-08
2.90264e-07
-3.60893e-08
2.75101e-07
-4.12017e-08
2.58964e-07
-4.47124e-08
2.42429e-07
-4.67264e-08
2.2594e-07
-4.7436e-08
2.09819e-07
-4.70715e-08
1.94285e-07
-4.58673e-08
1.79473e-07
-4.40426e-08
1.65458e-07
-4.17913e-08
1.52271e-07
-3.92778e-08
1.39908e-07
-3.66362e-08
1.28342e-07
-3.3972e-08
1.17534e-07
-3.13646e-08
1.07434e-07
-2.88707e-08
9.79864e-08
-2.65281e-08
8.91371e-08
-2.43589e-08
8.08319e-08
-2.23731e-08
7.30197e-08
-2.05716e-08
6.56535e-08
-1.89489e-08
5.86906e-08
-1.74951e-08
5.20927e-08
-1.61976e-08
4.58262e-08
-1.50427e-08
3.98593e-08
-1.40166e-08
3.41604e-08
-1.31058e-08
2.87081e-08
-1.22978e-08
2.34841e-08
-1.15812e-08
1.84728e-08
-1.09463e-08
1.36606e-08
-1.03842e-08
9.03607e-09
-9.88735e-09
4.58899e-09
-9.44934e-09
3.1055e-10
-9.06465e-09
-3.80709e-09
-8.72866e-09
-7.77103e-09
-8.43745e-09
-1.15878e-08
-8.18772e-09
-1.52633e-08
-7.97671e-09
-1.88035e-08
-7.80206e-09
-2.22139e-08
-7.66177e-09
-2.54997e-08
-7.55414e-09
-2.86663e-08
-7.47768e-09
-3.17191e-08
-7.4311e-09
-3.46631e-08
-7.41329e-09
-3.75037e-08
-7.42322e-09
-4.02462e-08
-7.45999e-09
-4.28961e-08
-7.52277e-09
-4.54583e-08
-7.6108e-09
-4.79385e-08
-7.72338e-09
-5.03419e-08
-7.85987e-09
-5.26743e-08
-8.01969e-09
-5.4941e-08
-8.2024e-09
-5.71476e-08
-8.40771e-09
-5.92982e-08
-8.63592e-09
-6.14005e-08
-8.88745e-09
-6.34573e-08
-9.16218e-09
-6.5472e-08
-9.46271e-09
-6.74468e-08
-9.79241e-09
-6.93797e-08
-1.01566e-08
-7.12714e-08
-1.05644e-08
-7.31135e-08
-1.10291e-08
-7.49036e-08
-1.15731e-08
-7.66497e-08
-1.22284e-08
-7.85122e-08
-1.30009e-08
-8.06048e-08
-1.3871e-08
-8.30167e-08
-1.48269e-08
-8.58242e-08
-1.5862e-08
-8.90715e-08
-1.69716e-08
-9.28181e-08
-1.81582e-08
-9.71165e-08
-1.94257e-08
-1.02017e-07
-2.07794e-08
-1.07569e-07
-2.22269e-08
-1.13825e-07
-2.37774e-08
-1.20836e-07
-2.54419e-08
-1.28661e-07
-2.72321e-08
-1.37361e-07
-2.91607e-08
-1.47003e-07
-3.12399e-08
-1.5766e-07
-3.34808e-08
-1.69407e-07
-3.58919e-08
-1.82328e-07
-3.84773e-08
-1.96512e-07
-4.12348e-08
-2.12053e-07
-4.41544e-08
-2.29047e-07
-4.72139e-08
-2.47592e-07
-5.03712e-08
-2.67871e-07
-5.357e-08
-2.8988e-07
-5.67291e-08
-3.13646e-07
-5.97325e-08
-3.39168e-07
-6.24258e-08
-3.66375e-07
-6.46116e-08
-3.95087e-07
-6.60466e-08
-4.24971e-07
-6.64428e-08
-4.55484e-07
-6.54759e-08
-4.85814e-07
-6.2808e-08
-5.14842e-07
-5.81285e-08
-5.41155e-07
-5.12209e-08
-5.63177e-07
-4.20582e-08
-5.79451e-07
-3.09237e-08
-5.89051e-07
-1.8513e-08
-5.81591e-09
3.27817e-07
-3.18596e-09
3.23025e-07
-1.01911e-08
3.14884e-07
-1.71373e-08
3.0376e-07
-2.34748e-08
2.90277e-07
-2.87824e-08
2.75153e-07
-3.28484e-08
2.5907e-07
-3.56373e-08
2.42598e-07
-3.7235e-08
2.26177e-07
-3.77953e-08
2.10123e-07
-3.75017e-08
1.9465e-07
-3.65407e-08
1.79891e-07
-3.50863e-08
1.65919e-07
-3.32927e-08
1.52764e-07
-3.12904e-08
1.40422e-07
-2.9186e-08
1.28867e-07
-2.70632e-08
1.18062e-07
-2.49852e-08
1.07957e-07
-2.29972e-08
9.85007e-08
-2.11291e-08
8.96382e-08
-1.93987e-08
8.13171e-08
-1.78141e-08
7.34875e-08
-1.6376e-08
6.6103e-08
-1.50803e-08
5.91214e-08
-1.39192e-08
5.2505e-08
-1.28827e-08
4.62201e-08
-1.19602e-08
4.02325e-08
-1.11405e-08
3.45126e-08
-1.04129e-08
2.9039e-08
-9.76752e-09
2.37931e-08
-9.19546e-09
1.87587e-08
-8.68874e-09
1.39219e-08
-8.24039e-09
9.27088e-09
-7.84435e-09
4.79506e-09
-7.49545e-09
4.85316e-10
-7.18925e-09
-3.66649e-09
-6.92205e-09
-7.66765e-09
-6.69067e-09
-1.15248e-08
-6.49248e-09
-1.5244e-08
-6.32522e-09
-1.88311e-08
-6.18703e-09
-2.22914e-08
-6.07628e-09
-2.56302e-08
-5.9916e-09
-2.88526e-08
-5.9318e-09
-3.19637e-08
-5.89584e-09
-3.49687e-08
-5.88279e-09
-3.78726e-08
-5.89182e-09
-4.06807e-08
-5.92219e-09
-4.33983e-08
-5.9732e-09
-4.60306e-08
-6.04423e-09
-4.85831e-08
-6.13468e-09
-5.10613e-08
-6.24407e-09
-5.34707e-08
-6.37193e-09
-5.58165e-08
-6.51793e-09
-5.81042e-08
-6.68184e-09
-6.03376e-08
-6.86389e-09
-6.25239e-08
-7.06452e-09
-6.46653e-08
-7.28359e-09
-6.67649e-08
-7.52303e-09
-6.88244e-08
-7.7854e-09
-7.08419e-08
-8.07483e-09
-7.28177e-08
-8.39816e-09
-7.47446e-08
-8.76561e-09
-7.6611e-08
-9.19421e-09
-7.84226e-08
-9.7105e-09
-8.03375e-08
-1.03223e-08
-8.24697e-08
-1.10135e-08
-8.49063e-08
-1.17742e-08
-8.7716e-08
-1.2599e-08
-9.09681e-08
-1.34863e-08
-9.47146e-08
-1.44358e-08
-9.90064e-08
-1.54501e-08
-1.03893e-07
-1.65335e-08
-1.09425e-07
-1.7692e-08
-1.15654e-07
-1.89329e-08
-1.22634e-07
-2.02647e-08
-1.30422e-07
-2.16968e-08
-1.3908e-07
-2.32391e-08
-1.48674e-07
-2.49011e-08
-1.59276e-07
-2.66916e-08
-1.70964e-07
-2.86172e-08
-1.83817e-07
-3.06809e-08
-1.97924e-07
-3.28809e-08
-2.13379e-07
-3.52088e-08
-2.30276e-07
-3.76472e-08
-2.48715e-07
-4.0163e-08
-2.68852e-07
-4.27095e-08
-2.90741e-07
-4.52251e-08
-3.14373e-07
-4.76166e-08
-3.39751e-07
-4.97621e-08
-3.66811e-07
-5.15046e-08
-3.9538e-07
-5.26512e-08
-4.25132e-07
-5.29726e-08
-4.55531e-07
-5.22106e-08
-4.85776e-07
-5.00951e-08
-5.14754e-07
-4.63771e-08
-5.41054e-07
-4.08809e-08
-5.63095e-07
-3.35811e-08
-5.79405e-07
-2.46998e-08
-5.89038e-07
-1.4791e-08
-4.6483e-09
3.27818e-07
-2.38632e-09
3.23025e-07
-7.63429e-09
3.14886e-07
-1.28334e-08
3.03774e-07
-1.75725e-08
2.90317e-07
-2.15375e-08
2.75234e-07
-2.45713e-08
2.59203e-07
-2.66492e-08
2.4279e-07
-2.78366e-08
2.26429e-07
-2.82496e-08
2.10433e-07
-2.80253e-08
1.95012e-07
-2.7303e-08
1.80297e-07
-2.62126e-08
1.66362e-07
-2.48693e-08
1.53233e-07
-2.33704e-08
1.40908e-07
-2.17953e-08
1.29363e-07
-2.02067e-08
1.1856e-07
-1.86515e-08
1.08452e-07
-1.71636e-08
9.89861e-08
-1.57653e-08
9.01108e-08
-1.44699e-08
8.17742e-08
-1.32835e-08
7.39272e-08
-1.22067e-08
6.65239e-08
-1.12364e-08
5.95229e-08
-1.03668e-08
5.28866e-08
-9.59066e-09
4.65815e-08
-8.89986e-09
4.05716e-08
-8.28639e-09
3.48293e-08
-7.74199e-09
2.93331e-08
-7.25931e-09
2.4064e-08
-6.83169e-09
1.90058e-08
-6.45317e-09
1.41445e-08
-6.11849e-09
9.46776e-09
-5.82312e-09
4.96499e-09
-5.56314e-09
6.26819e-10
-5.33525e-09
-3.55504e-09
-5.13661e-09
-7.58802e-09
-4.96485e-09
-1.14789e-08
-4.81797e-09
-1.52338e-08
-4.69429e-09
-1.88586e-08
-4.59236e-09
-2.23589e-08
-4.51098e-09
-2.57398e-08
-4.44908e-09
-2.90067e-08
-4.40578e-09
-3.21646e-08
-4.38026e-09
-3.52186e-08
-4.37183e-09
-3.81739e-08
-4.37984e-09
-4.10357e-08
-4.40374e-09
-4.3809e-08
-4.443e-09
-4.6499e-08
-4.49717e-09
-4.91108e-08
-4.56584e-09
-5.16499e-08
-4.64864e-09
-5.41212e-08
-4.74525e-09
-5.65299e-08
-4.85543e-09
-5.88811e-08
-4.97904e-09
-6.11784e-08
-5.1162e-09
-6.34289e-08
-5.26726e-09
-6.56349e-08
-5.43202e-09
-6.77994e-08
-5.6119e-09
-6.99242e-08
-5.80868e-09
-7.20073e-08
-6.02536e-09
-7.40494e-08
-6.26682e-09
-7.60428e-08
-6.54049e-09
-7.79757e-08
-6.85876e-09
-7.98396e-08
-7.24101e-09
-8.17951e-08
-7.69615e-09
-8.39576e-08
-8.21188e-09
-8.64158e-08
-8.78061e-09
-8.92418e-08
-9.39832e-09
-9.24995e-08
-1.00633e-08
-9.62445e-08
-1.07756e-08
-1.00529e-07
-1.15368e-08
-1.05404e-07
-1.235e-08
-1.10919e-07
-1.32195e-08
-1.17126e-07
-1.41508e-08
-1.2408e-07
-1.51501e-08
-1.31838e-07
-1.62243e-08
-1.40462e-07
-1.73808e-08
-1.50018e-07
-1.86267e-08
-1.60578e-07
-1.99683e-08
-1.72218e-07
-2.14106e-08
-1.85019e-07
-2.29557e-08
-1.99067e-07
-2.46021e-08
-2.14455e-07
-2.63435e-08
-2.31278e-07
-2.8167e-08
-2.49631e-07
-3.0048e-08
-2.69658e-07
-3.19505e-08
-2.9145e-07
-3.38297e-08
-3.14975e-07
-3.56159e-08
-3.4024e-07
-3.72184e-08
-3.67184e-07
-3.85206e-08
-3.95637e-07
-3.93787e-08
-4.25281e-07
-3.96214e-08
-4.55588e-07
-3.90555e-08
-4.85762e-07
-3.74789e-08
-5.14696e-07
-3.47043e-08
-5.40983e-07
-3.05989e-08
-5.63034e-07
-2.51415e-08
-5.7937e-07
-1.84965e-08
-5.89028e-07
-1.10777e-08
-3.48089e-09
3.27818e-07
-1.59116e-09
3.23026e-07
-5.09109e-09
3.14892e-07
-8.55379e-09
3.03793e-07
-1.17068e-08
2.9036e-07
-1.43411e-08
2.75311e-07
-1.63531e-08
2.59323e-07
-1.7727e-08
2.42956e-07
-1.85088e-08
2.26644e-07
-1.87762e-08
2.10695e-07
-1.86199e-08
1.95317e-07
-1.81325e-08
1.80638e-07
-1.74007e-08
1.66731e-07
-1.65013e-08
1.53623e-07
-1.54989e-08
1.41312e-07
-1.44466e-08
1.29774e-07
-1.33859e-08
1.18971e-07
-1.23481e-08
1.08858e-07
-1.13556e-08
9.93844e-08
-1.04232e-08
9.04977e-08
-9.55968e-09
8.21474e-08
-8.76911e-09
7.42851e-08
-8.05188e-09
6.68657e-08
-7.40584e-09
5.98481e-08
-6.82713e-09
5.31951e-08
-6.31089e-09
4.6871e-08
-5.85176e-09
4.08427e-08
-5.44418e-09
3.5082e-08
-5.08283e-09
2.95669e-08
-4.76278e-09
2.42787e-08
-4.47957e-09
1.92009e-08
-4.22921e-09
1.43194e-08
-4.00816e-09
9.6217e-09
-3.81337e-09
5.09709e-09
-3.64223e-09
7.36026e-10
-3.49249e-09
-3.46991e-09
-3.36224e-09
-7.5283e-09
-3.24991e-09
-1.1446e-08
-3.15412e-09
-1.52293e-08
-3.07376e-09
-1.88841e-08
-3.00785e-09
-2.2416e-08
-2.9556e-09
-2.58303e-08
-2.9163e-09
-2.91322e-08
-2.88937e-09
-3.23267e-08
-2.87428e-09
-3.54187e-08
-2.87057e-09
-3.84134e-08
-2.87782e-09
-4.13157e-08
-2.89564e-09
-4.41306e-08
-2.9237e-09
-4.6863e-08
-2.96166e-09
-4.95181e-08
-3.00923e-09
-5.21012e-08
-3.06614e-09
-5.46173e-08
-3.13219e-09
-5.70717e-08
-3.20719e-09
-5.94692e-08
-3.29105e-09
-6.18136e-08
-3.38383e-09
-6.41118e-08
-3.48578e-09
-6.63661e-08
-3.59675e-09
-6.85794e-08
-3.71766e-09
-7.07531e-08
-3.84968e-09
-7.28851e-08
-3.99476e-09
-7.49764e-08
-4.15615e-09
-7.70182e-08
-4.33856e-09
-7.89983e-08
-4.54996e-09
-8.09008e-08
-4.80307e-09
-8.28867e-08
-5.10524e-09
-8.50725e-08
-5.44832e-09
-8.75479e-08
-5.82719e-09
-9.0386e-08
-6.23909e-09
-9.36498e-08
-6.68281e-09
-9.73958e-08
-7.15835e-09
-1.01677e-07
-7.66672e-09
-1.06543e-07
-8.20985e-09
-1.12047e-07
-8.79053e-09
-1.18239e-07
-9.41228e-09
-1.25174e-07
-1.00792e-08
-1.32911e-07
-1.07959e-08
-1.4151e-07
-1.15672e-08
-1.51038e-07
-1.23977e-08
-1.61567e-07
-1.32917e-08
-1.73172e-07
-1.42524e-08
-1.85933e-07
-1.52813e-08
-1.99937e-07
-1.63773e-08
-2.15276e-07
-1.75362e-08
-2.32044e-07
-1.87492e-08
-2.50332e-07
-1.99999e-08
-2.70279e-07
-2.12642e-08
-2.91998e-07
-2.25125e-08
-3.15444e-07
-2.3698e-08
-3.40626e-07
-2.47609e-08
-3.67483e-07
-2.56259e-08
-3.9585e-07
-2.61961e-08
-4.25413e-07
-2.63577e-08
-4.55649e-07
-2.59819e-08
-4.85768e-07
-2.49343e-08
-5.14667e-07
-2.30904e-08
-5.40939e-07
-2.03609e-08
-5.62996e-07
-1.67312e-08
-5.79347e-07
-1.23098e-08
-5.8902e-07
-7.37198e-09
-2.31387e-09
3.27817e-07
-7.97511e-10
3.23023e-07
-2.55496e-09
3.14892e-07
-4.2896e-09
3.03803e-07
-5.86574e-09
2.90389e-07
-7.17907e-09
2.75369e-07
-8.17798e-09
2.59408e-07
-8.84791e-09
2.43073e-07
-9.22638e-09
2.26794e-07
-9.35063e-09
2.10877e-07
-9.26148e-09
1.95528e-07
-9.00632e-09
1.80874e-07
-8.62946e-09
1.66986e-07
-8.16952e-09
1.53893e-07
-7.6592e-09
1.41591e-07
-7.12506e-09
1.30058e-07
-6.58797e-09
1.19256e-07
-6.06357e-09
1.0914e-07
-5.56301e-09
9.96598e-08
-5.09365e-09
9.07648e-08
-4.65978e-09
8.24046e-08
-4.26329e-09
7.45311e-08
-3.90428e-09
6.70998e-08
-3.58156e-09
6.00699e-08
-3.29311e-09
5.34043e-08
-3.03639e-09
4.70672e-08
-2.80863e-09
4.10253e-08
-2.60697e-09
3.52509e-08
-2.4287e-09
2.9722e-08
-2.27129e-09
2.44198e-08
-2.13247e-09
1.93277e-08
-2.01021e-09
1.44314e-08
-1.9027e-09
9.71848e-09
-1.80841e-09
5.17797e-09
-1.72601e-09
8.00356e-10
-1.65435e-09
-3.42284e-09
-1.59246e-09
-7.49921e-09
-1.53954e-09
-1.14356e-08
-1.4949e-09
-1.52384e-08
-1.45795e-09
-1.89135e-08
-1.4282e-09
-2.24664e-08
-1.40525e-09
-2.59025e-08
-1.38874e-09
-2.9227e-08
-1.37837e-09
-3.24449e-08
-1.37389e-09
-3.55613e-08
-1.37505e-09
-3.85812e-08
-1.38166e-09
-4.15097e-08
-1.3935e-09
-4.43516e-08
-1.41041e-09
-4.71121e-08
-1.43222e-09
-4.97961e-08
-1.45877e-09
-5.2409e-08
-1.48992e-09
-5.49557e-08
-1.52556e-09
-5.74413e-08
-1.5656e-09
-5.98705e-08
-1.60997e-09
-6.22471e-08
-1.65871e-09
-6.45779e-08
-1.71196e-09
-6.6865e-08
-1.76964e-09
-6.91109e-08
-1.83226e-09
-7.13174e-08
-1.90034e-09
-7.34817e-08
-1.97492e-09
-7.56047e-08
-2.0575e-09
-7.76773e-08
-2.15042e-09
-7.96866e-08
-2.25743e-09
-8.16138e-08
-2.38487e-09
-8.36188e-08
-2.53692e-09
-8.58189e-08
-2.70945e-09
-8.83043e-08
-2.89998e-09
-9.11488e-08
-3.10699e-09
-9.44156e-08
-3.32999e-09
-9.81619e-08
-3.56884e-09
-1.02441e-07
-3.82412e-09
-1.07303e-07
-4.09675e-09
-1.128e-07
-4.38814e-09
-1.18984e-07
-4.70005e-09
-1.25909e-07
-5.03449e-09
-1.33633e-07
-5.39376e-09
-1.42218e-07
-5.78019e-09
-1.5173e-07
-6.19611e-09
-1.62239e-07
-6.6436e-09
-1.73822e-07
-7.12421e-09
-1.86558e-07
-7.63863e-09
-2.00534e-07
-8.18629e-09
-2.15842e-07
-8.76502e-09
-2.32574e-07
-9.37039e-09
-2.50821e-07
-9.99415e-09
-2.70715e-07
-1.06238e-08
-2.92388e-07
-1.12452e-08
-3.15783e-07
-1.18325e-08
-3.40912e-07
-1.23563e-08
-3.6771e-07
-1.27908e-08
-3.96017e-07
-1.30757e-08
-4.25523e-07
-1.31533e-08
-4.5571e-07
-1.29634e-08
-4.8579e-07
-1.24382e-08
-5.14663e-07
-1.15163e-08
-5.40924e-07
-1.01533e-08
-5.62981e-07
-8.34183e-09
-5.79339e-07
-6.13613e-09
-5.89019e-07
-3.67348e-09
-1.15056e-09
3.27818e-07
-6.7347e-12
3.23025e-07
-2.28525e-11
3.14895e-07
-3.22192e-11
3.03808e-07
-3.38087e-11
2.90398e-07
-2.83356e-11
2.75385e-07
-1.71836e-11
2.59446e-07
2.35907e-12
2.43135e-07
2.49121e-11
2.26875e-07
4.95222e-11
2.10973e-07
7.47964e-11
1.95636e-07
9.9895e-11
1.80993e-07
1.24004e-10
1.67113e-07
1.46459e-10
1.54025e-07
1.66782e-10
1.41727e-07
1.84666e-10
1.30195e-07
1.9995e-10
1.19393e-07
2.12593e-10
1.09275e-07
2.22654e-10
9.97914e-08
2.30265e-10
9.08921e-08
2.35613e-10
8.25267e-08
2.3892e-10
7.46474e-08
2.40424e-10
6.72099e-08
2.40366e-10
6.01733e-08
2.38974e-10
5.35009e-08
2.36469e-10
4.71567e-08
2.33046e-10
4.11073e-08
2.28874e-10
3.53253e-08
2.241e-10
2.9789e-08
2.18851e-10
2.44792e-08
2.13235e-10
1.93794e-08
2.07338e-10
1.44754e-08
2.01229e-10
9.75455e-09
1.94963e-10
5.20595e-09
1.88584e-10
8.19994e-10
1.82126e-10
-3.41184e-09
1.7562e-10
-7.49717e-09
1.69094e-10
-1.14429e-08
1.62571e-10
-1.52554e-08
1.56076e-10
-1.89406e-08
1.4963e-10
-2.25041e-08
1.43248e-10
-2.59512e-08
1.36945e-10
-2.92871e-08
1.30726e-10
-3.2517e-08
1.24595e-10
-3.56459e-08
1.1855e-10
-3.86788e-08
1.12587e-10
-4.16208e-08
1.06703e-10
-4.44767e-08
1.00895e-10
-4.72516e-08
9.51677e-11
-4.99504e-08
8.9526e-11
-5.25784e-08
8.39809e-11
-5.51405e-08
7.85453e-11
-5.76416e-08
7.32318e-11
-6.00866e-08
6.80497e-11
-6.2479e-08
6.30066e-11
-6.48256e-08
5.81063e-11
-6.71283e-08
5.33371e-11
-6.939e-08
4.87008e-11
-7.1612e-08
4.41947e-11
-7.37918e-08
3.98332e-11
-7.59296e-08
3.56344e-11
-7.80158e-08
3.16282e-11
-8.00391e-08
2.78581e-11
-8.19789e-08
2.43729e-11
-8.39939e-08
2.11647e-11
-8.62018e-08
1.81545e-11
-8.8693e-08
1.52997e-11
-9.15415e-08
1.25886e-11
-9.48107e-08
1.00058e-11
-9.85576e-08
7.54242e-12
-1.02835e-07
5.19262e-12
-1.07696e-07
2.95793e-12
-1.13189e-07
8.58164e-13
-1.19369e-07
-1.17985e-12
-1.26289e-07
-3.09037e-12
-1.34006e-07
-4.88101e-12
-1.42584e-07
-6.51689e-12
-1.52087e-07
-7.94479e-12
-1.62587e-07
-9.09632e-12
-1.7416e-07
-9.89462e-12
-1.86886e-07
-1.02606e-11
-2.0085e-07
-1.01228e-11
-2.16144e-07
-9.40004e-12
-2.32862e-07
-8.03419e-12
-2.51091e-07
-6.00939e-12
-2.70963e-07
-3.30132e-12
-2.92615e-07
6.62901e-15
-3.15982e-07
3.98867e-12
-3.41072e-07
8.55356e-12
-3.67838e-07
1.33169e-11
-3.96119e-07
1.83492e-11
-4.25599e-07
2.34474e-11
-4.55761e-07
2.82601e-11
-4.8582e-07
3.23913e-11
-5.14677e-07
3.52939e-11
-5.40928e-07
3.62029e-11
-5.62981e-07
3.41929e-11
-5.79339e-07
2.83383e-11
-5.8902e-07
1.95495e-11
9.64533e-12
3.2782e-07
7.82813e-10
3.23027e-07
2.50869e-09
3.14896e-07
4.22594e-09
3.03807e-07
5.79966e-09
2.90394e-07
7.1248e-09
2.75376e-07
8.14842e-09
2.59433e-07
8.85694e-09
2.43119e-07
9.27899e-09
2.26858e-07
9.45098e-09
2.10955e-07
9.41206e-09
1.95618e-07
9.20709e-09
1.80974e-07
8.87848e-09
1.67093e-07
8.46348e-09
1.54005e-07
7.99379e-09
1.41706e-07
7.49539e-09
1.30174e-07
6.9888e-09
1.19371e-07
6.4896e-09
1.09253e-07
6.00907e-09
9.97693e-08
5.55486e-09
9.08698e-08
5.13164e-09
8.25042e-08
4.74176e-09
7.46248e-08
4.38579e-09
6.71871e-08
4.06301e-09
6.01502e-08
3.77186e-09
5.34775e-08
3.5102e-09
4.71328e-08
3.27566e-09
4.1083e-08
3.06572e-09
3.53005e-08
2.87791e-09
2.97637e-08
2.70999e-09
2.44535e-08
2.55989e-09
1.93534e-08
2.42577e-09
1.4449e-08
2.30599e-09
9.72792e-09
2.19913e-09
5.17909e-09
2.10393e-09
7.92905e-10
2.01936e-09
-3.4392e-09
1.9445e-09
-7.52486e-09
1.87859e-09
-1.1471e-08
1.82097e-09
-1.5284e-08
1.7711e-09
-1.89698e-08
1.72852e-09
-2.25338e-08
1.69282e-09
-2.59815e-08
1.66368e-09
-2.9318e-08
1.6408e-09
-3.25482e-08
1.62394e-09
-3.56774e-08
1.61287e-09
-3.87104e-08
1.60739e-09
-4.16524e-08
1.60731e-09
-4.45082e-08
1.61246e-09
-4.72828e-08
1.62269e-09
-4.99813e-08
1.63785e-09
-5.26089e-08
1.65782e-09
-5.51705e-08
1.68247e-09
-5.7671e-08
1.71176e-09
-6.01152e-08
1.74563e-09
-6.25068e-08
1.78413e-09
-6.48524e-08
1.82745e-09
-6.71541e-08
1.87548e-09
-6.94146e-08
1.92875e-09
-7.16354e-08
1.9878e-09
-7.38141e-08
2.0537e-09
-7.5951e-08
2.12799e-09
-7.80364e-08
2.21305e-09
-8.0059e-08
2.31272e-09
-8.19985e-08
2.43345e-09
-8.40136e-08
2.57936e-09
-8.62218e-08
2.74613e-09
-8.87137e-08
2.93113e-09
-9.1563e-08
3.13278e-09
-9.4833e-08
3.35054e-09
-9.85805e-08
3.58422e-09
-1.02858e-07
3.83443e-09
-1.07718e-07
4.10217e-09
-1.13211e-07
4.38889e-09
-1.1939e-07
4.69639e-09
-1.26308e-07
5.02676e-09
-1.34024e-07
5.38235e-09
-1.42601e-07
5.76556e-09
-1.52103e-07
6.1788e-09
-1.62602e-07
6.62423e-09
-1.74174e-07
7.10352e-09
-1.869e-07
7.61747e-09
-2.00863e-07
8.16561e-09
-2.16157e-07
8.74591e-09
-2.32876e-07
9.35407e-09
-2.51105e-07
9.98189e-09
-2.70977e-07
1.06169e-08
-2.92629e-07
1.12449e-08
-3.15995e-07
1.184e-08
-3.41085e-07
1.23727e-08
-3.67851e-07
1.28168e-08
-3.96131e-07
1.31119e-08
-4.25611e-07
1.31997e-08
-4.55772e-07
1.30193e-08
-4.85829e-07
1.2502e-08
-5.14684e-07
1.15853e-08
-5.40932e-07
1.02235e-08
-5.62982e-07
8.40797e-09
-5.79339e-07
6.1914e-09
-5.89019e-07
3.71224e-09
1.17097e-09
3.27818e-07
1.57553e-09
3.23023e-07
5.04581e-09
3.14888e-07
8.49356e-09
3.03793e-07
1.16458e-08
2.90372e-07
1.42936e-08
2.75344e-07
1.63313e-08
2.59378e-07
1.77413e-08
2.43038e-07
1.85664e-08
2.26755e-07
1.88816e-08
2.10834e-07
1.87753e-08
1.95481e-07
1.83378e-08
1.80824e-07
1.76541e-08
1.66934e-07
1.67993e-08
1.53838e-07
1.58374e-08
1.41533e-07
1.48206e-08
1.29998e-07
1.37901e-08
1.19194e-07
1.27773e-08
1.09077e-07
1.18046e-08
9.95953e-08
1.08873e-08
9.0699e-08
1.00343e-08
8.23374e-08
9.25032e-09
7.44627e-08
8.5361e-09
6.70303e-08
7.89001e-09
5.99991e-08
7.30864e-09
5.33322e-08
6.78752e-09
4.69938e-08
6.32169e-09
4.09505e-08
5.90589e-09
3.51746e-08
5.53507e-09
2.96443e-08
5.20454e-09
2.43406e-08
4.91004e-09
1.92472e-08
4.64776e-09
1.43496e-08
4.41433e-09
9.63549e-09
4.20682e-09
5.094e-09
4.02273e-09
7.15568e-10
3.85992e-09
-3.50831e-09
3.71655e-09
-7.58525e-09
3.59109e-09
-1.15222e-08
3.48224e-09
-1.53254e-08
3.38887e-09
-1.90008e-08
3.31005e-09
-2.25541e-08
3.24498e-09
-2.59905e-08
3.19298e-09
-2.93152e-08
3.15344e-09
-3.25333e-08
3.12587e-09
-3.56497e-08
3.10981e-09
-3.86697e-08
3.10484e-09
-4.15981e-08
3.11062e-09
-4.44399e-08
3.12678e-09
-4.72001e-08
3.15303e-09
-4.98838e-08
3.18907e-09
-5.24962e-08
3.23465e-09
-5.50424e-08
3.28954e-09
-5.75273e-08
3.35359e-09
-5.99556e-08
3.42669e-09
-6.23311e-08
3.50894e-09
-6.46605e-08
3.60063e-09
-6.69458e-08
3.70163e-09
-6.91898e-08
3.81289e-09
-7.13941e-08
3.93565e-09
-7.35562e-08
4.0719e-09
-7.56769e-08
4.22495e-09
-7.77472e-08
4.39956e-09
-7.97546e-08
4.6038e-09
-8.16802e-08
4.85046e-09
-8.3684e-08
5.14671e-09
-8.58833e-08
5.4842e-09
-8.83684e-08
5.8576e-09
-9.12128e-08
6.26407e-09
-9.448e-08
6.70237e-09
-9.8226e-08
7.17242e-09
-1.02504e-07
7.67535e-09
-1.07365e-07
8.21315e-09
-1.1286e-07
8.78871e-09
-1.19041e-07
9.40567e-09
-1.25964e-07
1.00683e-08
-1.33685e-07
1.07811e-08
-1.42267e-07
1.15491e-08
-1.51776e-07
1.23771e-08
-1.62283e-07
1.32694e-08
-1.73864e-07
1.42291e-08
-1.86599e-07
1.52579e-08
-2.00574e-07
1.63548e-08
-2.15881e-07
1.75156e-08
-2.32613e-07
1.87318e-08
-2.5086e-07
1.99868e-08
-2.70755e-07
2.12565e-08
-2.92428e-07
2.25115e-08
-3.15823e-07
2.37048e-08
-3.40952e-07
2.47764e-08
-3.6775e-07
2.56509e-08
-3.96056e-07
2.6231e-08
-4.25561e-07
2.64023e-08
-4.55745e-07
2.60353e-08
-4.85821e-07
2.49947e-08
-5.14689e-07
2.31549e-08
-5.40944e-07
2.04257e-08
-5.62994e-07
1.67915e-08
-5.79346e-07
1.23603e-08
-5.89022e-07
7.40748e-09
2.33138e-09
3.27816e-07
2.37201e-09
3.2302e-07
7.59286e-09
3.1488e-07
1.27785e-08
3.03774e-07
1.75181e-08
2.90334e-07
2.14972e-08
2.75278e-07
2.45574e-08
2.59282e-07
2.66714e-08
2.42909e-07
2.79022e-08
2.26591e-07
2.83629e-08
2.10635e-07
2.81883e-08
1.95251e-07
2.75156e-08
1.80568e-07
2.6473e-08
1.66656e-07
2.51741e-08
1.53543e-07
2.37155e-08
1.41228e-07
2.21759e-08
1.29686e-07
2.06175e-08
1.18879e-07
1.90873e-08
1.08762e-07
1.76193e-08
9.92836e-08
1.6236e-08
9.03928e-08
1.49511e-08
8.20385e-08
1.37711e-08
7.41724e-08
1.26973e-08
6.67494e-08
1.17268e-08
5.97283e-08
1.08544e-08
5.30719e-08
1.00732e-08
4.67448e-08
9.37558e-09
4.07135e-08
8.75372e-09
3.495e-08
8.19967e-09
2.94323e-08
7.70634e-09
2.41417e-08
7.26727e-09
1.90617e-08
6.87668e-09
1.41781e-08
6.52947e-09
9.47845e-09
6.22123e-09
4.95206e-09
5.94814e-09
5.89397e-10
5.70699e-09
-3.61795e-09
5.49501e-09
-7.67752e-09
5.30989e-09
-1.15962e-08
5.14967e-09
-1.53802e-08
5.01269e-09
-1.90354e-08
4.89753e-09
-2.25675e-08
4.803e-09
-2.59816e-08
4.72807e-09
-2.92831e-08
4.67183e-09
-3.24769e-08
4.63352e-09
-3.55681e-08
4.61245e-09
-3.85617e-08
4.60801e-09
-4.14629e-08
4.61966e-09
-4.42765e-08
4.6469e-09
-4.70076e-08
4.68926e-09
-4.96615e-08
4.74634e-09
-5.22434e-08
4.81773e-09
-5.47584e-08
4.90312e-09
-5.72116e-08
5.00225e-09
-5.96077e-08
5.11496e-09
-6.19507e-08
5.24142e-09
-6.42474e-08
5.38199e-09
-6.65e-08
5.5365e-09
-6.87112e-08
5.70645e-09
-7.08827e-08
5.89368e-09
-7.30123e-08
6.10125e-09
-7.51009e-08
6.33414e-09
-7.714e-08
6.5998e-09
-7.91171e-08
6.91069e-09
-8.10167e-08
7.28626e-09
-8.29997e-08
7.73516e-09
-8.51825e-08
8.2449e-09
-8.76547e-08
8.80777e-09
-9.04897e-08
9.41971e-09
-9.37509e-08
1.0079e-08
-9.74939e-08
1.07859e-08
-1.01772e-07
1.15419e-08
-1.06636e-07
1.23501e-08
-1.12137e-07
1.32147e-08
-1.18327e-07
1.41413e-08
-1.2526e-07
1.51363e-08
-1.32995e-07
1.62066e-08
-1.41592e-07
1.73597e-08
-1.51117e-07
1.86028e-08
-1.61643e-07
1.99424e-08
-1.73246e-07
2.13836e-08
-1.86005e-07
2.29285e-08
-2.00006e-07
2.45758e-08
-2.15343e-07
2.63192e-08
-2.32108e-07
2.81458e-08
-2.50394e-07
3.0031e-08
-2.70338e-07
3.1939e-08
-2.92056e-07
3.38249e-08
-3.155e-07
3.56189e-08
-3.4068e-07
3.72302e-08
-3.67534e-07
3.85418e-08
-3.95899e-07
3.94097e-08
-4.25459e-07
3.96617e-08
-4.55691e-07
3.91042e-08
-4.85806e-07
3.7534e-08
-5.14699e-07
3.47631e-08
-5.40965e-07
3.06576e-08
-5.63014e-07
2.51957e-08
-5.79359e-07
1.85417e-08
-5.89027e-07
1.11088e-08
3.49205e-09
3.27818e-07
3.17149e-09
3.23022e-07
1.01523e-08
3.14879e-07
1.70867e-08
3.0376e-07
2.34266e-08
2.90296e-07
2.87499e-08
2.75206e-07
3.28435e-08
2.59166e-07
3.56695e-08
2.42745e-07
3.73109e-08
2.26376e-07
3.79193e-08
2.10371e-07
3.76756e-08
1.94942e-07
3.67643e-08
1.8022e-07
3.53577e-08
1.66276e-07
3.36087e-08
1.53139e-07
3.16467e-08
1.40806e-07
2.95777e-08
1.29254e-07
2.74851e-08
1.18443e-07
2.5432e-08
1.08327e-07
2.34638e-08
9.88534e-08
2.16107e-08
8.99707e-08
1.98907e-08
8.16269e-08
1.83125e-08
7.37728e-08
1.68772e-08
6.63629e-08
1.5581e-08
5.93557e-08
1.44166e-08
5.27137e-08
1.33747e-08
4.64035e-08
1.24449e-08
4.03888e-08
1.16163e-08
3.46423e-08
1.08786e-08
2.91422e-08
1.02222e-08
2.38695e-08
9.63844e-09
1.8808e-08
9.11941e-09
1.39436e-08
8.6583e-09
9.26405e-09
8.24915e-09
4.7587e-09
7.88687e-09
4.18225e-10
7.56712e-09
-3.76563e-09
7.28624e-09
-7.80028e-09
7.04114e-09
-1.16925e-08
6.82923e-09
-1.54484e-08
6.64831e-09
-1.9074e-08
6.49652e-09
-2.25746e-08
6.37229e-09
-2.59558e-08
6.27424e-09
-2.92226e-08
6.20119e-09
-3.23801e-08
6.1521e-09
-3.54336e-08
6.12606e-09
-3.8388e-08
6.12225e-09
-4.12486e-08
6.13993e-09
-4.40203e-08
6.17843e-09
-4.67083e-08
6.23714e-09
-4.93177e-08
6.31551e-09
-5.1854e-08
6.41303e-09
-5.43223e-08
6.52927e-09
-5.67278e-08
6.66392e-09
-5.90756e-08
6.81675e-09
-6.13696e-08
6.98802e-09
-6.3617e-08
7.17815e-09
-6.58199e-08
7.38701e-09
-6.79815e-08
7.61657e-09
-7.01033e-08
7.86939e-09
-7.21836e-08
8.14966e-09
-7.42226e-08
8.46422e-09
-7.62127e-08
8.82338e-09
-7.81421e-08
9.24427e-09
-8.00024e-08
9.75356e-09
-8.19543e-08
1.03587e-08
-8.41129e-08
1.10435e-08
-8.65669e-08
1.17978e-08
-8.93887e-08
1.26164e-08
-9.26416e-08
1.3498e-08
-9.63824e-08
1.44421e-08
-1.00663e-07
1.54512e-08
-1.05534e-07
1.65296e-08
-1.11045e-07
1.76832e-08
-1.17249e-07
1.89194e-08
-1.242e-07
2.02467e-08
-1.31955e-07
2.16747e-08
-1.40575e-07
2.32133e-08
-1.50128e-07
2.48722e-08
-1.60684e-07
2.66602e-08
-1.72319e-07
2.8584e-08
-1.85115e-07
3.0647e-08
-1.99157e-07
3.28472e-08
-2.14539e-07
3.51766e-08
-2.31355e-07
3.76178e-08
-2.49703e-07
4.01378e-08
-2.69725e-07
4.26901e-08
-2.91512e-07
4.52128e-08
-3.15032e-07
4.76127e-08
-3.40294e-07
4.97676e-08
-3.67235e-07
5.15204e-08
-3.95686e-07
5.26773e-08
-4.25328e-07
5.30084e-08
-4.55631e-07
5.22547e-08
-4.85802e-07
5.01452e-08
-5.14731e-07
4.64299e-08
-5.41011e-07
4.09326e-08
-5.63055e-07
3.36279e-08
-5.79383e-07
2.4738e-08
-5.89034e-07
1.48161e-08
4.65324e-09
3.27821e-07
3.97424e-09
3.2303e-07
1.27256e-08
3.14887e-07
2.14229e-08
3.03759e-07
2.93794e-08
2.90271e-07
3.60638e-08
2.7514e-07
4.12058e-08
2.59049e-07
4.47554e-08
2.42568e-07
4.6815e-08
2.26136e-07
4.75743e-08
2.1007e-07
4.72609e-08
1.94584e-07
4.61071e-08
1.79813e-07
4.43305e-08
1.65828e-07
4.21238e-08
1.52661e-07
3.96505e-08
1.40306e-07
3.70441e-08
1.2874e-07
3.44099e-08
1.17923e-07
3.18272e-08
1.07807e-07
2.9353e-08
9.83392e-08
2.70251e-08
8.9466e-08
2.4866e-08
8.11346e-08
2.28863e-08
7.3295e-08
2.10872e-08
6.5901e-08
1.94638e-08
5.89102e-08
1.80065e-08
5.22849e-08
1.67033e-08
4.59915e-08
1.55409e-08
3.99956e-08
1.45055e-08
3.42681e-08
1.35841e-08
2.87877e-08
1.27643e-08
2.35357e-08
1.20352e-08
1.84962e-08
1.13871e-08
1.36551e-08
1.08115e-08
9.0005e-09
1.03008e-08
4.52171e-09
9.84878e-09
2.09521e-10
9.44998e-09
-3.94425e-09
9.0998e-09
-7.94692e-09
8.79437e-09
-1.18052e-08
8.53045e-09
-1.55251e-08
8.30528e-09
-1.91124e-08
8.11656e-09
-2.25725e-08
7.96233e-09
-2.59109e-08
7.84089e-09
-2.91326e-08
7.75081e-09
-3.22428e-08
7.69079e-09
-3.52466e-08
7.6597e-09
-3.81493e-08
7.65654e-09
-4.0956e-08
7.68037e-09
-4.36721e-08
7.73036e-09
-4.63027e-08
7.80574e-09
-4.88532e-08
7.90581e-09
-5.13291e-08
8.02996e-09
-5.37357e-08
8.17763e-09
-5.60784e-08
8.34844e-09
-5.83625e-08
8.54214e-09
-6.05919e-08
8.7591e-09
-6.2774e-08
8.99977e-09
-6.4911e-08
9.26403e-09
-6.70062e-08
9.5545e-09
-6.90611e-08
9.87452e-09
-7.10741e-08
1.02295e-08
-7.30452e-08
1.06285e-08
-7.49673e-08
1.10848e-08
-7.68287e-08
1.1621e-08
-7.86358e-08
1.22693e-08
-8.05464e-08
1.30351e-08
-8.26742e-08
1.38987e-08
-8.51059e-08
1.48483e-08
-8.79097e-08
1.58771e-08
-9.11557e-08
1.69806e-08
-9.48969e-08
1.81611e-08
-9.91837e-08
1.94226e-08
-1.04066e-07
2.07704e-08
-1.09592e-07
2.22122e-08
-1.15816e-07
2.37574e-08
-1.22789e-07
2.54167e-08
-1.3057e-07
2.72022e-08
-1.39221e-07
2.91265e-08
-1.48808e-07
3.1202e-08
-1.59403e-07
3.34401e-08
-1.71083e-07
3.58491e-08
-1.83928e-07
3.84335e-08
-1.98028e-07
4.11912e-08
-2.13475e-07
4.41122e-08
-2.30366e-07
4.71744e-08
-2.48797e-07
5.03361e-08
-2.68928e-07
5.35408e-08
-2.9081e-07
5.67072e-08
-3.14436e-07
5.97192e-08
-3.3981e-07
6.24222e-08
-3.66865e-07
6.46182e-08
-3.95428e-07
6.60637e-08
-4.25174e-07
6.64699e-08
-4.55569e-07
6.55119e-08
-4.85809e-07
6.28505e-08
-5.14782e-07
5.81743e-08
-5.41077e-07
5.12659e-08
-5.63112e-07
4.20985e-08
-5.79417e-07
3.09558e-08
-5.89044e-07
1.85322e-08
5.81539e-09
3.27823e-07
4.78244e-09
3.23041e-07
1.53163e-08
3.14905e-07
2.57921e-08
3.03773e-07
3.53835e-08
2.90264e-07
4.34489e-08
2.75095e-07
4.9658e-08
2.58949e-07
5.39459e-08
2.42403e-07
5.64336e-08
2.25902e-07
5.73486e-08
2.09767e-07
5.69656e-08
1.94218e-07
5.55659e-08
1.79391e-07
5.34131e-08
1.65361e-07
5.07409e-08
1.52158e-07
4.77477e-08
1.39778e-07
4.45953e-08
1.28196e-07
4.14112e-08
1.17372e-07
3.82914e-08
1.07256e-07
3.53048e-08
9.77928e-08
3.2497e-08
8.89285e-08
2.98949e-08
8.06088e-08
2.75109e-08
7.27828e-08
2.53461e-08
6.54033e-08
2.33939e-08
5.84279e-08
2.16425e-08
5.18185e-08
2.00771e-08
4.55414e-08
1.86814e-08
3.95646e-08
1.74389e-08
3.38568e-08
1.63332e-08
2.83966e-08
1.53499e-08
2.31656e-08
1.44754e-08
1.81481e-08
1.3698e-08
1.33306e-08
1.30074e-08
8.7014e-09
1.23945e-08
4.25043e-09
1.18519e-08
-3.12615e-11
1.1373e-08
-4.15157e-09
1.09525e-08
-8.11769e-09
1.05857e-08
-1.19362e-08
1.02688e-08
-1.56131e-08
9.99847e-09
-1.91543e-08
9.77207e-09
-2.25651e-08
9.58722e-09
-2.5851e-08
9.44193e-09
-2.90171e-08
9.33445e-09
-3.20687e-08
9.26326e-09
-3.50111e-08
9.22703e-09
-3.78496e-08
9.22452e-09
-4.05894e-08
9.25464e-09
-4.32362e-08
9.31635e-09
-4.57952e-08
9.40872e-09
-4.82719e-08
9.5309e-09
-5.06718e-08
9.68214e-09
-5.30007e-08
9.86178e-09
-5.5264e-08
1.00693e-08
-5.74672e-08
1.03046e-08
-5.96143e-08
1.05681e-08
-6.17128e-08
1.08601e-08
-6.37654e-08
1.11807e-08
-6.57754e-08
1.15334e-08
-6.77447e-08
1.19221e-08
-6.96715e-08
1.23538e-08
-7.15566e-08
1.28397e-08
-7.33919e-08
1.33963e-08
-7.51748e-08
1.40517e-08
-7.69148e-08
1.4847e-08
-7.87719e-08
1.57786e-08
-8.08597e-08
1.68236e-08
-8.32665e-08
1.79686e-08
-8.60669e-08
1.92067e-08
-8.93088e-08
2.05353e-08
-9.305e-08
2.19557e-08
-9.73428e-08
2.34718e-08
-1.02237e-07
2.50905e-08
-1.07782e-07
2.68213e-08
-1.1403e-07
2.86758e-08
-1.21033e-07
3.06674e-08
-1.28849e-07
3.2811e-08
-1.37541e-07
3.51222e-08
-1.47175e-07
3.76162e-08
-1.57822e-07
4.03066e-08
-1.6956e-07
4.32041e-08
-1.82472e-07
4.6314e-08
-1.96646e-07
4.96341e-08
-2.12178e-07
5.31525e-08
-2.29161e-07
5.68427e-08
-2.47696e-07
6.06535e-08
-2.67965e-07
6.45193e-08
-2.89962e-07
6.83384e-08
-3.13717e-07
7.19697e-08
-3.39228e-07
7.52263e-08
-3.66424e-07
7.7869e-08
-3.95127e-07
7.96029e-08
-4.25002e-07
8.00793e-08
-4.55507e-07
7.89062e-08
-4.85831e-07
7.56764e-08
-5.14854e-07
7.00178e-08
-5.41163e-07
6.1674e-08
-5.63181e-07
5.062e-08
-5.79453e-07
3.7204e-08
-5.89052e-07
2.2264e-08
6.98418e-09
3.2783e-07
5.59521e-09
3.23066e-07
1.79234e-08
3.14951e-07
3.01941e-08
3.03831e-07
4.14411e-08
2.90315e-07
5.09104e-08
2.75117e-07
5.82089e-08
2.58923e-07
6.32543e-08
2.42314e-07
6.61837e-08
2.25742e-07
6.72623e-08
2.09536e-07
6.68122e-08
1.93919e-07
6.51643e-08
1.79032e-07
6.26297e-08
1.64952e-07
5.94842e-08
1.51711e-07
5.59621e-08
1.39303e-07
5.22548e-08
1.27704e-07
4.85127e-08
1.1687e-07
4.48491e-08
1.0675e-07
4.13446e-08
9.72884e-08
3.80526e-08
8.84289e-08
3.50042e-08
8.01165e-08
3.22132e-08
7.22993e-08
2.96807e-08
6.49296e-08
2.73984e-08
5.79643e-08
2.53522e-08
5.13648e-08
2.35243e-08
4.50975e-08
2.18952e-08
3.91307e-08
2.04451e-08
3.34366e-08
1.91551e-08
2.79912e-08
1.80075e-08
2.2777e-08
1.69866e-08
1.77786e-08
1.60787e-08
1.29829e-08
1.52717e-08
8.37872e-09
1.45553e-08
3.95602e-09
1.39206e-08
-2.93817e-10
1.33603e-08
-4.37856e-09
1.28681e-08
-8.30515e-09
1.24386e-08
-1.208e-08
1.20674e-08
-1.57091e-08
1.17508e-08
-1.91981e-08
1.14856e-08
-2.25526e-08
1.12691e-08
-2.57779e-08
1.10991e-08
-2.88793e-08
1.09736e-08
-3.18623e-08
1.08907e-08
-3.47321e-08
1.0849e-08
-3.74943e-08
1.0847e-08
-4.01545e-08
1.08833e-08
-4.27183e-08
1.09569e-08
-4.51912e-08
1.10665e-08
-4.7579e-08
1.12112e-08
-4.98874e-08
1.139e-08
-5.21223e-08
1.16021e-08
-5.42892e-08
1.1847e-08
-5.6394e-08
1.21244e-08
-5.84412e-08
1.24354e-08
-6.04379e-08
1.27791e-08
-6.23872e-08
1.3157e-08
-6.42931e-08
1.3573e-08
-6.6158e-08
1.40324e-08
-6.79808e-08
1.45438e-08
-6.97631e-08
1.5121e-08
-7.14989e-08
1.57853e-08
-7.31764e-08
1.65718e-08
-7.48409e-08
1.75208e-08
-7.66411e-08
1.86233e-08
-7.86857e-08
1.98538e-08
-8.10602e-08
2.11971e-08
-8.38402e-08
2.26475e-08
-8.70743e-08
2.42028e-08
-9.08184e-08
2.58632e-08
-9.51233e-08
2.76337e-08
-1.00038e-07
2.9523e-08
-1.05611e-07
3.15424e-08
-1.11894e-07
3.37061e-08
-1.18939e-07
3.60301e-08
-1.26804e-07
3.85322e-08
-1.3555e-07
4.12308e-08
-1.45244e-07
4.41442e-08
-1.55957e-07
4.72889e-08
-1.67769e-07
5.06777e-08
-1.80761e-07
5.43172e-08
-1.95026e-07
5.82055e-08
-2.1066e-07
6.2329e-08
-2.27757e-07
6.66561e-08
-2.46426e-07
7.11268e-08
-2.66849e-07
7.56615e-08
-2.88998e-07
8.01432e-08
-3.12914e-07
8.44044e-08
-3.38596e-07
8.82231e-08
-3.65967e-07
9.13167e-08
-3.9484e-07
9.33381e-08
-4.24872e-07
9.38769e-08
-4.55508e-07
9.24737e-08
-4.85927e-07
8.86527e-08
-5.15e-07
8.19822e-08
-5.41312e-07
7.21699e-08
-5.63295e-07
5.91972e-08
-5.79513e-07
4.34825e-08
-5.89067e-07
2.60098e-08
8.15794e-09
3.27838e-07
6.41433e-09
3.23106e-07
2.05445e-08
3.15037e-07
3.46217e-08
3.0396e-07
4.75436e-08
2.90467e-07
5.84434e-08
2.75266e-07
6.68591e-08
2.59043e-07
7.26867e-08
2.42384e-07
7.60774e-08
2.2575e-07
7.73324e-08
2.09477e-07
7.68213e-08
1.93794e-07
7.4926e-08
1.78847e-07
7.20063e-08
1.64717e-07
6.83817e-08
1.51434e-07
6.4324e-08
1.38994e-07
6.00547e-08
1.27372e-07
5.57479e-08
1.16522e-07
5.15345e-08
1.06392e-07
4.75072e-08
9.69253e-08
4.37273e-08
8.80629e-08
4.02303e-08
7.97483e-08
3.70315e-08
7.19287e-08
3.41312e-08
6.4556e-08
3.15192e-08
5.7587e-08
2.91783e-08
5.0984e-08
2.70876e-08
4.47137e-08
2.52243e-08
3.87472e-08
2.35657e-08
3.30562e-08
2.209e-08
2.76162e-08
2.07768e-08
2.24098e-08
1.96082e-08
1.74223e-08
1.85682e-08
1.26411e-08
1.76431e-08
8.0556e-09
1.6821e-08
3.65647e-09
1.60921e-08
-5.64587e-10
1.5448e-08
-4.61502e-09
1.48817e-08
-8.50169e-09
1.43872e-08
-1.2231e-08
1.39597e-08
-1.58089e-08
1.3595e-08
-1.92412e-08
1.32894e-08
-2.25335e-08
1.30401e-08
-2.56914e-08
1.28443e-08
-2.87202e-08
1.26998e-08
-3.16254e-08
1.26045e-08
-3.44127e-08
1.25567e-08
-3.70875e-08
1.25547e-08
-3.96556e-08
1.2597e-08
-4.2123e-08
1.26822e-08
-4.44955e-08
1.28091e-08
-4.67791e-08
1.29764e-08
-4.89797e-08
1.3183e-08
-5.11035e-08
1.34282e-08
-5.31566e-08
1.37112e-08
-5.5144e-08
1.40317e-08
-5.70734e-08
1.43907e-08
-5.89484e-08
1.4787e-08
-6.0774e-08
1.52236e-08
-6.25547e-08
1.57043e-08
-6.42926e-08
1.62357e-08
-6.59889e-08
1.68284e-08
-6.76463e-08
1.74999e-08
-6.92594e-08
1.82759e-08
-7.0839e-08
1.91985e-08
-7.24206e-08
2.03154e-08
-7.41571e-08
2.16028e-08
-7.61541e-08
2.30321e-08
-7.84842e-08
2.45861e-08
-8.12354e-08
2.62508e-08
-8.44655e-08
2.80298e-08
-8.8221e-08
2.99272e-08
-9.25486e-08
3.19498e-08
-9.74952e-08
3.41077e-08
-1.03109e-07
3.64143e-08
-1.09439e-07
3.88859e-08
-1.16538e-07
4.15413e-08
-1.24464e-07
4.44013e-08
-1.33277e-07
4.74877e-08
-1.43045e-07
5.08218e-08
-1.53841e-07
5.44233e-08
-1.65743e-07
5.83072e-08
-1.78837e-07
6.24816e-08
-1.93216e-07
6.69451e-08
-2.08977e-07
7.16817e-08
-2.26218e-07
7.66549e-08
-2.45074e-07
8.17961e-08
-2.65653e-07
8.70141e-08
-2.87977e-07
9.21699e-08
-3.12085e-07
9.70698e-08
-3.37967e-07
1.01457e-07
-3.65539e-07
1.05003e-07
-3.94605e-07
1.07308e-07
-4.2481e-07
1.07898e-07
-4.55587e-07
1.06245e-07
-4.86102e-07
1.01805e-07
-5.15218e-07
9.40886e-08
-5.41517e-07
8.27699e-08
-5.63444e-07
6.78426e-08
-5.79589e-07
4.97998e-08
-5.89084e-07
2.97754e-08
9.34016e-09
3.27851e-07
7.23626e-09
3.23175e-07
2.31605e-08
3.15192e-07
3.90519e-08
3.04213e-07
5.36744e-08
2.90792e-07
6.60343e-08
2.75635e-07
7.55973e-08
2.59417e-07
8.22436e-08
2.42733e-07
8.61242e-08
2.26053e-07
8.75753e-08
2.09723e-07
8.70156e-08
1.9398e-07
8.48785e-08
1.78976e-07
8.15745e-08
1.64793e-07
7.74687e-08
1.51466e-07
7.28712e-08
1.3899e-07
6.80354e-08
1.27337e-07
6.31597e-08
1.16463e-07
5.83932e-08
1.06311e-07
5.38414e-08
9.68239e-08
4.95731e-08
8.79413e-08
4.56277e-08
7.96063e-08
4.20213e-08
7.17659e-08
3.87536e-08
6.43719e-08
3.5812e-08
5.7381e-08
3.31768e-08
5.07554e-08
3.08237e-08
4.44623e-08
2.87263e-08
3.84741e-08
2.68585e-08
3.27647e-08
2.51954e-08
2.7313e-08
2.37143e-08
2.20995e-08
2.23949e-08
1.71104e-08
2.12195e-08
1.23336e-08
2.01729e-08
7.75868e-09
1.9242e-08
3.37639e-09
1.84158e-08
-8.21261e-10
1.76851e-08
-4.84151e-09
1.70419e-08
-8.691e-09
1.64799e-08
-1.2376e-08
1.59935e-08
-1.59024e-08
1.55783e-08
-1.9276e-08
1.52302e-08
-2.25026e-08
1.4946e-08
-2.55877e-08
1.47228e-08
-2.85372e-08
1.45579e-08
-3.13567e-08
1.44492e-08
-3.4052e-08
1.43945e-08
-3.66292e-08
1.4392e-08
-3.90941e-08
1.444e-08
-4.1453e-08
1.45367e-08
-4.37122e-08
1.46808e-08
-4.58777e-08
1.48708e-08
-4.79558e-08
1.51056e-08
-4.99528e-08
1.53841e-08
-5.18751e-08
1.57056e-08
-5.37285e-08
1.607e-08
-5.55213e-08
1.64783e-08
-5.72572e-08
1.69293e-08
-5.89416e-08
1.74266e-08
-6.05781e-08
1.79751e-08
-6.21706e-08
1.85824e-08
-6.37169e-08
1.9262e-08
-6.52239e-08
2.00344e-08
-6.66874e-08
2.09319e-08
-6.81073e-08
2.2003e-08
-6.95786e-08
2.32909e-08
-7.12396e-08
2.47606e-08
-7.31951e-08
2.63818e-08
-7.55366e-08
2.81379e-08
-7.82883e-08
3.00235e-08
-8.15221e-08
3.20355e-08
-8.52918e-08
3.41768e-08
-8.9646e-08
3.64558e-08
-9.46314e-08
3.8885e-08
-1.00295e-07
4.14801e-08
-1.06685e-07
4.42606e-08
-1.13855e-07
4.72483e-08
-1.2186e-07
5.04673e-08
-1.30761e-07
5.3943e-08
-1.40626e-07
5.77e-08
-1.51529e-07
6.1761e-08
-1.63547e-07
6.61436e-08
-1.76769e-07
7.08579e-08
-1.91288e-07
7.5903e-08
-2.07204e-07
8.12605e-08
-2.24622e-07
8.68888e-08
-2.43682e-07
9.27134e-08
-2.6445e-07
9.86261e-08
-2.86983e-07
1.04468e-07
-3.11317e-07
1.10018e-07
-3.37437e-07
1.14982e-07
-3.65247e-07
1.18983e-07
-3.94537e-07
1.21566e-07
-4.24939e-07
1.22191e-07
-4.55869e-07
1.20262e-07
-4.86475e-07
1.15165e-07
-5.15611e-07
1.06355e-07
-5.4186e-07
9.34791e-08
-5.63682e-07
7.65512e-08
-5.79708e-07
5.61474e-08
-5.89113e-07
3.35532e-08
1.05269e-08
3.2789e-07
8.03769e-09
3.23324e-07
2.5721e-08
3.15477e-07
4.34094e-08
3.04618e-07
5.97477e-08
2.91319e-07
7.36318e-08
2.76313e-07
8.44293e-08
2.60146e-07
9.19339e-08
2.43482e-07
9.63277e-08
2.26786e-07
9.80075e-08
2.10417e-07
9.74209e-08
1.94626e-07
9.50536e-08
1.79571e-07
9.1371e-08
1.6534e-07
8.67866e-08
1.51966e-07
8.16504e-08
1.39447e-07
7.62485e-08
1.27753e-07
7.08051e-08
1.16838e-07
6.54876e-08
1.06645e-07
6.04136e-08
9.71159e-08
5.56592e-08
8.81894e-08
5.12678e-08
7.98081e-08
4.72567e-08
7.19185e-08
4.36243e-08
6.4473e-08
4.03556e-08
5.74296e-08
3.74271e-08
5.07521e-08
3.48111e-08
4.44093e-08
3.24781e-08
3.83743e-08
3.0399e-08
3.2624e-08
2.85462e-08
2.7138e-08
2.68944e-08
2.18961e-08
2.54209e-08
1.68854e-08
2.41063e-08
1.2095e-08
2.29338e-08
7.51511e-09
2.18893e-08
3.13726e-09
2.09611e-08
-1.04643e-09
2.0139e-08
-5.04319e-09
1.94148e-08
-8.85973e-09
1.87814e-08
-1.25024e-08
1.82327e-08
-1.59775e-08
1.7764e-08
-1.92908e-08
1.73708e-08
-2.24484e-08
1.70496e-08
-2.54563e-08
1.67971e-08
-2.83204e-08
1.66104e-08
-3.10469e-08
1.64871e-08
-3.36418e-08
1.64248e-08
-3.61115e-08
1.64213e-08
-3.84624e-08
1.64747e-08
-4.07008e-08
1.6583e-08
-4.28337e-08
1.67446e-08
-4.48676e-08
1.69577e-08
-4.68091e-08
1.72212e-08
-4.86648e-08
1.75337e-08
-5.04413e-08
1.78946e-08
-5.21445e-08
1.83042e-08
-5.37835e-08
1.87629e-08
-5.53622e-08
1.92703e-08
-5.68853e-08
1.98309e-08
-5.83576e-08
2.04501e-08
-5.97809e-08
2.11381e-08
-6.11593e-08
2.19103e-08
-6.2495e-08
2.27918e-08
-6.37874e-08
2.3823e-08
-6.50468e-08
2.50587e-08
-6.64065e-08
2.65279e-08
-6.79916e-08
2.81887e-08
-6.98961e-08
3.00106e-08
-7.2196e-08
3.19739e-08
-7.49455e-08
3.4077e-08
-7.81989e-08
3.63169e-08
-8.20052e-08
3.86982e-08
-8.64103e-08
4.12307e-08
-9.1459e-08
4.39286e-08
-9.71973e-08
4.68106e-08
-1.03673e-07
4.98987e-08
-1.10938e-07
5.3218e-08
-1.19048e-07
5.6796e-08
-1.28064e-07
6.06613e-08
-1.38053e-07
6.48424e-08
-1.49088e-07
6.93655e-08
-1.61251e-07
7.42511e-08
-1.74631e-07
7.9512e-08
-1.89326e-07
8.51475e-08
-2.05435e-07
9.1137e-08
-2.23067e-07
9.74322e-08
-2.42363e-07
1.0395e-07
-2.63366e-07
1.10565e-07
-2.86135e-07
1.17097e-07
-3.10733e-07
1.23314e-07
-3.37127e-07
1.28859e-07
-3.65206e-07
1.33312e-07
-3.94742e-07
1.3616e-07
-4.25349e-07
1.36799e-07
-4.56425e-07
1.34559e-07
-4.87103e-07
1.28759e-07
-5.16221e-07
1.18799e-07
-5.42367e-07
1.04306e-07
-5.64027e-07
8.53239e-08
-5.79878e-07
6.25203e-08
-5.89154e-07
3.73376e-08
1.17164e-08
3.27943e-07
8.82015e-09
3.23531e-07
2.82363e-08
3.15919e-07
4.7704e-08
3.05321e-07
6.57346e-08
2.9223e-07
8.11105e-08
2.77245e-07
9.31473e-08
2.6119e-07
1.01636e-07
2.44706e-07
1.06694e-07
2.28048e-07
1.08655e-07
2.11671e-07
1.08068e-07
1.95858e-07
1.05483e-07
1.80765e-07
1.0144e-07
1.66486e-07
9.63896e-08
1.53062e-07
9.07216e-08
1.40492e-07
8.47596e-08
1.28745e-07
7.87553e-08
1.17772e-07
7.2894e-08
1.07516e-07
6.73057e-08
9.79168e-08
6.20736e-08
8.89141e-08
5.72441e-08
8.04509e-08
5.28346e-08
7.24759e-08
4.88419e-08
6.49429e-08
4.52486e-08
5.78113e-08
4.20282e-08
5.10461e-08
3.91497e-08
4.46178e-08
3.65803e-08
3.85017e-08
3.42874e-08
3.26769e-08
3.22406e-08
2.71259e-08
3.04127e-08
2.18319e-08
2.87793e-08
1.67794e-08
2.73196e-08
1.19576e-08
2.60158e-08
7.35741e-09
2.48524e-08
2.97059e-09
2.38169e-08
-1.21033e-09
2.28984e-08
-5.19241e-09
2.20882e-08
-8.98252e-09
2.1379e-08
-1.25874e-08
2.07643e-08
-1.60135e-08
2.02389e-08
-1.92673e-08
1.97981e-08
-2.23552e-08
1.94379e-08
-2.52836e-08
1.91545e-08
-2.80589e-08
1.8945e-08
-3.06874e-08
1.88064e-08
-3.31758e-08
1.87359e-08
-3.55307e-08
1.87311e-08
-3.77586e-08
1.87897e-08
-3.98664e-08
1.89095e-08
-4.1861e-08
1.90886e-08
-4.37494e-08
1.93251e-08
-4.55388e-08
1.96176e-08
-4.72362e-08
1.99647e-08
-4.88488e-08
2.03659e-08
-5.03832e-08
2.08221e-08
-5.18481e-08
2.13335e-08
-5.32489e-08
2.18999e-08
-5.45905e-08
2.25274e-08
-5.58758e-08
2.3224e-08
-5.71116e-08
2.40015e-08
-5.82941e-08
2.48797e-08
-5.94146e-08
2.5889e-08
-6.04887e-08
2.70699e-08
-6.15913e-08
2.8472e-08
-6.28497e-08
3.01193e-08
-6.43756e-08
3.19686e-08
-6.62527e-08
3.39891e-08
-6.85338e-08
3.61605e-08
-7.12938e-08
3.84789e-08
-7.45789e-08
4.09443e-08
-7.84345e-08
4.35632e-08
-8.29049e-08
4.63474e-08
-8.80342e-08
4.93133e-08
-9.38675e-08
5.24818e-08
-1.00452e-07
5.58777e-08
-1.07838e-07
5.95292e-08
-1.16081e-07
6.34671e-08
-1.25242e-07
6.77237e-08
-1.35387e-07
7.23315e-08
-1.46591e-07
7.73203e-08
-1.58936e-07
8.27152e-08
-1.72518e-07
8.85319e-08
-1.87436e-07
9.47711e-08
-2.03798e-07
1.01411e-07
-2.21719e-07
1.084e-07
-2.41311e-07
1.15653e-07
-2.62626e-07
1.23019e-07
-2.85628e-07
1.30285e-07
-3.10548e-07
1.37125e-07
-3.37266e-07
1.43208e-07
-3.6564e-07
1.48078e-07
-3.95426e-07
1.5116e-07
-4.26221e-07
1.51775e-07
-4.57406e-07
1.49177e-07
-4.88098e-07
1.42614e-07
-5.17128e-07
1.31438e-07
-5.43092e-07
1.15262e-07
-5.6451e-07
9.41671e-08
-5.8012e-07
6.89207e-08
-5.89219e-07
4.1123e-08
1.28975e-08
3.27995e-07
9.58786e-09
3.23747e-07
3.07138e-08
3.16392e-07
5.19534e-08
3.06119e-07
7.16943e-08
2.93385e-07
8.85861e-08
2.78779e-07
1.01839e-07
2.62942e-07
1.11209e-07
2.4635e-07
1.16868e-07
2.29766e-07
1.19233e-07
2.13462e-07
1.18805e-07
1.97705e-07
1.16142e-07
1.82612e-07
1.11805e-07
1.68302e-07
1.06324e-07
1.54839e-07
1.00143e-07
1.42213e-07
9.3646e-08
1.30395e-07
8.71003e-08
1.19339e-07
8.0712e-08
1.08989e-07
7.46247e-08
9.92841e-08
6.89284e-08
9.01669e-08
6.36719e-08
8.15819e-08
5.88736e-08
7.34791e-08
5.4528e-08
6.58149e-08
5.0615e-08
5.85519e-08
4.71048e-08
5.16588e-08
4.39628e-08
4.51087e-08
4.11535e-08
3.88787e-08
3.86422e-08
3.29495e-08
3.63964e-08
2.73045e-08
3.43868e-08
2.19299e-08
3.25873e-08
1.68133e-08
3.09755e-08
1.19422e-08
2.95328e-08
7.30767e-09
2.82434e-08
2.9012e-09
2.70944e-08
-1.28531e-09
2.60745e-08
-5.2594e-09
2.51743e-08
-9.02823e-09
2.43858e-08
-1.25988e-08
2.37023e-08
-1.59779e-08
2.3118e-08
-1.91728e-08
2.26279e-08
-2.21902e-08
2.22277e-08
-2.50373e-08
2.19133e-08
-2.77209e-08
2.1681e-08
-3.0248e-08
2.15274e-08
-3.26253e-08
2.14494e-08
-3.48599e-08
2.14442e-08
-3.69588e-08
2.1509e-08
-3.89289e-08
2.16413e-08
-4.07773e-08
2.18389e-08
-4.2511e-08
2.20996e-08
-4.41369e-08
2.24218e-08
-4.56622e-08
2.2804e-08
-4.7094e-08
2.32458e-08
-4.84403e-08
2.37485e-08
-4.9711e-08
2.43113e-08
-5.09084e-08
2.49375e-08
-5.2037e-08
2.56332e-08
-5.31037e-08
2.64082e-08
-5.41135e-08
2.72791e-08
-5.50617e-08
2.82692e-08
-5.59715e-08
2.94093e-08
-5.68727e-08
3.07435e-08
-5.78244e-08
3.2319e-08
-5.8967e-08
3.41478e-08
-6.04098e-08
3.61833e-08
-6.22546e-08
3.83999e-08
-6.45345e-08
4.07842e-08
-6.73135e-08
4.33225e-08
-7.06419e-08
4.60161e-08
-7.45645e-08
4.88738e-08
-7.91234e-08
5.19099e-08
-8.43608e-08
5.51436e-08
-9.03202e-08
5.85988e-08
-9.70479e-08
6.23036e-08
-1.04593e-07
6.62888e-08
-1.1301e-07
7.05882e-08
-1.22356e-07
7.52377e-08
-1.32698e-07
8.02737e-08
-1.44109e-07
8.57307e-08
-1.56677e-07
9.164e-08
-1.70497e-07
9.80198e-08
-1.85669e-07
1.0487e-07
-2.02303e-07
1.12169e-07
-2.20501e-07
1.19841e-07
-2.40337e-07
1.27778e-07
-2.619e-07
1.35812e-07
-2.85346e-07
1.43729e-07
-3.10447e-07
1.51242e-07
-3.37274e-07
1.57937e-07
-3.65744e-07
1.63274e-07
-3.95631e-07
1.6661e-07
-4.26526e-07
1.67195e-07
-4.57792e-07
1.64211e-07
-4.88525e-07
1.56844e-07
-5.17537e-07
1.44398e-07
-5.43422e-07
1.26481e-07
-5.64719e-07
1.03217e-07
-5.80205e-07
7.54764e-08
-5.89228e-07
4.50161e-08
1.41287e-08
3.28049e-07
1.03453e-08
3.23978e-07
3.31548e-08
3.16904e-07
5.61535e-08
3.06964e-07
7.76239e-08
2.94566e-07
9.60958e-08
2.80298e-07
1.10671e-07
2.64783e-07
1.21023e-07
2.48593e-07
1.27291e-07
2.32195e-07
1.29935e-07
2.15964e-07
1.29565e-07
2.00181e-07
1.26835e-07
1.85071e-07
1.22317e-07
1.70732e-07
1.16548e-07
1.57235e-07
1.09979e-07
1.44543e-07
1.03e-07
1.32657e-07
9.59352e-08
1.21499e-07
8.90594e-08
1.11019e-07
8.25034e-08
1.01168e-07
7.63628e-08
9.18917e-08
7.06942e-08
8.31402e-08
6.55176e-08
7.48667e-08
6.08265e-08
6.70315e-08
5.65974e-08
5.96001e-08
5.27983e-08
5.2544e-08
4.93916e-08
4.58394e-08
4.6339e-08
3.94667e-08
4.36035e-08
3.34092e-08
4.1151e-08
2.76523e-08
3.89514e-08
2.21824e-08
3.69779e-08
1.69872e-08
3.52078e-08
1.20555e-08
3.36213e-08
7.37672e-09
3.22015e-08
2.94223e-09
3.09347e-08
-1.25577e-09
2.98094e-08
-5.22524e-09
2.88161e-08
-8.97426e-09
2.79465e-08
-1.25108e-08
2.71934e-08
-1.58424e-08
2.65504e-08
-1.89766e-08
2.60118e-08
-2.19207e-08
2.55726e-08
-2.46822e-08
2.52285e-08
-2.72685e-08
2.49753e-08
-2.96875e-08
2.48093e-08
-3.19468e-08
2.47269e-08
-3.40541e-08
2.47246e-08
-3.60169e-08
2.47992e-08
-3.78425e-08
2.49477e-08
-3.95381e-08
2.51674e-08
-4.11108e-08
2.54559e-08
-4.25672e-08
2.58111e-08
-4.39135e-08
2.62315e-08
-4.51547e-08
2.67165e-08
-4.63013e-08
2.72672e-08
-4.73572e-08
2.78825e-08
-4.83284e-08
2.85694e-08
-4.92178e-08
2.93357e-08
-5.00234e-08
3.01935e-08
-5.07729e-08
3.11609e-08
-5.14824e-08
3.22673e-08
-5.21753e-08
3.35475e-08
-5.28911e-08
3.50407e-08
-5.3706e-08
3.67982e-08
-5.47536e-08
3.88243e-08
-5.60973e-08
4.10693e-08
-5.78807e-08
4.34744e-08
-6.01709e-08
4.60453e-08
-6.29966e-08
4.87814e-08
-6.63963e-08
5.16865e-08
-7.04106e-08
5.47708e-08
-7.50804e-08
5.80499e-08
-8.04478e-08
6.1545e-08
-8.6557e-08
6.52834e-08
-9.34557e-08
6.92967e-08
-1.01194e-07
7.36184e-08
-1.09823e-07
7.82835e-08
-1.19397e-07
8.33295e-08
-1.29976e-07
8.87961e-08
-1.41631e-07
9.47208e-08
-1.54441e-07
1.01139e-07
-1.68534e-07
1.08091e-07
-1.83995e-07
1.15546e-07
-2.009e-07
1.23466e-07
-2.19333e-07
1.31783e-07
-2.394e-07
1.40392e-07
-2.61181e-07
1.49151e-07
-2.84743e-07
1.57803e-07
-3.10115e-07
1.65994e-07
-3.37258e-07
1.7326e-07
-3.66043e-07
1.79018e-07
-3.96209e-07
1.82562e-07
-4.27319e-07
1.83073e-07
-4.5871e-07
1.7966e-07
-4.89461e-07
1.71437e-07
-5.18383e-07
1.57666e-07
-5.44083e-07
1.37945e-07
-5.65143e-07
1.12448e-07
-5.80401e-07
8.21572e-08
-5.89271e-07
4.8985e-08
1.53879e-08
3.28102e-07
1.10986e-08
3.24225e-07
3.55649e-08
3.17468e-07
6.03055e-08
3.07918e-07
8.35143e-08
2.95921e-07
1.03609e-07
2.82006e-07
1.19586e-07
2.66779e-07
1.31042e-07
2.50842e-07
1.38074e-07
2.34687e-07
1.41128e-07
2.18697e-07
1.40845e-07
2.03077e-07
1.37943e-07
1.88027e-07
1.33122e-07
1.73633e-07
1.27003e-07
1.59993e-07
1.20119e-07
1.47179e-07
1.12835e-07
1.353e-07
1.05448e-07
1.24015e-07
9.81314e-08
1.13361e-07
9.11163e-08
1.03337e-07
8.45305e-08
9.38701e-08
7.84706e-08
8.49152e-08
7.29304e-08
7.64366e-08
6.78992e-08
6.83998e-08
6.33551e-08
6.0775e-08
5.92648e-08
5.35374e-08
5.55884e-08
4.6666e-08
5.22861e-08
4.01427e-08
4.932e-08
3.39515e-08
4.66549e-08
2.80786e-08
4.42596e-08
2.25118e-08
4.21064e-08
1.72403e-08
4.01719e-08
1.2253e-08
3.84363e-08
7.53932e-09
3.6883e-08
3.08849e-09
3.54978e-08
-1.10981e-09
3.42685e-08
-5.06425e-09
3.31844e-08
-8.78308e-09
3.22367e-08
-1.22747e-08
3.14177e-08
-1.55479e-08
3.07208e-08
-1.86117e-08
3.01401e-08
-2.14748e-08
2.96698e-08
-2.41458e-08
2.93045e-08
-2.66325e-08
2.9039e-08
-2.89425e-08
2.88688e-08
-3.10832e-08
2.87893e-08
-3.3062e-08
2.87967e-08
-3.48862e-08
2.88874e-08
-3.65633e-08
2.9058e-08
-3.81007e-08
2.93054e-08
-3.95057e-08
2.96272e-08
-4.07851e-08
3.00211e-08
-4.19451e-08
3.04856e-08
-4.29906e-08
3.10208e-08
-4.39269e-08
3.16273e-08
-4.47507e-08
3.23039e-08
-4.54745e-08
3.30566e-08
-4.61021e-08
3.38934e-08
-4.66354e-08
3.48275e-08
-4.70952e-08
3.58878e-08
-4.75097e-08
3.7107e-08
-4.79223e-08
3.85225e-08
-4.83801e-08
4.01656e-08
-4.90211e-08
4.20697e-08
-4.99963e-08
4.42374e-08
-5.14449e-08
4.66351e-08
-5.32747e-08
4.92443e-08
-5.55894e-08
5.20293e-08
-5.84448e-08
5.49775e-08
-6.18954e-08
5.81019e-08
-6.5987e-08
6.14146e-08
-7.07604e-08
6.49335e-08
-7.62566e-08
6.86835e-08
-8.252e-08
7.26959e-08
-8.96037e-08
7.70097e-08
-9.75721e-08
8.16708e-08
-1.0646e-07
8.66984e-08
-1.16312e-07
9.21413e-08
-1.27179e-07
9.80488e-08
-1.39111e-07
1.04466e-07
-1.52095e-07
1.11413e-07
-1.66448e-07
1.18864e-07
-1.82172e-07
1.26851e-07
-1.99348e-07
1.35361e-07
-2.18062e-07
1.44354e-07
-2.38413e-07
1.53701e-07
-2.60515e-07
1.63204e-07
-2.84421e-07
1.72576e-07
-3.10145e-07
1.81431e-07
-3.37635e-07
1.89264e-07
-3.66746e-07
1.95436e-07
-3.97193e-07
1.99176e-07
-4.28514e-07
1.99585e-07
-4.60021e-07
1.95693e-07
-4.90767e-07
1.86542e-07
-5.19549e-07
1.71352e-07
-5.44991e-07
1.49724e-07
-5.65724e-07
1.21897e-07
-5.80671e-07
8.89747e-08
-5.8933e-07
5.30306e-08
1.6677e-08
3.28162e-07
1.18465e-08
3.24483e-07
3.79617e-08
3.18045e-07
6.44448e-08
3.08894e-07
8.941e-08
2.97319e-07
1.11171e-07
2.83794e-07
1.28618e-07
2.68891e-07
1.41263e-07
2.53179e-07
1.49164e-07
2.37158e-07
1.52767e-07
2.21246e-07
1.5274e-07
2.05751e-07
1.49831e-07
1.90868e-07
1.44781e-07
1.76687e-07
1.38261e-07
1.63131e-07
1.3086e-07
1.5021e-07
1.23054e-07
1.37743e-07
1.15216e-07
1.26145e-07
1.07614e-07
1.15285e-07
1.00365e-07
1.05204e-07
9.3546e-08
9.55667e-08
8.71507e-08
8.64134e-08
8.12583e-08
7.77502e-08
7.58813e-08
6.95246e-08
7.10315e-08
6.17158e-08
6.66525e-08
5.43089e-08
6.27026e-08
4.72878e-08
5.9144e-08
4.0637e-08
5.59402e-08
3.43416e-08
5.3056e-08
2.83878e-08
5.04599e-08
2.2762e-08
4.81248e-08
1.74512e-08
4.60266e-08
1.24437e-08
4.41448e-08
7.72821e-09
4.2462e-08
3.29394e-09
4.09636e-08
-8.70181e-10
3.96371e-08
-4.77556e-09
3.8472e-08
-8.43346e-09
3.74587e-08
-1.18542e-08
3.65884e-08
-1.50472e-08
3.58529e-08
-1.80211e-08
3.52448e-08
-2.07848e-08
3.4758e-08
-2.3347e-08
3.43861e-08
-2.57166e-08
3.41237e-08
-2.79023e-08
3.39653e-08
-2.99124e-08
3.39054e-08
-3.17547e-08
3.39391e-08
-3.34363e-08
3.40617e-08
-3.49638e-08
3.42689e-08
-3.63439e-08
3.45572e-08
-3.75826e-08
3.49238e-08
-3.86865e-08
3.53669e-08
-3.96622e-08
3.5886e-08
-4.05165e-08
3.64832e-08
-4.12558e-08
3.71584e-08
-4.1883e-08
3.79157e-08
-4.23981e-08
3.87637e-08
-4.27878e-08
3.97135e-08
-4.3008e-08
4.07786e-08
-4.31167e-08
4.19736e-08
-4.31569e-08
4.33229e-08
-4.32222e-08
4.48488e-08
-4.34927e-08
4.65757e-08
-4.40093e-08
4.85793e-08
-4.4892e-08
5.08789e-08
-4.62124e-08
5.34302e-08
-4.80654e-08
5.62088e-08
-5.04663e-08
5.91913e-08
-5.33746e-08
6.23699e-08
-5.68987e-08
6.57217e-08
-6.10885e-08
6.92566e-08
-6.59769e-08
7.29968e-08
-7.15954e-08
7.69691e-08
-7.79848e-08
8.12038e-08
-8.52118e-08
8.5733e-08
-9.34215e-08
9.05977e-08
-1.0256e-07
9.58782e-08
-1.12654e-07
1.01628e-07
-1.23768e-07
1.07891e-07
-1.35998e-07
1.14701e-07
-1.49524e-07
1.22093e-07
-1.64181e-07
1.30107e-07
-1.80154e-07
1.38747e-07
-1.97577e-07
1.47973e-07
-2.16595e-07
1.57708e-07
-2.37303e-07
1.67809e-07
-2.59776e-07
1.78065e-07
-2.84068e-07
1.88169e-07
-3.10182e-07
1.97702e-07
-3.38056e-07
2.06112e-07
-3.67524e-07
2.12702e-07
-3.98281e-07
2.16624e-07
-4.29834e-07
2.16899e-07
-4.61466e-07
2.12471e-07
-4.922e-07
2.02311e-07
-5.20824e-07
1.85596e-07
-5.45978e-07
1.61942e-07
-5.66352e-07
1.31666e-07
-5.80962e-07
9.60047e-08
-5.89396e-07
5.71953e-08
1.80048e-08
3.28178e-07
1.26368e-08
3.24618e-07
4.04405e-08
3.18409e-07
6.86983e-08
3.0956e-07
9.54619e-08
2.98315e-07
1.18942e-07
2.85107e-07
1.37922e-07
2.70476e-07
1.5183e-07
2.54974e-07
1.60677e-07
2.39096e-07
1.64909e-07
2.23245e-07
1.65223e-07
2.07715e-07
1.62418e-07
1.92711e-07
1.57287e-07
1.78371e-07
1.5055e-07
1.6477e-07
1.4282e-07
1.51911e-07
1.34596e-07
1.3976e-07
1.26265e-07
1.28141e-07
1.18114e-07
1.17036e-07
1.10354e-07
1.06273e-07
1.03122e-07
9.62515e-08
9.64842e-08
8.68469e-08
9.04085e-08
7.81142e-08
8.48492e-08
6.97567e-08
7.97253e-08
6.18253e-08
7.50553e-08
5.43374e-08
7.08182e-08
4.72554e-08
6.70076e-08
4.05649e-08
6.35697e-08
3.42521e-08
6.04699e-08
2.83015e-08
5.76787e-08
2.26985e-08
5.51691e-08
1.74292e-08
5.29167e-08
1.24801e-08
5.09012e-08
7.83741e-09
4.9105e-08
3.48779e-09
4.75127e-08
-5.81441e-10
4.61105e-08
-4.38204e-09
4.48864e-08
-7.92529e-09
4.38297e-08
-1.12227e-08
4.2931e-08
-1.4286e-08
4.21818e-08
-1.71255e-08
4.15739e-08
-1.97537e-08
4.10992e-08
-2.21788e-08
4.07501e-08
-2.44094e-08
4.05193e-08
-2.64532e-08
4.04e-08
-2.83175e-08
4.03859e-08
-3.0009e-08
4.0471e-08
-3.15343e-08
4.06496e-08
-3.28989e-08
4.09166e-08
-3.41079e-08
4.12673e-08
-3.51657e-08
4.16979e-08
-3.60758e-08
4.22057e-08
-3.68409e-08
4.27898e-08
-3.74659e-08
4.34521e-08
-3.79509e-08
4.41917e-08
-3.83001e-08
4.5016e-08
-3.85177e-08
4.59336e-08
-3.86098e-08
4.69568e-08
-3.85889e-08
4.81003e-08
-3.84882e-08
4.93837e-08
-3.83532e-08
5.08314e-08
-3.82369e-08
5.24686e-08
-3.8168e-08
5.43186e-08
-3.83529e-08
5.63936e-08
-3.90229e-08
5.86688e-08
-4.02227e-08
6.11949e-08
-4.20071e-08
6.39583e-08
-4.44061e-08
6.69386e-08
-4.75233e-08
7.01248e-08
-5.12999e-08
7.35304e-08
-5.57494e-08
7.71671e-08
-6.09084e-08
8.10544e-08
-6.68217e-08
8.52204e-08
-7.35298e-08
8.97008e-08
-8.10496e-08
9.45388e-08
-8.93069e-08
9.97799e-08
-9.8462e-08
1.05475e-07
-1.08609e-07
1.11669e-07
-1.19827e-07
1.18412e-07
-1.32198e-07
1.2575e-07
-1.45803e-07
1.33723e-07
-1.60701e-07
1.4236e-07
-1.77009e-07
1.51658e-07
-1.94825e-07
1.61578e-07
-2.14248e-07
1.72038e-07
-2.35373e-07
1.82892e-07
-2.58275e-07
1.93908e-07
-2.83001e-07
2.04756e-07
-3.09546e-07
2.14978e-07
-3.37834e-07
2.23974e-07
-3.67684e-07
2.30981e-07
-3.98767e-07
2.35073e-07
-4.30571e-07
2.35184e-07
-4.62355e-07
2.30169e-07
-4.93121e-07
2.18926e-07
-5.21649e-07
2.00593e-07
-5.46597e-07
1.74802e-07
-5.66714e-07
1.41954e-07
-5.81093e-07
1.03425e-07
-5.894e-07
6.16192e-08
1.94438e-08
3.2824e-07
1.34264e-08
3.24773e-07
4.30397e-08
3.18668e-07
7.32171e-08
3.0993e-07
1.01907e-07
2.98785e-07
1.2722e-07
2.85648e-07
1.4783e-07
2.71047e-07
1.63081e-07
2.55535e-07
1.72942e-07
2.39612e-07
1.77857e-07
2.23683e-07
1.7856e-07
2.08048e-07
1.75902e-07
1.9291e-07
1.70733e-07
1.78394e-07
1.63825e-07
1.64559e-07
1.55835e-07
1.51425e-07
1.47294e-07
1.38994e-07
1.38609e-07
1.2729e-07
1.30073e-07
1.16264e-07
1.21888e-07
1.05843e-07
1.1418e-07
9.58542e-08
1.07023e-07
8.62712e-08
1.00464e-07
7.69878e-08
9.452e-08
6.83928e-08
8.91754e-08
6.03729e-08
8.43491e-08
5.299e-08
7.99591e-08
4.59823e-08
7.59207e-08
3.94029e-08
7.22437e-08
3.32313e-08
6.89374e-08
2.74327e-08
6.5972e-08
2.19915e-08
6.33107e-08
1.68944e-08
6.09295e-08
1.21272e-08
5.88079e-08
7.67588e-09
5.69276e-08
3.52575e-09
5.52726e-08
-3.38127e-10
5.38288e-08
-3.93068e-09
5.25829e-08
-7.26631e-09
5.1523e-08
-1.03583e-08
5.06375e-08
-1.32189e-08
4.99159e-08
-1.58594e-08
4.93486e-08
-1.82911e-08
4.89263e-08
-2.05243e-08
4.86402e-08
-2.25686e-08
4.8482e-08
-2.44324e-08
4.84432e-08
-2.61215e-08
4.85159e-08
-2.76428e-08
4.86923e-08
-2.89996e-08
4.89654e-08
-3.01949e-08
4.93287e-08
-3.12311e-08
4.97764e-08
-3.21095e-08
5.03034e-08
-3.28312e-08
5.0906e-08
-3.33967e-08
5.15823e-08
-3.38082e-08
5.23324e-08
-3.40645e-08
5.31538e-08
-3.41685e-08
5.40531e-08
-3.41261e-08
5.50378e-08
-3.39498e-08
5.6119e-08
-3.36635e-08
5.73113e-08
-3.33072e-08
5.86331e-08
-3.29425e-08
6.01057e-08
-3.26515e-08
6.17489e-08
-3.25542e-08
6.35813e-08
-3.28631e-08
6.56345e-08
-3.34124e-08
6.79242e-08
-3.44881e-08
7.04598e-08
-3.61637e-08
7.32184e-08
-3.85078e-08
7.62076e-08
-4.15462e-08
7.94342e-08
-4.52764e-08
8.29072e-08
-4.9707e-08
8.66427e-08
-5.48579e-08
9.06641e-08
-6.07556e-08
9.50024e-08
-6.74298e-08
9.96953e-08
-7.49116e-08
1.04786e-07
-8.32435e-08
1.10319e-07
-9.2514e-08
1.16346e-07
-1.02804e-07
1.22919e-07
-1.14195e-07
1.30091e-07
-1.26766e-07
1.37912e-07
-1.40595e-07
1.46424e-07
-1.55768e-07
1.55653e-07
-1.72377e-07
1.65595e-07
-1.90522e-07
1.76211e-07
-2.103e-07
1.87409e-07
-2.31803e-07
1.99032e-07
-2.55103e-07
2.10831e-07
-2.80242e-07
2.22448e-07
-3.07213e-07
2.33388e-07
-3.35936e-07
2.42999e-07
-3.66226e-07
2.50454e-07
-3.97745e-07
2.54745e-07
-4.29965e-07
2.54712e-07
-4.62114e-07
2.49111e-07
-4.93167e-07
2.36754e-07
-5.21877e-07
2.16728e-07
-5.46896e-07
1.88675e-07
-5.66987e-07
1.5307e-07
-5.81285e-07
1.11434e-07
-5.89484e-07
6.63444e-08
2.09198e-08
3.28012e-07
1.45048e-08
3.24178e-07
4.62227e-08
3.1766e-07
7.8529e-08
3.08506e-07
1.09301e-07
2.96985e-07
1.36526e-07
2.83532e-07
1.58793e-07
2.68677e-07
1.75384e-07
2.52962e-07
1.86245e-07
2.36875e-07
1.91834e-07
2.20807e-07
1.92922e-07
2.05047e-07
1.90414e-07
1.8979e-07
1.85215e-07
1.75156e-07
1.78147e-07
1.61205e-07
1.69906e-07
1.4796e-07
1.61056e-07
1.35419e-07
1.52025e-07
1.2357e-07
1.43124e-07
1.12385e-07
1.34564e-07
1.01845e-07
1.26478e-07
9.19633e-08
1.18941e-07
8.27208e-08
1.1198e-07
7.4023e-08
1.05597e-07
6.57267e-08
9.97808e-08
5.77653e-08
9.45187e-08
5.01238e-08
8.9812e-08
4.31565e-08
8.56247e-08
3.68404e-08
8.18702e-08
3.10061e-08
7.84374e-08
2.5506e-08
7.53049e-08
2.03738e-08
7.25068e-08
1.55965e-08
7.00287e-08
1.1157e-08
6.78402e-08
7.03568e-09
6.59207e-08
3.21496e-09
6.42512e-08
-3.2154e-10
6.28149e-08
-3.58942e-09
6.1597e-08
-6.60394e-09
6.05837e-08
-9.38017e-09
5.97621e-08
-1.19328e-08
5.91199e-08
-1.42756e-08
5.86455e-08
-1.64211e-08
5.83276e-08
-1.83804e-08
5.81557e-08
-2.01635e-08
5.81198e-08
-2.1779e-08
5.82101e-08
-2.32341e-08
5.84176e-08
-2.45343e-08
5.87333e-08
-2.56835e-08
5.91486e-08
-2.66833e-08
5.96555e-08
-2.75335e-08
6.02465e-08
-2.82316e-08
6.09149e-08
-2.87753e-08
6.1655e-08
-2.91623e-08
6.24636e-08
-2.93912e-08
6.33381e-08
-2.94597e-08
6.42745e-08
-2.93708e-08
6.52768e-08
-2.91339e-08
6.63501e-08
-2.87678e-08
6.75034e-08
-2.8306e-08
6.87502e-08
-2.77994e-08
7.01087e-08
-2.73176e-08
7.16017e-08
-2.69328e-08
7.3256e-08
-2.66693e-08
7.50892e-08
-2.68061e-08
7.70755e-08
-2.72991e-08
7.92888e-08
-2.84096e-08
8.17049e-08
-3.00707e-08
8.43568e-08
-3.23552e-08
8.72567e-08
-3.53033e-08
9.04139e-08
-3.89334e-08
9.38455e-08
-4.32612e-08
9.75733e-08
-4.83085e-08
1.01627e-07
-5.4105e-08
1.06041e-07
-6.06877e-08
1.10857e-07
-6.81019e-08
1.16119e-07
-7.64041e-08
1.21878e-07
-8.56614e-08
1.28186e-07
-9.59495e-08
1.35101e-07
-1.07346e-07
1.42676e-07
-1.19935e-07
1.50963e-07
-1.33804e-07
1.60004e-07
-1.49043e-07
1.69821e-07
-1.65749e-07
1.80409e-07
-1.84019e-07
1.91725e-07
-2.03944e-07
2.03668e-07
-2.25608e-07
2.1607e-07
-2.49081e-07
2.28666e-07
-2.7441e-07
2.41076e-07
-3.01593e-07
2.52768e-07
-3.30555e-07
2.63041e-07
-3.61115e-07
2.71004e-07
-3.92946e-07
2.75571e-07
-4.25527e-07
2.75488e-07
-4.58099e-07
2.69409e-07
-4.8964e-07
2.56049e-07
-5.18908e-07
2.34421e-07
-5.44548e-07
2.04138e-07
-5.65306e-07
1.65713e-07
-5.80267e-07
1.20769e-07
-5.89083e-07
7.20831e-08
2.29121e-08
3.28242e-07
1.54092e-08
3.24054e-07
4.99632e-08
3.16625e-07
8.51199e-08
3.06381e-07
1.18311e-07
2.93768e-07
1.47584e-07
2.79313e-07
1.71519e-07
2.63594e-07
1.89384e-07
2.47171e-07
2.01136e-07
2.30529e-07
2.07273e-07
2.14047e-07
2.08623e-07
1.97995e-07
2.06155e-07
1.82545e-07
2.00832e-07
1.678e-07
1.93522e-07
1.53806e-07
1.84963e-07
1.40577e-07
1.75742e-07
1.28108e-07
1.66311e-07
1.16377e-07
1.56994e-07
1.05357e-07
1.48017e-07
9.50212e-08
1.3952e-07
8.53421e-08
1.31585e-07
7.62892e-08
1.24244e-07
6.78327e-08
1.17505e-07
5.99707e-08
1.11353e-07
5.27418e-08
1.05762e-07
4.5978e-08
1.00697e-07
3.95603e-08
9.61288e-08
3.33189e-08
9.20425e-08
2.75646e-08
8.8441e-08
2.24722e-08
8.52736e-08
1.78363e-08
8.24532e-08
1.3512e-08
7.99452e-08
9.52092e-09
7.77475e-08
5.84065e-09
7.5842e-08
2.45659e-09
7.42114e-08
-6.49636e-10
7.28383e-08
-3.49539e-09
7.17053e-08
-6.09731e-09
7.07959e-08
-8.47117e-09
7.00946e-08
-1.0632e-08
6.95867e-08
-1.25943e-08
6.92586e-08
-1.43721e-08
6.90972e-08
-1.59779e-08
6.90902e-08
-1.74232e-08
6.92261e-08
-1.8718e-08
6.94937e-08
-1.98702e-08
6.98826e-08
-2.08864e-08
7.03828e-08
-2.17711e-08
7.09849e-08
-2.25267e-08
7.16797e-08
-2.31536e-08
7.24585e-08
-2.36503e-08
7.33128e-08
-2.40134e-08
7.4235e-08
-2.42387e-08
7.52193e-08
-2.43234e-08
7.62593e-08
-2.42625e-08
7.73477e-08
-2.4056e-08
7.8484e-08
-2.37113e-08
7.96676e-08
-2.32442e-08
8.09009e-08
-2.26847e-08
8.21899e-08
-2.20803e-08
8.3545e-08
-2.15072e-08
8.49812e-08
-2.10817e-08
8.6518e-08
-2.10185e-08
8.81833e-08
-2.11665e-08
9.00345e-08
-2.17964e-08
9.20727e-08
-2.2825e-08
9.43262e-08
-2.43869e-08
9.68071e-08
-2.65528e-08
9.95356e-08
-2.936e-08
1.02536e-07
-3.28289e-08
1.05837e-07
-3.69742e-08
1.09469e-07
-4.1824e-08
1.13469e-07
-4.74118e-08
1.17877e-07
-5.37778e-08
1.2274e-07
-6.09697e-08
1.28107e-07
-6.90441e-08
1.34032e-07
-7.8066e-08
1.40574e-07
-8.81096e-08
1.47791e-07
-9.92565e-08
1.55741e-07
-1.11594e-07
1.64474e-07
-1.25217e-07
1.74033e-07
-1.40223e-07
1.84439e-07
-1.56716e-07
1.95687e-07
-1.74803e-07
2.07729e-07
-1.94588e-07
2.20459e-07
-2.16168e-07
2.33698e-07
-2.39625e-07
2.47164e-07
-2.65012e-07
2.60452e-07
-2.9234e-07
2.73e-07
-3.21553e-07
2.84064e-07
-3.52495e-07
2.92693e-07
-3.84861e-07
2.97726e-07
-4.18155e-07
2.97812e-07
-4.51633e-07
2.91493e-07
-4.84281e-07
2.77365e-07
-5.14842e-07
2.54328e-07
-5.41912e-07
2.2191e-07
-5.64124e-07
1.80577e-07
-5.80316e-07
1.31913e-07
-5.89535e-07
7.85627e-08
2.45497e-08
3.25431e-07
3.17918e-07
3.07896e-07
2.95713e-07
2.81777e-07
2.66558e-07
2.50543e-07
2.34186e-07
2.17866e-07
2.01872e-07
1.86402e-07
1.71581e-07
1.57475e-07
1.44112e-07
1.31493e-07
1.19607e-07
1.08431e-07
9.79393e-08
8.81049e-08
7.88988e-08
7.02919e-08
6.22581e-08
5.47766e-08
4.78259e-08
4.13723e-08
3.53986e-08
2.99494e-08
2.48527e-08
2.00398e-08
1.55787e-08
1.15268e-08
7.81806e-09
4.43682e-09
1.35978e-09
-1.43124e-09
-3.95526e-09
-6.23088e-09
-8.27605e-09
-1.01077e-08
-1.17419e-08
-1.31936e-08
-1.44771e-08
-1.56057e-08
-1.65914e-08
-1.74446e-08
-1.81737e-08
-1.87853e-08
-1.92838e-08
-1.96716e-08
-1.99495e-08
-2.01169e-08
-2.01725e-08
-2.0116e-08
-1.9945e-08
-1.96626e-08
-1.92772e-08
-1.88068e-08
-1.82809e-08
-1.77436e-08
-1.7253e-08
-1.68847e-08
-1.6713e-08
-1.68928e-08
-1.75204e-08
-1.85736e-08
-2.01423e-08
-2.22846e-08
-2.50392e-08
-2.84343e-08
-3.2494e-08
-3.72455e-08
-4.27205e-08
-4.89574e-08
-5.60012e-08
-6.39042e-08
-7.27259e-08
-8.25322e-08
-9.33957e-08
-1.05394e-07
-1.18612e-07
-1.33138e-07
-1.49066e-07
-1.66491e-07
-1.85511e-07
-2.06219e-07
-2.28694e-07
-2.52987e-07
-2.79121e-07
-3.07069e-07
-3.36727e-07
-3.67876e-07
-4.00138e-07
-4.32929e-07
-4.6543e-07
-4.96594e-07
-5.25226e-07
-5.50125e-07
-5.70251e-07
-5.8484e-07
)
;

boundaryField
{
    fuel
    {
        type            calculated;
        value           nonuniform List<scalar> 
40
(
-3.29267e-07
-3.29267e-07
-3.29267e-07
-3.29267e-07
-3.29267e-07
-3.29267e-07
-3.29267e-07
-3.29267e-07
-3.29267e-07
-3.29267e-07
-3.29267e-07
-3.29267e-07
-3.29267e-07
-3.29267e-07
-3.29267e-07
-3.29267e-07
-3.29267e-07
-3.29267e-07
-3.29267e-07
-3.29267e-07
-3.29267e-07
-3.29267e-07
-3.29267e-07
-3.29267e-07
-3.29267e-07
-3.29267e-07
-3.29267e-07
-3.29267e-07
-3.29267e-07
-3.29267e-07
-3.29267e-07
-3.29267e-07
-3.29267e-07
-3.29267e-07
-3.29267e-07
-3.29267e-07
-3.29267e-07
-3.29267e-07
-3.29267e-07
-3.29267e-07
)
;
    }
    air
    {
        type            calculated;
        value           nonuniform List<scalar> 
40
(
-5.91911e-07
-5.91911e-07
-5.91911e-07
-5.91911e-07
-5.91911e-07
-5.91911e-07
-5.91911e-07
-5.91911e-07
-5.91911e-07
-5.91911e-07
-5.91911e-07
-5.91911e-07
-5.91911e-07
-5.91911e-07
-5.91911e-07
-5.91911e-07
-5.91911e-07
-5.91911e-07
-5.91911e-07
-5.91911e-07
-5.91911e-07
-5.91911e-07
-5.91911e-07
-5.91911e-07
-5.91911e-07
-5.91911e-07
-5.91911e-07
-5.91911e-07
-5.91911e-07
-5.91911e-07
-5.91911e-07
-5.91911e-07
-5.91911e-07
-5.91911e-07
-5.91911e-07
-5.91911e-07
-5.91911e-07
-5.91911e-07
-5.91911e-07
-5.91911e-07
)
;
    }
    outlet
    {
        type            calculated;
        value           nonuniform List<scalar> 
200
(
1.90659e-08
5.68937e-08
9.41307e-08
1.29088e-07
1.59818e-07
1.84901e-07
2.03612e-07
2.15929e-07
2.22387e-07
2.23859e-07
2.21359e-07
2.15889e-07
2.08352e-07
1.9951e-07
1.89972e-07
1.80202e-07
1.70537e-07
1.61212e-07
1.52374e-07
1.44112e-07
1.36467e-07
1.29445e-07
1.23037e-07
1.17218e-07
1.11956e-07
1.07218e-07
1.02976e-07
9.91851e-08
9.58099e-08
9.28873e-08
9.03865e-08
8.82351e-08
8.6409e-08
8.48839e-08
8.3637e-08
8.26482e-08
8.18982e-08
8.13689e-08
8.10432e-08
8.09051e-08
8.09399e-08
8.11336e-08
8.14734e-08
8.19473e-08
8.25438e-08
8.32525e-08
8.40633e-08
8.49663e-08
8.59521e-08
8.70113e-08
8.81348e-08
8.93149e-08
9.05411e-08
9.18031e-08
9.30949e-08
9.44096e-08
9.57427e-08
9.70923e-08
9.84608e-08
9.98568e-08
1.01294e-07
1.02789e-07
1.04405e-07
1.06152e-07
1.08125e-07
1.10316e-07
1.12759e-07
1.15498e-07
1.18572e-07
1.22023e-07
1.25896e-07
1.30235e-07
1.35089e-07
1.40513e-07
1.46561e-07
1.53293e-07
1.60767e-07
1.69042e-07
1.78169e-07
1.88188e-07
1.99121e-07
2.1096e-07
2.23654e-07
2.37093e-07
2.5109e-07
2.65349e-07
2.79441e-07
2.92787e-07
3.04619e-07
3.1395e-07
3.19572e-07
3.20068e-07
3.13899e-07
2.99562e-07
2.75848e-07
2.42173e-07
1.98909e-07
1.4757e-07
9.07561e-08
3.09892e-08
1.9164e-08
5.71789e-08
9.45861e-08
1.29685e-07
1.60519e-07
1.85666e-07
2.04406e-07
2.16725e-07
2.23166e-07
2.2461e-07
2.22073e-07
2.16561e-07
2.08979e-07
2.00089e-07
1.90502e-07
1.80683e-07
1.7097e-07
1.61595e-07
1.5271e-07
1.44403e-07
1.36714e-07
1.29652e-07
1.23203e-07
1.17341e-07
1.12036e-07
1.07258e-07
1.0298e-07
9.91454e-08
9.57605e-08
9.28232e-08
9.03013e-08
8.81271e-08
8.62767e-08
8.47272e-08
8.34566e-08
8.24455e-08
8.16753e-08
8.1128e-08
8.0787e-08
8.06365e-08
8.06618e-08
8.08492e-08
8.11855e-08
8.16586e-08
8.22568e-08
8.29693e-08
8.37855e-08
8.46956e-08
8.56898e-08
8.67589e-08
8.78935e-08
8.90855e-08
9.03245e-08
9.15994e-08
9.29039e-08
9.42313e-08
9.55772e-08
9.694e-08
9.83227e-08
9.97333e-08
1.01188e-07
1.02707e-07
1.04339e-07
1.06111e-07
1.08091e-07
1.1029e-07
1.12743e-07
1.1549e-07
1.18572e-07
1.22029e-07
1.25905e-07
1.30245e-07
1.35098e-07
1.40517e-07
1.46558e-07
1.5328e-07
1.60742e-07
1.69002e-07
1.78113e-07
1.88114e-07
1.99028e-07
2.10846e-07
2.23519e-07
2.36938e-07
2.50913e-07
2.65151e-07
2.79221e-07
2.92546e-07
3.04357e-07
3.13668e-07
3.19268e-07
3.19745e-07
3.1356e-07
2.99213e-07
2.75499e-07
2.41842e-07
1.98615e-07
1.47336e-07
9.06035e-08
3.09344e-08
)
;
    }
    frontAndBack
    {
        type            empty;
    }
}


// ************************************************************************* //
