/*--------------------------------*- C++ -*----------------------------------*\
  =========                 |
  \\      /  F ield         | OpenFOAM: The Open Source CFD Toolbox
   \\    /   O peration     | Website:  https://openfoam.org
    \\  /    A nd           | Version:  11
     \\/     M anipulation  |
\*---------------------------------------------------------------------------*/
FoamFile
{
    format      ascii;
    class       volVectorField;
    location    "0.05";
    object      U;
}
// * * * * * * * * * * * * * * * * * * * * * * * * * * * * * * * * * * * * * //

dimensions      [0 1 -1 0 0 0 0];

internalField   nonuniform List<vector> 
4000
(
(0.0500223 -0.00688869 0)
(0.0497192 -0.0214759 0)
(0.0491429 -0.0363922 0)
(0.0483517 -0.0510811 0)
(0.0473757 -0.0648839 0)
(0.0462135 -0.0771982 0)
(0.0448581 -0.0875502 0)
(0.0433118 -0.0956526 0)
(0.0415892 -0.101423 0)
(0.039716 -0.104962 0)
(0.0377243 -0.106509 0)
(0.0356488 -0.106384 0)
(0.0335229 -0.104936 0)
(0.0313762 -0.102506 0)
(0.0292339 -0.0993994 0)
(0.0271164 -0.0958741 0)
(0.0250398 -0.0921365 0)
(0.0230164 -0.0883435 0)
(0.0210555 -0.0846089 0)
(0.0191638 -0.0810109 0)
(0.017346 -0.0775993 0)
(0.0156052 -0.0744028 0)
(0.0139441 -0.0714361 0)
(0.012365 -0.0687042 0)
(0.0108686 -0.0662011 0)
(0.00945541 -0.0639201 0)
(0.0081334 -0.061861 0)
(0.00689834 -0.0600219 0)
(0.00572136 -0.0583997 0)
(0.00459753 -0.05698 0)
(0.00354971 -0.0557505 0)
(0.00258337 -0.0547028 0)
(0.00169113 -0.0538281 0)
(0.000869571 -0.0531174 0)
(0.000115805 -0.0525625 0)
(-0.000574034 -0.0521559 0)
(-0.00120334 -0.0518904 0)
(-0.00177546 -0.0517592 0)
(-0.0022939 -0.0517557 0)
(-0.00276229 -0.0518742 0)
(-0.00318415 -0.0521089 0)
(-0.00356308 -0.0524545 0)
(-0.0039024 -0.0529064 0)
(-0.00420523 -0.0534597 0)
(-0.0044744 -0.0541101 0)
(-0.00471228 -0.0548532 0)
(-0.00492078 -0.0556847 0)
(-0.00510118 -0.0565997 0)
(-0.00525417 -0.0575931 0)
(-0.00537965 -0.0586591 0)
(-0.00547702 -0.0597911 0)
(-0.00554513 -0.0609811 0)
(-0.00558277 -0.0622203 0)
(-0.00558852 -0.0634984 0)
(-0.00556109 -0.0648035 0)
(-0.0055008 -0.0661226 0)
(-0.00540963 -0.0674413 0)
(-0.00529323 -0.0687455 0)
(-0.00515999 -0.0700217 0)
(-0.00502323 -0.0712591 0)
(-0.00490043 -0.072451 0)
(-0.00481546 -0.0735959 0)
(-0.00480425 -0.0747002 0)
(-0.00490587 -0.0757841 0)
(-0.00512882 -0.0768751 0)
(-0.00547485 -0.077993 0)
(-0.00596361 -0.0791614 0)
(-0.00660597 -0.0804078 0)
(-0.00740433 -0.0817579 0)
(-0.00835694 -0.083234 0)
(-0.0094614 -0.0848547 0)
(-0.0107148 -0.0866344 0)
(-0.0121144 -0.0885844 0)
(-0.013657 -0.0907118 0)
(-0.0153393 -0.093019 0)
(-0.0171564 -0.0955032 0)
(-0.0191019 -0.0981543 0)
(-0.0211669 -0.100954 0)
(-0.0233402 -0.103871 0)
(-0.0256074 -0.106861 0)
(-0.0279504 -0.109861 0)
(-0.0303474 -0.112789 0)
(-0.0327722 -0.115536 0)
(-0.0351941 -0.117969 0)
(-0.0375784 -0.119925 0)
(-0.0398859 -0.121217 0)
(-0.0420742 -0.121634 0)
(-0.0440985 -0.120959 0)
(-0.0459162 -0.118976 0)
(-0.0474893 -0.11549 0)
(-0.0487884 -0.110346 0)
(-0.0497961 -0.103457 0)
(-0.0505114 -0.0948267 0)
(-0.0509526 -0.0845686 0)
(-0.0511573 -0.0729085 0)
(-0.0511794 -0.0601691 0)
(-0.051078 -0.0467366 0)
(-0.0508974 -0.0330202 0)
(-0.0506373 -0.0194225 0)
(-0.0502587 -0.00624282 0)
(0.0502418 -0.0055647 0)
(0.0504819 -0.0181176 0)
(0.0504674 -0.0314074 0)
(0.0501687 -0.0447437 0)
(0.0496027 -0.0574212 0)
(0.0487675 -0.0688238 0)
(0.0476536 -0.0784687 0)
(0.0462641 -0.0860506 0)
(0.0446208 -0.0914604 0)
(0.0427611 -0.0947693 0)
(0.0407313 -0.0961868 0)
(0.0385799 -0.0960082 0)
(0.0363521 -0.0945645 0)
(0.0340871 -0.092183 0)
(0.0318174 -0.08916 0)
(0.0295682 -0.0857463 0)
(0.0273589 -0.0821417 0)
(0.0252038 -0.0784971 0)
(0.0231132 -0.0749202 0)
(0.0210952 -0.0714829 0)
(0.0191559 -0.0682287 0)
(0.0172976 -0.0651783 0)
(0.0155225 -0.0623407 0)
(0.0138414 -0.0597236 0)
(0.0122561 -0.0573345 0)
(0.0107402 -0.0551783 0)
(0.00926978 -0.0532421 0)
(0.00784715 -0.0515062 0)
(0.00652104 -0.04995 0)
(0.00531431 -0.0485575 0)
(0.00419021 -0.0473202 0)
(0.00313358 -0.0462342 0)
(0.00214857 -0.045295 0)
(0.00123327 -0.0444976 0)
(0.000383625 -0.0438368 0)
(-0.00040338 -0.0433079 0)
(-0.00113097 -0.042906 0)
(-0.00180245 -0.0426264 0)
(-0.00242113 -0.0424647 0)
(-0.00299023 -0.0424163 0)
(-0.00351304 -0.0424773 0)
(-0.00399264 -0.0426436 0)
(-0.00443192 -0.0429112 0)
(-0.00483353 -0.0432764 0)
(-0.00519969 -0.0437355 0)
(-0.00553223 -0.0442847 0)
(-0.0058324 -0.0449201 0)
(-0.00610088 -0.0456379 0)
(-0.00633756 -0.0464339 0)
(-0.00654166 -0.0473036 0)
(-0.00671158 -0.0482424 0)
(-0.00684525 -0.0492451 0)
(-0.0069405 -0.0503061 0)
(-0.00699474 -0.0514195 0)
(-0.00700563 -0.0525787 0)
(-0.00697189 -0.053777 0)
(-0.00689512 -0.0550072 0)
(-0.00678009 -0.0562619 0)
(-0.00663737 -0.0575345 0)
(-0.00648313 -0.0588196 0)
(-0.00634049 -0.060114 0)
(-0.00623711 -0.0614184 0)
(-0.00621062 -0.0627372 0)
(-0.00629676 -0.0640705 0)
(-0.00650557 -0.0654185 0)
(-0.00684449 -0.0668023 0)
(-0.0073327 -0.0682398 0)
(-0.00798243 -0.0697457 0)
(-0.00879441 -0.0713351 0)
(-0.00976536 -0.073022 0)
(-0.0108913 -0.0748185 0)
(-0.0121697 -0.0767354 0)
(-0.0135981 -0.0787811 0)
(-0.0151734 -0.0809615 0)
(-0.0168922 -0.0832792 0)
(-0.0187501 -0.0857323 0)
(-0.0207418 -0.0883128 0)
(-0.0228598 -0.0910052 0)
(-0.0250938 -0.0937833 0)
(-0.02743 -0.0966077 0)
(-0.0298507 -0.0994225 0)
(-0.032334 -0.102151 0)
(-0.0348532 -0.104695 0)
(-0.0373767 -0.106931 0)
(-0.0398674 -0.108708 0)
(-0.042283 -0.109857 0)
(-0.0445763 -0.110188 0)
(-0.0466978 -0.109496 0)
(-0.0485978 -0.107581 0)
(-0.0502289 -0.104261 0)
(-0.0515506 -0.0993986 0)
(-0.0525339 -0.0929227 0)
(-0.0531671 -0.0848506 0)
(-0.0534598 -0.0753045 0)
(-0.0534452 -0.0645143 0)
(-0.0531762 -0.0528028 0)
(-0.0527126 -0.0405557 0)
(-0.0520945 -0.0281971 0)
(-0.051329 -0.0161863 0)
(-0.0504576 -0.00496672 0)
(0.0502157 -0.00530105 0)
(0.0505849 -0.0171975 0)
(0.0507874 -0.0298236 0)
(0.050785 -0.0425561 0)
(0.0505472 -0.0547181 0)
(0.0500365 -0.0657007 0)
(0.0492214 -0.0750163 0)
(0.048092 -0.0823482 0)
(0.0466637 -0.0875722 0)
(0.0449726 -0.0907441 0)
(0.0430672 -0.092059 0)
(0.0410004 -0.0918011 0)
(0.0388229 -0.0902942 0)
(0.0365793 -0.0878614 0)
(0.0343066 -0.0847974 0)
(0.0320339 -0.081353 0)
(0.0297842 -0.0777281 0)
(0.027574 -0.074072 0)
(0.0254155 -0.0704894 0)
(0.0233213 -0.0670521 0)
(0.0213086 -0.0638103 0)
(0.0193819 -0.0607931 0)
(0.0175147 -0.0580152 0)
(0.0156779 -0.0554794 0)
(0.0138595 -0.0531721 0)
(0.0120963 -0.0510719 0)
(0.0104509 -0.0491573 0)
(0.00894003 -0.0474137 0)
(0.00753239 -0.0458263 0)
(0.00619994 -0.0443974 0)
(0.00493946 -0.0431235 0)
(0.00374891 -0.0419955 0)
(0.00262561 -0.0410066 0)
(0.00156884 -0.0401517 0)
(0.000577108 -0.039426 0)
(-0.000351769 -0.0388247 0)
(-0.00122007 -0.0383436 0)
(-0.00203045 -0.0379785 0)
(-0.00278556 -0.0377257 0)
(-0.00348827 -0.0375813 0)
(-0.00414137 -0.0375419 0)
(-0.00474758 -0.0376039 0)
(-0.00530946 -0.037764 0)
(-0.00582923 -0.0380188 0)
(-0.00630883 -0.038365 0)
(-0.00674972 -0.0387993 0)
(-0.00715292 -0.0393186 0)
(-0.00751878 -0.0399194 0)
(-0.00784709 -0.0405986 0)
(-0.00813688 -0.041353 0)
(-0.00838639 -0.0421793 0)
(-0.0085935 -0.0430743 0)
(-0.00875605 -0.044035 0)
(-0.00887142 -0.0450584 0)
(-0.00893685 -0.0461415 0)
(-0.00895086 -0.047281 0)
(-0.00891394 -0.0484736 0)
(-0.00883029 -0.0497154 0)
(-0.00870933 -0.0510023 0)
(-0.00856827 -0.0523289 0)
(-0.00843181 -0.053691 0)
(-0.00833303 -0.0550843 0)
(-0.00829497 -0.0565104 0)
(-0.00833386 -0.057972 0)
(-0.00850063 -0.0594624 0)
(-0.00883569 -0.0609897 0)
(-0.00933953 -0.0625663 0)
(-0.0100137 -0.0642046 0)
(-0.0108598 -0.065917 0)
(-0.0118726 -0.0677139 0)
(-0.0130466 -0.0696048 0)
(-0.0143771 -0.0715985 0)
(-0.0158596 -0.0737022 0)
(-0.0174898 -0.0759213 0)
(-0.0192628 -0.0782581 0)
(-0.0211731 -0.0807109 0)
(-0.0232142 -0.0832726 0)
(-0.0253777 -0.0859298 0)
(-0.0276519 -0.08866 0)
(-0.0300214 -0.0914281 0)
(-0.0324669 -0.0941825 0)
(-0.034964 -0.0968519 0)
(-0.0374838 -0.0993431 0)
(-0.0399923 -0.101538 0)
(-0.0424496 -0.103293 0)
(-0.0448115 -0.104442 0)
(-0.0470304 -0.104798 0)
(-0.0490563 -0.104167 0)
(-0.0508381 -0.102352 0)
(-0.0523272 -0.0991818 0)
(-0.0534822 -0.0945229 0)
(-0.0542734 -0.0883088 0)
(-0.0546896 -0.0805607 0)
(-0.0547422 -0.0714034 0)
(-0.0544682 -0.061069 0)
(-0.0539282 -0.0498816 0)
(-0.053196 -0.0382268 0)
(-0.0523384 -0.0265228 0)
(-0.0514007 -0.0152091 0)
(-0.0504282 -0.00467682 0)
(0.050265 -0.00494532 0)
(0.0507809 -0.0160955 0)
(0.0511728 -0.0279669 0)
(0.0513837 -0.0399697 0)
(0.0513635 -0.0514558 0)
(0.0510582 -0.0618401 0)
(0.0504255 -0.0706525 0)
(0.0494499 -0.0775857 0)
(0.0481456 -0.0825145 0)
(0.0465509 -0.0854844 0)
(0.0447177 -0.0866745 0)
(0.042703 -0.0863507 0)
(0.0405614 -0.08482 0)
(0.0383407 -0.0823912 0)
(0.0360795 -0.0793474 0)
(0.0338097 -0.075931 0)
(0.0315598 -0.0723401 0)
(0.0293514 -0.0687308 0)
(0.0271898 -0.0652154 0)
(0.0250589 -0.0618709 0)
(0.0229495 -0.0587449 0)
(0.0208652 -0.0558552 0)
(0.0188155 -0.0532007 0)
(0.0168456 -0.0507623 0)
(0.0149982 -0.0485222 0)
(0.0132599 -0.0464571 0)
(0.0115893 -0.0445576 0)
(0.00997684 -0.042825 0)
(0.0084357 -0.0412584 0)
(0.00696721 -0.039848 0)
(0.00556983 -0.0385838 0)
(0.00424266 -0.0374577 0)
(0.00298449 -0.0364623 0)
(0.00179354 -0.0355914 0)
(0.000668366 -0.0348401 0)
(-0.000392676 -0.0342038 0)
(-0.00139156 -0.0336788 0)
(-0.00233044 -0.0332617 0)
(-0.00321172 -0.0329493 0)
(-0.00403782 -0.0327386 0)
(-0.00481121 -0.0326269 0)
(-0.00553426 -0.0326115 0)
(-0.00620926 -0.0326896 0)
(-0.00683828 -0.0328586 0)
(-0.00742301 -0.033116 0)
(-0.00796503 -0.0334592 0)
(-0.00846545 -0.033886 0)
(-0.00892477 -0.0343939 0)
(-0.00934308 -0.0349811 0)
(-0.00971999 -0.0356455 0)
(-0.0100544 -0.0363856 0)
(-0.0103449 -0.0372002 0)
(-0.0105897 -0.0380882 0)
(-0.0107867 -0.0390489 0)
(-0.0109333 -0.0400817 0)
(-0.0110271 -0.0411861 0)
(-0.0110669 -0.042361 0)
(-0.0110537 -0.0436042 0)
(-0.0109927 -0.044912 0)
(-0.0108963 -0.0462793 0)
(-0.0107858 -0.0476995 0)
(-0.010698 -0.0491623 0)
(-0.0106811 -0.0506531 0)
(-0.0107452 -0.0521709 0)
(-0.0109081 -0.0537272 0)
(-0.0112197 -0.0553239 0)
(-0.0117076 -0.0569664 0)
(-0.012382 -0.058663 0)
(-0.0132381 -0.0604241 0)
(-0.0142655 -0.0622565 0)
(-0.0154569 -0.0641657 0)
(-0.0168066 -0.0661584 0)
(-0.0183085 -0.0682421 0)
(-0.0199553 -0.0704241 0)
(-0.0217385 -0.0727103 0)
(-0.0236503 -0.0751001 0)
(-0.0256852 -0.0775819 0)
(-0.0278369 -0.0801416 0)
(-0.0300942 -0.0827595 0)
(-0.0324403 -0.0854038 0)
(-0.0348532 -0.088027 0)
(-0.0373082 -0.0905623 0)
(-0.0397762 -0.0929227 0)
(-0.0422234 -0.0949976 0)
(-0.0446123 -0.0966526 0)
(-0.0468996 -0.0977311 0)
(-0.049038 -0.0980587 0)
(-0.0509767 -0.0974513 0)
(-0.0526629 -0.0957274 0)
(-0.0540462 -0.0927257 0)
(-0.0550828 -0.0883245 0)
(-0.0557409 -0.0824643 0)
(-0.0560071 -0.0751687 0)
(-0.0558917 -0.0665593 0)
(-0.0554324 -0.0568584 0)
(-0.0546932 -0.046375 0)
(-0.0537556 -0.0354768 0)
(-0.0526985 -0.0245628 0)
(-0.0515839 -0.014049 0)
(-0.0504733 -0.00430095 0)
(0.0502952 -0.00466129 0)
(0.0509061 -0.0152059 0)
(0.0514095 -0.0264607 0)
(0.0517424 -0.0378577 0)
(0.0518447 -0.0487701 0)
(0.0516548 -0.0586332 0)
(0.0511254 -0.066996 0)
(0.050239 -0.0735639 0)
(0.0490095 -0.0782166 0)
(0.0474758 -0.0809947 0)
(0.0456918 -0.0820654 0)
(0.0437162 -0.0816779 0)
(0.0416071 -0.0801221 0)
(0.0394197 -0.0776949 0)
(0.0371977 -0.074677 0)
(0.0349646 -0.071311 0)
(0.0327215 -0.0677942 0)
(0.0304726 -0.0642758 0)
(0.028228 -0.0608611 0)
(0.0259971 -0.0576136 0)
(0.0238199 -0.0545607 0)
(0.0217313 -0.0517206 0)
(0.0197367 -0.0490938 0)
(0.0178122 -0.0466694 0)
(0.0159384 -0.0444469 0)
(0.0141239 -0.0424247 0)
(0.0123706 -0.040592 0)
(0.0106784 -0.0389295 0)
(0.00905015 -0.0374238 0)
(0.0074885 -0.0360637 0)
(0.00599408 -0.0348395 0)
(0.00456652 -0.033743 0)
(0.00320511 -0.0327674 0)
(0.00190904 -0.0319069 0)
(0.00067735 -0.0311568 0)
(-0.00049114 -0.030513 0)
(-0.00159789 -0.0299723 0)
(-0.00264463 -0.0295318 0)
(-0.0036332 -0.0291889 0)
(-0.00456554 -0.0289411 0)
(-0.00544359 -0.0287865 0)
(-0.00626926 -0.0287227 0)
(-0.0070445 -0.0287479 0)
(-0.00777122 -0.0288602 0)
(-0.00845124 -0.0290577 0)
(-0.00908625 -0.0293387 0)
(-0.00967777 -0.0297017 0)
(-0.010227 -0.0301452 0)
(-0.0107349 -0.0306681 0)
(-0.011202 -0.0312696 0)
(-0.0116283 -0.0319493 0)
(-0.0120132 -0.0327071 0)
(-0.0123564 -0.0335434 0)
(-0.0126566 -0.0344589 0)
(-0.0129115 -0.035455 0)
(-0.0131182 -0.036533 0)
(-0.0132727 -0.037694 0)
(-0.0133713 -0.0389363 0)
(-0.0134143 -0.0402533 0)
(-0.0134094 -0.0416377 0)
(-0.0133641 -0.043081 0)
(-0.0132878 -0.0445765 0)
(-0.0132205 -0.0461183 0)
(-0.0132375 -0.0476964 0)
(-0.0133911 -0.0493157 0)
(-0.0137023 -0.0509793 0)
(-0.0141866 -0.052688 0)
(-0.0148578 -0.0544405 0)
(-0.0157114 -0.0562331 0)
(-0.0167288 -0.0580691 0)
(-0.0179037 -0.059956 0)
(-0.0192366 -0.0619018 0)
(-0.0207271 -0.0639136 0)
(-0.0223726 -0.0659979 0)
(-0.0241592 -0.0681594 0)
(-0.0260555 -0.0704031 0)
(-0.0280474 -0.0727336 0)
(-0.0301436 -0.075144 0)
(-0.0323397 -0.0776149 0)
(-0.0346182 -0.0801158 0)
(-0.0369557 -0.0826021 0)
(-0.0393283 -0.0850108 0)
(-0.0417096 -0.0872558 0)
(-0.0440669 -0.08923 0)
(-0.0463621 -0.0908055 0)
(-0.0485526 -0.0918343 0)
(-0.0505909 -0.0921518 0)
(-0.0524261 -0.0915849 0)
(-0.0540062 -0.0899637 0)
(-0.0552806 -0.0871368 0)
(-0.0562051 -0.082991 0)
(-0.0567473 -0.0774707 0)
(-0.0568929 -0.0705986 0)
(-0.0566519 -0.0624889 0)
(-0.0560623 -0.0533514 0)
(-0.0551894 -0.043479 0)
(-0.0541184 -0.0332225 0)
(-0.0529339 -0.0229654 0)
(-0.051706 -0.0131085 0)
(-0.0505014 -0.00400043 0)
(0.0503309 -0.00437437 0)
(0.0510351 -0.0143074 0)
(0.0516339 -0.0249326 0)
(0.0520561 -0.0357004 0)
(0.0522354 -0.0460077 0)
(0.0521067 -0.0553154 0)
(0.0516227 -0.0631972 0)
(0.0507681 -0.0693766 0)
(0.0495597 -0.07374 0)
(0.0480408 -0.0763247 0)
(0.0462724 -0.0772884 0)
(0.0443175 -0.0768704 0)
(0.0422277 -0.0753478 0)
(0.0400347 -0.0730036 0)
(0.0377683 -0.0700995 0)
(0.0354639 -0.0668604 0)
(0.0331578 -0.0634667 0)
(0.030882 -0.0600538 0)
(0.0286605 -0.0567208 0)
(0.0265122 -0.0535321 0)
(0.0244161 -0.0505246 0)
(0.0223518 -0.0477275 0)
(0.0203375 -0.0451543 0)
(0.0183802 -0.042808 0)
(0.0164767 -0.0406742 0)
(0.014628 -0.0387374 0)
(0.0128355 -0.0369821 0)
(0.0111009 -0.0353923 0)
(0.00942513 -0.0339536 0)
(0.00780926 -0.0326538 0)
(0.00625385 -0.0314828 0)
(0.00475944 -0.030432 0)
(0.00332627 -0.0294943 0)
(0.0019543 -0.0286638 0)
(0.00064309 -0.0279359 0)
(-0.000607979 -0.0273067 0)
(-0.00179983 -0.0267732 0)
(-0.0029336 -0.0263328 0)
(-0.00401057 -0.0259832 0)
(-0.00503219 -0.0257224 0)
(-0.00600009 -0.0255487 0)
(-0.00691599 -0.0254604 0)
(-0.0077817 -0.0254562 0)
(-0.00859902 -0.0255345 0)
(-0.00936978 -0.0256943 0)
(-0.0100957 -0.0259345 0)
(-0.0107786 -0.0262541 0)
(-0.0114201 -0.0266525 0)
(-0.0120217 -0.027129 0)
(-0.0125849 -0.0276832 0)
(-0.013111 -0.0283151 0)
(-0.0136008 -0.0290246 0)
(-0.0140547 -0.0298122 0)
(-0.0144731 -0.0306782 0)
(-0.0148551 -0.0316234 0)
(-0.0151981 -0.0326484 0)
(-0.0154922 -0.0337542 0)
(-0.0157184 -0.0349416 0)
(-0.0158675 -0.0362104 0)
(-0.015944 -0.0375588 0)
(-0.0159665 -0.0389818 0)
(-0.015973 -0.0404738 0)
(-0.0159981 -0.042027 0)
(-0.0160748 -0.043631 0)
(-0.0162485 -0.0452756 0)
(-0.0165539 -0.0469591 0)
(-0.0170048 -0.0486749 0)
(-0.017599 -0.050419 0)
(-0.0183422 -0.0521887 0)
(-0.0192505 -0.0539886 0)
(-0.0203263 -0.0558273 0)
(-0.021563 -0.0577127 0)
(-0.0229524 -0.0596519 0)
(-0.0244863 -0.0616505 0)
(-0.0261623 -0.063712 0)
(-0.027988 -0.0658413 0)
(-0.0299542 -0.0680459 0)
(-0.0320309 -0.070321 0)
(-0.0341973 -0.0726489 0)
(-0.0364377 -0.0749991 0)
(-0.03873 -0.0773281 0)
(-0.0410421 -0.079578 0)
(-0.043342 -0.0816732 0)
(-0.0456045 -0.0835164 0)
(-0.047801 -0.0849869 0)
(-0.0498927 -0.0859436 0)
(-0.0518334 -0.0862319 0)
(-0.0535738 -0.0856901 0)
(-0.055062 -0.0841603 0)
(-0.0562478 -0.081502 0)
(-0.0570861 -0.0776104 0)
(-0.0575434 -0.0724345 0)
(-0.0576039 -0.0659955 0)
(-0.0572756 -0.0583998 0)
(-0.0565947 -0.0498423 0)
(-0.0556252 -0.0405966 0)
(-0.0544524 -0.0309928 0)
(-0.0531631 -0.0213952 0)
(-0.0518327 -0.0121882 0)
(-0.0505344 -0.0037068 0)
(0.050362 -0.00409593 0)
(0.0511436 -0.0134232 0)
(0.0518146 -0.0234154 0)
(0.0522975 -0.0335444 0)
(0.0525225 -0.043234 0)
(0.052425 -0.051974 0)
(0.0519604 -0.059365 0)
(0.0511191 -0.0651513 0)
(0.0499219 -0.0692319 0)
(0.0484077 -0.0716471 0)
(0.0466203 -0.0725485 0)
(0.0446143 -0.0721602 0)
(0.0424514 -0.0707286 0)
(0.0401944 -0.0685053 0)
(0.0379033 -0.0657269 0)
(0.0356195 -0.0626036 0)
(0.0333623 -0.0593104 0)
(0.0311363 -0.0559864 0)
(0.0289462 -0.0527365 0)
(0.0268006 -0.0496357 0)
(0.0247009 -0.0467333 0)
(0.0226459 -0.0440464 0)
(0.0206387 -0.0415788 0)
(0.0186808 -0.0393283 0)
(0.0167733 -0.0372841 0)
(0.0149165 -0.035432 0)
(0.0131109 -0.0337565 0)
(0.0113573 -0.0322423 0)
(0.0096561 -0.0308751 0)
(0.00800837 -0.0296424 0)
(0.00641505 -0.028533 0)
(0.00487691 -0.027538 0)
(0.00339445 -0.0266496 0)
(0.00196777 -0.0258619 0)
(0.000596708 -0.02517 0)
(-0.000718939 -0.0245702 0)
(-0.00197954 -0.0240593 0)
(-0.00318572 -0.0236347 0)
(-0.00433817 -0.0232945 0)
(-0.00543782 -0.023037 0)
(-0.00648584 -0.0228608 0)
(-0.0074836 -0.0227646 0)
(-0.0084327 -0.0227474 0)
(-0.00933489 -0.0228083 0)
(-0.010192 -0.0229464 0)
(-0.0110061 -0.0231609 0)
(-0.0117792 -0.0234513 0)
(-0.012513 -0.023817 0)
(-0.0132094 -0.0242576 0)
(-0.01387 -0.024773 0)
(-0.0144961 -0.0253629 0)
(-0.0150885 -0.0260276 0)
(-0.0156476 -0.026767 0)
(-0.0161734 -0.0275814 0)
(-0.0166643 -0.0284713 0)
(-0.0171182 -0.0294371 0)
(-0.017531 -0.0304799 0)
(-0.0178951 -0.0316023 0)
(-0.0182027 -0.0328095 0)
(-0.0184479 -0.0341055 0)
(-0.0186261 -0.0354904 0)
(-0.0187357 -0.036955 0)
(-0.0187978 -0.0384793 0)
(-0.0188734 -0.0400438 0)
(-0.0190323 -0.041635 0)
(-0.0193025 -0.0432436 0)
(-0.0196923 -0.0448696 0)
(-0.0202224 -0.0465185 0)
(-0.0209079 -0.0481993 0)
(-0.0217558 -0.0499179 0)
(-0.0227667 -0.0516788 0)
(-0.0239373 -0.0534876 0)
(-0.0252622 -0.0553508 0)
(-0.0267349 -0.0572749 0)
(-0.0283493 -0.0592654 0)
(-0.0300996 -0.0613233 0)
(-0.0319733 -0.0634411 0)
(-0.0339511 -0.0656091 0)
(-0.0360127 -0.0678125 0)
(-0.0381392 -0.0700253 0)
(-0.0403145 -0.0722081 0)
(-0.0425234 -0.0743075 0)
(-0.0447419 -0.0762541 0)
(-0.0469304 -0.0779589 0)
(-0.0490455 -0.0793133 0)
(-0.0510481 -0.080189 0)
(-0.0528983 -0.0804419 0)
(-0.0545489 -0.079921 0)
(-0.0559493 -0.0784786 0)
(-0.0570503 -0.0759849 0)
(-0.0578079 -0.0723433 0)
(-0.0581884 -0.0675073 0)
(-0.0581756 -0.0614966 0)
(-0.0577757 -0.0544095 0)
(-0.0570228 -0.046426 0)
(-0.0559786 -0.0377996 0)
(-0.0547269 -0.0288387 0)
(-0.0533548 -0.0198868 0)
(-0.0519409 -0.0113106 0)
(-0.0505631 -0.00343029 0)
(0.0503912 -0.00381206 0)
(0.0512417 -0.0125129 0)
(0.051974 -0.0218434 0)
(0.0525052 -0.0313015 0)
(0.052764 -0.0403432 0)
(0.0526887 -0.0484929 0)
(0.0522356 -0.0553847 0)
(0.0513898 -0.0607889 0)
(0.050163 -0.0646164 0)
(0.0485903 -0.0669005 0)
(0.0467267 -0.0677668 0)
(0.0446706 -0.0674013 0)
(0.0425127 -0.0660375 0)
(0.0402915 -0.0639142 0)
(0.0380317 -0.0612588 0)
(0.0357599 -0.0582753 0)
(0.033502 -0.0551351 0)
(0.0312743 -0.051971 0)
(0.0290859 -0.04888 0)
(0.026943 -0.045929 0)
(0.0248479 -0.0431609 0)
(0.0228016 -0.040597 0)
(0.0208039 -0.0382447 0)
(0.0188545 -0.0361009 0)
(0.0169526 -0.0341564 0)
(0.0150976 -0.0323981 0)
(0.0132894 -0.0308111 0)
(0.0115281 -0.0293806 0)
(0.00981429 -0.028092 0)
(0.00814866 -0.0269327 0)
(0.00653186 -0.0258913 0)
(0.00496441 -0.0249586 0)
(0.00344661 -0.024127 0)
(0.00197866 -0.0233902 0)
(0.000560784 -0.0227433 0)
(-0.000806795 -0.0221824 0)
(-0.00212413 -0.021704 0)
(-0.00339156 -0.0213058 0)
(-0.00460957 -0.0209857 0)
(-0.0057789 -0.0207421 0)
(-0.00690049 -0.0205738 0)
(-0.00797544 -0.0204799 0)
(-0.00900502 -0.0204594 0)
(-0.00999061 -0.0205118 0)
(-0.0109338 -0.0206367 0)
(-0.0118362 -0.0208335 0)
(-0.0126997 -0.0211021 0)
(-0.0135263 -0.021442 0)
(-0.0143181 -0.0218532 0)
(-0.0150769 -0.0223356 0)
(-0.0158047 -0.0228892 0)
(-0.0165028 -0.0235143 0)
(-0.0171719 -0.0242114 0)
(-0.0178131 -0.0249811 0)
(-0.0184268 -0.0258246 0)
(-0.0190111 -0.0267437 0)
(-0.0195612 -0.0277403 0)
(-0.0200688 -0.0288161 0)
(-0.0205268 -0.0299734 0)
(-0.020925 -0.0312131 0)
(-0.0212462 -0.0325328 0)
(-0.0214734 -0.0339256 0)
(-0.0216101 -0.0353797 0)
(-0.0216997 -0.0368774 0)
(-0.0218085 -0.0384015 0)
(-0.0220011 -0.0399413 0)
(-0.0223259 -0.0414994 0)
(-0.022801 -0.0430791 0)
(-0.0234305 -0.044684 0)
(-0.0242173 -0.0463185 0)
(-0.0251616 -0.0479872 0)
(-0.0262612 -0.0496958 0)
(-0.0275119 -0.0514499 0)
(-0.0289075 -0.0532548 0)
(-0.0304406 -0.0551145 0)
(-0.0321026 -0.0570299 0)
(-0.0338813 -0.0589971 0)
(-0.0357627 -0.0610088 0)
(-0.0377307 -0.0630506 0)
(-0.0397679 -0.0651003 0)
(-0.0418563 -0.0671226 0)
(-0.0439724 -0.0690674 0)
(-0.0460894 -0.0708657 0)
(-0.0481802 -0.0724317 0)
(-0.05021 -0.0736634 0)
(-0.0521325 -0.0744442 0)
(-0.0538981 -0.0746463 0)
(-0.0554585 -0.0741368 0)
(-0.0567668 -0.0727771 0)
(-0.0577784 -0.0704452 0)
(-0.0584518 -0.0670519 0)
(-0.0587544 -0.0625551 0)
(-0.0586694 -0.0569735 0)
(-0.0582023 -0.0503976 0)
(-0.0573849 -0.042993 0)
(-0.0562765 -0.034993 0)
(-0.0549589 -0.0266827 0)
(-0.053518 -0.0183834 0)
(-0.0520339 -0.0104407 0)
(-0.0505883 -0.00315857 0)
(0.0504167 -0.0035238 0)
(0.0513272 -0.0115791 0)
(0.0521122 -0.0202223 0)
(0.0526845 -0.0289829 0)
(0.0529697 -0.0373557 0)
(0.0528988 -0.0449048 0)
(0.0524223 -0.0512975 0)
(0.0515303 -0.0563174 0)
(0.0502584 -0.0598745 0)
(0.0486762 -0.0619936 0)
(0.0468627 -0.062789 0)
(0.0448579 -0.062436 0)
(0.0427003 -0.0611557 0)
(0.0404571 -0.0591748 0)
(0.0381776 -0.0567028 0)
(0.0358929 -0.0539233 0)
(0.0336267 -0.0509901 0)
(0.0313951 -0.0480263 0)
(0.0292071 -0.0451238 0)
(0.0270676 -0.0423474 0)
(0.0249784 -0.0397383 0)
(0.0229393 -0.0373194 0)
(0.0209489 -0.0350994 0)
(0.0190057 -0.0330771 0)
(0.0171082 -0.0312445 0)
(0.0152553 -0.0295897 0)
(0.0134464 -0.0280988 0)
(0.0116812 -0.0267574 0)
(0.00995955 -0.0255518 0)
(0.00828154 -0.0244694 0)
(0.00664713 -0.0234994 0)
(0.00505616 -0.0226325 0)
(0.00350871 -0.0218612 0)
(0.00200529 -0.021179 0)
(0.000546438 -0.0205808 0)
(-0.000867405 -0.0200625 0)
(-0.002236 -0.0196209 0)
(-0.00355937 -0.0192535 0)
(-0.00483771 -0.0189584 0)
(-0.00607148 -0.018734 0)
(-0.00726138 -0.0185793 0)
(-0.00840838 -0.0184934 0)
(-0.00951365 -0.0184756 0)
(-0.0105786 -0.0185254 0)
(-0.0116047 -0.0186424 0)
(-0.0125938 -0.0188265 0)
(-0.0135476 -0.0190774 0)
(-0.0144678 -0.0193951 0)
(-0.0153564 -0.0197796 0)
(-0.0162153 -0.0202312 0)
(-0.0170463 -0.02075 0)
(-0.0178513 -0.0213365 0)
(-0.0186315 -0.0219913 0)
(-0.0193882 -0.0227149 0)
(-0.0201227 -0.0235079 0)
(-0.0208346 -0.0243713 0)
(-0.0215196 -0.0253065 0)
(-0.0221704 -0.0263152 0)
(-0.0227762 -0.0273995 0)
(-0.0233177 -0.0285599 0)
(-0.023769 -0.0297951 0)
(-0.0241008 -0.0310993 0)
(-0.024302 -0.0324615 0)
(-0.0244148 -0.0338674 0)
(-0.0245217 -0.0353047 0)
(-0.0246972 -0.036768 0)
(-0.0249825 -0.0382529 0)
(-0.0253974 -0.0397556 0)
(-0.0259572 -0.0412771 0)
(-0.0266698 -0.0428209 0)
(-0.0275371 -0.0443914 0)
(-0.0285576 -0.0459936 0)
(-0.0297273 -0.047633 0)
(-0.03104 -0.0493145 0)
(-0.0324877 -0.0510416 0)
(-0.0340607 -0.0528157 0)
(-0.0357483 -0.0546344 0)
(-0.037537 -0.0564909 0)
(-0.0394122 -0.0583714 0)
(-0.041357 -0.0602536 0)
(-0.0433521 -0.0621042 0)
(-0.045375 -0.063876 0)
(-0.0473996 -0.0655077 0)
(-0.049394 -0.066922 0)
(-0.051322 -0.0680249 0)
(-0.0531501 -0.0687092 0)
(-0.0548431 -0.0688552 0)
(-0.0563349 -0.0683365 0)
(-0.0575579 -0.0670371 0)
(-0.0584757 -0.0648528 0)
(-0.0590573 -0.0617035 0)
(-0.0592751 -0.0575495 0)
(-0.0591144 -0.0524058 0)
(-0.0585798 -0.0463527 0)
(-0.0577009 -0.0395393 0)
(-0.0565339 -0.0321774 0)
(-0.0551577 -0.0245281 0)
(-0.0536567 -0.0168882 0)
(-0.0521122 -0.00958076 0)
(-0.0506091 -0.00289194 0)
(0.0504392 -0.00323147 0)
(0.0514021 -0.0106238 0)
(0.0522327 -0.0185585 0)
(0.0528363 -0.0266024 0)
(0.053132 -0.0342919 0)
(0.0530508 -0.0412236 0)
(0.0525692 -0.0470855 0)
(0.0516991 -0.0516819 0)
(0.0504624 -0.054933 0)
(0.0489021 -0.056867 0)
(0.0470799 -0.057598 0)
(0.0450596 -0.0572965 0)
(0.0428998 -0.0561487 0)
(0.0406557 -0.0543504 0)
(0.0383728 -0.0520909 0)
(0.0360846 -0.0495386 0)
(0.0338154 -0.0468357 0)
(0.031581 -0.0440962 0)
(0.0293913 -0.0414064 0)
(0.0272511 -0.0388277 0)
(0.025162 -0.0364004 0)
(0.0231237 -0.0341473 0)
(0.0211346 -0.032078 0)
(0.0191925 -0.0301925 0)
(0.0172955 -0.0284841 0)
(0.0154418 -0.0269424 0)
(0.01363 -0.0255547 0)
(0.0118591 -0.024308 0)
(0.0101285 -0.0231894 0)
(0.00843742 -0.0221873 0)
(0.00678521 -0.0212914 0)
(0.00517152 -0.0204929 0)
(0.00359664 -0.019784 0)
(0.002061 -0.0191583 0)
(0.000564954 -0.0186108 0)
(-0.000891135 -0.0181372 0)
(-0.00230707 -0.0177344 0)
(-0.00368287 -0.0173999 0)
(-0.00501862 -0.0171317 0)
(-0.00631462 -0.0169285 0)
(-0.00757135 -0.0167892 0)
(-0.00878945 -0.0167132 0)
(-0.00996975 -0.0166998 0)
(-0.0111133 -0.0167487 0)
(-0.0122214 -0.0168597 0)
(-0.0132954 -0.0170326 0)
(-0.0143373 -0.0172674 0)
(-0.0153488 -0.017564 0)
(-0.016332 -0.0179226 0)
(-0.0172892 -0.0183433 0)
(-0.0182226 -0.0188265 0)
(-0.0191338 -0.0193724 0)
(-0.0200241 -0.0199815 0)
(-0.0208941 -0.0206544 0)
(-0.021745 -0.0213915 0)
(-0.0225769 -0.0221933 0)
(-0.0233863 -0.0230605 0)
(-0.0241664 -0.023994 0)
(-0.0249061 -0.0249945 0)
(-0.0255854 -0.0260631 0)
(-0.026169 -0.027201 0)
(-0.0266136 -0.028408 0)
(-0.0268963 -0.0296785 0)
(-0.0270528 -0.0309978 0)
(-0.0271675 -0.0323496 0)
(-0.0273213 -0.0337231 0)
(-0.0275639 -0.0351122 0)
(-0.0279246 -0.0365159 0)
(-0.0284225 -0.0379354 0)
(-0.0290665 -0.0393729 0)
(-0.0298603 -0.0408322 0)
(-0.0308035 -0.0423176 0)
(-0.0318929 -0.0438338 0)
(-0.0331229 -0.0453849 0)
(-0.034486 -0.0469742 0)
(-0.035973 -0.0486027 0)
(-0.0375729 -0.0502685 0)
(-0.0392729 -0.0519648 0)
(-0.0410586 -0.0536789 0)
(-0.0429131 -0.0553897 0)
(-0.0448169 -0.0570662 0)
(-0.0467477 -0.0586652 0)
(-0.0486798 -0.0601303 0)
(-0.0505845 -0.0613904 0)
(-0.0524284 -0.0623617 0)
(-0.0541656 -0.0629489 0)
(-0.0557392 -0.0630427 0)
(-0.0571143 -0.0625274 0)
(-0.0582577 -0.0613008 0)
(-0.0591142 -0.0592717 0)
(-0.0596357 -0.0563698 0)
(-0.0597906 -0.0525598 0)
(-0.0595646 -0.0478546 0)
(-0.058964 -0.0423252 0)
(-0.0580201 -0.0361046 0)
(-0.0567896 -0.0293827 0)
(-0.0553511 -0.0223959 0)
(-0.0537891 -0.0154154 0)
(-0.0521856 -0.00873941 0)
(-0.0506284 -0.00263402 0)
(0.0504567 -0.00293406 0)
(0.0514581 -0.00964833 0)
(0.0523171 -0.0168557 0)
(0.0529373 -0.0241595 0)
(0.0532524 -0.0311348 0)
(0.0532155 -0.0374166 0)
(0.0527812 -0.0427256 0)
(0.0519365 -0.0468925 0)
(0.0507139 -0.0498523 0)
(0.0491649 -0.0516301 0)
(0.0473507 -0.0523224 0)
(0.0453358 -0.0520744 0)
(0.0431817 -0.0510559 0)
(0.0409419 -0.0494434 0)
(0.0386605 -0.0474059 0)
(0.0363714 -0.0450952 0)
(0.0340993 -0.0426401 0)
(0.031861 -0.0401445 0)
(0.0296664 -0.0376879 0)
(0.027521 -0.0353274 0)
(0.0254267 -0.0331009 0)
(0.0233832 -0.0310308 0)
(0.021389 -0.0291272 0)
(0.019442 -0.0273912 0)
(0.0175396 -0.0258178 0)
(0.0156795 -0.0243981 0)
(0.0138598 -0.023121 0)
(0.0120787 -0.0219747 0)
(0.010335 -0.0209475 0)
(0.00862694 -0.0200289 0)
(0.00695358 -0.0192093 0)
(0.00531481 -0.0184801 0)
(0.00371085 -0.0178341 0)
(0.00214194 -0.0172652 0)
(0.000608353 -0.0167684 0)
(-0.00088956 -0.0163398 0)
(-0.00235159 -0.0159761 0)
(-0.00377775 -0.015675 0)
(-0.00516806 -0.0154346 0)
(-0.00652273 -0.0152534 0)
(-0.00784217 -0.0151305 0)
(-0.00912701 -0.0150651 0)
(-0.0103781 -0.0150566 0)
(-0.0115963 -0.0151048 0)
(-0.012783 -0.0152094 0)
(-0.0139394 -0.0153705 0)
(-0.0150671 -0.015588 0)
(-0.0161677 -0.0158622 0)
(-0.017243 -0.016193 0)
(-0.0182952 -0.0165809 0)
(-0.0193261 -0.017026 0)
(-0.0203378 -0.0175286 0)
(-0.0213316 -0.0180889 0)
(-0.0223085 -0.0187074 0)
(-0.0232695 -0.0193845 0)
(-0.0242144 -0.0201203 0)
(-0.0251395 -0.0209154 0)
(-0.0260374 -0.02177 0)
(-0.0268964 -0.0226848 0)
(-0.0276978 -0.0236602 0)
(-0.0284107 -0.0246974 0)
(-0.0289862 -0.0257992 0)
(-0.0293736 -0.0269645 0)
(-0.0295847 -0.0281811 0)
(-0.0297082 -0.0294307 0)
(-0.0298405 -0.0307005 0)
(-0.0300442 -0.0319848 0)
(-0.0303546 -0.0332832 0)
(-0.0307926 -0.0345945 0)
(-0.0313709 -0.0359195 0)
(-0.0320949 -0.0372612 0)
(-0.0329653 -0.0386236 0)
(-0.0339794 -0.0400107 0)
(-0.0351323 -0.0414265 0)
(-0.0364165 -0.0428736 0)
(-0.037823 -0.044353 0)
(-0.039341 -0.0458625 0)
(-0.040958 -0.0473959 0)
(-0.0426593 -0.0489412 0)
(-0.0444283 -0.0504791 0)
(-0.046245 -0.0519813 0)
(-0.0480863 -0.0534086 0)
(-0.0499252 -0.0547099 0)
(-0.0517328 -0.0558216 0)
(-0.053479 -0.0566672 0)
(-0.0551231 -0.0571607 0)
(-0.0566155 -0.0572093 0)
(-0.0579124 -0.0567179 0)
(-0.0589695 -0.0555873 0)
(-0.0597397 -0.0537305 0)
(-0.0601811 -0.0510846 0)
(-0.0602628 -0.0476194 0)
(-0.0599696 -0.0433482 0)
(-0.0593066 -0.0383352 0)
(-0.0583037 -0.0326997 0)
(-0.0570164 -0.0266114 0)
(-0.0555228 -0.0202824 0)
(-0.053907 -0.0139578 0)
(-0.0522518 -0.00790955 0)
(-0.0506465 -0.00238154 0)
(0.0504707 -0.00262695 0)
(0.0515043 -0.00864452 0)
(0.0523966 -0.0151025 0)
(0.053058 -0.0216423 0)
(0.0534146 -0.0278829 0)
(0.0534056 -0.0335037 0)
(0.052995 -0.0382646 0)
(0.0521788 -0.0420117 0)
(0.0509842 -0.0446838 0)
(0.0494607 -0.0463017 0)
(0.0476689 -0.0469502 0)
(0.045673 -0.0467563 0)
(0.0435337 -0.0458702 0)
(0.0413042 -0.0444482 0)
(0.0390287 -0.04264 0)
(0.0367416 -0.0405806 0)
(0.0344681 -0.0383851 0)
(0.0322256 -0.0361469 0)
(0.030025 -0.0339377 0)
(0.0278721 -0.03181 0)
(0.0257694 -0.0297988 0)
(0.0237168 -0.0279254 0)
(0.0217127 -0.0262001 0)
(0.019755 -0.024625 0)
(0.0178411 -0.0231965 0)
(0.0159685 -0.0219071 0)
(0.0141351 -0.0207475 0)
(0.0123388 -0.0197071 0)
(0.0105774 -0.0187759 0)
(0.00884869 -0.0179442 0)
(0.00715186 -0.017203 0)
(0.00548659 -0.0165447 0)
(0.00385275 -0.0159623 0)
(0.00225036 -0.0154503 0)
(0.000679497 -0.0150041 0)
(-0.000859629 -0.0146198 0)
(-0.0023669 -0.0142945 0)
(-0.00384231 -0.0140259 0)
(-0.00528587 -0.0138122 0)
(-0.0066977 -0.0136521 0)
(-0.00807807 -0.0135446 0)
(-0.00942742 -0.013489 0)
(-0.0107463 -0.0134848 0)
(-0.0120357 -0.0135318 0)
(-0.0132965 -0.0136297 0)
(-0.0145301 -0.0137786 0)
(-0.015738 -0.0139785 0)
(-0.016922 -0.0142295 0)
(-0.0180841 -0.0145317 0)
(-0.0192262 -0.0148854 0)
(-0.02035 -0.0152908 0)
(-0.0214573 -0.0157479 0)
(-0.0225494 -0.0162572 0)
(-0.0236266 -0.0168189 0)
(-0.0246897 -0.0174332 0)
(-0.0257383 -0.0181003 0)
(-0.026769 -0.0188205 0)
(-0.0277747 -0.0195943 0)
(-0.0287439 -0.0204221 0)
(-0.0296572 -0.0213046 0)
(-0.0304837 -0.0222426 0)
(-0.0311724 -0.0232367 0)
(-0.0316603 -0.0242873 0)
(-0.0319368 -0.0253891 0)
(-0.0320822 -0.0265263 0)
(-0.0322054 -0.0276849 0)
(-0.032384 -0.0288569 0)
(-0.032656 -0.0300383 0)
(-0.0330411 -0.0312289 0)
(-0.0335573 -0.0324306 0)
(-0.0342144 -0.0336459 0)
(-0.0350152 -0.0348778 0)
(-0.0359578 -0.0361298 0)
(-0.0370375 -0.037405 0)
(-0.0382474 -0.0387056 0)
(-0.0395786 -0.0400321 0)
(-0.0410204 -0.0413826 0)
(-0.0425601 -0.0427509 0)
(-0.0441829 -0.0441263 0)
(-0.0458719 -0.045491 0)
(-0.0476071 -0.0468196 0)
(-0.049365 -0.0480773 0)
(-0.051119 -0.0492187 0)
(-0.05284 -0.0501876 0)
(-0.0544981 -0.0509167 0)
(-0.056055 -0.0513291 0)
(-0.057463 -0.0513431 0)
(-0.0586751 -0.0508723 0)
(-0.0596454 -0.0498309 0)
(-0.0603301 -0.0481438 0)
(-0.0606903 -0.0457553 0)
(-0.0606965 -0.042639 0)
(-0.0603343 -0.0388063 0)
(-0.0596088 -0.0343138 0)
(-0.0585491 -0.029267 0)
(-0.05721 -0.0238162 0)
(-0.0556683 -0.0181499 0)
(-0.0540068 -0.012487 0)
(-0.052308 -0.0070725 0)
(-0.0506621 -0.00212751 0)
(0.0504848 -0.00231302 0)
(0.0515527 -0.00761882 0)
(0.0524803 -0.0133146 0)
(0.0531742 -0.0190836 0)
(0.0535627 -0.0245919 0)
(0.0535868 -0.0295566 0)
(0.0532102 -0.0337649 0)
(0.0524291 -0.0370836 0)
(0.0512697 -0.0394594 0)
(0.0497798 -0.0409098 0)
(0.0480186 -0.0415076 0)
(0.046049 -0.0413631 0)
(0.0439309 -0.0406065 0)
(0.0417173 -0.039374 0)
(0.0394522 -0.0377963 0)
(0.0371704 -0.0359916 0)
(0.0348975 -0.0340609 0)
(0.0326517 -0.032087 0)
(0.0304446 -0.0301338 0)
(0.0282827 -0.0282483 0)
(0.026169 -0.0264626 0)
(0.0241038 -0.0247963 0)
(0.0220861 -0.0232595 0)
(0.0201135 -0.0218547 0)
(0.0181837 -0.0205794 0)
(0.0162942 -0.0194277 0)
(0.0144428 -0.0183916 0)
(0.0126268 -0.0174621 0)
(0.0108434 -0.0166305 0)
(0.0090907 -0.0158885 0)
(0.00736771 -0.015228 0)
(0.00567384 -0.014642 0)
(0.00400871 -0.0141244 0)
(0.00237212 -0.0136701 0)
(0.000764035 -0.0132749 0)
(-0.000815469 -0.0129354 0)
(-0.00236631 -0.0126486 0)
(-0.00388848 -0.0124126 0)
(-0.00538198 -0.0122256 0)
(-0.00684698 -0.0120864 0)
(-0.00828378 -0.0119939 0)
(-0.00969285 -0.0119476 0)
(-0.0110748 -0.0119471 0)
(-0.0124305 -0.0119919 0)
(-0.0137609 -0.0120821 0)
(-0.0150671 -0.0122175 0)
(-0.0163506 -0.0123982 0)
(-0.0176126 -0.0126243 0)
(-0.0188551 -0.0128959 0)
(-0.0200795 -0.0132132 0)
(-0.0212877 -0.0135763 0)
(-0.0224814 -0.0139854 0)
(-0.0236621 -0.0144408 0)
(-0.0248302 -0.0149427 0)
(-0.0259861 -0.0154917 0)
(-0.0271296 -0.0160874 0)
(-0.0282571 -0.0167304 0)
(-0.0293614 -0.017421 0)
(-0.0304306 -0.0181598 0)
(-0.0314454 -0.0189469 0)
(-0.0323743 -0.019783 0)
(-0.0331659 -0.0206689 0)
(-0.0337521 -0.0216046 0)
(-0.0341017 -0.0225863 0)
(-0.0342794 -0.0236011 0)
(-0.0343987 -0.0246366 0)
(-0.0345433 -0.0256845 0)
(-0.0347661 -0.0267397 0)
(-0.0351009 -0.0278027 0)
(-0.0355649 -0.0288748 0)
(-0.0361657 -0.0299579 0)
(-0.0369064 -0.0310543 0)
(-0.0377862 -0.0321668 0)
(-0.0388011 -0.0332977 0)
(-0.0399447 -0.0344489 0)
(-0.0412082 -0.0356206 0)
(-0.0425808 -0.0368107 0)
(-0.0440501 -0.0380136 0)
(-0.0456011 -0.0392196 0)
(-0.0472169 -0.0404128 0)
(-0.0488772 -0.0415708 0)
(-0.0505585 -0.0426629 0)
(-0.0522337 -0.0436494 0)
(-0.0538732 -0.0444808 0)
(-0.0554471 -0.0450983 0)
(-0.0569208 -0.0454339 0)
(-0.058248 -0.0454178 0)
(-0.0593782 -0.0449743 0)
(-0.0602664 -0.0440292 0)
(-0.0608709 -0.042518 0)
(-0.0611546 -0.0403924 0)
(-0.0610896 -0.0376294 0)
(-0.0606622 -0.0342391 0)
(-0.0598777 -0.030271 0)
(-0.058765 -0.0258167 0)
(-0.057378 -0.0210076 0)
(-0.0557927 -0.0160084 0)
(-0.0540907 -0.0110118 0)
(-0.0523545 -0.00623466 0)
(-0.0506747 -0.0018747 0)
(0.050496 -0.0019996 0)
(0.0515928 -0.00659035 0)
(0.0525515 -0.0115216 0)
(0.0532774 -0.0165177 0)
(0.0536995 -0.0212892 0)
(0.0537593 -0.0255924 0)
(0.0534202 -0.029244 0)
(0.0526777 -0.0321295 0)
(0.0515568 -0.0342026 0)
(0.0501035 -0.0354779 0)
(0.048376 -0.0360171 0)
(0.0464359 -0.0359142 0)
(0.0443423 -0.0352803 0)
(0.0421478 -0.0342319 0)
(0.0398963 -0.0328812 0)
(0.0376226 -0.0313298 0)
(0.0353526 -0.0296652 0)
(0.033105 -0.0279588 0)
(0.0308919 -0.0262665 0)
(0.0287208 -0.0246295 0)
(0.0265952 -0.0230763 0)
(0.024516 -0.0216246 0)
(0.0224826 -0.0202837 0)
(0.0204931 -0.0190565 0)
(0.0185452 -0.0179413 0)
(0.0166367 -0.0169334 0)
(0.014765 -0.0160261 0)
(0.0129271 -0.0152121 0)
(0.0111199 -0.0144839 0)
(0.00934178 -0.0138344 0)
(0.00759162 -0.0132566 0)
(0.00586862 -0.0127444 0)
(0.00417221 -0.0122926 0)
(0.00250201 -0.0118966 0)
(0.000857838 -0.0115527 0)
(-0.000760391 -0.0112576 0)
(-0.00235271 -0.011009 0)
(-0.00391915 -0.0108049 0)
(-0.00545976 -0.0106437 0)
(-0.00697466 -0.0105243 0)
(-0.00846407 -0.0104458 0)
(-0.00992835 -0.0104077 0)
(-0.011368 -0.0104094 0)
(-0.0127838 -0.0104508 0)
(-0.0141766 -0.0105316 0)
(-0.0155475 -0.0106519 0)
(-0.016898 -0.0108116 0)
(-0.0182295 -0.0110109 0)
(-0.0195438 -0.01125 0)
(-0.0208425 -0.011529 0)
(-0.0221272 -0.0118481 0)
(-0.0233998 -0.0122075 0)
(-0.0246615 -0.0126074 0)
(-0.0259125 -0.0130481 0)
(-0.0271522 -0.0135296 0)
(-0.0283802 -0.0140519 0)
(-0.029594 -0.0146151 0)
(-0.030786 -0.0152198 0)
(-0.0319439 -0.0158659 0)
(-0.0330481 -0.0165539 0)
(-0.0340674 -0.017284 0)
(-0.0349491 -0.0180567 0)
(-0.0356163 -0.0188724 0)
(-0.0360238 -0.0197281 0)
(-0.0362292 -0.0206133 0)
(-0.0363497 -0.0215169 0)
(-0.0364791 -0.0224324 0)
(-0.0366749 -0.0233575 0)
(-0.0369711 -0.024291 0)
(-0.0373876 -0.025232 0)
(-0.0379357 -0.0261811 0)
(-0.0386207 -0.02714 0)
(-0.0394427 -0.0281111 0)
(-0.0403983 -0.0290963 0)
(-0.0414812 -0.0300971 0)
(-0.0426831 -0.0311133 0)
(-0.0439932 -0.032143 0)
(-0.0453989 -0.0331813 0)
(-0.0468852 -0.0342193 0)
(-0.0484348 -0.0352436 0)
(-0.0500275 -0.0362344 0)
(-0.0516397 -0.0371652 0)
(-0.053244 -0.0380019 0)
(-0.05481 -0.0387022 0)
(-0.0563063 -0.0392155 0)
(-0.0577033 -0.0394839 0)
(-0.0589567 -0.0394466 0)
(-0.060012 -0.0390393 0)
(-0.0608248 -0.0381994 0)
(-0.0613556 -0.0368716 0)
(-0.0615689 -0.035015 0)
(-0.0614382 -0.03261 0)
(-0.0609505 -0.0296654 0)
(-0.0601116 -0.0262235 0)
(-0.0589504 -0.0223631 0)
(-0.0575204 -0.0181965 0)
(-0.0558964 -0.0138656 0)
(-0.0541596 -0.00953674 0)
(-0.0523921 -0.00539837 0)
(-0.0506847 -0.00162316 0)
(0.0505045 -0.0016878 0)
(0.0516251 -0.00556475 0)
(0.0526106 -0.00973082 0)
(0.0533665 -0.0139529 0)
(0.0538208 -0.0179865 0)
(0.0539153 -0.0216263 0)
(0.0536132 -0.0247183 0)
(0.0529093 -0.027166 0)
(0.0518271 -0.0289303 0)
(0.0504114 -0.0300229 0)
(0.0487186 -0.0304949 0)
(0.0468093 -0.0304245 0)
(0.0447415 -0.0299046 0)
(0.0425672 -0.0290327 0)
(0.0403301 -0.027903 0)
(0.0380651 -0.0266009 0)
(0.0357987 -0.0252001 0)
(0.03355 -0.023761 0)
(0.0313318 -0.0223311 0)
(0.029152 -0.0209455 0)
(0.0270149 -0.0196286 0)
(0.024922 -0.0183961 0)
(0.0228729 -0.0172561 0)
(0.0208663 -0.0162117 0)
(0.0189001 -0.0152617 0)
(0.0169721 -0.0144025 0)
(0.0150797 -0.0136287 0)
(0.0132194 -0.0129344 0)
(0.0113884 -0.0123134 0)
(0.00958499 -0.0117595 0)
(0.00780807 -0.011267 0)
(0.00605668 -0.0108307 0)
(0.00433014 -0.0104461 0)
(0.00262802 -0.0101094 0)
(0.000950046 -0.00981718 0)
(-0.000703913 -0.00956689 0)
(-0.00233394 -0.00935634 0)
(-0.00394013 -0.00918382 0)
(-0.0055226 -0.00904798 0)
(-0.00708152 -0.00894781 0)
(-0.0086172 -0.00888256 0)
(-0.0101301 -0.00885171 0)
(-0.0116207 -0.00885489 0)
(-0.0130897 -0.00889189 0)
(-0.0145382 -0.0089626 0)
(-0.0159671 -0.00906697 0)
(-0.0173777 -0.00920504 0)
(-0.0187715 -0.00937686 0)
(-0.0201498 -0.00958248 0)
(-0.0215141 -0.009822 0)
(-0.0228661 -0.0100955 0)
(-0.0242073 -0.0104032 0)
(-0.0255388 -0.0107451 0)
(-0.0268609 -0.0111214 0)
(-0.0281727 -0.0115323 0)
(-0.0294737 -0.011978 0)
(-0.0307616 -0.0124585 0)
(-0.0320286 -0.012974 0)
(-0.0332622 -0.0135247 0)
(-0.0344422 -0.0141106 0)
(-0.0355372 -0.0147317 0)
(-0.0364952 -0.0153886 0)
(-0.0372379 -0.0160822 0)
(-0.0377049 -0.0168116 0)
(-0.0379393 -0.017568 0)
(-0.0380626 -0.0183416 0)
(-0.0381783 -0.0191258 0)
(-0.0383506 -0.0199172 0)
(-0.0386148 -0.0207138 0)
(-0.0389913 -0.0215159 0)
(-0.0394943 -0.0223244 0)
(-0.0401308 -0.0231406 0)
(-0.0409023 -0.0239663 0)
(-0.0418058 -0.0248028 0)
(-0.0428355 -0.0256511 0)
(-0.0439828 -0.026511 0)
(-0.0452372 -0.0273806 0)
(-0.0465859 -0.0282556 0)
(-0.0480142 -0.0291284 0)
(-0.0495046 -0.0299873 0)
(-0.0510369 -0.0308157 0)
(-0.0525873 -0.0315911 0)
(-0.0541283 -0.0322848 0)
(-0.0556296 -0.0328614 0)
(-0.0570595 -0.0332788 0)
(-0.0583883 -0.0334889 0)
(-0.0595735 -0.0334391 0)
(-0.0605618 -0.0330768 0)
(-0.0613084 -0.03235 0)
(-0.0617744 -0.0312126 0)
(-0.0619257 -0.0296305 0)
(-0.061737 -0.0275876 0)
(-0.0611962 -0.0250913 0)
(-0.0603094 -0.0221772 0)
(-0.0591057 -0.0189111 0)
(-0.0576382 -0.0153873 0)
(-0.0559812 -0.0117248 0)
(-0.0542153 -0.00806385 0)
(-0.0524222 -0.0045641 0)
(-0.0506927 -0.00137238 0)
(0.050511 -0.00137763 0)
(0.0516506 -0.00454482 0)
(0.0526585 -0.0079481 0)
(0.0534406 -0.0113976 0)
(0.0539243 -0.0146941 0)
(0.0540508 -0.01767 0)
(0.0537827 -0.0201999 0)
(0.0531141 -0.0222056 0)
(0.0520675 -0.0236549 0)
(0.0506863 -0.024557 0)
(0.0490259 -0.0249532 0)
(0.0471455 -0.0249066 0)
(0.0451022 -0.0244924 0)
(0.0429475 -0.0237895 0)
(0.0407248 -0.0228744 0)
(0.0384691 -0.0218166 0)
(0.0362071 -0.0206761 0)
(0.0339585 -0.0195023 0)
(0.0317364 -0.018334 0)
(0.0295494 -0.0172004 0)
(0.0274022 -0.0161215 0)
(0.0252967 -0.0151105 0)
(0.0232332 -0.0141744 0)
(0.0212105 -0.013316 0)
(0.0192269 -0.0125346 0)
(0.0172805 -0.0118275 0)
(0.0153682 -0.0111904 0)
(0.0134867 -0.0106188 0)
(0.0116335 -0.0101076 0)
(0.00980688 -0.00965182 0)
(0.00800564 -0.00924669 0)
(0.00622871 -0.00888802 0)
(0.0044753 -0.00857209 0)
(0.00274487 -0.0082957 0)
(0.00103701 -0.00805616 0)
(-0.000648506 -0.00785125 0)
(-0.00231187 -0.00767919 0)
(-0.00395323 -0.00753855 0)
(-0.00557273 -0.00742822 0)
(-0.00717057 -0.00734734 0)
(-0.00874703 -0.0072953 0)
(-0.0103025 -0.00727161 0)
(-0.0118374 -0.00727597 0)
(-0.0133524 -0.00730814 0)
(-0.0148484 -0.007368 0)
(-0.0163264 -0.00745549 0)
(-0.0177875 -0.00757059 0)
(-0.0192331 -0.00771336 0)
(-0.0206647 -0.00788384 0)
(-0.0220837 -0.00808212 0)
(-0.0234918 -0.00830833 0)
(-0.0248905 -0.00856259 0)
(-0.0262809 -0.00884501 0)
(-0.0276633 -0.0091557 0)
(-0.0290366 -0.00949483 0)
(-0.0304001 -0.00986246 0)
(-0.031751 -0.0102586 0)
(-0.0330815 -0.0106834 0)
(-0.0343786 -0.0111368 0)
(-0.0356221 -0.0116189 0)
(-0.0367811 -0.0121297 0)
(-0.0378041 -0.01267 0)
(-0.0386098 -0.0132406 0)
(-0.0391275 -0.013841 0)
(-0.039391 -0.0144647 0)
(-0.0395217 -0.0151035 0)
(-0.0396276 -0.0157517 0)
(-0.0397755 -0.0164056 0)
(-0.0400073 -0.017063 0)
(-0.0403491 -0.017724 0)
(-0.0408149 -0.0183896 0)
(-0.0414116 -0.0190607 0)
(-0.0421409 -0.0197387 0)
(-0.0430006 -0.0204247 0)
(-0.0439851 -0.0211191 0)
(-0.0450863 -0.0218219 0)
(-0.0462936 -0.0225314 0)
(-0.0475942 -0.023244 0)
(-0.0489732 -0.0239534 0)
(-0.050413 -0.0246501 0)
(-0.0518935 -0.0253203 0)
(-0.0533908 -0.0259458 0)
(-0.0548774 -0.0265032 0)
(-0.0563231 -0.0269636 0)
(-0.0576964 -0.0272929 0)
(-0.0589661 -0.0274523 0)
(-0.0600922 -0.0273985 0)
(-0.0610237 -0.0270897 0)
(-0.0617137 -0.0264838 0)
(-0.0621242 -0.0255436 0)
(-0.0622225 -0.0242415 0)
(-0.0619844 -0.0225647 0)
(-0.0613983 -0.0205193 0)
(-0.0604711 -0.0181341 0)
(-0.0592317 -0.0154626 0)
(-0.057733 -0.0125812 0)
(-0.056049 -0.00958669 0)
(-0.0542596 -0.00659309 0)
(-0.0524459 -0.00373127 0)
(-0.050699 -0.001122 0)
(0.0505164 -0.00106956 0)
(0.0516707 -0.00353038 0)
(0.0526969 -0.00617418 0)
(0.0534998 -0.00885346 0)
(0.0540072 -0.011414 0)
(0.0541606 -0.0137261 0)
(0.0539216 -0.0156927 0)
(0.0532833 -0.0172531 0)
(0.0522671 -0.0183824 0)
(0.0509155 -0.0190876 0)
(0.0492827 -0.0194003 0)
(0.047427 -0.0193692 0)
(0.0454049 -0.0190523 0)
(0.0432674 -0.0185107 0)
(0.0410577 -0.0178033 0)
(0.0388108 -0.0169841 0)
(0.0365536 -0.0160996 0)
(0.0343059 -0.0151883 0)
(0.0320814 -0.0142803 0)
(0.029889 -0.0133984 0)
(0.0277338 -0.0125584 0)
(0.0256181 -0.0117706 0)
(0.0235424 -0.0110407 0)
(0.0215061 -0.0103709 0)
(0.0195075 -0.00976088 0)
(0.0175449 -0.00920861 0)
(0.0156152 -0.00871107 0)
(0.0137151 -0.00826463 0)
(0.0118424 -0.00786539 0)
(0.00999537 -0.00750952 0)
(0.00817282 -0.00719338 0)
(0.00637365 -0.0069137 0)
(0.004597 -0.00666759 0)
(0.00284228 -0.00645253 0)
(0.00110905 -0.00626642 0)
(-0.000603006 -0.00610748 0)
(-0.00229411 -0.0059743 0)
(-0.00396446 -0.00586572 0)
(-0.00561424 -0.00578084 0)
(-0.00724367 -0.00571898 0)
(-0.00885307 -0.00567963 0)
(-0.0104428 -0.00566242 0)
(-0.0120134 -0.00566711 0)
(-0.0135656 -0.00569353 0)
(-0.0151001 -0.00574162 0)
(-0.016618 -0.00581135 0)
(-0.0181205 -0.00590275 0)
(-0.0196088 -0.00601585 0)
(-0.0210844 -0.00615071 0)
(-0.0225485 -0.00630736 0)
(-0.0240028 -0.00648588 0)
(-0.0254486 -0.00668628 0)
(-0.0268869 -0.00690861 0)
(-0.0283177 -0.00715287 0)
(-0.0297401 -0.00741912 0)
(-0.0311528 -0.00770737 0)
(-0.0325534 -0.00801762 0)
(-0.0339338 -0.00834991 0)
(-0.0352809 -0.00870431 0)
(-0.0365747 -0.00908092 0)
(-0.0377845 -0.00947985 0)
(-0.0388599 -0.00990165 0)
(-0.0397183 -0.0103471 0)
(-0.04028 -0.0108165 0)
(-0.0405683 -0.0113046 0)
(-0.0407049 -0.0118047 0)
(-0.0408033 -0.012312 0)
(-0.0409353 -0.012824 0)
(-0.0411444 -0.0133396 0)
(-0.0414579 -0.0138581 0)
(-0.0418919 -0.0143795 0)
(-0.0424545 -0.0149046 0)
(-0.0431483 -0.0154343 0)
(-0.0439712 -0.0159693 0)
(-0.044918 -0.0165102 0)
(-0.0459807 -0.0170566 0)
(-0.0471489 -0.0176074 0)
(-0.0484097 -0.0181596 0)
(-0.0497481 -0.0187083 0)
(-0.0511466 -0.0192461 0)
(-0.0525849 -0.0197624 0)
(-0.054039 -0.0202429 0)
(-0.0554814 -0.0206696 0)
(-0.056882 -0.0210201 0)
(-0.0582091 -0.0212682 0)
(-0.0594306 -0.0213836 0)
(-0.0605085 -0.0213331 0)
(-0.0613938 -0.0210845 0)
(-0.0620379 -0.0206056 0)
(-0.0624033 -0.0198678 0)
(-0.0624588 -0.0188501 0)
(-0.0621806 -0.0175425 0)
(-0.0615581 -0.0159497 0)
(-0.0605982 -0.0140942 0)
(-0.0593302 -0.0120171 0)
(-0.0578067 -0.00977759 0)
(-0.0561013 -0.00745019 0)
(-0.0542935 -0.00512347 0)
(-0.052464 -0.00289913 0)
(-0.0507038 -0.000871672 0)
(0.05052 -0.000763563 0)
(0.0516851 -0.00252112 0)
(0.0527245 -0.00440858 0)
(0.0535436 -0.00632073 0)
(0.0540691 -0.00814728 0)
(0.054243 -0.00979606 0)
(0.0540264 -0.0111981 0)
(0.0534115 -0.0123108 0)
(0.0524193 -0.0131164 0)
(0.051091 -0.0136196 0)
(0.0494802 -0.0138428 0)
(0.0476443 -0.0138206 0)
(0.0456393 -0.0135942 0)
(0.0435157 -0.0132071 0)
(0.0413165 -0.0127015 0)
(0.0390768 -0.0121158 0)
(0.0368236 -0.0114832 0)
(0.0345768 -0.0108312 0)
(0.0323505 -0.0101815 0)
(0.0301538 -0.00955023 0)
(0.0279923 -0.00894891 0)
(0.0258686 -0.00838488 0)
(0.0237835 -0.00786225 0)
(0.0217365 -0.00738266 0)
(0.0197263 -0.00694588 0)
(0.0177509 -0.00655048 0)
(0.0158074 -0.00619436 0)
(0.0138929 -0.0058749 0)
(0.012005 -0.0055893 0)
(0.0101422 -0.00533484 0)
(0.00830305 -0.00510893 0)
(0.00648656 -0.00490924 0)
(0.00469185 -0.0047337 0)
(0.00291827 -0.00458052 0)
(0.00116533 -0.00444819 0)
(-0.000567301 -0.00433546 0)
(-0.00227991 -0.0042413 0)
(-0.00397274 -0.00416487 0)
(-0.00564601 -0.00410554 0)
(-0.00729998 -0.0040628 0)
(-0.00893498 -0.00403626 0)
(-0.0105514 -0.00402566 0)
(-0.0121498 -0.0040308 0)
(-0.0137308 -0.00405155 0)
(-0.0152951 -0.00408783 0)
(-0.0168438 -0.0041396 0)
(-0.0183779 -0.00420684 0)
(-0.0198987 -0.00428958 0)
(-0.0214074 -0.00438782 0)
(-0.0229053 -0.00450161 0)
(-0.024394 -0.00463097 0)
(-0.0258747 -0.00477596 0)
(-0.0273485 -0.0049366 0)
(-0.0288154 -0.00511294 0)
(-0.0302743 -0.00530502 0)
(-0.0317241 -0.00551287 0)
(-0.033162 -0.00573652 0)
(-0.0345801 -0.00597598 0)
(-0.0359653 -0.00623134 0)
(-0.0372971 -0.00650266 0)
(-0.0385454 -0.00679 0)
(-0.0396597 -0.00709363 0)
(-0.0405574 -0.00741405 0)
(-0.0411522 -0.00775137 0)
(-0.0414599 -0.00810232 0)
(-0.0416016 -0.00846198 0)
(-0.041695 -0.00882678 0)
(-0.0418151 -0.00919481 0)
(-0.0420073 -0.00956503 0)
(-0.0422999 -0.00993708 0)
(-0.0427103 -0.010311 0)
(-0.0432474 -0.0106874 0)
(-0.0439142 -0.0110667 0)
(-0.0447091 -0.0114496 0)
(-0.0456272 -0.0118365 0)
(-0.0466605 -0.012227 0)
(-0.0477987 -0.0126203 0)
(-0.0490289 -0.0130142 0)
(-0.0503363 -0.0134051 0)
(-0.051703 -0.0137877 0)
(-0.0531088 -0.0141543 0)
(-0.0545298 -0.0144948 0)
(-0.0559384 -0.0147962 0)
(-0.0573047 -0.0150425 0)
(-0.0585964 -0.0152152 0)
(-0.0597808 -0.0152927 0)
(-0.0608222 -0.0152513 0)
(-0.0616724 -0.0150685 0)
(-0.0622819 -0.0147215 0)
(-0.0626134 -0.0141904 0)
(-0.0626363 -0.0134604 0)
(-0.0623278 -0.0125243 0)
(-0.0616776 -0.0113855 0)
(-0.060693 -0.0100598 0)
(-0.0594034 -0.00857664 0)
(-0.0578612 -0.00697788 0)
(-0.0561399 -0.00531661 0)
(-0.0543183 -0.0036559 0)
(-0.0524772 -0.00206835 0)
(-0.0507072 -0.000621437 0)
(0.0505222 -0.000458507 0)
(0.0516941 -0.00151506 0)
(0.0527419 -0.00264804 0)
(0.0535713 -0.00379502 0)
(0.0541095 -0.00488946 0)
(0.0542977 -0.00587556 0)
(0.0540963 -0.00671232 0)
(0.0534971 -0.00737571 0)
(0.0525207 -0.00785536 0)
(0.0512083 -0.00815295 0)
(0.0496125 -0.0082821 0)
(0.0477902 -0.0082638 0)
(0.0457969 -0.008123 0)
(0.0436829 -0.00788592 0)
(0.0414912 -0.00757793 0)
(0.0392566 -0.00722216 0)
(0.0370063 -0.00683862 0)
(0.0347603 -0.00644383 0)
(0.0325329 -0.0060508 0)
(0.0303335 -0.00566928 0)
(0.0281677 -0.00530613 0)
(0.0260385 -0.00496576 0)
(0.0239468 -0.00465063 0)
(0.0218924 -0.00436171 0)
(0.0198741 -0.00409885 0)
(0.0178898 -0.00386116 0)
(0.0159369 -0.00364731 0)
(0.0140123 -0.00345575 0)
(0.0121139 -0.00328478 0)
(0.01024 -0.00313273 0)
(0.00838934 -0.00299802 0)
(0.0065608 -0.00287925 0)
(0.00475348 -0.00277513 0)
(0.00296674 -0.0026846 0)
(0.00120006 -0.00260671 0)
(-0.000546901 -0.00254071 0)
(-0.00227443 -0.00248597 0)
(-0.00398276 -0.00244196 0)
(-0.00567213 -0.00240829 0)
(-0.00734279 -0.00238464 0)
(-0.00899506 -0.00237075 0)
(-0.0106293 -0.00236644 0)
(-0.0122461 -0.00237158 0)
(-0.0138461 -0.00238606 0)
(-0.01543 -0.00240984 0)
(-0.0169989 -0.00244289 0)
(-0.0185538 -0.00248519 0)
(-0.020096 -0.00253678 0)
(-0.0216268 -0.00259769 0)
(-0.0231474 -0.00266799 0)
(-0.0246594 -0.00274771 0)
(-0.0261639 -0.00283693 0)
(-0.027662 -0.00293567 0)
(-0.0291536 -0.00304396 0)
(-0.0306375 -0.00316182 0)
(-0.0321125 -0.0032892 0)
(-0.0335758 -0.00342611 0)
(-0.0350197 -0.00357249 0)
(-0.0364303 -0.00372837 0)
(-0.0377878 -0.00389378 0)
(-0.0390612 -0.00406872 0)
(-0.0402014 -0.00425334 0)
(-0.0411242 -0.00444775 0)
(-0.0417409 -0.00465227 0)
(-0.0420611 -0.00486505 0)
(-0.0422058 -0.00508315 0)
(-0.042295 -0.00530437 0)
(-0.0424064 -0.00552736 0)
(-0.0425864 -0.00575151 0)
(-0.0428647 -0.00597645 0)
(-0.0432591 -0.00620232 0)
(-0.0437791 -0.00642935 0)
(-0.0444281 -0.00665798 0)
(-0.0452047 -0.00688859 0)
(-0.046104 -0.00712136 0)
(-0.0471181 -0.00735619 0)
(-0.0482366 -0.00759245 0)
(-0.0494468 -0.00782886 0)
(-0.0507335 -0.00806326 0)
(-0.052079 -0.00829239 0)
(-0.053463 -0.00851165 0)
(-0.0548616 -0.00871493 0)
(-0.0562475 -0.00889443 0)
(-0.0575907 -0.00904058 0)
(-0.0588586 -0.00914219 0)
(-0.0600182 -0.00918614 0)
(-0.0610351 -0.00915851 0)
(-0.0618614 -0.00904516 0)
(-0.0624482 -0.00883277 0)
(-0.0627564 -0.00851224 0)
(-0.0627571 -0.00807295 0)
(-0.0624276 -0.00751007 0)
(-0.0617584 -0.00682588 0)
(-0.060757 -0.00603006 0)
(-0.0594527 -0.00514017 0)
(-0.0578978 -0.00418137 0)
(-0.0561657 -0.00318539 0)
(-0.054335 -0.00219002 0)
(-0.052486 -0.00123879 0)
(-0.0507096 -0.0003716 0)
(0.0505236 -0.000154467 0)
(0.0516989 -0.000511167 0)
(0.0527511 -0.000891766 0)
(0.053585 -0.00127538 0)
(0.0541295 -0.00163997 0)
(0.0543216 -0.00196766 0)
(0.0541271 -0.00223589 0)
(0.0535414 -0.0024474 0)
(0.0525717 -0.0025988 0)
(0.0512674 -0.00268828 0)
(0.0496791 -0.00272042 0)
(0.0478631 -0.00270294 0)
(0.0458753 -0.00264458 0)
(0.0437658 -0.00255448 0)
(0.0415774 -0.0024414 0)
(0.0393451 -0.00231325 0)
(0.0370961 -0.00217683 0)
(0.0348504 -0.00203774 0)
(0.0326223 -0.00190032 0)
(0.0304215 -0.00176779 0)
(0.0282535 -0.0016424 0)
(0.0261215 -0.00152555 0)
(0.0240264 -0.00141797 0)
(0.0219681 -0.00131993 0)
(0.0199455 -0.00123127 0)
(0.0179566 -0.00115163 0)
(0.0159987 -0.00108049 0)
(0.0140687 -0.00101726 0)
(0.0121647 -0.000961323 0)
(0.010285 -0.000912052 0)
(0.00842832 -0.000868871 0)
(0.0065935 -0.000831256 0)
(0.00477967 -0.000798743 0)
(0.00298616 -0.00077093 0)
(0.00121248 -0.00074748 0)
(-0.000541759 -0.000728113 0)
(-0.00227684 -0.000712604 0)
(-0.00399301 -0.000700775 0)
(-0.00569052 -0.00069249 0)
(-0.00736962 -0.000687647 -2.50456e-29)
(-0.00903065 -0.00068617 0)
(-0.010674 -0.000688003 0)
(-0.0123002 -0.000693105 -2.44782e-29)
(-0.0139099 -0.000701442 0)
(-0.0155038 -0.000712991 0)
(-0.0170831 -0.000727731 2.40218e-29)
(-0.0186487 -0.000745647 0)
(-0.0202019 -0.000766731 0)
(-0.021744 -0.00079098 0)
(-0.0232763 -0.000818402 0)
(-0.0248002 -0.000849008 0)
(-0.0263168 -0.000882807 0)
(-0.0278272 -0.000919801 0)
(-0.0293313 -0.000959983 0)
(-0.0308277 -0.00100332 0)
(-0.0323153 -0.00104978 0)
(-0.0337912 -0.00109927 0)
(-0.0352474 -0.00115184 0)
(-0.0366707 -0.00120733 0)
(-0.0380403 -0.00126588 0)
(-0.0393263 -0.00132737 -1.14677e-29)
(-0.0404781 -0.00139191 0)
(-0.0414133 -0.00145952 -1.14769e-29)
(-0.0420403 -0.0015303 0)
(-0.0423673 -0.00160386 0)
(-0.0425134 -0.00167913 -1.15642e-29)
(-0.0426009 -0.00175556 2.32194e-29)
(-0.0427079 -0.00183252 0)
(-0.0428821 -0.00190994 -1.17208e-29)
(-0.0431532 -0.00198755 2.35711e-29)
(-0.0435395 -0.00206541 0)
(-0.0440508 -0.00214348 0)
(-0.0446905 -0.00222186 0)
(-0.0454575 -0.00230061 -1.21048e-29)
(-0.046347 -0.00237976 0)
(-0.047351 -0.00245925 0)
(-0.0484593 -0.00253886 -1.24112e-29)
(-0.0496591 -0.00261817 0)
(-0.0509353 -0.00269649 1.26506e-29)
(-0.0522702 -0.00277276 0)
(-0.0536434 -0.00284548 0)
(-0.0550311 -0.00291266 0)
(-0.0564058 -0.00297169 2.64391e-29)
(-0.0577378 -0.00301938 0)
(-0.0589941 -0.003052 -2.70899e-29)
(-0.060142 -0.00306501 0)
(-0.0611455 -0.00305405 0)
(-0.0619619 -0.00301323 2.81069e-29)
(-0.0625366 -0.00293969 0)
(-0.0628235 -0.0028352 0)
(-0.0628205 -0.00268706 0)
(-0.0624789 -0.00249744 0)
(-0.0618003 -0.00226839 0)
(-0.0607902 -0.00200232 1.46308e-29)
(-0.0594781 -0.00170551 0)
(-0.0579167 -0.00138627 0)
(-0.0561788 -0.00105517 2.8608e-29)
(-0.0543435 -0.000724801 0)
(-0.0524904 -0.000409499 2.78707e-29)
(-0.0507108 -0.000122302 0)
(0.0505238 0.000148923 0)
(0.0516993 0.000492577 0)
(0.0527517 0.000864784 0)
(0.0535857 0.0012459 0)
(0.0541294 0.00161398 0)
(0.0543217 0.00195119 0)
(0.0541261 0.00223852 0)
(0.0535388 0.00247374 0)
(0.0525693 0.00265355 0)
(0.0512647 0.00277515 0)
(0.0496761 0.00284184 0)
(0.0478598 0.00286 0)
(0.0458716 0.00283716 0)
(0.0437618 0.00278139 0)
(0.041573 0.00270059 0)
(0.0393404 0.00260204 0)
(0.037091 0.00249213 0)
(0.034845 0.00237618 0)
(0.0326167 0.0022585 0)
(0.0304155 0.00214237 0)
(0.0282473 0.00203017 0)
(0.026115 0.00192354 0)
(0.0240197 0.00182346 0)
(0.0219611 0.00173046 0)
(0.0199382 0.00164468 0)
(0.017949 0.00156601 0)
(0.0159906 0.00149418 0)
(0.0140603 0.00142883 0)
(0.0121559 0.00136952 0)
(0.0102758 0.00131582 0)
(0.00841875 0.0012673 0)
(0.00658357 0.00122356 0)
(0.00476942 0.00118425 0)
(0.0029756 0.00114907 0)
(0.00120161 0.00111777 0)
(-0.000552928 0.00109014 0)
(-0.00228833 0.00106601 0)
(-0.00400486 0.00104524 0)
(-0.00570276 0.00102771 0)
(-0.0073823 0.00101334 2.50452e-29)
(-0.00904379 0.00100207 0)
(-0.0106876 0.000993821 0)
(-0.0123143 0.000988575 2.44778e-29)
(-0.0139244 0.000986307 0)
(-0.0155187 0.000987011 0)
(-0.0170983 0.000990697 -2.40215e-29)
(-0.0186641 0.000997385 0)
(-0.0202174 0.0010071 0)
(-0.0217596 0.00101988 0)
(-0.0232919 0.00103574 0)
(-0.0248157 0.00105472 0)
(-0.0263324 0.00107682 0)
(-0.0278427 0.00110207 0)
(-0.0293466 0.00113048 0)
(-0.0308428 0.00116207 0)
(-0.03233 0.00119687 0)
(-0.0338054 0.00123486 0)
(-0.0352611 0.00127616 0)
(-0.0366838 0.00132067 0)
(-0.0380528 0.00136861 0)
(-0.0393381 0.00141988 1.14677e-29)
(-0.0404892 0.00147465 0)
(-0.0414238 0.00153296 1.14769e-29)
(-0.0420502 0.00159495 0)
(-0.0423768 0.0016602 0)
(-0.0425227 0.00172754 1.15642e-29)
(-0.0426102 0.00179633 -2.32195e-29)
(-0.0427172 0.00186593 0)
(-0.0428914 0.00193621 1.17208e-29)
(-0.0431625 0.0020069 -2.35712e-29)
(-0.0435486 0.00207815 0)
(-0.0440595 0.00215004 0)
(-0.0446986 0.0022228 0)
(-0.0454649 0.00229661 1.21049e-29)
(-0.0463535 0.00237157 0)
(-0.0473568 0.00244769 0)
(-0.0484642 0.00252479 1.24112e-29)
(-0.0496633 0.00260248 0)
(-0.0509388 0.00268001 -1.26507e-29)
(-0.0522732 0.00275631 0)
(-0.0536462 0.00282981 0)
(-0.0550336 0.00289842 0)
(-0.0564082 0.0029595 -2.64393e-29)
(-0.0577401 0.00300979 0)
(-0.0589963 0.00304546 2.70901e-29)
(-0.060144 0.00306192 0)
(-0.0611473 0.00305468 0)
(-0.0619635 0.00301772 -2.81069e-29)
(-0.062538 0.00294813 0)
(-0.0628245 0.00284729 0)
(-0.0628214 0.00270251 0)
(-0.0624796 0.00251566 0)
(-0.0618009 0.00228861 0)
(-0.0607906 0.00202361 -1.46308e-29)
(-0.0594784 0.00172679 0)
(-0.0579168 0.00140634 0)
(-0.0561787 0.0010727 -2.86079e-29)
(-0.0543432 0.000738427 0)
(-0.0524901 0.000418489 -2.78706e-29)
(-0.0507107 0.000126569 0)
(0.0505225 0.000452725 0)
(0.0516946 0.00149689 0)
(0.0527425 0.00262243 0)
(0.0535717 0.00376737 0)
(0.054109 0.00486618 0)
(0.054296 0.00586349 0)
(0.0540934 0.00671824 0)
(0.0534933 0.00740522 0)
(0.0525158 0.00791319 0)
(0.0512024 0.00824288 0)
(0.0496054 0.00840655 0)
(0.0477819 0.00842389 0)
(0.0457875 0.00831864 0)
(0.0436724 0.00811596 0)
(0.0414795 0.00784039 0)
(0.0392437 0.0075144 0)
(0.0369922 0.00715756 0)
(0.0347451 0.00678612 0)
(0.0325167 0.006413 0)
(0.0303162 0.00604799 0)
(0.0281494 0.00569806 0)
(0.0260191 0.00536786 0)
(0.0239264 0.00506009 0)
(0.0218709 0.004776 0)
(0.0198515 0.00451572 0)
(0.0178662 0.00427865 0)
(0.0159121 0.00406372 0)
(0.0139864 0.00386962 0)
(0.0120868 0.00369485 0)
(0.0102117 0.00353794 0)
(0.00835985 0.00339747 0)
(0.00653013 0.00327212 0)
(0.00472166 0.00316076 0)
(0.00293382 0.00306237 0)
(0.00116611 0.0029761 0)
(-0.000581804 0.00290127 0)
(-0.00231022 0.00283729 0)
(-0.00401939 0.00278372 0)
(-0.00570957 0.0027402 0)
(-0.00738102 0.00270646 0)
(-0.00903407 0.0026823 0)
(-0.0106691 0.00266757 0)
(-0.0122867 0.00266215 0)
(-0.0138874 0.00266599 0)
(-0.015472 0.00267904 0)
(-0.0170414 0.0027013 0)
(-0.0185969 0.00273276 0)
(-0.0201395 0.00277347 0)
(-0.0216706 0.00282346 0)
(-0.0231915 0.00288279 0)
(-0.0247038 0.00295151 0)
(-0.0262086 0.00302966 0)
(-0.0277068 0.00311728 0)
(-0.0291985 0.00321438 0)
(-0.0306824 0.00332101 0)
(-0.0321571 0.00343713 0)
(-0.0336199 0.00356275 0)
(-0.035063 0.00369786 0)
(-0.0364726 0.0038425 0)
(-0.0378289 0.00399674 0)
(-0.0391008 0.00416067 0)
(-0.0402393 0.00433451 0)
(-0.0411602 0.00451849 0)
(-0.041775 0.00471305 0)
(-0.0420933 0.00491643 0)
(-0.0422364 0.00512576 0)
(-0.0423242 0.00533885 0)
(-0.0424343 0.00555441 0)
(-0.0426134 0.00577179 0)
(-0.0428907 0.00599062 0)
(-0.0432839 0.00621099 0)
(-0.0438025 0.00643313 0)
(-0.0444498 0.0066574 0)
(-0.0452246 0.00688413 0)
(-0.0461221 0.00711349 0)
(-0.0471343 0.0073454 0)
(-0.0482509 0.00757925 0)
(-0.0494593 0.00781384 0)
(-0.0507444 0.00804705 0)
(-0.0520886 0.00827567 0)
(-0.0534716 0.00849514 0)
(-0.0548693 0.00869936 0)
(-0.0562545 0.00888051 0)
(-0.0575971 0.00902899 0)
(-0.0588646 0.00913352 0)
(-0.0600236 0.00918087 0)
(-0.0610401 0.00915697 0)
(-0.061866 0.0090475 0)
(-0.0624524 0.00883898 0)
(-0.0627602 0.00852212 0)
(-0.0627604 0.00808613 0)
(-0.0624305 0.00752593 0)
(-0.0617609 0.00684366 0)
(-0.060759 0.00604882 0)
(-0.0594541 0.00515889 0)
(-0.0578988 0.00419895 0)
(-0.0561663 0.00320068 0)
(-0.0543351 0.00220186 0)
(-0.052486 0.00124644 0)
(-0.0507096 0.000375504 0)
(0.0505201 0.000757832 0)
(0.0516853 0.00250402 0)
(0.0527246 0.00438499 0)
(0.0535431 0.00629602 0)
(0.0540682 0.00812773 0)
(0.0542412 0.00978815 0)
(0.0540234 0.0112082 0)
(0.0534072 0.0123446 0)
(0.0524135 0.0131787 0)
(0.0510837 0.0137141 0)
(0.0494712 0.0139718 0)
(0.0476336 0.0139851 0)
(0.0456269 0.0137943 0)
(0.0435015 0.0134415 0)
(0.0413005 0.0129683 0)
(0.0390588 0.0124123 0)
(0.0368035 0.0118064 0)
(0.0345545 0.0111778 0)
(0.032326 0.0105481 0)
(0.0301271 0.0099334 0)
(0.0279633 0.00934537 0)
(0.0258373 0.00879154 0)
(0.0237499 0.00827629 0)
(0.0217005 0.00780149 0)
(0.0196881 0.00736722 0)
(0.0177104 0.00697232 0)
(0.0157648 0.00661497 0)
(0.0138481 0.00629278 0)
(0.0119582 0.00600319 0)
(0.0100933 0.00574364 0)
(0.00825221 0.00551173 0)
(0.00643377 0.00530524 0)
(0.00463713 0.00512222 0)
(0.00286167 0.00496096 0)
(0.00110691 0.00482002 0)
(-0.000627468 0.0046982 0)
(-0.00234172 0.00459453 0)
(-0.00403607 0.00450823 0)
(-0.00571075 0.00443871 0)
(-0.00736602 0.00438549 0)
(-0.0090022 0.00434825 0)
(-0.0106197 0.00432675 0)
(-0.012219 0.0043208 0)
(-0.0138008 0.00433032 0)
(-0.0153658 0.00435524 0)
(-0.0169149 0.00439555 0)
(-0.0184494 0.00445125 0)
(-0.0199704 0.00452238 0)
(-0.0214793 0.004609 0)
(-0.0229774 0.00471117 0)
(-0.0244663 0.00482898 0)
(-0.0259472 0.0049625 0)
(-0.0274211 0.0051118 0)
(-0.0288882 0.00527696 0)
(-0.030347 0.00545804 0)
(-0.0317965 0.00565505 0)
(-0.033234 0.00586797 0)
(-0.0346516 0.00609677 0)
(-0.0360359 0.00634151 0)
(-0.0373664 0.00660221 0)
(-0.038613 0.00687899 0)
(-0.0397253 0.00717216 0)
(-0.0406202 0.00748235 0)
(-0.0412117 0.00780987 0)
(-0.041516 0.00815152 0)
(-0.0416542 0.00850245 0)
(-0.0417441 0.00885912 0)
(-0.0418609 0.00921968 0)
(-0.04205 0.00958314 0)
(-0.0423398 0.00994917 0)
(-0.0427473 0.0103178 0)
(-0.0432817 0.0106894 0)
(-0.0439461 0.0110645 0)
(-0.0447388 0.0114437 0)
(-0.0456548 0.0118272 0)
(-0.046686 0.0122149 0)
(-0.0478221 0.0126057 0)
(-0.0490504 0.0129977 0)
(-0.0503557 0.0133873 0)
(-0.0517205 0.0137692 0)
(-0.0531245 0.0141358 0)
(-0.0545437 0.0144772 0)
(-0.0559506 0.0147802 0)
(-0.0573153 0.015029 0)
(-0.0586056 0.015205 0)
(-0.0597887 0.0152862 0)
(-0.060829 0.015249 0)
(-0.0616781 0.0150705 0)
(-0.0622866 0.0147278 0)
(-0.0626173 0.0142007 0)
(-0.0626396 0.0134742 0)
(-0.0623304 0.0125408 0)
(-0.0616797 0.0114037 0)
(-0.0606946 0.0100788 0)
(-0.0594045 0.00859522 0)
(-0.0578619 0.00699506 0)
(-0.0561403 0.00533146 0)
(-0.0543187 0.00366762 0)
(-0.0524773 0.00207607 0)
(-0.0507074 0.00062459 0)
(0.0505167 0.00106398 0)
(0.0516714 0.00351441 0)
(0.0526979 0.00615267 0)
(0.0535007 0.00883208 0)
(0.054008 0.0113986 0)
(0.0541607 0.013723 0)
(0.0539208 0.0157082 0)
(0.0532813 0.0172929 0)
(0.0522637 0.0184513 0)
(0.0509102 0.019189 0)
(0.0492753 0.0195365 0)
(0.0474173 0.0195411 0)
(0.0453927 0.0192596 0)
(0.0432525 0.0187521 0)
(0.0410399 0.0180768 0)
(0.0387899 0.017287 0)
(0.0365295 0.0164289 0)
(0.0342784 0.0155406 0)
(0.0320504 0.0146523 0)
(0.0298543 0.0137868 0)
(0.0276954 0.01296 0)
(0.025576 0.0121825 0)
(0.0234966 0.0114601 0)
(0.0214565 0.0107954 0)
(0.0194544 0.0101882 0)
(0.0174884 0.00963674 0)
(0.0155554 0.0091382 0)
(0.0136521 0.00868916 0)
(0.0117763 0.00828591 0)
(0.0099264 0.00792481 0)
(0.008101 0.0076024 0)
(0.00629902 0.0073156 0)
(0.00451963 0.00706162 0)
(0.00276224 0.00683811 0)
(0.00102643 0.00664304 0)
(-0.000688079 0.00647474 0)
(-0.00238149 0.00633184 0)
(-0.00405399 0.00621323 0)
(-0.00570577 0.00611807 0)
(-0.00733706 0.0060457 0)
(-0.00894816 0.00599562 0)
(-0.0105395 0.00596751 0)
(-0.0121116 0.00596114 0)
(-0.0136651 0.00597636 0)
(-0.0152008 0.0060131 0)
(-0.0167197 0.00607136 0)
(-0.0182229 0.00615113 0)
(-0.0197118 0.00625248 0)
(-0.0211877 0.00637545 0)
(-0.0226519 0.00652011 0)
(-0.0241061 0.00668656 0)
(-0.0255515 0.00687488 0)
(-0.0269892 0.00708516 0)
(-0.0284194 0.00731747 0)
(-0.0298408 0.00757192 0)
(-0.0312526 0.00784855 0)
(-0.0326522 0.00814737 0)
(-0.0340316 0.00846841 0)
(-0.0353776 0.00881172 0)
(-0.03667 0.00917743 0)
(-0.037878 0.00956567 0)
(-0.0389508 0.00997704 0)
(-0.0398056 0.0104125 0)
(-0.0403629 0.0108722 0)
(-0.0406467 0.0113512 0)
(-0.0407786 0.0118426 0)
(-0.0408725 0.0123416 0)
(-0.041 0.0128457 0)
(-0.0412046 0.0133539 0)
(-0.0415137 0.0138656 0)
(-0.0419436 0.0143808 0)
(-0.0425025 0.0149001 0)
(-0.0431928 0.0154246 0)
(-0.0440124 0.0159551 0)
(-0.0449562 0.0164921 0)
(-0.046016 0.0170355 0)
(-0.0471813 0.0175839 0)
(-0.0484393 0.0181346 0)
(-0.0497749 0.0186826 0)
(-0.0511705 0.0192204 0)
(-0.0526058 0.0197376 0)
(-0.054057 0.0202198 0)
(-0.0554965 0.020649 0)
(-0.0568942 0.0210026 0)
(-0.0582188 0.0212545 0)
(-0.059438 0.0213741 0)
(-0.0605142 0.021328 0)
(-0.0613979 0.021084 0)
(-0.0620409 0.0206095 0)
(-0.0624055 0.0198758 0)
(-0.0624604 0.0188616 0)
(-0.0621818 0.0175567 0)
(-0.0615591 0.0159657 0)
(-0.0605991 0.0141108 0)
(-0.0593309 0.0120333 0)
(-0.0578072 0.00979226 0)
(-0.0561016 0.00746257 0)
(-0.0542937 0.00513299 0)
(-0.0524641 0.00290524 0)
(-0.0507038 0.000873347 0)
(0.0505116 0.00137135 0)
(0.0516522 0.00452926 0)
(0.0526614 0.00792775 0)
(0.0534442 0.0113782 0)
(0.0539282 0.0146816 0)
(0.0540548 0.0176709 0)
(0.0537865 0.0202207 0)
(0.053117 0.0222516 0)
(0.0520689 0.0237309 0)
(0.0506856 0.0246662 0)
(0.0490224 0.0250977 0)
(0.0471387 0.0250871 0)
(0.0450919 0.0247086 0)
(0.0429334 0.0240401 0)
(0.0407067 0.0231571 0)
(0.0384467 0.0221287 0)
(0.0361803 0.0210144 0)
(0.0339268 0.0198635 0)
(0.0316999 0.0187148 0)
(0.029508 0.0175974 0)
(0.0273558 0.0165316 0)
(0.0252454 0.0155306 0)
(0.0231769 0.0146019 0)
(0.0211492 0.0137482 0)
(0.0191606 0.0129694 0)
(0.0172091 0.0122629 0)
(0.0152919 0.0116246 0)
(0.0134055 0.0110503 0)
(0.0115476 0.0105349 0)
(0.00971652 0.0100738 0)
(0.00791111 0.00966237 0)
(0.0061303 0.0092965 0)
(0.00437329 0.00897263 0)
(0.0026395 0.00868768 0)
(0.000928515 0.00843906 0)
(-0.000759915 0.00822465 0)
(-0.00242598 0.00804272 0)
(-0.00406985 0.00789189 0)
(-0.00569166 0.00777107 0)
(-0.00729162 0.00767946 0)
(-0.00887 0.00761642 0)
(-0.0104272 0.00758153 0)
(-0.0119636 0.0075745 0)
(-0.0134801 0.00759514 0)
(-0.0149773 0.00764337 0)
(-0.0164564 0.00771917 0)
(-0.0179185 0.00782257 0)
(-0.019365 0.00795362 0)
(-0.0207973 0.00811239 0)
(-0.0222169 0.00829896 0)
(-0.0236254 0.00851343 0)
(-0.0250243 0.0087559 0)
(-0.0264145 0.00902646 0)
(-0.0277964 0.00932522 0)
(-0.0291689 0.00965231 0)
(-0.0305312 0.0100078 0)
(-0.0318808 0.0103918 0)
(-0.0332099 0.0108044 0)
(-0.0345052 0.0112457 0)
(-0.0357465 0.0117159 0)
(-0.0369027 0.0122153 0)
(-0.037922 0.0127445 0)
(-0.0387228 0.0133047 0)
(-0.0392348 0.0138952 0)
(-0.0394925 0.0145096 0)
(-0.0396176 0.0151395 0)
(-0.0397179 0.015779 0)
(-0.0398602 0.0164247 0)
(-0.0400863 0.0170743 0)
(-0.0404226 0.017728 0)
(-0.0408833 0.0183866 0)
(-0.0414751 0.0190512 0)
(-0.0421997 0.0197233 0)
(-0.0430547 0.0204041 0)
(-0.0440346 0.0210942 0)
(-0.0451312 0.0217934 0)
(-0.0463339 0.0225003 0)
(-0.0476301 0.0232111 0)
(-0.0490048 0.0239196 0)
(-0.0504406 0.0246161 0)
(-0.0519171 0.0252871 0)
(-0.0534105 0.0259142 0)
(-0.0548935 0.0264739 0)
(-0.0563359 0.0269372 0)
(-0.0577063 0.0272701 0)
(-0.0589735 0.0274336 0)
(-0.0600975 0.0273843 0)
(-0.0610273 0.0270804 0)
(-0.0617159 0.0264793 0)
(-0.0621253 0.0255439 0)
(-0.0622228 0.0242462 0)
(-0.061984 0.0225731 0)
(-0.0613976 0.0205304 0)
(-0.0604703 0.0181468 0)
(-0.059231 0.0154757 0)
(-0.0577325 0.0125937 0)
(-0.0560488 0.00959742 0)
(-0.0542594 0.00660141 0)
(-0.0524459 0.00373635 0)
(-0.050699 0.00112254 0)
(0.0505049 0.00168047 0)
(0.0516268 0.00554933 0)
(0.0526137 0.00971168 0)
(0.0533712 0.013936 0)
(0.0538267 0.0179784 0)
(0.053922 0.0216335 0)
(0.0536199 0.0247469 0)
(0.0529152 0.0272215 0)
(0.0518315 0.029017 0)
(0.0504135 0.0301439 0)
(0.048718 0.0306521 0)
(0.0468051 0.0306186 0)
(0.0447332 0.0301351 0)
(0.0425542 0.029298 0)
(0.0403119 0.0282008 0)
(0.0380413 0.0269283 0)
(0.0357689 0.0255537 0)
(0.033514 0.0241374 0)
(0.0312895 0.0227267 0)
(0.0291032 0.0213568 0)
(0.0269596 0.0200524 0)
(0.02486 0.0188292 0)
(0.0228043 0.0176957 0)
(0.0207911 0.0166552 0)
(0.0188185 0.015707 0)
(0.0168843 0.0148476 0)
(0.0149858 0.0140719 0)
(0.0131197 0.0133742 0)
(0.0112831 0.0127485 0)
(0.00947444 0.0121889 0)
(0.00769247 0.0116896 0)
(0.00593629 0.0112458 0)
(0.00420525 0.0108529 0)
(0.00249892 0.0105072 0)
(0.000817015 0.0102055 0)
(-0.000840588 0.00994518 0)
(-0.00247401 0.00972427 0)
(-0.00408338 0.00954108 0)
(-0.00566883 0.00939431 0)
(-0.00723056 0.00928301 0)
(-0.00876885 0.00920645 0)
(-0.0102841 0.00916414 0)
(-0.0117768 0.00915573 0)
(-0.0132477 0.009181 0)
(-0.0146977 0.00923986 0)
(-0.0161277 0.00933228 0)
(-0.0175391 0.00945829 0)
(-0.0189334 0.00961797 0)
(-0.0203121 0.0098114 0)
(-0.0216766 0.0100387 0)
(-0.0230286 0.0103 0)
(-0.0243698 0.0105954 0)
(-0.0257012 0.010925 0)
(-0.0270231 0.0112891 0)
(-0.0283345 0.0116878 0)
(-0.029635 0.0121212 0)
(-0.0309221 0.0125895 0)
(-0.0321879 0.0130928 0)
(-0.0334195 0.0136314 0)
(-0.0345967 0.0142053 0)
(-0.0356878 0.0148148 0)
(-0.0366407 0.0154603 0)
(-0.0373768 0.016143 0)
(-0.0378365 0.016862 0)
(-0.0380638 0.0176087 0)
(-0.0381805 0.018373 0)
(-0.0382899 0.0191484 0)
(-0.0384555 0.0199314 0)
(-0.0387133 0.0207197 0)
(-0.0390839 0.0215136 0)
(-0.0395811 0.0223146 0)
(-0.0402118 0.0231239 0)
(-0.0409773 0.0239433 0)
(-0.0418747 0.0247743 0)
(-0.0428983 0.0256177 0)
(-0.0440398 0.0264735 0)
(-0.0452885 0.0273398 0)
(-0.0466318 0.0282123 0)
(-0.0480548 0.0290835 0)
(-0.0495402 0.0299417 0)
(-0.0510676 0.0307704 0)
(-0.0526132 0.0315471 0)
(-0.0541497 0.0322431 0)
(-0.0556468 0.0328228 0)
(-0.0570727 0.0332443 0)
(-0.058398 0.0334592 0)
(-0.0595799 0.0334149 0)
(-0.0605652 0.0330585 0)
(-0.0613094 0.0323377 0)
(-0.0617734 0.0312063 0)
(-0.0619233 0.0296298 0)
(-0.0617337 0.0275916 0)
(-0.0611924 0.0250989 0)
(-0.0603056 0.0221872 0)
(-0.0591023 0.0189221 0)
(-0.0576353 0.0153981 0)
(-0.0559791 0.0117344 0)
(-0.0542141 0.00807128 0)
(-0.0524215 0.00456843 0)
(-0.0506925 0.00137229 0)
(0.0504964 0.00199127 0)
(0.0515948 0.00657376 0)
(0.052555 0.0115021 0)
(0.0532825 0.0165018 0)
(0.0537054 0.021284 0)
(0.0537656 0.0256047 0)
(0.0534264 0.02928 0)
(0.0526832 0.0321946 0)
(0.0515608 0.0343011 0)
(0.0501054 0.0356127 0)
(0.0483749 0.0361899 0)
(0.0464309 0.0361251 0)
(0.0443325 0.0355285 0)
(0.0421325 0.0345155 0)
(0.0398747 0.0331976 0)
(0.0375941 0.031676 0)
(0.0353168 0.0300376 0)
(0.0330614 0.0283539 0)
(0.0308404 0.0266806 0)
(0.028661 0.025059 0)
(0.0265272 0.0235178 0)
(0.0244399 0.0220749 0)
(0.0223986 0.0207399 0)
(0.0204014 0.019516 0)
(0.0184462 0.0184018 0)
(0.0165304 0.0173928 0)
(0.0146514 0.0164827 0)
(0.0128063 0.0156644 0)
(0.0109925 0.0149307 0)
(0.00920801 0.0142745 0)
(0.00745179 0.0136891 0)
(0.00572307 0.0131685 0)
(0.0040213 0.0127076 0)
(0.00234611 0.0123018 0)
(0.000697315 0.0119475 0)
(-0.000925092 0.0116417 0)
(-0.00252114 0.0113819 0)
(-0.00409094 0.0111664 0)
(-0.00563456 0.0109935 0)
(-0.00715216 0.0108622 0)
(-0.008644 0.0107717 0)
(-0.0101105 0.0107213 0)
(-0.0115522 0.0107108 0)
(-0.0129699 0.0107398 0)
(-0.0143644 0.0108083 0)
(-0.015737 0.0109162 0)
(-0.0170888 0.0110635 0)
(-0.0184216 0.0112505 0)
(-0.0197369 0.0114771 0)
(-0.0210364 0.0117436 0)
(-0.0223216 0.0120502 0)
(-0.0235944 0.0123969 0)
(-0.024856 0.0127841 0)
(-0.0261066 0.013212 0)
(-0.0273456 0.0136808 0)
(-0.0285725 0.0141905 0)
(-0.0297849 0.0147412 0)
(-0.0309752 0.0153335 0)
(-0.0321308 0.0159675 0)
(-0.0332318 0.0166436 0)
(-0.0342469 0.0173619 0)
(-0.0351229 0.0181229 0)
(-0.0357826 0.0189271 0)
(-0.0361814 0.0197715 0)
(-0.0363782 0.0206457 0)
(-0.0364905 0.0215388 0)
(-0.0366123 0.0224445 0)
(-0.0368016 0.0233603 0)
(-0.0370916 0.0242851 0)
(-0.0375008 0.0252179 0)
(-0.0380415 0.0261595 0)
(-0.0387191 0.0271115 0)
(-0.0395338 0.0280763 0)
(-0.0404823 0.0290558 0)
(-0.0415584 0.0300514 0)
(-0.0427534 0.0310633 0)
(-0.0440567 0.0320896 0)
(-0.0454556 0.0331253 0)
(-0.0469353 0.0341618 0)
(-0.0484784 0.0351855 0)
(-0.0500647 0.0361768 0)
(-0.0516707 0.0371092 0)
(-0.0532692 0.0379485 0)
(-0.0548298 0.0386523 0)
(-0.0563211 0.03917 0)
(-0.0577138 0.0394436 0)
(-0.0589633 0.0394122 0)
(-0.0600155 0.0390114 0)
(-0.0608258 0.0381781 0)
(-0.0613547 0.0368569 0)
(-0.0615667 0.0350066 0)
(-0.0614352 0.0326072 0)
(-0.0609471 0.0296673 0)
(-0.0601082 0.026229 0)
(-0.0589472 0.0223707 0)
(-0.0575176 0.018205 0)
(-0.0558941 0.0138736 0)
(-0.0541579 0.00954322 0)
(-0.0523911 0.00540229 0)
(-0.0506843 0.00162318 0)
(0.0504855 0.00230448 0)
(0.0515547 0.00760331 0)
(0.0524833 0.0132982 0)
(0.0531776 0.0190726 0)
(0.053566 0.0245932 0)
(0.05359 0.0295772 0)
(0.053213 0.0338112 0)
(0.052431 0.0371612 0)
(0.0512698 0.0395726 0)
(0.0497771 0.0410614 0)
(0.048012 0.0416991 0)
(0.0460376 0.0415944 0)
(0.0439139 0.0408766 0)
(0.0416939 0.0396806 0)
(0.0394216 0.0381364 0)
(0.037132 0.0363618 0)
(0.0348509 0.0344575 0)
(0.0325964 0.0325061 0)
(0.0303802 0.0305716 0)
(0.0282092 0.028701 0)
(0.0260862 0.0269266 0)
(0.0240117 0.0252684 0)
(0.0219846 0.0237366 0)
(0.0200028 0.0223341 0)
(0.0180642 0.0210588 0)
(0.0161664 0.019905 0)
(0.014307 0.0188648 0)
(0.0124834 0.0179298 0)
(0.0106928 0.0170914 0)
(0.00893315 0.0163413 0)
(0.00720351 0.0156719 0)
(0.00550328 0.0150763 0)
(0.00383212 0.0145487 0)
(0.00218989 0.0140839 0)
(0.000576583 0.0136777 0)
(-0.00100768 0.0133268 0)
(-0.00256285 0.0130285 0)
(-0.00408895 0.0127805 0)
(-0.00558605 0.0125812 0)
(-0.00705434 0.0124295 0)
(-0.00849413 0.0123244 0)
(-0.00990587 0.0122654 0)
(-0.0112902 0.0122519 0)
(-0.0126478 0.0122837 0)
(-0.0139797 0.0123608 0)
(-0.0152871 0.012483 0)
(-0.0165714 0.0126504 0)
(-0.0178341 0.0128633 0)
(-0.0190771 0.0131216 0)
(-0.0203021 0.0134256 0)
(-0.0215108 0.0137755 0)
(-0.022705 0.0141715 0)
(-0.023886 0.014614 0)
(-0.0250541 0.0151032 0)
(-0.0262095 0.0156394 0)
(-0.0273521 0.0162225 0)
(-0.0284781 0.0168528 0)
(-0.0295804 0.0175308 0)
(-0.0306467 0.0182568 0)
(-0.0316578 0.0190313 0)
(-0.0325822 0.0198548 0)
(-0.033368 0.0207282 0)
(-0.0339469 0.0216519 0)
(-0.0342878 0.0226219 0)
(-0.0344563 0.0236255 0)
(-0.0345661 0.0246502 0)
(-0.0347016 0.0256877 0)
(-0.0349153 0.0267333 0)
(-0.0352413 0.0277876 0)
(-0.0356967 0.0288518 0)
(-0.0362892 0.0299273 0)
(-0.0370219 0.0310168 0)
(-0.0378938 0.0321228 0)
(-0.0389009 0.0332479 0)
(-0.0400364 0.034394 0)
(-0.0412918 0.0355613 0)
(-0.0426564 0.0367477 0)
(-0.0441177 0.037948 0)
(-0.045661 0.039152 0)
(-0.0472693 0.0403444 0)
(-0.0489225 0.0415024 0)
(-0.050597 0.0425955 0)
(-0.0522659 0.043584 0)
(-0.0538996 0.0444188 0)
(-0.0554681 0.0450405 0)
(-0.0569367 0.0453815 0)
(-0.0582591 0.0453717 0)
(-0.0593854 0.044935 0)
(-0.0602702 0.0439974 0)
(-0.0608717 0.0424936 0)
(-0.0611531 0.0403753 0)
(-0.0610864 0.0376191 0)
(-0.0606578 0.0342346 0)
(-0.0598728 0.0302711 0)
(-0.0587602 0.02582 0)
(-0.0573737 0.0210127 0)
(-0.055789 0.0160139 0)
(-0.0540881 0.0110166 0)
(-0.0523529 0.00623798 0)
(-0.0506741 0.00187536 0)
(0.0504714 0.00261944 0)
(0.0515057 0.00863233 0)
(0.0523988 0.0150908 0)
(0.0530586 0.0216373 0)
(0.0534131 0.0278919 0)
(0.0534031 0.0335338 0)
(0.0529914 0.0383222 0)
(0.0521738 0.0421024 0)
(0.0509772 0.0448124 0)
(0.0494502 0.0464715 0)
(0.0476538 0.0471621 0)
(0.045652 0.0470101 0)
(0.0435056 0.0461642 0)
(0.0412683 0.0447799 0)
(0.0389843 0.0430061 0)
(0.0366881 0.0409773 0)
(0.0344052 0.0388082 0)
(0.0321529 0.0365921 0)
(0.0299422 0.0344009 0)
(0.027779 0.032287 0)
(0.0256658 0.030286 0)
(0.023603 0.0284194 0)
(0.021589 0.0266978 0)
(0.0196217 0.0251237 0)
(0.0176984 0.0236937 0)
(0.0158167 0.0224008 0)
(0.0139743 0.0212359 0)
(0.0121691 0.0201887 0)
(0.0103993 0.0192494 0)
(0.00866318 0.0184085 0)
(0.0069596 0.0176575 0)
(0.00528808 0.0169886 0)
(0.00364843 0.0163952 0)
(0.00204056 0.0158719 0)
(0.000464533 0.015414 0)
(-0.00107947 0.0150179 0)
(-0.00259128 0.0146805 0)
(-0.0040708 0.0143997 0)
(-0.00551803 0.0141735 0)
(-0.00693313 0.0140007 0)
(-0.00831641 0.0138804 0)
(-0.0096684 0.0138119 0)
(-0.0109898 0.0137947 0)
(-0.0122814 0.0138285 0)
(-0.0135443 0.0139134 0)
(-0.0147798 0.0140491 0)
(-0.0159894 0.0142357 0)
(-0.0171748 0.0144734 0)
(-0.0183379 0.0147623 0)
(-0.0194805 0.0151026 0)
(-0.0206045 0.0154944 0)
(-0.0217115 0.015938 0)
(-0.0228029 0.0164336 0)
(-0.0238793 0.0169816 0)
(-0.0249414 0.0175823 0)
(-0.0259891 0.0182359 0)
(-0.0270186 0.0189426 0)
(-0.0280228 0.0197028 0)
(-0.0289898 0.0205172 0)
(-0.0299 0.0213861 0)
(-0.0307218 0.0223106 0)
(-0.0314038 0.0232914 0)
(-0.0318823 0.0243293 0)
(-0.0321479 0.0254191 0)
(-0.0322828 0.0265449 0)
(-0.0323957 0.0276927 0)
(-0.032564 0.0288543 0)
(-0.0328257 0.0300254 0)
(-0.0332009 0.0312062 0)
(-0.0337076 0.0323986 0)
(-0.0343556 0.0336052 0)
(-0.0351473 0.0348292 0)
(-0.036081 0.0360738 0)
(-0.037152 0.0373423 0)
(-0.0383532 0.038637 0)
(-0.0396757 0.0399584 0)
(-0.0411089 0.0413044 0)
(-0.0426402 0.0426693 0)
(-0.0442549 0.0440421 0)
(-0.045936 0.0454053 0)
(-0.0476634 0.0467337 0)
(-0.0494136 0.0479925 0)
(-0.05116 0.0491363 0)
(-0.0528736 0.0501089 0)
(-0.054525 0.0508429 0)
(-0.0560755 0.0512614 0)
(-0.0574779 0.0512824 0)
(-0.0586851 0.0508192 0)
(-0.0596515 0.0497861 0)
(-0.0603331 0.0481074 0)
(-0.0606909 0.0457274 0)
(-0.0606955 0.0426189 0)
(-0.0603323 0.0387931 0)
(-0.0596062 0.0343065 0)
(-0.0585463 0.0292641 0)
(-0.0572072 0.0238163 0)
(-0.0556656 0.0181516 0)
(-0.0540045 0.0124893 0)
(-0.0523065 0.00707448 0)
(-0.0506615 0.00212874 0)
(0.0504568 0.00293008 0)
(0.0514576 0.00964364 0)
(0.0523145 0.0168546 0)
(0.0529337 0.0241677 0)
(0.0532481 0.0311586 0)
(0.0532085 0.0374619 0)
(0.0527716 0.0427981 0)
(0.0519259 0.0469987 0)
(0.0507014 0.0500005 0)
(0.0491472 0.0518233 0)
(0.0473255 0.0525605 0)
(0.0453021 0.0523557 0)
(0.0431386 0.051378 0)
(0.040889 0.0498032 0)
(0.0385974 0.0478 0)
(0.0362979 0.0455195 0)
(0.034015 0.0430905 0)
(0.0317654 0.0406165 0)
(0.0295597 0.0381772 0)
(0.0274033 0.0358298 0)
(0.0252985 0.0336125 0)
(0.0232446 0.031548 0)
(0.0212401 0.0296467 0)
(0.0192828 0.0279102 0)
(0.0173704 0.0263339 0)
(0.0155009 0.0249092 0)
(0.0136724 0.0236255 0)
(0.0118831 0.0224712 0)
(0.0101316 0.021435 0)
(0.00841624 0.0205064 0)
(0.00673604 0.019676 0)
(0.00509095 0.0189353 0)
(0.00348118 0.0182772 0)
(0.00190693 0.0176958 0)
(0.000368382 0.0171862 0)
(-0.00113425 0.0167444 0)
(-0.0026008 0.0163675 0)
(-0.00403119 0.0160531 0)
(-0.00542542 0.0157992 0)
(-0.0067837 0.0156046 0)
(-0.00810643 0.0154682 0)
(-0.0093942 0.0153893 0)
(-0.0106478 0.0153674 0)
(-0.0118682 0.0154022 0)
(-0.0130566 0.0154936 0)
(-0.0142144 0.0156414 0)
(-0.0153432 0.0158456 0)
(-0.0164447 0.0161065 0)
(-0.0175211 0.0164241 0)
(-0.0185743 0.0167986 0)
(-0.0196064 0.0172304 0)
(-0.020619 0.0177197 0)
(-0.0216134 0.0182667 0)
(-0.0225903 0.0188718 0)
(-0.0235509 0.0195353 0)
(-0.0244948 0.0202576 0)
(-0.0254185 0.021039 0)
(-0.0263144 0.02188 0)
(-0.027171 0.0227813 0)
(-0.027969 0.0237434 0)
(-0.028677 0.0247674 0)
(-0.029245 0.0258563 0)
(-0.0296221 0.027009 0)
(-0.0298212 0.0282131 0)
(-0.0299327 0.0294504 0)
(-0.0300536 0.0307082 0)
(-0.030247 0.0319808 0)
(-0.0305472 0.0332677 0)
(-0.0309747 0.0345677 0)
(-0.0315423 0.035882 0)
(-0.032256 0.0372137 0)
(-0.0331164 0.0385665 0)
(-0.0341209 0.0399448 0)
(-0.0352641 0.0413524 0)
(-0.0365387 0.042792 0)
(-0.0379358 0.0442647 0)
(-0.0394445 0.0457685 0)
(-0.0410522 0.0472973 0)
(-0.0427444 0.0488392 0)
(-0.044504 0.0503751 0)
(-0.0463115 0.0518767 0)
(-0.0481439 0.0533049 0)
(-0.0499745 0.0546086 0)
(-0.0517743 0.055724 0)
(-0.0535133 0.0565748 0)
(-0.0551505 0.0570747 0)
(-0.0566366 0.0571307 0)
(-0.0579279 0.0566478 0)
(-0.0589799 0.0555262 0)
(-0.0597458 0.0536789 0)
(-0.0601835 0.0510426 0)
(-0.0602624 0.0475869 0)
(-0.0599673 0.0433243 0)
(-0.0593033 0.0383189 0)
(-0.0582999 0.0326895 0)
(-0.0570126 0.0266059 0)
(-0.0555195 0.0202802 0)
(-0.0539044 0.0139575 0)
(-0.0522502 0.00791024 0)
(-0.0506459 0.00238284 0)
(0.0504397 0.00323213 0)
(0.0514025 0.0106278 0)
(0.0522309 0.0185713 0)
(0.0528298 0.0266308 0)
(0.0531184 0.0343424 0)
(0.0530301 0.0413031 0)
(0.0525451 0.0472001 0)
(0.0516828 0.0518353 0)
(0.0504512 0.0551246 0)
(0.0488814 0.0571005 0)
(0.0470443 0.0578761 0)
(0.0450088 0.0576145 0)
(0.0428355 0.0565045 0)
(0.0405796 0.0547419 0)
(0.0382852 0.052515 0)
(0.0359858 0.0499915 0)
(0.0337055 0.0473133 0)
(0.03146 0.0445943 0)
(0.0292592 0.0419207 0)
(0.0271076 0.0393542 0)
(0.0250072 0.0369348 0)
(0.0229578 0.0346861 0)
(0.0209582 0.0326178 0)
(0.0190062 0.0307303 0)
(0.0170999 0.0290176 0)
(0.0152373 0.0274694 0)
(0.0134168 0.0260738 0)
(0.0116377 0.0248177 0)
(0.00989938 0.0236887 0)
(0.00820111 0.0226753 0)
(0.00654213 0.0217672 0)
(0.00492208 0.0209559 0)
(0.00334123 0.0202338 0)
(0.00180003 0.0195948 0)
(0.000298904 0.0190337 0)
(-0.00116181 0.0185467 0)
(-0.00258192 0.0181304 0)
(-0.00396143 0.0177825 0)
(-0.00530047 0.0175009 0)
(-0.00659937 0.0172843 0)
(-0.00785863 0.0171316 0)
(-0.00907899 0.0170421 0)
(-0.0102614 0.0170151 0)
(-0.0114069 0.0170503 0)
(-0.0125168 0.0171474 0)
(-0.0135927 0.0173062 0)
(-0.0146363 0.0175268 0)
(-0.0156493 0.0178092 0)
(-0.0166337 0.0181535 0)
(-0.0175917 0.0185599 0)
(-0.0185253 0.0190288 0)
(-0.0194365 0.0195607 0)
(-0.0203265 0.0201558 0)
(-0.0211962 0.0208148 0)
(-0.0220467 0.0215381 0)
(-0.0228782 0.0223262 0)
(-0.0236869 0.0231799 0)
(-0.0244654 0.0241 0)
(-0.0252026 0.0250873 0)
(-0.0258781 0.0261428 0)
(-0.0264563 0.0272679 0)
(-0.0268932 0.0284623 0)
(-0.0271658 0.02972 0)
(-0.027311 0.0310263 0)
(-0.0274143 0.032365 0)
(-0.0275568 0.0337255 0)
(-0.0277883 0.035102 0)
(-0.028138 0.0364938 0)
(-0.0286248 0.0379019 0)
(-0.0292578 0.0393284 0)
(-0.0300407 0.0407771 0)
(-0.0309734 0.0422523 0)
(-0.0320527 0.0437588 0)
(-0.0332727 0.0453008 0)
(-0.0346259 0.0468815 0)
(-0.0361028 0.0485021 0)
(-0.0376926 0.0501608 0)
(-0.0393824 0.0518511 0)
(-0.0411579 0.0535605 0)
(-0.0430024 0.0552681 0)
(-0.0448962 0.0569431 0)
(-0.0468174 0.0585423 0)
(-0.0487402 0.0600091 0)
(-0.0506357 0.0612728 0)
(-0.0524711 0.0622494 0)
(-0.0542003 0.0628438 0)
(-0.0557665 0.0629463 0)
(-0.0571349 0.062441 0)
(-0.0582721 0.061225 0)
(-0.0591229 0.059207 0)
(-0.0596397 0.0563161 0)
(-0.0597912 0.0525165 0)
(-0.0595629 0.0478209 0)
(-0.0589611 0.0423002 0)
(-0.0580165 0.0360869 0)
(-0.0567858 0.029371 0)
(-0.0553477 0.0223888 0)
(-0.0537864 0.0154117 0)
(-0.052184 0.00873816 0)
(-0.0506278 0.00263463 0)
(0.0504183 0.00352768 0)
(0.0513311 0.0115912 0)
(0.0521174 0.0202481 0)
(0.0526901 0.0290287 0)
(0.0529745 0.0374282 0)
(0.0529002 0.0450108 0)
(0.0524149 0.0514425 0)
(0.0515028 0.0565038 0)
(0.0502158 0.0600987 0)
(0.0486305 0.062254 0)
(0.046799 0.0630865 0)
(0.0447705 0.0627758 0)
(0.0426012 0.0615377 0)
(0.0403486 0.0595946 0)
(0.0380588 0.0571553 0)
(0.0357639 0.054404 0)
(0.0334881 0.0514951 0)
(0.0312461 0.0485511 0)
(0.0290476 0.0456634 0)
(0.0268976 0.0428971 0)
(0.0247976 0.0402944 0)
(0.022748 0.0378781 0)
(0.0207472 0.0356578 0)
(0.018794 0.0336322 0)
(0.0168873 0.0317939 0)
(0.015026 0.0301312 0)
(0.0132094 0.0286305 0)
(0.011437 0.0272781 0)
(0.00970831 0.0260605 0)
(0.00802347 0.0249656 0)
(0.00638267 0.0239826 0)
(0.00478605 0.0231026 0)
(0.00323381 0.0223178 0)
(0.00172634 0.0216219 0)
(0.000263932 0.02101 0)
(-0.00115325 0.0204778 0)
(-0.00252512 0.0200223 0)
(-0.00385172 0.0196409 0)
(-0.00513326 0.0193317 0)
(-0.00637021 0.0190933 0)
(-0.0075633 0.0189244 0)
(-0.00871347 0.0188244 0)
(-0.00982183 0.0187925 0)
(-0.0108897 0.0188283 0)
(-0.0119184 0.0189316 0)
(-0.0129096 0.0191019 0)
(-0.0138651 0.0193392 0)
(-0.0147868 0.0196434 0)
(-0.0156765 0.0200143 0)
(-0.0165363 0.0204521 0)
(-0.0173682 0.0209571 0)
(-0.0181737 0.0215295 0)
(-0.0189542 0.0221699 0)
(-0.0197105 0.0228791 0)
(-0.0204442 0.0236576 0)
(-0.0211546 0.0245065 0)
(-0.0218376 0.0254273 0)
(-0.0224862 0.0264218 0)
(-0.0230889 0.0274918 0)
(-0.0236264 0.028638 0)
(-0.0240722 0.029859 0)
(-0.0243972 0.031149 0)
(-0.0245895 0.0324971 0)
(-0.0246914 0.0338888 0)
(-0.0247869 0.0353125 0)
(-0.0249504 0.0367626 0)
(-0.0252233 0.0382347 0)
(-0.0256261 0.0397253 0)
(-0.026174 0.0412352 0)
(-0.0268754 0.0427679 0)
(-0.027732 0.0443276 0)
(-0.0287422 0.0459197 0)
(-0.0299019 0.0475493 0)
(-0.0312048 0.0492213 0)
(-0.032643 0.0509393 0)
(-0.0342068 0.0527043 0)
(-0.0358844 0.0545145 0)
(-0.0376627 0.056363 0)
(-0.0395268 0.0582369 0)
(-0.0414601 0.0601143 0)
(-0.0434439 0.0619628 0)
(-0.0454562 0.0637346 0)
(-0.0474704 0.0653683 0)
(-0.0494544 0.0667863 0)
(-0.0513721 0.0678949 0)
(-0.0531905 0.0685865 0)
(-0.0548747 0.0687414 0)
(-0.056359 0.0682331 0)
(-0.0575752 0.066945 0)
(-0.0584872 0.0647726 0)
(-0.0590641 0.0616351 0)
(-0.0592781 0.0574927 0)
(-0.0591144 0.05236 0)
(-0.0585776 0.0463171 0)
(-0.0576975 0.039513 0)
(-0.0565301 0.032159 0)
(-0.0551541 0.0245163 0)
(-0.053654 0.0168815 0)
(-0.0521105 0.00957786 0)
(-0.0506085 0.00289145 0)
(0.050393 0.00381786 0)
(0.0512459 0.0125331 0)
(0.0519788 0.0218832 0)
(0.052508 0.0313657 0)
(0.0527629 0.0404362 0)
(0.0526806 0.0486188 0)
(0.0522163 0.0555475 0)
(0.0513519 0.0609926 0)
(0.0501005 0.0648666 0)
(0.0485053 0.0671958 0)
(0.0466376 0.0681038 0)
(0.0445814 0.0677812 0)
(0.0424075 0.0664563 0)
(0.040166 0.0643655 0)
(0.0378899 0.0617364 0)
(0.0356079 0.0587766 0)
(0.033341 0.0556619 0)
(0.0311022 0.0525187 0)
(0.0289023 0.0494425 0)
(0.026749 0.0465012 0)
(0.0246441 0.0437376 0)
(0.0225883 0.0411741 0)
(0.0205815 0.0388188 0)
(0.0186229 0.0366698 0)
(0.0167122 0.0347177 0)
(0.0148487 0.03295 0)
(0.0130327 0.0313521 0)
(0.0112647 0.0299093 0)
(0.00954534 0.0286078 0)
(0.00787495 0.0274348 0)
(0.00625372 0.0263795 0)
(0.00468189 0.0254328 0)
(0.00315962 0.0245871 0)
(0.00168729 0.0238362 0)
(0.000265419 0.0231751 0)
(-0.00110576 0.0225998 0)
(-0.00242642 0.022107 0)
(-0.00369698 0.0216943 0)
(-0.00491798 0.0213599 0)
(-0.00609007 0.0211022 0)
(-0.00721405 0.0209199 0)
(-0.00829097 0.0208121 0)
(-0.00932212 0.0207779 0)
(-0.0103091 0.0208165 0)
(-0.0112535 0.0209274 0)
(-0.0121573 0.0211103 0)
(-0.0130224 0.0213647 0)
(-0.0138506 0.0216905 0)
(-0.0146441 0.0220876 0)
(-0.0154045 0.0225558 0)
(-0.0161337 0.0230955 0)
(-0.0168328 0.0237066 0)
(-0.0175026 0.0243898 0)
(-0.018144 0.0251456 0)
(-0.0187576 0.0259749 0)
(-0.0193413 0.0268796 0)
(-0.0198903 0.0278616 0)
(-0.0203966 0.0289227 0)
(-0.0208522 0.0300654 0)
(-0.021247 0.0312905 0)
(-0.0215634 0.0325953 0)
(-0.0217835 0.0339733 0)
(-0.0219106 0.0354128 0)
(-0.0219885 0.0368964 0)
(-0.0220844 0.0384069 0)
(-0.0222644 0.039933 0)
(-0.0225763 0.0414778 0)
(-0.0230389 0.0430446 0)
(-0.0236563 0.0446371 0)
(-0.0244312 0.0462598 0)
(-0.0253644 0.0479176 0)
(-0.0264536 0.049616 0)
(-0.0276948 0.0513606 0)
(-0.029082 0.0531566 0)
(-0.0306077 0.055007 0)
(-0.0322622 0.0569117 0)
(-0.0340329 0.0588678 0)
(-0.0359048 0.0608684 0)
(-0.0378611 0.0628995 0)
(-0.0398837 0.064941 0)
(-0.0419572 0.066962 0)
(-0.0440613 0.068908 0)
(-0.0461676 0.0707079 0)
(-0.0482481 0.0722766 0)
(-0.0502679 0.0735127 0)
(-0.0521808 0.0742995 0)
(-0.0539371 0.0745094 0)
(-0.055489 0.0740096 0)
(-0.05679 0.0726612 0)
(-0.0577953 0.0703417 0)
(-0.058463 0.0669619 0)
(-0.0587606 0.0624788 0)
(-0.0586715 0.0569108 0)
(-0.0582011 0.0503478 0)
(-0.0573815 0.0429551 0)
(-0.0562721 0.0349655 0)
(-0.0549544 0.0266643 0)
(-0.0535142 0.0183723 0)
(-0.0520314 0.0104352 0)
(-0.0505875 0.00315685 0)
(0.050364 0.00410454 0)
(0.051148 0.0134537 0)
(0.0518192 0.0234732 0)
(0.0522994 0.0336345 0)
(0.0525183 0.0433603 0)
(0.0524115 0.05214 0)
(0.0519346 0.0595736 0)
(0.0510784 0.0654052 0)
(0.0498637 0.0695344 0)
(0.0483286 0.072001 0)
(0.0465183 0.0729541 0)
(0.044488 0.0726107 0)
(0.0422991 0.0712201 0)
(0.0400182 0.069035 0)
(0.0377154 0.0662901 0)
(0.0354431 0.0631906 0)
(0.0331947 0.0599042 0)
(0.0309572 0.0565798 0)
(0.0287536 0.0533308 0)
(0.0265951 0.0502355 0)
(0.0244819 0.0473319 0)
(0.0224163 0.0446401 0)
(0.0204009 0.0421671 0)
(0.0184353 0.0399089 0)
(0.0165203 0.0378548 0)
(0.0146567 0.0359909 0)
(0.0128447 0.0343027 0)
(0.0110855 0.0327747 0)
(0.00937945 0.0313934 0)
(0.0077275 0.0301459 0)
(0.00613063 0.0290218 0)
(0.0045895 0.0280118 0)
(0.00310439 0.0271087 0)
(0.00167514 0.0263064 0)
(0.000301463 0.0256002 0)
(-0.00101691 0.0249863 0)
(-0.0022801 0.0244615 0)
(-0.00348849 0.0240234 0)
(-0.00464287 0.0236696 0)
(-0.00574444 0.0233985 0)
(-0.00679468 0.0232087 0)
(-0.00779514 0.0230989 0)
(-0.00874733 0.0230681 0)
(-0.0096528 0.0231153 0)
(-0.0105131 0.0232396 0)
(-0.01133 0.0234402 0)
(-0.0121052 0.0237164 0)
(-0.0128406 0.0240678 0)
(-0.0135379 0.0244939 0)
(-0.0141991 0.0249946 0)
(-0.0148255 0.0255696 0)
(-0.0154183 0.0262193 0)
(-0.0159778 0.0269436 0)
(-0.0165039 0.027743 0)
(-0.016995 0.0286178 0)
(-0.0174486 0.0295688 0)
(-0.0178605 0.0305968 0)
(-0.0182228 0.0317048 0)
(-0.018528 0.0328979 0)
(-0.0187704 0.0341796 0)
(-0.0189445 0.0355501 0)
(-0.0190474 0.0369999 0)
(-0.0190997 0.0385089 0)
(-0.0191631 0.0400581 0)
(-0.0193106 0.0416345 0)
(-0.0195694 0.0432301 0)
(-0.0199464 0.0448438 0)
(-0.0204634 0.0464802 0)
(-0.0211358 0.0481487 0)
(-0.0219709 0.0498551 0)
(-0.0229694 0.0516043 0)
(-0.0241284 0.0534024 0)
(-0.0254431 0.0552564 0)
(-0.0269092 0.0571732 0)
(-0.0285223 0.0591562 0)
(-0.0302725 0.0612016 0)
(-0.0321425 0.0633066 0)
(-0.034115 0.0654647 0)
(-0.0361653 0.0676619 0)
(-0.0382645 0.0698692 0)
(-0.0404137 0.0720427 0)
(-0.0426135 0.0741342 0)
(-0.0448267 0.0760769 0)
(-0.0470075 0.0777814 0)
(-0.0491132 0.0791383 0)
(-0.0511059 0.0800191 0)
(-0.052946 0.0802797 0)
(-0.0545864 0.0797686 0)
(-0.0559774 0.0783379 0)
(-0.0570698 0.0758577 0)
(-0.0578199 0.0722309 0)
(-0.0581943 0.0674104 0)
(-0.0581767 0.0614154 0)
(-0.0577733 0.0543435 0)
(-0.0570183 0.0463746 0)
(-0.0559731 0.0377615 0)
(-0.0547215 0.0288123 0)
(-0.0533501 0.0198705 0)
(-0.0519378 0.0113021 0)
(-0.0505621 0.0034277 0)
(0.0503332 0.00438687 0)
(0.0510401 0.0143509 0)
(0.0516391 0.0250129 0)
(0.0520579 0.0358225 0)
(0.0522302 0.046175 0)
(0.0520913 0.0555304 0)
(0.0515941 0.063461 0)
(0.0507239 0.0696895 0)
(0.0494986 0.0741017 0)
(0.0479642 0.0767343 0)
(0.0461816 0.0777446 0)
(0.0442131 0.0773711 0)
(0.0421097 0.0758905 0)
(0.0399008 0.0735864 0)
(0.0376075 0.0707184 0)
(0.0352515 0.0675069 0)
(0.032902 0.0641262 0)
(0.0306254 0.0607176 0)
(0.0284312 0.0573794 0)
(0.0262895 0.0541723 0)
(0.024178 0.0511488 0)
(0.0221115 0.0483408 0)
(0.0200964 0.0457625 0)
(0.0181319 0.0434053 0)
(0.0162202 0.0412571 0)
(0.0143651 0.0393042 0)
(0.0125675 0.0375319 0)
(0.0108286 0.0359249 0)
(0.00914995 0.0344695 0)
(0.00753157 0.033154 0)
(0.00597436 0.0319677 0)
(0.00447814 0.0309019 0)
(0.00304313 0.0299495 0)
(0.00166945 0.0291046 0)
(0.000356779 0.0283624 0)
(-0.000895623 0.0277191 0)
(-0.00208905 0.0271715 0)
(-0.00322489 0.0267172 0)
(-0.00430439 0.0263537 0)
(-0.00532866 0.0260793 0)
(-0.00629902 0.025892 0)
(-0.00721708 0.0257903 0)
(-0.00808467 0.0257727 0)
(-0.00890379 0.0258378 0)
(-0.00967644 0.0259845 0)
(-0.0104045 0.0262116 0)
(-0.0110898 0.026518 0)
(-0.0117338 0.0269031 0)
(-0.012338 0.0273659 0)
(-0.0129036 0.0279061 0)
(-0.0134316 0.0285235 0)
(-0.0139226 0.0292182 0)
(-0.0143772 0.0299905 0)
(-0.0147955 0.030841 0)
(-0.0151771 0.0317706 0)
(-0.0155189 0.0327801 0)
(-0.015811 0.0338707 0)
(-0.016035 0.0350432 0)
(-0.016182 0.0362973 0)
(-0.0162565 0.0376311 0)
(-0.0162766 0.03904 0)
(-0.0162793 0.0405181 0)
(-0.0162974 0.0420576 0)
(-0.0163625 0.0436479 0)
(-0.0165192 0.0452785 0)
(-0.0168072 0.046948 0)
(-0.0172454 0.0486494 0)
(-0.0178289 0.050379 0)
(-0.0185613 0.0521338 0)
(-0.0194582 0.053918 0)
(-0.0205214 0.0557399 0)
(-0.021744 0.0576072 0)
(-0.0231185 0.0595269 0)
(-0.0246437 0.0615051 0)
(-0.0263294 0.0635498 0)
(-0.0281656 0.0656722 0)
(-0.0301226 0.0678746 0)
(-0.0321796 0.0701485 0)
(-0.0343304 0.0724757 0)
(-0.0365722 0.0748236 0)
(-0.0388651 0.0771445 0)
(-0.0411614 0.0793864 0)
(-0.0434424 0.0814769 0)
(-0.0456898 0.0833186 0)
(-0.0478734 0.0847905 0)
(-0.0499533 0.0857514 0)
(-0.0518834 0.0860466 0)
(-0.0536137 0.0855142 0)
(-0.0550925 0.0839958 0)
(-0.0562696 0.0813511 0)
(-0.0571 0.0774746 0)
(-0.0575505 0.0723151 0)
(-0.0576054 0.0658933 0)
(-0.057273 0.058315 0)
(-0.0565894 0.0497748 0)
(-0.0556186 0.0405456 0)
(-0.0544457 0.0309568 0)
(-0.0531574 0.0213724 0)
(-0.0518289 0.0121762 0)
(-0.0505332 0.00370339 0)
(0.0502977 0.00467784 0)
(0.0509124 0.0152629 0)
(0.0514167 0.0265648 0)
(0.0517471 0.0380136 0)
(0.0518431 0.0489809 0)
(0.0516428 0.0588997 0)
(0.0510998 0.0673173 0)
(0.0501973 0.0739381 0)
(0.0489501 0.0786405 0)
(0.0473981 0.0814647 0)
(0.045596 0.0825761 0)
(0.0436037 0.0822236 0)
(0.0414819 0.0806963 0)
(0.0392837 0.0782914 0)
(0.0370492 0.0752902 0)
(0.0348 0.0719392 0)
(0.0325367 0.0684426 0)
(0.0302564 0.0649412 0)
(0.027964 0.0615327 0)
(0.0257138 0.0582774 0)
(0.0235587 0.0552144 0)
(0.0215012 0.0523568 0)
(0.0195111 0.0497019 0)
(0.0175669 0.0472549 0)
(0.0156817 0.0450153 0)
(0.0138611 0.0429778 0)
(0.0121042 0.0411257 0)
(0.0104119 0.0394452 0)
(0.0087858 0.0379233 0)
(0.00722562 0.0365482 0)
(0.0057317 0.0353095 0)
(0.00430424 0.0341987 0)
(0.00294245 0.033209 0)
(0.00164575 0.0323346 0)
(0.000412769 0.031571 0)
(-0.000757561 0.030914 0)
(-0.00186621 0.0303602 0)
(-0.00291457 0.0299068 0)
(-0.0039045 0.0295511 0)
(-0.00483814 0.0292908 0)
(-0.00571784 0.0291237 0)
(-0.00654575 0.0290475 0)
(-0.00732361 0.0290602 0)
(-0.00805309 0.0291597 0)
(-0.00873586 0.0293441 0)
(-0.00937349 0.0296119 0)
(-0.00996746 0.0299613 0)
(-0.010519 0.0303912 0)
(-0.0110291 0.0309005 0)
(-0.0114983 0.0314884 0)
(-0.0119266 0.0321544 0)
(-0.0123134 0.0328986 0)
(-0.0126581 0.0337211 0)
(-0.012959 0.0346225 0)
(-0.0132137 0.0356041 0)
(-0.0134192 0.0366671 0)
(-0.0135719 0.0378129 0)
(-0.0136683 0.0390396 0)
(-0.013709 0.0403408 0)
(-0.0137005 0.0417097 0)
(-0.0136505 0.0431379 0)
(-0.013568 0.0446197 0)
(-0.0134918 0.0461497 0)
(-0.013499 0.0477171 0)
(-0.0136438 0.0493254 0)
(-0.0139463 0.0509764 0)
(-0.0144209 0.0526711 0)
(-0.015082 0.054409 0)
(-0.0159276 0.0561859 0)
(-0.016939 0.0580053 0)
(-0.0181097 0.0598747 0)
(-0.0194403 0.0618019 0)
(-0.0209291 0.063794 0)
(-0.0225649 0.0658577 0)
(-0.0243204 0.0680011 0)
(-0.0261839 0.070235 0)
(-0.0281637 0.0725588 0)
(-0.0302572 0.0749617 0)
(-0.0324519 0.0774233 0)
(-0.03473 0.0799155 0)
(-0.0370653 0.0823982 0)
(-0.0394311 0.0848042 0)
(-0.041803 0.0870461 0)
(-0.0441499 0.089018 0)
(-0.0464344 0.090593 0)
(-0.0486143 0.0916236 0)
(-0.0506421 0.0919456 0)
(-0.0524672 0.0913862 0)
(-0.0540376 0.0897754 0)
(-0.0553029 0.0869617 0)
(-0.0562191 0.0828314 0)
(-0.056754 0.0773287 0)
(-0.0568937 0.0704755 0)
(-0.0566482 0.0623857 0)
(-0.0560555 0.0532684 0)
(-0.0551813 0.0434156 0)
(-0.0541103 0.0331775 0)
(-0.0529271 0.0229366 0)
(-0.0517016 0.0130935 0)
(-0.0505 0.00399654 0)
(0.0502678 0.00496585 0)
(0.0507884 0.0161662 0)
(0.0511822 0.0280946 0)
(0.0513914 0.0401591 0)
(0.0513659 0.051709 0)
(0.0510512 0.0621565 0)
(0.0504056 0.0710293 0)
(0.0494144 0.0780185 0)
(0.048093 0.082998 0)
(0.0464803 0.0860124 0)
(0.0446292 0.0872404 0)
(0.0425974 0.0869474 0)
(0.0404398 0.08544 0)
(0.0382045 0.0830261 0)
(0.0359297 0.0799897 0)
(0.0336483 0.0765744 0)
(0.03139 0.0729802 0)
(0.029174 0.069365 0)
(0.027001 0.0658453 0)
(0.024855 0.0625023 0)
(0.0227213 0.0593715 0)
(0.0206014 0.056467 0)
(0.0185463 0.053785 0)
(0.0166022 0.0513182 0)
(0.0147697 0.0490483 0)
(0.0130232 0.0469562 0)
(0.0113437 0.0450398 0)
(0.00973705 0.0432991 0)
(0.00820197 0.0417258 0)
(0.00673605 0.0403066 0)
(0.00533896 0.0390318 0)
(0.00401112 0.0378934 0)
(0.00275205 0.0368849 0)
(0.00156041 0.0360007 0)
(0.000434836 0.035236 0)
(-0.000626698 0.0345866 0)
(-0.0016266 0.0340488 0)
(-0.00256725 0.0336193 0)
(-0.00345075 0.0332947 0)
(-0.00427919 0.033072 0)
(-0.00505495 0.0329484 0)
(-0.00578046 0.0329212 0)
(-0.0064581 0.0329876 0)
(-0.00708994 0.033145 0)
(-0.00767761 0.0333907 0)
(-0.00822248 0.0337222 0)
(-0.00872552 0.034137 0)
(-0.00918706 0.0346326 0)
(-0.00960713 0.0352071 0)
(-0.00998532 0.0358585 0)
(-0.0103208 0.0365854 0)
(-0.0106121 0.0373867 0)
(-0.010858 0.0382614 0)
(-0.0110564 0.0392089 0)
(-0.0112042 0.0402287 0)
(-0.0112988 0.0413201 0)
(-0.0113387 0.042482 0)
(-0.0113248 0.0437122 0)
(-0.0112623 0.0450067 0)
(-0.0111634 0.0463603 0)
(-0.0110473 0.0477658 0)
(-0.010949 0.0492157 0)
(-0.0109192 0.0506999 0)
(-0.0109716 0.0522111 0)
(-0.0111238 0.0537574 0)
(-0.011427 0.0553412 0)
(-0.0119092 0.05697 0)
(-0.0125791 0.0586522 0)
(-0.0134308 0.0603989 0)
(-0.0144531 0.0622172 0)
(-0.0156389 0.0641128 0)
(-0.0169821 0.066093 0)
(-0.0184763 0.0681656 0)
(-0.0201131 0.0703379 0)
(-0.0218825 0.0726128 0)
(-0.0237804 0.0749846 0)
(-0.0258053 0.0774463 0)
(-0.02795 0.0799873 0)
(-0.030202 0.0825883 0)
(-0.0325433 0.0852178 0)
(-0.0349511 0.087829 0)
(-0.0373999 0.0903546 0)
(-0.0398606 0.0927072 0)
(-0.0423 0.0947764 0)
(-0.0446799 0.0964281 0)
(-0.0469579 0.0975061 0)
(-0.0490867 0.0978361 0)
(-0.0510153 0.0972343 0)
(-0.0526917 0.0955194 0)
(-0.0540658 0.0925297 0)
(-0.055094 0.0881434 0)
(-0.0557451 0.0823009 0)
(-0.0560058 0.0750252 0)
(-0.0558862 0.0664372 0)
(-0.0554243 0.0567588 0)
(-0.054684 0.0462979 0)
(-0.0537469 0.0354214 0)
(-0.0526914 0.024527 0)
(-0.0515793 0.0140303 0)
(-0.0504719 0.00429623 0)
(0.0502186 0.00532588 0)
(0.050593 0.0172823 0)
(0.0507983 0.0299756 0)
(0.0507957 0.0427801 0)
(0.0505543 0.0550152 0)
(0.0500365 0.0660686 0)
(0.0492113 0.07545 0)
(0.0480691 0.0828407 0)
(0.046626 0.0881157 0)
(0.0449188 0.0913299 0)
(0.0429967 0.0926784 0)
(0.0409135 0.0924455 0)
(0.0387205 0.0909552 0)
(0.0364625 0.088531 0)
(0.0341767 0.0854683 0)
(0.0318919 0.082019 0)
(0.0296313 0.0783835 0)
(0.0274105 0.0747118 0)
(0.0252429 0.0711103 0)
(0.0231439 0.0676532 0)
(0.0211252 0.0643922 0)
(0.0191817 0.06136 0)
(0.0172912 0.0585737 0)
(0.0154321 0.0560249 0)
(0.0136063 0.0537022 0)
(0.0118684 0.0515852 0)
(0.0102655 0.0496557 0)
(0.00877903 0.0478896 0)
(0.00737065 0.0462792 0)
(0.00602851 0.0448293 0)
(0.00475816 0.0435368 0)
(0.0035599 0.0423924 0)
(0.00243194 0.0413888 0)
(0.00137194 0.0405204 0)
(0.00037771 0.0397818 0)
(-0.000553096 0.0391683 0)
(-0.00142297 0.0386753 0)
(-0.00223457 0.0382988 0)
(-0.00299092 0.0380349 0)
(-0.00369511 0.0378799 0)
(-0.00435003 0.0378301 0)
(-0.00495838 0.037882 0)
(-0.00552262 0.0380321 0)
(-0.00604495 0.038277 0)
(-0.00652726 0.0386133 0)
(-0.00697105 0.0390378 0)
(-0.00737728 0.039547 0)
(-0.00774623 0.0401377 0)
(-0.00807744 0.0408065 0)
(-0.00836962 0.04155 0)
(-0.00862087 0.042365 0)
(-0.00882903 0.0432484 0)
(-0.00899183 0.0441972 0)
(-0.00910672 0.0452087 0)
(-0.00917105 0.04628 0)
(-0.00918363 0.0474084 0)
(-0.00914533 0.0485908 0)
(-0.00906065 0.0498234 0)
(-0.00893946 0.0511026 0)
(-0.00879933 0.0524239 0)
(-0.00865741 0.0537834 0)
(-0.00853361 0.055173 0)
(-0.00847244 0.0565868 0)
(-0.00851169 0.058033 0)
(-0.00868644 0.0595076 0)
(-0.00902305 0.0610192 0)
(-0.00952196 0.0625813 0)
(-0.0101892 0.0642061 0)
(-0.0110278 0.0659057 0)
(-0.0120335 0.0676902 0)
(-0.0132006 0.0695689 0)
(-0.014524 0.0715501 0)
(-0.0159992 0.0736409 0)
(-0.0176215 0.0758465 0)
(-0.0193862 0.0781685 0)
(-0.0212885 0.0806045 0)
(-0.0233229 0.0831483 0)
(-0.0254807 0.0857876 0)
(-0.0277497 0.0885004 0)
(-0.030114 0.0912521 0)
(-0.0325537 0.0939915 0)
(-0.0350442 0.0966477 0)
(-0.037557 0.0991274 0)
(-0.0400579 0.101313 0)
(-0.0425071 0.103061 0)
(-0.0448606 0.104206 0)
(-0.047071 0.104563 0)
(-0.0490884 0.103934 0)
(-0.050862 0.102126 0)
(-0.0523434 0.0989658 0)
(-0.0534911 0.0943208 0)
(-0.054276 0.0881241 0)
(-0.0546869 0.0803964 0)
(-0.0547356 0.0712621 0)
(-0.0544592 0.0609525 0)
(-0.0539183 0.0497905 0)
(-0.0531867 0.0381606 0)
(-0.0523307 0.0264797 0)
(-0.0513958 0.0151863 0)
(-0.0504266 0.00467091 0)
(0.0502453 0.00559288 0)
(0.0504918 0.0182127 0)
(0.050482 0.031577 0)
(0.0501856 0.0449918 0)
(0.0496191 0.0577484 0)
(0.0487802 0.0692271 0)
(0.0476593 0.0789419 0)
(0.0462599 0.0865852 0)
(0.0446043 0.0920469 0)
(0.0427309 0.0953975 0)
(0.0406871 0.0968464 0)
(0.0385217 0.0966891 0)
(0.0362804 0.0952574 0)
(0.0340026 0.0928792 0)
(0.0317208 0.0898521 0)
(0.0294605 0.086428 0)
(0.0272414 0.0828083 0)
(0.0250779 0.0791448 0)
(0.02298 0.0755468 0)
(0.0209562 0.072087 0)
(0.0190111 0.068809 0)
(0.0171477 0.0657356 0)
(0.0153737 0.0628792 0)
(0.0137007 0.0602488 0)
(0.0121192 0.0578512 0)
(0.0105946 0.0556853 0)
(0.00909765 0.0537313 0)
(0.00765641 0.0519699 0)
(0.00633572 0.0503852 0)
(0.00513802 0.0489663 0)
(0.00402115 0.0477059 0)
(0.00296973 0.0465997 0)
(0.00198719 0.0456427 0)
(0.00107255 0.044829 0)
(0.000222416 0.0441534 0)
(-0.00056603 0.0436108 0)
(-0.00129567 0.0431964 0)
(-0.00196954 0.0429052 0)
(-0.00259071 0.0427327 0)
(-0.00316245 0.0426745 0)
(-0.00368801 0.0427262 0)
(-0.00417056 0.0428837 0)
(-0.00461298 0.0431431 0)
(-0.00501787 0.0435005 0)
(-0.00538737 0.043952 0)
(-0.00572322 0.0444937 0)
(-0.00602658 0.0451217 0)
(-0.00629803 0.045832 0)
(-0.00653748 0.0466205 0)
(-0.00674404 0.0474826 0)
(-0.00691613 0.0484136 0)
(-0.00705152 0.0494082 0)
(-0.00714781 0.0504609 0)
(-0.00720203 0.0515657 0)
(-0.00721143 0.0527162 0)
(-0.00717461 0.0539056 0)
(-0.00709298 0.055127 0)
(-0.00697069 0.0563735 0)
(-0.006817 0.0576384 0)
(-0.00664745 0.0589168 0)
(-0.00649556 0.0602055 0)
(-0.00640692 0.0615023 0)
(-0.00639676 0.062806 0)
(-0.0064797 0.0641235 0)
(-0.0066791 0.0654597 0)
(-0.00700686 0.0668341 0)
(-0.00748433 0.0682621 0)
(-0.00812519 0.0697581 0)
(-0.00892959 0.0713369 0)
(-0.00989396 0.0730125 0)
(-0.0110141 0.0747972 0)
(-0.0122871 0.0767013 0)
(-0.0137103 0.0787332 0)
(-0.0152804 0.0808989 0)
(-0.0169939 0.0832007 0)
(-0.0188467 0.0856369 0)
(-0.0208332 0.0881998 0)
(-0.022946 0.0908743 0)
(-0.0251748 0.0936347 0)
(-0.0275059 0.0964419 0)
(-0.0299215 0.09924 0)
(-0.0323995 0.101953 0)
(-0.0349131 0.104483 0)
(-0.0374303 0.106707 0)
(-0.0399143 0.108475 0)
(-0.0423228 0.109617 0)
(-0.0446087 0.109944 0)
(-0.0467226 0.109253 0)
(-0.0486151 0.107343 0)
(-0.050239 0.104032 0)
(-0.051554 0.0991826 0)
(-0.0525317 0.0927239 0)
(-0.0531605 0.0846726 0)
(-0.0534502 0.0751504 0)
(-0.053434 0.0643863 0)
(-0.053165 0.0527019 0)
(-0.0527024 0.0404818 0)
(-0.0520865 0.0281485 0)
(-0.0513239 0.0161602 0)
(-0.0504559 0.00495971 0)
(0.050025 0.00692457 0)
(0.049727 0.02159 0)
(0.0491548 0.03659 0)
(0.0483664 0.0513652 0)
(0.0473917 0.0652537 0)
(0.0462285 0.077649 0)
(0.0448698 0.0880737 0)
(0.0433179 0.096238 0)
(0.0415877 0.102058 0)
(0.0397052 0.105635 0)
(0.0377032 0.107207 0)
(0.0356171 0.107096 0)
(0.0334807 0.105651 0)
(0.0313241 0.103214 0)
(0.0291725 0.100094 0)
(0.0270463 0.0965491 0)
(0.0249616 0.0927876 0)
(0.0229308 0.0889679 0)
(0.0209634 0.0852048 0)
(0.019066 0.0815776 0)
(0.017243 0.0781364 0)
(0.0154974 0.0749109 0)
(0.0138326 0.0719156 0)
(0.0122511 0.0691532 0)
(0.0107527 0.0666175 0)
(0.00933938 0.0643056 0)
(0.0080175 0.0622199 0)
(0.00677524 0.0603622 0)
(0.00558885 0.0587237 0)
(0.00446203 0.0572867 0)
(0.0034135 0.0560387 0)
(0.00244638 0.0549718 0)
(0.00155297 0.0540776 0)
(0.000729588 0.0533481 0)
(-2.59642e-05 0.0527755 0)
(-0.000717405 0.0523524 0)
(-0.00134835 0.0520718 0)
(-0.00192236 0.0519271 0)
(-0.00244316 0.0519119 0)
(-0.00291434 0.0520203 0)
(-0.0033395 0.0522467 0)
(-0.00372205 0.0525858 0)
(-0.00406531 0.0530324 0)
(-0.00437237 0.053582 0)
(-0.00464597 0.0542298 0)
(-0.00488842 0.0549712 0)
(-0.00510139 0.0558015 0)
(-0.005286 0.0567158 0)
(-0.00544266 0.0577086 0)
(-0.00557126 0.0587741 0)
(-0.00567102 0.0599055 0)
(-0.00574089 0.0610949 0)
(-0.00577955 0.0623332 0)
(-0.00578541 0.0636102 0)
(-0.00575684 0.0649138 0)
(-0.00569385 0.0662305 0)
(-0.00559837 0.0675461 0)
(-0.00547639 0.0688458 0)
(-0.00533662 0.0701159 0)
(-0.00519391 0.0713445 0)
(-0.00506614 0.0725251 0)
(-0.00497775 0.0736593 0)
(-0.00496268 0.0747603 0)
(-0.00505569 0.0758424 0)
(-0.00526961 0.0769297 0)
(-0.00560963 0.0780422 0)
(-0.00609288 0.0792034 0)
(-0.00672918 0.080441 0)
(-0.00752122 0.081781 0)
(-0.00846773 0.083246 0)
(-0.00956658 0.0848543 0)
(-0.0108149 0.0866207 0)
(-0.0122098 0.0885564 0)
(-0.0137481 0.0906684 0)
(-0.0154258 0.0929594 0)
(-0.0172382 0.0954263 0)
(-0.0191788 0.0980594 0)
(-0.0212391 0.10084 0)
(-0.0234078 0.103738 0)
(-0.0256703 0.106709 0)
(-0.0280084 0.10969 0)
(-0.0304003 0.1126 0)
(-0.0328196 0.115331 0)
(-0.0352358 0.117748 0)
(-0.0376142 0.119692 0)
(-0.0399156 0.120974 0)
(-0.0420979 0.121384 0)
(-0.0441161 0.120706 0)
(-0.0459277 0.118725 0)
(-0.0474953 0.115245 0)
(-0.0487894 0.110111 0)
(-0.0497928 0.103238 0)
(-0.0505048 0.0946276 0)
(-0.0509438 0.0843934 0)
(-0.0511476 0.0727603 0)
(-0.0511699 0.0600498 0)
(-0.0510699 0.0466466 0)
(-0.0508912 0.0329585 0)
(-0.0506334 0.0193872 0)
(-0.0502575 0.00623194 0)
)
;

boundaryField
{
    fuel
    {
        type            fixedValue;
        value           uniform (0.05 0 0);
    }
    air
    {
        type            fixedValue;
        value           uniform (-0.05 0 0);
    }
    outlet
    {
        type            pressureInletOutletVelocity;
        value           nonuniform List<vector> 
200
(
(0.0500223 -0.00688869 0)
(0.0497192 -0.0214759 0)
(0.0491429 -0.0363922 0)
(0.0483517 -0.0510811 0)
(0.0473757 -0.0648839 0)
(0.0462135 -0.0771982 0)
(0.0448581 -0.0875502 0)
(0.0433118 -0.0956526 0)
(0.0415892 -0.101423 0)
(0.039716 -0.104962 0)
(0.0377243 -0.106509 0)
(0.0356488 -0.106384 0)
(0.0335229 -0.104936 0)
(0.0313762 -0.102506 0)
(0.0292339 -0.0993994 0)
(0.0271164 -0.0958741 0)
(0.0250398 -0.0921365 0)
(0.0230164 -0.0883435 0)
(0.0210555 -0.0846089 0)
(0.0191638 -0.0810109 0)
(0.017346 -0.0775993 0)
(0.0156052 -0.0744028 0)
(0.0139441 -0.0714361 0)
(0.012365 -0.0687042 0)
(0.0108686 -0.0662011 0)
(0.00945541 -0.0639201 0)
(0.0081334 -0.061861 0)
(0.00689834 -0.0600219 0)
(0.00572136 -0.0583997 0)
(0.00459753 -0.05698 0)
(0.00354971 -0.0557505 0)
(0.00258337 -0.0547028 0)
(0.00169113 -0.0538281 0)
(0.000869571 -0.0531174 0)
(0.000115805 -0.0525625 0)
(-0.000574034 -0.0521559 0)
(-0.00120334 -0.0518904 0)
(-0.00177546 -0.0517592 0)
(-0.0022939 -0.0517557 0)
(-0.00276229 -0.0518742 0)
(-0.00318415 -0.0521089 0)
(-0.00356308 -0.0524545 0)
(-0.0039024 -0.0529064 0)
(-0.00420523 -0.0534597 0)
(-0.0044744 -0.0541101 0)
(-0.00471228 -0.0548532 0)
(-0.00492078 -0.0556847 0)
(-0.00510118 -0.0565997 0)
(-0.00525417 -0.0575931 0)
(-0.00537965 -0.0586591 0)
(-0.00547702 -0.0597911 0)
(-0.00554513 -0.0609811 0)
(-0.00558277 -0.0622203 0)
(-0.00558852 -0.0634984 0)
(-0.00556109 -0.0648035 0)
(-0.0055008 -0.0661226 0)
(-0.00540963 -0.0674413 0)
(-0.00529323 -0.0687455 0)
(-0.00515999 -0.0700217 0)
(-0.00502323 -0.0712591 0)
(-0.00490043 -0.072451 0)
(-0.00481546 -0.0735959 0)
(-0.00480425 -0.0747002 0)
(-0.00490587 -0.0757841 0)
(-0.00512882 -0.0768751 0)
(-0.00547485 -0.077993 0)
(-0.00596361 -0.0791614 0)
(-0.00660597 -0.0804078 0)
(-0.00740433 -0.0817579 0)
(-0.00835694 -0.083234 0)
(-0.0094614 -0.0848547 0)
(-0.0107148 -0.0866344 0)
(-0.0121144 -0.0885844 0)
(-0.013657 -0.0907118 0)
(-0.0153393 -0.093019 0)
(-0.0171564 -0.0955032 0)
(-0.0191019 -0.0981543 0)
(-0.0211669 -0.100954 0)
(-0.0233402 -0.103871 0)
(-0.0256074 -0.106861 0)
(-0.0279504 -0.109861 0)
(-0.0303474 -0.112789 0)
(-0.0327722 -0.115536 0)
(-0.0351941 -0.117969 0)
(-0.0375784 -0.119925 0)
(-0.0398859 -0.121217 0)
(-0.0420742 -0.121634 0)
(-0.0440985 -0.120959 0)
(-0.0459162 -0.118976 0)
(-0.0474893 -0.11549 0)
(-0.0487884 -0.110346 0)
(-0.0497961 -0.103457 0)
(-0.0505114 -0.0948267 0)
(-0.0509526 -0.0845686 0)
(-0.0511573 -0.0729085 0)
(-0.0511794 -0.0601691 0)
(-0.051078 -0.0467366 0)
(-0.0508974 -0.0330202 0)
(-0.0506373 -0.0194225 0)
(-0.0502587 -0.00624282 0)
(0.050025 0.00692457 0)
(0.049727 0.02159 0)
(0.0491548 0.03659 0)
(0.0483664 0.0513652 0)
(0.0473917 0.0652537 0)
(0.0462285 0.077649 0)
(0.0448698 0.0880737 0)
(0.0433179 0.096238 0)
(0.0415877 0.102058 0)
(0.0397052 0.105635 0)
(0.0377032 0.107207 0)
(0.0356171 0.107096 0)
(0.0334807 0.105651 0)
(0.0313241 0.103214 0)
(0.0291725 0.100094 0)
(0.0270463 0.0965491 0)
(0.0249616 0.0927876 0)
(0.0229308 0.0889679 0)
(0.0209634 0.0852048 0)
(0.019066 0.0815776 0)
(0.017243 0.0781364 0)
(0.0154974 0.0749109 0)
(0.0138326 0.0719156 0)
(0.0122511 0.0691532 0)
(0.0107527 0.0666175 0)
(0.00933938 0.0643056 0)
(0.0080175 0.0622199 0)
(0.00677524 0.0603622 0)
(0.00558885 0.0587237 0)
(0.00446203 0.0572867 0)
(0.0034135 0.0560387 0)
(0.00244638 0.0549718 0)
(0.00155297 0.0540776 0)
(0.000729588 0.0533481 0)
(-2.59642e-05 0.0527755 0)
(-0.000717405 0.0523524 0)
(-0.00134835 0.0520718 0)
(-0.00192236 0.0519271 0)
(-0.00244316 0.0519119 0)
(-0.00291434 0.0520203 0)
(-0.0033395 0.0522467 0)
(-0.00372205 0.0525858 0)
(-0.00406531 0.0530324 0)
(-0.00437237 0.053582 0)
(-0.00464597 0.0542298 0)
(-0.00488842 0.0549712 0)
(-0.00510139 0.0558015 0)
(-0.005286 0.0567158 0)
(-0.00544266 0.0577086 0)
(-0.00557126 0.0587741 0)
(-0.00567102 0.0599055 0)
(-0.00574089 0.0610949 0)
(-0.00577955 0.0623332 0)
(-0.00578541 0.0636102 0)
(-0.00575684 0.0649138 0)
(-0.00569385 0.0662305 0)
(-0.00559837 0.0675461 0)
(-0.00547639 0.0688458 0)
(-0.00533662 0.0701159 0)
(-0.00519391 0.0713445 0)
(-0.00506614 0.0725251 0)
(-0.00497775 0.0736593 0)
(-0.00496268 0.0747603 0)
(-0.00505569 0.0758424 0)
(-0.00526961 0.0769297 0)
(-0.00560963 0.0780422 0)
(-0.00609288 0.0792034 0)
(-0.00672918 0.080441 0)
(-0.00752122 0.081781 0)
(-0.00846773 0.083246 0)
(-0.00956658 0.0848543 0)
(-0.0108149 0.0866207 0)
(-0.0122098 0.0885564 0)
(-0.0137481 0.0906684 0)
(-0.0154258 0.0929594 0)
(-0.0172382 0.0954263 0)
(-0.0191788 0.0980594 0)
(-0.0212391 0.10084 0)
(-0.0234078 0.103738 0)
(-0.0256703 0.106709 0)
(-0.0280084 0.10969 0)
(-0.0304003 0.1126 0)
(-0.0328196 0.115331 0)
(-0.0352358 0.117748 0)
(-0.0376142 0.119692 0)
(-0.0399156 0.120974 0)
(-0.0420979 0.121384 0)
(-0.0441161 0.120706 0)
(-0.0459277 0.118725 0)
(-0.0474953 0.115245 0)
(-0.0487894 0.110111 0)
(-0.0497928 0.103238 0)
(-0.0505048 0.0946276 0)
(-0.0509438 0.0843934 0)
(-0.0511476 0.0727603 0)
(-0.0511699 0.0600498 0)
(-0.0510699 0.0466466 0)
(-0.0508912 0.0329585 0)
(-0.0506334 0.0193872 0)
(-0.0502575 0.00623194 0)
)
;
    }
    frontAndBack
    {
        type            empty;
    }
}


// ************************************************************************* //
