/*--------------------------------*- C++ -*----------------------------------*\
  =========                 |
  \\      /  F ield         | OpenFOAM: The Open Source CFD Toolbox
   \\    /   O peration     | Website:  https://openfoam.org
    \\  /    A nd           | Version:  11
     \\/     M anipulation  |
\*---------------------------------------------------------------------------*/
FoamFile
{
    format      ascii;
    class       surfaceScalarField;
    location    "0.1";
    object      phi;
}
// * * * * * * * * * * * * * * * * * * * * * * * * * * * * * * * * * * * * * //

dimensions      [1 0 -1 0 0 0 0];

internalField   nonuniform List<scalar> 
7860
(
6.58109e-07
-1.17151e-08
6.57125e-07
-3.5805e-08
6.55629e-07
-6.03287e-08
6.53568e-07
-8.46739e-08
6.50874e-07
-1.08682e-07
6.47461e-07
-1.32421e-07
6.43222e-07
-1.55961e-07
6.38036e-07
-1.79321e-07
6.31765e-07
-2.02482e-07
6.24252e-07
-2.25408e-07
6.15322e-07
-2.48047e-07
6.04783e-07
-2.70328e-07
5.92417e-07
-2.92158e-07
5.78003e-07
-3.1342e-07
5.61409e-07
-3.33981e-07
5.42553e-07
-3.5365e-07
5.21323e-07
-3.72127e-07
4.97639e-07
-3.89e-07
4.71522e-07
-4.03759e-07
4.4316e-07
-4.15843e-07
4.12948e-07
-4.24745e-07
3.81477e-07
-4.30152e-07
3.49452e-07
-4.32051e-07
3.17577e-07
-4.30762e-07
2.86437e-07
-4.26843e-07
2.56445e-07
-4.2095e-07
2.27839e-07
-4.13701e-07
2.00714e-07
-4.05593e-07
1.75069e-07
-3.96988e-07
1.5085e-07
-3.88127e-07
1.27974e-07
-3.79161e-07
1.0635e-07
-3.7018e-07
8.58952e-08
-3.61242e-07
6.65412e-08
-3.52383e-07
4.82412e-08
-3.43633e-07
3.09259e-08
-3.35011e-07
1.45257e-08
-3.26545e-07
-1.02478e-09
-3.18262e-07
-1.57931e-08
-3.10164e-07
-2.98197e-08
-3.02231e-07
-4.31479e-08
-2.94475e-07
-5.58173e-08
-2.86909e-07
-6.78625e-08
-2.79544e-07
-7.9315e-08
-2.72387e-07
-9.02028e-08
-2.65441e-07
-1.00552e-07
-2.58709e-07
-1.10386e-07
-2.52192e-07
-1.19725e-07
-2.4589e-07
-1.28591e-07
-2.39802e-07
-1.37e-07
-2.33929e-07
-1.44971e-07
-2.28272e-07
-1.52521e-07
-2.22838e-07
-1.5967e-07
-2.17639e-07
-1.6644e-07
-2.12697e-07
-1.72864e-07
-2.0805e-07
-1.78988e-07
-2.03763e-07
-1.84881e-07
-1.99939e-07
-1.90657e-07
-1.96795e-07
-1.9648e-07
-1.94575e-07
-2.02573e-07
-1.93687e-07
-2.09398e-07
-1.95037e-07
-2.17554e-07
-2.00329e-07
-2.2724e-07
-2.10165e-07
-2.38418e-07
-2.22898e-07
-2.51109e-07
-2.37679e-07
-2.65414e-07
-2.54097e-07
-2.81509e-07
-2.71965e-07
-2.99624e-07
-2.91214e-07
-3.20012e-07
-3.11828e-07
-3.42907e-07
-3.33788e-07
-3.70017e-07
-3.56222e-07
-4.00479e-07
-3.7951e-07
-4.34885e-07
-4.0614e-07
-4.74316e-07
-4.3527e-07
-5.19353e-07
-4.65011e-07
-5.70025e-07
-4.94023e-07
-6.25632e-07
-5.20337e-07
-6.84622e-07
-5.41525e-07
-7.44728e-07
-5.55205e-07
-8.03401e-07
-5.59782e-07
-8.58428e-07
-5.54998e-07
-9.08387e-07
-5.41897e-07
-9.52715e-07
-5.22272e-07
-9.91472e-07
-4.98013e-07
-1.02504e-06
-4.70704e-07
-1.05389e-06
-4.41502e-07
-1.07845e-06
-4.11181e-07
-1.09911e-06
-3.80239e-07
-1.1164e-06
-3.48976e-07
-1.13081e-06
-3.17621e-07
-1.14276e-06
-2.86332e-07
-1.1526e-06
-2.55215e-07
-1.16065e-06
-2.24335e-07
-1.16716e-06
-1.93725e-07
-1.17235e-06
-1.6338e-07
-1.17642e-06
-1.33236e-07
-1.17951e-06
-1.03138e-07
-1.18174e-06
-7.29228e-08
-1.1832e-06
-4.2803e-08
-1.37915e-08
6.58245e-07
-1.14266e-08
6.57251e-07
-3.48113e-08
6.55482e-07
-5.85609e-08
6.5292e-07
-8.21127e-08
6.49514e-07
-1.0528e-07
6.45198e-07
-1.28112e-07
6.3989e-07
-1.50665e-07
6.33496e-07
-1.72947e-07
6.25918e-07
-1.94939e-07
6.17053e-07
-2.16604e-07
6.06801e-07
-2.37895e-07
5.95063e-07
-2.58754e-07
5.8174e-07
-2.79104e-07
5.66739e-07
-2.98847e-07
5.49977e-07
-3.17887e-07
5.3136e-07
-3.36042e-07
5.10765e-07
-3.53007e-07
4.88092e-07
-3.68398e-07
4.63317e-07
-3.81753e-07
4.36552e-07
-3.92578e-07
4.0809e-07
-4.00441e-07
3.78402e-07
-4.0509e-07
3.48084e-07
-4.06555e-07
3.17749e-07
-4.05155e-07
2.87931e-07
-4.01416e-07
2.59024e-07
-3.95934e-07
2.31271e-07
-3.89263e-07
2.04789e-07
-3.81842e-07
1.79606e-07
-3.73989e-07
1.55695e-07
-3.65909e-07
1.33e-07
-3.57733e-07
1.11452e-07
-3.49538e-07
9.0984e-08
-3.41375e-07
7.15338e-08
-3.33281e-07
5.3052e-08
-3.25287e-07
3.54847e-08
-3.17405e-07
1.87785e-08
-3.09654e-07
2.88214e-09
-3.02062e-07
-1.22496e-08
-2.9463e-07
-2.66603e-08
-2.87338e-07
-4.03859e-08
-2.80201e-07
-5.3461e-08
-2.73232e-07
-6.5918e-08
-2.66441e-07
-7.77879e-08
-2.59836e-07
-8.90995e-08
-2.53422e-07
-9.98801e-08
-2.47201e-07
-1.10155e-07
-2.41176e-07
-1.1995e-07
-2.35346e-07
-1.29288e-07
-2.29711e-07
-1.38191e-07
-2.24272e-07
-1.46684e-07
-2.1903e-07
-1.54792e-07
-2.13989e-07
-1.62544e-07
-2.09159e-07
-1.69973e-07
-2.04555e-07
-1.77124e-07
-2.0021e-07
-1.84057e-07
-1.96173e-07
-1.90853e-07
-1.92534e-07
-1.97629e-07
-1.89502e-07
-2.04538e-07
-1.87261e-07
-2.11792e-07
-1.86222e-07
-2.19656e-07
-1.87322e-07
-2.28441e-07
-1.92407e-07
-2.38478e-07
-2.01542e-07
-2.49975e-07
-2.1332e-07
-2.63064e-07
-2.27026e-07
-2.77887e-07
-2.4228e-07
-2.94628e-07
-2.58893e-07
-3.13519e-07
-2.7678e-07
-3.34819e-07
-2.95921e-07
-3.58851e-07
-3.16269e-07
-3.87959e-07
-3.36612e-07
-4.17754e-07
-3.58125e-07
-4.51643e-07
-3.82657e-07
-4.90632e-07
-4.09019e-07
-5.34951e-07
-4.35963e-07
-5.84342e-07
-4.62181e-07
-6.37929e-07
-4.8583e-07
-6.94116e-07
-5.04721e-07
-7.50731e-07
-5.16786e-07
-8.05485e-07
-5.20709e-07
-8.56552e-07
-5.16348e-07
-9.02901e-07
-5.04656e-07
-9.44258e-07
-4.87184e-07
-9.80832e-07
-4.65544e-07
-1.01304e-06
-4.41082e-07
-1.04134e-06
-4.14794e-07
-1.0661e-06
-3.87379e-07
-1.08763e-06
-3.5928e-07
-1.10624e-06
-3.30707e-07
-1.1222e-06
-3.01851e-07
-1.13579e-06
-2.72857e-07
-1.14725e-06
-2.43827e-07
-1.15679e-06
-2.14831e-07
-1.16462e-06
-1.85913e-07
-1.17093e-06
-1.57087e-07
-1.17585e-06
-1.28314e-07
-1.17953e-06
-9.94662e-08
-1.18204e-06
-7.04141e-08
-1.18343e-06
-4.14146e-08
-1.33972e-08
6.58061e-07
-1.09535e-08
6.56663e-07
-3.34137e-08
6.54329e-07
-5.6228e-08
6.51031e-07
-7.88169e-08
6.46737e-07
-1.00988e-07
6.414e-07
-1.22782e-07
6.3497e-07
-1.44247e-07
6.27391e-07
-1.65389e-07
6.18605e-07
-1.8619e-07
6.08558e-07
-2.06618e-07
5.97197e-07
-2.26638e-07
5.84475e-07
-2.46203e-07
5.70346e-07
-2.65253e-07
5.54755e-07
-2.83699e-07
5.37596e-07
-3.01417e-07
5.18738e-07
-3.18223e-07
4.98074e-07
-3.33857e-07
4.75539e-07
-3.47979e-07
4.51143e-07
-3.60173e-07
4.2502e-07
-3.69996e-07
3.9746e-07
-3.77065e-07
3.68905e-07
-3.81168e-07
3.3989e-07
-3.82353e-07
3.10954e-07
-3.80926e-07
2.82552e-07
-3.77378e-07
2.55011e-07
-3.7226e-07
2.28525e-07
-3.66075e-07
2.03182e-07
-3.59223e-07
1.78998e-07
-3.51987e-07
1.55943e-07
-3.44555e-07
1.3397e-07
-3.3704e-07
1.13018e-07
-3.29511e-07
9.30304e-08
-3.2201e-07
7.39437e-08
-3.14565e-07
5.56963e-08
-3.07202e-07
3.82431e-08
-2.99939e-07
2.15468e-08
-2.92801e-07
5.57308e-09
-2.85811e-07
-9.71316e-09
-2.78969e-07
-2.43416e-08
-2.72254e-07
-3.83405e-08
-2.65679e-07
-5.17381e-08
-2.59257e-07
-6.45622e-08
-2.52996e-07
-7.68403e-08
-2.46902e-07
-8.85995e-08
-2.4098e-07
-9.98667e-08
-2.3523e-07
-1.10669e-07
-2.29655e-07
-1.21033e-07
-2.24253e-07
-1.30986e-07
-2.19025e-07
-1.40557e-07
-2.13967e-07
-1.49777e-07
-2.0908e-07
-1.58677e-07
-2.04365e-07
-1.67297e-07
-1.99827e-07
-1.75677e-07
-1.95478e-07
-1.83868e-07
-1.91343e-07
-1.9193e-07
-1.87467e-07
-1.99935e-07
-1.8393e-07
-2.07978e-07
-1.80952e-07
-2.16159e-07
-1.78687e-07
-2.24604e-07
-1.77581e-07
-2.33481e-07
-1.78612e-07
-2.43015e-07
-1.8376e-07
-2.53588e-07
-1.92415e-07
-2.6546e-07
-2.03415e-07
-2.78826e-07
-2.16157e-07
-2.93873e-07
-2.30323e-07
-3.10805e-07
-2.45746e-07
-3.29874e-07
-2.62347e-07
-3.51444e-07
-2.80099e-07
-3.76147e-07
-2.98932e-07
-4.06067e-07
-3.1718e-07
-4.3157e-07
-3.36723e-07
-4.64136e-07
-3.59937e-07
-5.01659e-07
-3.8457e-07
-5.43802e-07
-4.09507e-07
-5.90285e-07
-4.33512e-07
-6.40366e-07
-4.54874e-07
-6.92666e-07
-4.71632e-07
-7.45304e-07
-4.82015e-07
-7.96327e-07
-4.84986e-07
-8.44197e-07
-4.80557e-07
-8.8806e-07
-4.69657e-07
-9.27686e-07
-4.53677e-07
-9.63241e-07
-4.34014e-07
-9.9506e-07
-4.11817e-07
-1.02351e-06
-3.87924e-07
-1.04893e-06
-3.62909e-07
-1.07163e-06
-3.37152e-07
-1.09177e-06
-3.10901e-07
-1.10951e-06
-2.84318e-07
-1.12497e-06
-2.57511e-07
-1.1383e-06
-2.30557e-07
-1.14966e-06
-2.03514e-07
-1.15917e-06
-1.7642e-07
-1.16698e-06
-1.49295e-07
-1.17319e-06
-1.22108e-07
-1.17791e-06
-9.475e-08
-1.18121e-06
-6.71108e-08
-1.18317e-06
-3.9458e-08
-1.27442e-08
6.58022e-07
-1.04423e-08
6.5647e-07
-3.18619e-08
6.53861e-07
-5.36199e-08
6.50187e-07
-7.51444e-08
6.45435e-07
-9.62401e-08
6.39587e-07
-1.1694e-07
6.32617e-07
-1.37289e-07
6.24498e-07
-1.57291e-07
6.15196e-07
-1.76926e-07
6.04679e-07
-1.96165e-07
5.92909e-07
-2.14975e-07
5.79841e-07
-2.33311e-07
5.6542e-07
-2.51117e-07
5.49576e-07
-2.6831e-07
5.3223e-07
-2.84776e-07
5.13295e-07
-3.00348e-07
4.92688e-07
-3.1479e-07
4.70353e-07
-3.27788e-07
4.46296e-07
-3.3896e-07
4.20633e-07
-3.479e-07
3.9363e-07
-3.54263e-07
3.65694e-07
-3.57872e-07
3.37324e-07
-3.58792e-07
3.09024e-07
-3.57323e-07
2.81223e-07
-3.53928e-07
2.54226e-07
-3.4912e-07
2.28218e-07
-3.4336e-07
2.03282e-07
-3.3701e-07
1.79433e-07
-3.30328e-07
1.56646e-07
-3.23479e-07
1.34873e-07
-3.16563e-07
1.1406e-07
-3.09641e-07
9.41523e-08
-3.02747e-07
7.50968e-08
-2.95906e-07
5.68447e-08
-2.89137e-07
3.93516e-08
-2.8246e-07
2.25776e-08
-2.75897e-07
6.48546e-09
-2.69469e-07
-8.9626e-09
-2.63173e-07
-2.37968e-08
-2.56991e-07
-3.80457e-08
-2.50935e-07
-5.17372e-08
-2.45015e-07
-6.48984e-08
-2.3924e-07
-7.75565e-08
-2.33614e-07
-8.97382e-08
-2.28139e-07
-1.01471e-07
-2.22818e-07
-1.12781e-07
-2.17649e-07
-1.23696e-07
-2.12632e-07
-1.34246e-07
-2.07763e-07
-1.44459e-07
-2.0304e-07
-1.54367e-07
-1.98461e-07
-1.64003e-07
-1.94024e-07
-1.73403e-07
-1.89733e-07
-1.82608e-07
-1.85596e-07
-1.91662e-07
-1.81636e-07
-2.00613e-07
-1.77895e-07
-2.09518e-07
-1.74455e-07
-2.18443e-07
-1.71533e-07
-2.27469e-07
-1.69289e-07
-2.36692e-07
-1.68193e-07
-2.46248e-07
-1.69265e-07
-2.56389e-07
-1.7455e-07
-2.67472e-07
-1.82829e-07
-2.79749e-07
-1.93159e-07
-2.93429e-07
-2.05042e-07
-3.08706e-07
-2.18211e-07
-3.25788e-07
-2.32525e-07
-3.4492e-07
-2.4791e-07
-3.66397e-07
-2.64322e-07
-3.90544e-07
-2.81642e-07
-4.17482e-07
-2.98305e-07
-4.46751e-07
-3.17223e-07
-4.79767e-07
-3.38849e-07
-5.16823e-07
-3.61517e-07
-5.58125e-07
-3.84379e-07
-6.03472e-07
-4.06217e-07
-6.52071e-07
-4.25428e-07
-7.02502e-07
-4.4024e-07
-7.52935e-07
-4.49122e-07
-8.01568e-07
-4.51254e-07
-8.47075e-07
-4.4675e-07
-8.88791e-07
-4.36503e-07
-9.26615e-07
-4.21764e-07
-9.60762e-07
-4.03763e-07
-9.91563e-07
-3.83496e-07
-1.01934e-06
-3.61683e-07
-1.04437e-06
-3.38813e-07
-1.06688e-06
-3.15205e-07
-1.08704e-06
-2.91075e-07
-1.10499e-06
-2.66564e-07
-1.12085e-06
-2.41767e-07
-1.13472e-06
-2.16754e-07
-1.14669e-06
-1.91576e-07
-1.15686e-06
-1.66272e-07
-1.16531e-06
-1.40861e-07
-1.1721e-06
-1.1532e-07
-1.17731e-06
-8.95497e-08
-1.18097e-06
-6.34536e-08
-1.18312e-06
-3.73045e-08
-1.20428e-08
6.57968e-07
-9.8766e-09
6.56261e-07
-3.01558e-08
6.53404e-07
-5.07629e-08
6.49393e-07
-7.11356e-08
6.4423e-07
-9.10802e-08
6.37907e-07
-1.10625e-07
6.30416e-07
-1.2981e-07
6.21741e-07
-1.48638e-07
6.11866e-07
-1.67089e-07
6.00774e-07
-1.85138e-07
5.88443e-07
-2.02753e-07
5.74847e-07
-2.19895e-07
5.59951e-07
-2.36513e-07
5.4371e-07
-2.52533e-07
5.26064e-07
-2.67849e-07
5.06943e-07
-2.82305e-07
4.86271e-07
-2.95682e-07
4.63996e-07
-3.07688e-07
4.40127e-07
-3.17966e-07
4.14778e-07
-3.26143e-07
3.88205e-07
-3.31909e-07
3.60797e-07
-3.35112e-07
3.33025e-07
-3.35825e-07
3.05359e-07
-3.34342e-07
2.78192e-07
-3.31099e-07
2.51801e-07
-3.26574e-07
2.26351e-07
-3.21194e-07
2.01912e-07
-3.15292e-07
1.78491e-07
-3.091e-07
1.56059e-07
-3.02767e-07
1.34571e-07
-2.96385e-07
1.13975e-07
-2.90004e-07
9.42174e-08
-2.83654e-07
7.5251e-08
-2.77357e-07
5.70312e-08
-2.71128e-07
3.95178e-08
-2.64985e-07
2.26739e-08
-2.58948e-07
6.46505e-09
-2.53036e-07
-9.14465e-09
-2.47241e-07
-2.41833e-08
-2.41549e-07
-3.86779e-08
-2.3597e-07
-5.26548e-08
-2.30514e-07
-6.61402e-08
-2.25185e-07
-7.91601e-08
-2.19988e-07
-9.17404e-08
-2.14924e-07
-1.03907e-07
-2.09994e-07
-1.15687e-07
-2.05197e-07
-1.27105e-07
-2.00529e-07
-1.38191e-07
-1.95987e-07
-1.48971e-07
-1.91567e-07
-1.59476e-07
-1.87266e-07
-1.69733e-07
-1.83081e-07
-1.79777e-07
-1.79015e-07
-1.89641e-07
-1.75076e-07
-1.9936e-07
-1.71286e-07
-2.08975e-07
-1.67688e-07
-2.18527e-07
-1.64373e-07
-2.28073e-07
-1.61545e-07
-2.37673e-07
-1.5938e-07
-2.47415e-07
-1.58377e-07
-2.57432e-07
-1.59599e-07
-2.68086e-07
-1.64926e-07
-2.79655e-07
-1.72841e-07
-2.92356e-07
-1.82557e-07
-3.06383e-07
-1.93656e-07
-3.2192e-07
-2.05916e-07
-3.39167e-07
-2.1922e-07
-3.58357e-07
-2.33501e-07
-3.79818e-07
-2.48696e-07
-4.03929e-07
-2.64644e-07
-4.30392e-07
-2.80068e-07
-4.6019e-07
-2.97844e-07
-4.93194e-07
-3.18106e-07
-5.29828e-07
-3.39154e-07
-5.70339e-07
-3.60209e-07
-6.14543e-07
-3.80122e-07
-6.61637e-07
-3.97407e-07
-7.1022e-07
-4.10463e-07
-7.58558e-07
-4.17971e-07
-8.05023e-07
-4.1929e-07
-8.48476e-07
-4.1463e-07
-8.88398e-07
-4.04856e-07
-9.24761e-07
-3.91113e-07
-9.57802e-07
-3.74493e-07
-9.87839e-07
-3.55866e-07
-1.01516e-06
-3.35854e-07
-1.04001e-06
-3.14878e-07
-1.06256e-06
-2.9321e-07
-1.08293e-06
-2.71032e-07
-1.10122e-06
-2.48465e-07
-1.11751e-06
-2.25586e-07
-1.13188e-06
-2.02455e-07
-1.14437e-06
-1.79116e-07
-1.15506e-06
-1.55603e-07
-1.164e-06
-1.31935e-07
-1.17124e-06
-1.08092e-07
-1.17681e-06
-8.39834e-08
-1.18074e-06
-5.95225e-08
-1.18306e-06
-3.49816e-08
-1.12826e-08
6.5794e-07
-9.28326e-09
6.56142e-07
-2.83581e-08
6.53128e-07
-4.77492e-08
6.48903e-07
-6.69125e-08
6.43477e-07
-8.56584e-08
6.36857e-07
-1.04012e-07
6.29043e-07
-1.22008e-07
6.20034e-07
-1.39651e-07
6.09825e-07
-1.5692e-07
5.98412e-07
-1.73791e-07
5.85783e-07
-1.90235e-07
5.7192e-07
-2.06215e-07
5.56795e-07
-2.21686e-07
5.40365e-07
-2.36576e-07
5.22574e-07
-2.50789e-07
5.03352e-07
-2.6418e-07
4.82626e-07
-2.76543e-07
4.60345e-07
-2.87607e-07
4.3652e-07
-2.97044e-07
4.11267e-07
-3.04511e-07
3.84844e-07
-3.09728e-07
3.57636e-07
-3.12567e-07
3.30107e-07
-3.13107e-07
3.02714e-07
-3.11632e-07
2.75836e-07
-3.08553e-07
2.49735e-07
-3.04313e-07
2.24564e-07
-2.99303e-07
2.00381e-07
-2.9383e-07
1.77188e-07
-2.88103e-07
1.54951e-07
-2.82258e-07
1.33619e-07
-2.76376e-07
1.1314e-07
-2.705e-07
9.34614e-08
-2.64658e-07
7.4534e-08
-2.58867e-07
5.63144e-08
-2.53141e-07
3.87633e-08
-2.47495e-07
2.18444e-08
-2.41946e-07
5.52359e-09
-2.36514e-07
-1.02335e-08
-2.31186e-07
-2.54543e-08
-2.2595e-07
-4.01649e-08
-2.20814e-07
-5.43907e-08
-2.15787e-07
-6.81566e-08
-2.10872e-07
-8.14875e-08
-2.06074e-07
-9.44078e-08
-2.01392e-07
-1.06942e-07
-1.96825e-07
-1.19114e-07
-1.92373e-07
-1.3095e-07
-1.8803e-07
-1.42473e-07
-1.83794e-07
-1.53708e-07
-1.79658e-07
-1.64681e-07
-1.75621e-07
-1.75418e-07
-1.71678e-07
-1.85943e-07
-1.67833e-07
-1.96286e-07
-1.64094e-07
-2.06473e-07
-1.60485e-07
-2.16537e-07
-1.5705e-07
-2.26513e-07
-1.53898e-07
-2.36452e-07
-1.51208e-07
-2.4642e-07
-1.49187e-07
-2.56524e-07
-1.48373e-07
-2.66973e-07
-1.49886e-07
-2.78054e-07
-1.55101e-07
-2.90031e-07
-1.626e-07
-3.03105e-07
-1.71704e-07
-3.17452e-07
-1.82054e-07
-3.33238e-07
-1.93463e-07
-3.50632e-07
-2.05834e-07
-3.69815e-07
-2.19114e-07
-3.91054e-07
-2.33247e-07
-4.15523e-07
-2.48028e-07
-4.42656e-07
-2.62398e-07
-4.72555e-07
-2.79048e-07
-5.05384e-07
-2.97814e-07
-5.41735e-07
-3.17202e-07
-5.819e-07
-3.36471e-07
-6.25625e-07
-3.54531e-07
-6.7201e-07
-3.70003e-07
-7.19601e-07
-3.81447e-07
-7.66689e-07
-3.87725e-07
-8.11743e-07
-3.88353e-07
-8.53747e-07
-3.83603e-07
-8.92288e-07
-3.74305e-07
-9.2741e-07
-3.61502e-07
-9.59383e-07
-3.46159e-07
-9.88537e-07
-3.29039e-07
-1.01516e-06
-3.10681e-07
-1.03948e-06
-2.91447e-07
-1.06165e-06
-2.7157e-07
-1.0818e-06
-2.51208e-07
-1.09999e-06
-2.3046e-07
-1.11629e-06
-2.09396e-07
-1.13075e-06
-1.88064e-07
-1.1434e-06
-1.66503e-07
-1.15428e-06
-1.44745e-07
-1.16342e-06
-1.22806e-07
-1.17085e-06
-1.00669e-07
-1.17658e-06
-7.82481e-08
-1.18064e-06
-5.54646e-08
-1.18304e-06
-3.25855e-08
-1.05017e-08
6.57917e-07
-8.66612e-09
6.56045e-07
-2.64872e-08
6.52908e-07
-4.46124e-08
6.48513e-07
-6.25201e-08
6.42878e-07
-8.00273e-08
6.36015e-07
-9.71557e-08
6.27933e-07
-1.13939e-07
6.18637e-07
-1.30378e-07
6.08132e-07
-1.46455e-07
5.96419e-07
-1.62146e-07
5.83495e-07
-1.77424e-07
5.69351e-07
-1.92258e-07
5.53966e-07
-2.06603e-07
5.37305e-07
-2.20396e-07
5.1932e-07
-2.33545e-07
4.99946e-07
-2.45918e-07
4.79118e-07
-2.57322e-07
4.56791e-07
-2.67505e-07
4.32978e-07
-2.76163e-07
4.078e-07
-2.8298e-07
3.81509e-07
-2.87702e-07
3.54485e-07
-2.90219e-07
3.27179e-07
-2.90618e-07
3.00031e-07
-2.89168e-07
2.73404e-07
-2.86255e-07
2.47549e-07
-2.82291e-07
2.22605e-07
-2.77637e-07
1.98626e-07
-2.72571e-07
1.75607e-07
-2.67285e-07
1.53513e-07
-2.61901e-07
1.32293e-07
-2.56488e-07
1.11892e-07
-2.51088e-07
9.22591e-08
-2.45723e-07
7.3345e-08
-2.40407e-07
5.51067e-08
-2.35154e-07
3.75055e-08
-2.29975e-07
2.0506e-08
-2.24886e-07
4.07486e-09
-2.19903e-07
-1.18213e-08
-2.15014e-07
-2.72087e-08
-2.10205e-07
-4.21125e-08
-2.05486e-07
-5.65567e-08
-2.00863e-07
-7.0565e-08
-1.96339e-07
-8.41604e-08
-1.91917e-07
-9.73659e-08
-1.87595e-07
-1.10204e-07
-1.83373e-07
-1.22696e-07
-1.79249e-07
-1.34866e-07
-1.75217e-07
-1.46733e-07
-1.71274e-07
-1.58321e-07
-1.67416e-07
-1.6965e-07
-1.63637e-07
-1.80743e-07
-1.59937e-07
-1.9162e-07
-1.56317e-07
-2.02305e-07
-1.52787e-07
-2.1282e-07
-1.49373e-07
-2.23193e-07
-1.46121e-07
-2.33462e-07
-1.43154e-07
-2.43673e-07
-1.40624e-07
-2.53907e-07
-1.38763e-07
-2.64275e-07
-1.38158e-07
-2.75011e-07
-1.39984e-07
-2.86436e-07
-1.45029e-07
-2.98777e-07
-1.52089e-07
-3.12219e-07
-1.60578e-07
-3.26932e-07
-1.70188e-07
-3.43078e-07
-1.80757e-07
-3.60816e-07
-1.92204e-07
-3.80287e-07
-2.04486e-07
-4.01651e-07
-2.17542e-07
-4.26421e-07
-2.31023e-07
-4.53134e-07
-2.44221e-07
-4.82934e-07
-2.59828e-07
-5.15815e-07
-2.77252e-07
-5.52255e-07
-2.95144e-07
-5.92422e-07
-3.12795e-07
-6.35937e-07
-3.2918e-07
-6.8181e-07
-3.43028e-07
-7.28562e-07
-3.53045e-07
-7.74542e-07
-3.5826e-07
-8.18332e-07
-3.58315e-07
-8.59045e-07
-3.53532e-07
-8.96373e-07
-3.44703e-07
-9.30418e-07
-3.32778e-07
-9.61477e-07
-3.18616e-07
-9.89878e-07
-3.02888e-07
-1.0159e-06
-2.86062e-07
-1.03976e-06
-2.68451e-07
-1.0616e-06
-2.50255e-07
-1.08151e-06
-2.31606e-07
-1.09956e-06
-2.12592e-07
-1.1158e-06
-1.93267e-07
-1.13025e-06
-1.73675e-07
-1.14294e-06
-1.53849e-07
-1.15389e-06
-1.33814e-07
-1.16312e-06
-1.13588e-07
-1.17064e-06
-9.31526e-08
-1.17647e-06
-7.24281e-08
-1.18059e-06
-5.13414e-08
-1.18303e-06
-3.01501e-08
-9.70776e-09
6.57901e-07
-8.0335e-09
6.55979e-07
-2.45655e-08
6.52754e-07
-4.13879e-08
6.48237e-07
-5.80059e-08
6.42452e-07
-7.42452e-08
6.35414e-07
-9.01252e-08
6.27139e-07
-1.05676e-07
6.17638e-07
-1.209e-07
6.06921e-07
-1.35778e-07
5.94997e-07
-1.5029e-07
5.81867e-07
-1.64409e-07
5.67526e-07
-1.78106e-07
5.51958e-07
-1.91342e-07
5.35131e-07
-2.04056e-07
5.16998e-07
-2.16165e-07
4.97498e-07
-2.27544e-07
4.76567e-07
-2.38017e-07
4.5416e-07
-2.47348e-07
4.30297e-07
-2.55257e-07
4.05099e-07
-2.61456e-07
3.78826e-07
-2.65716e-07
3.51858e-07
-2.67944e-07
3.24641e-07
-2.68227e-07
2.9761e-07
-2.66822e-07
2.71117e-07
-2.64089e-07
2.45401e-07
-2.60406e-07
2.20593e-07
-2.56105e-07
1.96739e-07
-2.51439e-07
1.7383e-07
-2.46581e-07
1.51826e-07
-2.4164e-07
1.30674e-07
-2.36679e-07
1.10319e-07
-2.31734e-07
9.07071e-08
-2.26824e-07
7.179e-08
-2.21961e-07
5.35245e-08
-2.17157e-07
3.5872e-08
-2.12421e-07
1.87972e-08
-2.07769e-07
2.26638e-09
-2.03212e-07
-1.37488e-08
-1.98742e-07
-2.92776e-08
-1.94339e-07
-4.43433e-08
-1.90017e-07
-5.89683e-08
-1.85779e-07
-7.31749e-08
-1.81628e-07
-8.69845e-08
-1.77565e-07
-1.00418e-07
-1.7359e-07
-1.13496e-07
-1.697e-07
-1.26238e-07
-1.65893e-07
-1.38664e-07
-1.62165e-07
-1.50793e-07
-1.58511e-07
-1.62642e-07
-1.54928e-07
-1.74232e-07
-1.5141e-07
-1.85578e-07
-1.47957e-07
-1.96701e-07
-1.44572e-07
-2.07618e-07
-1.41266e-07
-2.1835e-07
-1.38063e-07
-2.28923e-07
-1.35013e-07
-2.39375e-07
-1.3225e-07
-2.49749e-07
-1.29897e-07
-2.60133e-07
-1.28202e-07
-2.7067e-07
-1.27793e-07
-2.81667e-07
-1.29865e-07
-2.93387e-07
-1.34717e-07
-3.06033e-07
-1.41334e-07
-3.1978e-07
-1.49216e-07
-3.34794e-07
-1.58101e-07
-3.51241e-07
-1.67852e-07
-3.69276e-07
-1.78403e-07
-3.89033e-07
-1.89723e-07
-4.10643e-07
-2.0176e-07
-4.35868e-07
-2.14042e-07
-4.62891e-07
-2.26272e-07
-4.92803e-07
-2.4084e-07
-5.25716e-07
-2.5686e-07
-5.62193e-07
-2.73222e-07
-6.02362e-07
-2.89263e-07
-6.45742e-07
-3.04024e-07
-6.91256e-07
-3.16339e-07
-7.37393e-07
-3.25051e-07
-7.82532e-07
-3.2933e-07
-8.25337e-07
-3.28925e-07
-8.65016e-07
-3.24187e-07
-9.0134e-07
-3.1586e-07
-9.3446e-07
-3.04803e-07
-9.64695e-07
-2.91781e-07
-9.9238e-07
-2.77381e-07
-1.01779e-06
-2.6201e-07
-1.04114e-06
-2.45939e-07
-1.06257e-06
-2.29339e-07
-1.08215e-06
-2.12324e-07
-1.09996e-06
-1.94968e-07
-1.11601e-06
-1.77318e-07
-1.13034e-06
-1.59409e-07
-1.14296e-06
-1.41269e-07
-1.15387e-06
-1.22922e-07
-1.16308e-06
-1.04382e-07
-1.17061e-06
-8.56306e-08
-1.17645e-06
-6.65944e-08
-1.18059e-06
-4.72056e-08
-1.18303e-06
-2.77093e-08
-8.9139e-09
6.57889e-07
-7.38891e-09
6.55928e-07
-2.26049e-08
6.52635e-07
-3.80957e-08
6.48024e-07
-5.33971e-08
6.4212e-07
-6.83447e-08
6.34944e-07
-8.29561e-08
6.26513e-07
-9.72592e-08
6.16845e-07
-1.11255e-07
6.05952e-07
-1.24926e-07
5.93847e-07
-1.38254e-07
5.80535e-07
-1.51214e-07
5.66016e-07
-1.63779e-07
5.50276e-07
-1.75912e-07
5.33287e-07
-1.8756e-07
5.15006e-07
-1.98644e-07
4.95372e-07
-2.0905e-07
4.74326e-07
-2.18614e-07
4.51827e-07
-2.2712e-07
4.27898e-07
-2.34311e-07
4.02666e-07
-2.39923e-07
3.76391e-07
-2.4375e-07
3.49453e-07
-2.45715e-07
3.22296e-07
-2.45905e-07
2.95345e-07
-2.4456e-07
2.68945e-07
-2.42015e-07
2.43325e-07
-2.38616e-07
2.1861e-07
-2.34665e-07
1.94839e-07
-2.30391e-07
1.72001e-07
-2.25951e-07
1.50053e-07
-2.21441e-07
1.28941e-07
-2.16918e-07
1.08607e-07
-2.12412e-07
8.89983e-08
-2.07941e-07
7.00662e-08
-2.03514e-07
5.17674e-08
-1.99142e-07
3.40637e-08
-1.94833e-07
1.69212e-08
-1.90601e-07
3.07364e-10
-1.86456e-07
-1.5818e-08
-1.82378e-07
-3.14698e-08
-1.78369e-07
-4.66715e-08
-1.74429e-07
-6.14456e-08
-1.70563e-07
-7.58131e-08
-1.66773e-07
-8.97942e-08
-1.6306e-07
-1.03408e-07
-1.59421e-07
-1.16673e-07
-1.55857e-07
-1.29607e-07
-1.52363e-07
-1.42227e-07
-1.48935e-07
-1.5455e-07
-1.4557e-07
-1.66591e-07
-1.42263e-07
-1.78366e-07
-1.39011e-07
-1.89889e-07
-1.35813e-07
-2.01177e-07
-1.32673e-07
-2.12245e-07
-1.29601e-07
-2.23113e-07
-1.26623e-07
-2.33803e-07
-1.23788e-07
-2.44363e-07
-1.21239e-07
-2.54838e-07
-1.19072e-07
-2.65319e-07
-1.17551e-07
-2.7597e-07
-1.1731e-07
-2.87155e-07
-1.19532e-07
-2.99103e-07
-1.24152e-07
-3.12002e-07
-1.30316e-07
-3.26016e-07
-1.37595e-07
-3.41312e-07
-1.45767e-07
-3.58061e-07
-1.54717e-07
-3.76433e-07
-1.6439e-07
-3.96564e-07
-1.74766e-07
-4.1854e-07
-1.85799e-07
-4.4425e-07
-1.96916e-07
-4.7144e-07
-2.08188e-07
-5.01382e-07
-2.21742e-07
-5.34367e-07
-2.36362e-07
-5.71011e-07
-2.51214e-07
-6.11328e-07
-2.65697e-07
-6.54706e-07
-2.78921e-07
-6.99981e-07
-2.89816e-07
-7.45623e-07
-2.97355e-07
-7.90048e-07
-3.00832e-07
-8.32002e-07
-3.0008e-07
-8.70784e-07
-2.95459e-07
-9.06235e-07
-2.87666e-07
-9.38549e-07
-2.77475e-07
-9.68062e-07
-2.65562e-07
-9.95113e-07
-2.52441e-07
-1.01998e-06
-2.38466e-07
-1.04286e-06
-2.23872e-07
-1.06389e-06
-2.08805e-07
-1.08315e-06
-1.93362e-07
-1.10068e-06
-1.77606e-07
-1.11653e-06
-1.61576e-07
-1.1307e-06
-1.45302e-07
-1.14319e-06
-1.28808e-07
-1.15402e-06
-1.12115e-07
-1.16318e-06
-9.52326e-08
-1.17067e-06
-7.81452e-08
-1.17648e-06
-6.07837e-08
-1.1806e-06
-4.30855e-08
-1.18303e-06
-2.52811e-08
-8.12607e-09
6.5788e-07
-6.73563e-09
6.5589e-07
-2.0615e-08
6.52545e-07
-3.47518e-08
6.47862e-07
-4.87153e-08
6.41866e-07
-6.23527e-08
6.34582e-07
-7.56794e-08
6.2603e-07
-8.87211e-08
6.1623e-07
-1.01478e-07
6.05198e-07
-1.13936e-07
5.92949e-07
-1.26074e-07
5.79491e-07
-1.37874e-07
5.64826e-07
-1.49308e-07
5.48944e-07
-1.60344e-07
5.31817e-07
-1.70932e-07
5.13403e-07
-1.81e-07
4.93647e-07
-1.90444e-07
4.72486e-07
-1.99114e-07
4.49886e-07
-2.06812e-07
4.25872e-07
-2.13303e-07
4.00576e-07
-2.1835e-07
3.74262e-07
-2.21768e-07
3.47313e-07
-2.23492e-07
3.2017e-07
-2.23607e-07
2.93255e-07
-2.22338e-07
2.66904e-07
-2.19991e-07
2.41341e-07
-2.16881e-07
2.16682e-07
-2.1328e-07
1.92963e-07
-2.09396e-07
1.70168e-07
-2.05366e-07
1.48251e-07
-2.01279e-07
1.27158e-07
-1.97184e-07
1.06831e-07
-1.93106e-07
8.72149e-08
-1.89062e-07
6.82615e-08
-1.85059e-07
4.99274e-08
-1.81106e-07
3.21744e-08
-1.77211e-07
1.49677e-08
-1.73384e-07
-1.72573e-09
-1.69636e-07
-1.79331e-08
-1.65949e-07
-3.36808e-08
-1.62319e-07
-4.89902e-08
-1.58751e-07
-6.38814e-08
-1.55247e-07
-7.83743e-08
-1.51809e-07
-9.24874e-08
-1.48438e-07
-1.06238e-07
-1.45132e-07
-1.19644e-07
-1.41888e-07
-1.3272e-07
-1.38705e-07
-1.45483e-07
-1.35577e-07
-1.57945e-07
-1.32502e-07
-1.70122e-07
-1.29476e-07
-1.82027e-07
-1.26495e-07
-1.93671e-07
-1.2356e-07
-2.05069e-07
-1.20674e-07
-2.16233e-07
-1.17848e-07
-2.27182e-07
-1.15108e-07
-2.3794e-07
-1.12502e-07
-2.4856e-07
-1.10174e-07
-2.59085e-07
-1.082e-07
-2.69619e-07
-1.06851e-07
-2.80346e-07
-1.0675e-07
-2.91681e-07
-1.09033e-07
-3.03822e-07
-1.13379e-07
-3.16935e-07
-1.19071e-07
-3.31178e-07
-1.25744e-07
-3.46715e-07
-1.33209e-07
-3.63727e-07
-1.41367e-07
-3.82411e-07
-1.50173e-07
-4.02946e-07
-1.59608e-07
-4.2543e-07
-1.69634e-07
-4.51829e-07
-1.79626e-07
-4.78913e-07
-1.90019e-07
-5.08738e-07
-2.02514e-07
-5.41842e-07
-2.1568e-07
-5.78756e-07
-2.29033e-07
-6.19313e-07
-2.42011e-07
-6.62771e-07
-2.53778e-07
-7.07906e-07
-2.6336e-07
-7.53173e-07
-2.69849e-07
-7.97028e-07
-2.72649e-07
-8.38282e-07
-2.71656e-07
-8.76313e-07
-2.67232e-07
-9.11022e-07
-2.60016e-07
-9.42639e-07
-2.507e-07
-9.71517e-07
-2.39883e-07
-9.97999e-07
-2.2801e-07
-1.02236e-06
-2.15391e-07
-1.0448e-06
-2.02227e-07
-1.06544e-06
-1.88643e-07
-1.08437e-06
-1.74723e-07
-1.10163e-06
-1.60518e-07
-1.11724e-06
-1.46064e-07
-1.13122e-06
-1.31384e-07
-1.14357e-06
-1.16498e-07
-1.15427e-06
-1.01424e-07
-1.16335e-06
-8.61715e-08
-1.17077e-06
-7.0724e-08
-1.17654e-06
-5.5018e-08
-1.18063e-06
-3.89962e-08
-1.18304e-06
-2.28724e-08
-7.34576e-09
6.57874e-07
-6.0758e-09
6.55861e-07
-1.86026e-08
6.52476e-07
-3.13673e-08
6.47734e-07
-4.39755e-08
6.41664e-07
-5.6287e-08
6.34293e-07
-6.83155e-08
6.25643e-07
-8.00842e-08
6.15734e-07
-9.15931e-08
6.04586e-07
-1.02829e-07
5.92214e-07
-1.13774e-07
5.78631e-07
-1.24409e-07
5.63839e-07
-1.34711e-07
5.47828e-07
-1.44651e-07
5.30575e-07
-1.54182e-07
5.12039e-07
-1.63241e-07
4.92163e-07
-1.71731e-07
4.70891e-07
-1.79517e-07
4.48189e-07
-1.8642e-07
4.24085e-07
-1.92228e-07
3.98718e-07
-1.96728e-07
3.72354e-07
-1.99756e-07
3.45379e-07
-2.01258e-07
3.18232e-07
-2.01316e-07
2.91332e-07
-2.00136e-07
2.65008e-07
-1.97995e-07
2.39479e-07
-1.95179e-07
2.14854e-07
-1.9193e-07
1.91166e-07
-1.88432e-07
1.68395e-07
-1.8481e-07
1.46496e-07
-1.81139e-07
1.2541e-07
-1.77464e-07
1.05081e-07
-1.73807e-07
8.54522e-08
-1.7018e-07
6.64759e-08
-1.66592e-07
4.81086e-08
-1.63048e-07
3.03121e-08
-1.59557e-07
1.30521e-08
-1.56128e-07
-3.70366e-09
-1.52768e-07
-1.99836e-08
-1.49461e-07
-3.58109e-08
-1.46203e-07
-5.12068e-08
-1.43e-07
-6.6191e-08
-1.39852e-07
-8.07819e-08
-1.36762e-07
-9.49968e-08
-1.33729e-07
-1.08852e-07
-1.30752e-07
-1.22363e-07
-1.27828e-07
-1.35545e-07
-1.24955e-07
-1.4841e-07
-1.2213e-07
-1.60972e-07
-1.19348e-07
-1.73242e-07
-1.16608e-07
-1.85233e-07
-1.13906e-07
-1.96955e-07
-1.11241e-07
-2.0842e-07
-1.08619e-07
-2.19643e-07
-1.0605e-07
-2.3064e-07
-1.0356e-07
-2.41437e-07
-1.01193e-07
-2.52079e-07
-9.90845e-08
-2.62625e-07
-9.73088e-08
-2.73187e-07
-9.61244e-08
-2.83969e-07
-9.61359e-08
-2.95432e-07
-9.84033e-08
-3.07741e-07
-1.02437e-07
-3.21042e-07
-1.07637e-07
-3.35485e-07
-1.13695e-07
-3.5123e-07
-1.20453e-07
-3.68462e-07
-1.27824e-07
-3.87405e-07
-1.35772e-07
-4.08322e-07
-1.44285e-07
-4.31443e-07
-1.53309e-07
-4.5901e-07
-1.62193e-07
-4.8523e-07
-1.71755e-07
-5.14676e-07
-1.82916e-07
-5.48097e-07
-1.94625e-07
-5.85471e-07
-2.06562e-07
-6.26376e-07
-2.18127e-07
-6.6998e-07
-2.28541e-07
-7.15031e-07
-2.36927e-07
-7.59992e-07
-2.42487e-07
-8.03358e-07
-2.44726e-07
-8.4401e-07
-2.4359e-07
-8.81393e-07
-2.39431e-07
-9.15462e-07
-2.32831e-07
-9.46476e-07
-2.24404e-07
-9.74799e-07
-2.14673e-07
-1.00078e-06
-2.04028e-07
-1.02469e-06
-1.92733e-07
-1.04673e-06
-1.80961e-07
-1.06702e-06
-1.68822e-07
-1.08564e-06
-1.56384e-07
-1.10264e-06
-1.43692e-07
-1.11803e-06
-1.30775e-07
-1.13181e-06
-1.17653e-07
-1.144e-06
-1.04343e-07
-1.15458e-06
-9.08596e-08
-1.16356e-06
-7.72102e-08
-1.17091e-06
-6.33794e-08
-1.17662e-06
-4.93091e-08
-1.18067e-06
-3.49472e-08
-1.18305e-06
-2.04897e-08
-6.5752e-09
6.57869e-07
-5.41082e-09
6.55838e-07
-1.65722e-08
6.5242e-07
-2.79504e-08
6.47632e-07
-3.91893e-08
6.41503e-07
-5.01621e-08
6.34061e-07
-6.08808e-08
6.2533e-07
-7.13663e-08
6.15331e-07
-8.16185e-08
6.04086e-07
-9.16255e-08
5.91612e-07
-1.01371e-07
5.77922e-07
-1.10839e-07
5.63021e-07
-1.20007e-07
5.46899e-07
-1.2885e-07
5.29534e-07
-1.37326e-07
5.10887e-07
-1.45378e-07
4.90902e-07
-1.52919e-07
4.69524e-07
-1.59829e-07
4.46722e-07
-1.65947e-07
4.22529e-07
-1.71084e-07
3.97085e-07
-1.75051e-07
3.70663e-07
-1.77705e-07
3.4365e-07
-1.79002e-07
3.16486e-07
-1.79017e-07
2.89585e-07
-1.77938e-07
2.63272e-07
-1.76012e-07
2.37759e-07
-1.73493e-07
2.13153e-07
-1.70597e-07
1.89482e-07
-1.67486e-07
1.66724e-07
-1.64268e-07
1.44832e-07
-1.6101e-07
1.23746e-07
-1.5775e-07
1.03409e-07
-1.54507e-07
8.37649e-08
-1.51293e-07
6.47657e-08
-1.48112e-07
4.63681e-08
-1.44972e-07
2.85339e-08
-1.41878e-07
1.12293e-08
-1.38839e-07
-5.57781e-09
-1.3586e-07
-2.19155e-08
-1.32928e-07
-3.78057e-08
-1.30038e-07
-5.3269e-08
-1.27195e-07
-6.83243e-08
-1.244e-07
-8.29891e-08
-1.21654e-07
-9.72799e-08
-1.18957e-07
-1.11212e-07
-1.16307e-07
-1.24799e-07
-1.13703e-07
-1.38056e-07
-1.11143e-07
-1.50994e-07
-1.08622e-07
-1.63624e-07
-1.06137e-07
-1.75958e-07
-1.03687e-07
-1.88006e-07
-1.01269e-07
-1.99779e-07
-9.88834e-08
-2.11286e-07
-9.65336e-08
-2.22541e-07
-9.4231e-08
-2.33562e-07
-9.19988e-08
-2.44374e-07
-8.98797e-08
-2.55024e-07
-8.79957e-08
-2.65578e-07
-8.64186e-08
-2.76158e-07
-8.53906e-08
-2.86991e-07
-8.54869e-08
-2.98571e-07
-8.76666e-08
-3.11034e-07
-9.13496e-08
-3.24509e-07
-9.60363e-08
-3.39137e-07
-1.01471e-07
-3.55067e-07
-1.0752e-07
-3.72478e-07
-1.14116e-07
-3.91599e-07
-1.2123e-07
-4.12779e-07
-1.28847e-07
-4.36674e-07
-1.3693e-07
-4.65548e-07
-1.44598e-07
-4.89308e-07
-1.52557e-07
-5.19367e-07
-1.6257e-07
-5.53613e-07
-1.73158e-07
-5.91574e-07
-1.83847e-07
-6.32803e-07
-1.94111e-07
-6.76507e-07
-2.03263e-07
-7.21456e-07
-2.10542e-07
-7.66129e-07
-2.15269e-07
-8.09058e-07
-2.17039e-07
-8.49178e-07
-2.15839e-07
-8.85995e-07
-2.12003e-07
-9.19506e-07
-2.0605e-07
-9.49993e-07
-1.98523e-07
-9.77833e-07
-1.89874e-07
-1.00337e-06
-1.80438e-07
-1.02689e-06
-1.70444e-07
-1.04857e-06
-1.60037e-07
-1.06854e-06
-1.4931e-07
-1.08688e-06
-1.38322e-07
-1.10363e-06
-1.27111e-07
-1.1188e-06
-1.15699e-07
-1.13241e-06
-1.04104e-07
-1.14444e-06
-9.23407e-08
-1.1549e-06
-8.042e-08
-1.16377e-06
-6.83488e-08
-1.17104e-06
-5.61125e-08
-1.1767e-06
-4.36584e-08
-1.1807e-06
-3.094e-08
-1.18306e-06
-1.81337e-08
-5.81485e-09
6.57865e-07
-4.74188e-09
6.5582e-07
-1.45277e-08
6.52376e-07
-2.45074e-08
6.4755e-07
-3.43652e-08
6.41372e-07
-4.39885e-08
6.33872e-07
-5.33878e-08
6.25074e-07
-6.25814e-08
6.15e-07
-7.15693e-08
6.03674e-07
-8.03408e-08
5.91112e-07
-8.88819e-08
5.77331e-07
-9.71773e-08
5.62334e-07
-1.05209e-07
5.46114e-07
-1.12953e-07
5.2865e-07
-1.20374e-07
5.09903e-07
-1.2742e-07
4.89818e-07
-1.34016e-07
4.68343e-07
-1.40055e-07
4.45446e-07
-1.45395e-07
4.21166e-07
-1.49871e-07
3.95647e-07
-1.53318e-07
3.69166e-07
-1.55613e-07
3.42111e-07
-1.56717e-07
3.14923e-07
-1.56703e-07
2.88013e-07
-1.55735e-07
2.61702e-07
-1.54032e-07
2.36197e-07
-1.51816e-07
2.116e-07
-1.49275e-07
1.87938e-07
-1.4655e-07
1.65186e-07
-1.43735e-07
1.43294e-07
-1.40887e-07
1.22205e-07
-1.38038e-07
1.01858e-07
-1.35205e-07
8.21993e-08
-1.32398e-07
6.31794e-08
-1.2962e-07
4.47554e-08
-1.26878e-07
2.68895e-08
-1.24177e-07
9.54803e-09
-1.21523e-07
-7.3009e-09
-1.18922e-07
-2.36845e-08
-1.1636e-07
-3.96242e-08
-1.13835e-07
-5.51398e-08
-1.11349e-07
-7.02496e-08
-1.08904e-07
-8.49704e-08
-1.06501e-07
-9.93178e-08
-1.04139e-07
-1.13306e-07
-1.01818e-07
-1.26949e-07
-9.95349e-08
-1.40258e-07
-9.72879e-08
-1.53246e-07
-9.50743e-08
-1.65922e-07
-9.28912e-08
-1.78297e-07
-9.07364e-08
-1.9038e-07
-8.86082e-08
-2.0218e-07
-8.65068e-08
-2.13709e-07
-8.44362e-08
-2.24978e-07
-8.24068e-08
-2.36007e-07
-8.04397e-08
-2.46823e-07
-7.8574e-08
-2.57474e-07
-7.69185e-08
-2.68031e-07
-7.55403e-08
-2.78629e-07
-7.46609e-08
-2.8952e-07
-7.48165e-08
-3.01212e-07
-7.68396e-08
-3.13821e-07
-8.01311e-08
-3.27468e-07
-8.42766e-08
-3.42289e-07
-8.90619e-08
-3.58435e-07
-9.43745e-08
-3.76082e-07
-1.00156e-07
-3.95439e-07
-1.06378e-07
-4.16747e-07
-1.1302e-07
-4.40271e-07
-1.2001e-07
-4.66088e-07
-1.26588e-07
-4.93963e-07
-1.34143e-07
-5.24968e-07
-1.42874e-07
-5.59458e-07
-1.5205e-07
-5.97476e-07
-1.61312e-07
-6.38704e-07
-1.70181e-07
-6.82348e-07
-1.78048e-07
-7.27138e-07
-1.84246e-07
-7.71529e-07
-1.88194e-07
-8.14066e-07
-1.89562e-07
-8.53725e-07
-1.8836e-07
-8.90055e-07
-1.84892e-07
-9.23087e-07
-1.79615e-07
-9.53123e-07
-1.72998e-07
-9.80546e-07
-1.65427e-07
-1.00571e-06
-1.57188e-07
-1.02888e-06
-1.48474e-07
-1.05024e-06
-1.39409e-07
-1.06994e-06
-1.30069e-07
-1.08803e-06
-1.20505e-07
-1.10455e-06
-1.10747e-07
-1.11953e-06
-1.00815e-07
-1.13297e-06
-9.07218e-08
-1.14487e-06
-8.04796e-08
-1.15521e-06
-7.00985e-08
-1.16398e-06
-5.95834e-08
-1.17118e-06
-4.8921e-08
-1.17677e-06
-3.80647e-08
-1.18074e-06
-2.69736e-08
-1.18307e-06
-1.58042e-08
-5.0649e-09
6.57862e-07
-4.06992e-09
6.55806e-07
-1.24719e-08
6.5234e-07
-2.10431e-08
6.47483e-07
-2.951e-08
6.41266e-07
-3.77747e-08
6.33717e-07
-4.58464e-08
6.24862e-07
-5.37408e-08
6.14727e-07
-6.14578e-08
6.03332e-07
-6.8988e-08
5.90697e-07
-7.63193e-08
5.76837e-07
-8.34387e-08
5.61758e-07
-9.03306e-08
5.45454e-07
-9.69742e-08
5.27903e-07
-1.03339e-07
5.09067e-07
-1.0938e-07
4.88894e-07
-1.15032e-07
4.6733e-07
-1.20204e-07
4.44349e-07
-1.24772e-07
4.19989e-07
-1.28596e-07
3.944e-07
-1.31532e-07
3.67862e-07
-1.33478e-07
3.40765e-07
-1.34403e-07
3.1355e-07
-1.3437e-07
2.86626e-07
-1.33522e-07
2.60311e-07
-1.32049e-07
2.34807e-07
-1.3014e-07
2.10214e-07
-1.27956e-07
1.86555e-07
-1.25617e-07
1.63803e-07
-1.23204e-07
1.4191e-07
-1.20764e-07
1.20814e-07
-1.18324e-07
1.00457e-07
-1.15899e-07
8.07842e-08
-1.13495e-07
6.17461e-08
-1.11118e-07
4.33001e-08
-1.08771e-07
2.54085e-08
-1.06459e-07
8.03777e-09
-1.04188e-07
-8.84379e-09
-1.01961e-07
-2.52626e-08
-9.97667e-08
-4.12398e-08
-9.76033e-08
-5.67946e-08
-9.54732e-08
-7.19448e-08
-9.33777e-08
-8.67065e-08
-9.13171e-08
-1.01095e-07
-8.92909e-08
-1.15123e-07
-8.72982e-08
-1.28804e-07
-8.53373e-08
-1.4215e-07
-8.34062e-08
-1.55171e-07
-8.15026e-08
-1.67877e-07
-7.96241e-08
-1.80277e-07
-7.77687e-08
-1.92379e-07
-7.59352e-08
-2.04194e-07
-7.41238e-08
-2.15731e-07
-7.23382e-08
-2.27003e-07
-7.05878e-08
-2.38029e-07
-6.88912e-08
-2.48843e-07
-6.72841e-08
-2.59492e-07
-6.58587e-08
-2.70053e-07
-6.46773e-08
-2.80671e-07
-6.39399e-08
-2.91627e-07
-6.41278e-08
-3.0342e-07
-6.59406e-08
-3.16152e-07
-6.88108e-08
-3.29936e-07
-7.23964e-08
-3.44903e-07
-7.65202e-08
-3.612e-07
-8.10892e-08
-3.78998e-07
-8.60542e-08
-3.98495e-07
-9.13905e-08
-4.19907e-07
-9.70801e-08
-4.43408e-07
-1.03062e-07
-4.68979e-07
-1.08735e-07
-4.97531e-07
-1.1529e-07
-5.29058e-07
-1.22829e-07
-5.63898e-07
-1.30686e-07
-6.02153e-07
-1.38587e-07
-6.43527e-07
-1.4612e-07
-6.87212e-07
-1.52765e-07
-7.3192e-07
-1.57953e-07
-7.76103e-07
-1.61199e-07
-8.18327e-07
-1.62238e-07
-8.57607e-07
-1.61094e-07
-8.93533e-07
-1.58038e-07
-9.26168e-07
-1.53464e-07
-9.55827e-07
-1.47767e-07
-9.82901e-07
-1.41275e-07
-1.00774e-06
-1.34224e-07
-1.03062e-06
-1.26777e-07
-1.05172e-06
-1.19035e-07
-1.07117e-06
-1.11062e-07
-1.08904e-06
-1.029e-07
-1.10538e-06
-9.45735e-08
-1.12019e-06
-8.6098e-08
-1.13348e-06
-7.74849e-08
-1.14525e-06
-6.87435e-08
-1.15548e-06
-5.98819e-08
-1.16417e-06
-5.0904e-08
-1.1713e-06
-4.1798e-08
-1.17684e-06
-3.25235e-08
-1.18077e-06
-2.30453e-08
-1.18308e-06
-1.34986e-08
-4.32361e-09
6.57859e-07
-3.39539e-09
6.55794e-07
-1.0407e-08
6.52312e-07
-1.75617e-08
6.47429e-07
-2.46297e-08
6.41179e-07
-3.15284e-08
6.33591e-07
-3.82655e-08
6.2469e-07
-4.48542e-08
6.14502e-07
-5.12943e-08
6.0305e-07
-5.75781e-08
5.90354e-07
-6.36954e-08
5.76428e-07
-6.9635e-08
5.6128e-07
-7.5384e-08
5.44904e-07
-8.09249e-08
5.27278e-07
-8.62318e-08
5.08366e-07
-9.12678e-08
4.88115e-07
-9.59779e-08
4.66473e-07
-1.00284e-07
4.43416e-07
-1.04086e-07
4.18985e-07
-1.07263e-07
3.93333e-07
-1.09698e-07
3.66742e-07
-1.11305e-07
3.39606e-07
-1.1206e-07
3.12365e-07
-1.12018e-07
2.85427e-07
-1.11298e-07
2.59105e-07
-1.1006e-07
2.33599e-07
-1.08462e-07
2.09007e-07
-1.06638e-07
1.85349e-07
-1.04686e-07
1.62596e-07
-1.02674e-07
1.40699e-07
-1.0064e-07
1.19597e-07
-9.86072e-08
9.92305e-08
-9.65872e-08
7.95449e-08
-9.45857e-08
6.04912e-08
-9.26063e-08
4.20267e-08
-9.06522e-08
2.41139e-08
-8.87272e-08
6.71953e-09
-8.68361e-08
-1.01879e-08
-8.49821e-08
-2.66341e-08
-8.31543e-08
-4.26398e-08
-8.1352e-08
-5.82239e-08
-7.95771e-08
-7.34036e-08
-7.78304e-08
-8.81946e-08
-7.61123e-08
-1.02612e-07
-7.44222e-08
-1.16667e-07
-7.27593e-08
-1.30374e-07
-7.11222e-08
-1.43744e-07
-6.95092e-08
-1.56785e-07
-6.79183e-08
-1.69508e-07
-6.63475e-08
-1.81921e-07
-6.47953e-08
-1.94033e-07
-6.32607e-08
-2.05851e-07
-6.1744e-08
-2.17387e-07
-6.02486e-08
-2.28653e-07
-5.87826e-08
-2.39669e-07
-5.7362e-08
-2.50473e-07
-5.60186e-08
-2.61114e-07
-5.48276e-08
-2.71675e-07
-5.38451e-08
-2.82318e-07
-5.32456e-08
-2.9337e-07
-5.34404e-08
-3.05261e-07
-5.49995e-08
-3.18094e-07
-5.74222e-08
-3.31985e-07
-6.04321e-08
-3.47063e-07
-6.38846e-08
-3.63474e-07
-6.77039e-08
-3.81388e-07
-7.18503e-08
-4.01002e-07
-7.63038e-08
-4.22527e-07
-8.10505e-08
-4.46138e-07
-8.60394e-08
-4.71846e-07
-9.07806e-08
-5.00652e-07
-9.6272e-08
-5.32452e-07
-1.02575e-07
-5.67533e-07
-1.09125e-07
-6.05984e-07
-1.15691e-07
-6.47493e-07
-1.21929e-07
-6.91229e-07
-1.27404e-07
-7.35883e-07
-1.31644e-07
-7.79903e-07
-1.34255e-07
-8.21873e-07
-1.35028e-07
-8.60845e-07
-1.33995e-07
-8.96443e-07
-1.3139e-07
-9.28752e-07
-1.27541e-07
-9.58103e-07
-1.22776e-07
-9.84891e-07
-1.17363e-07
-1.00947e-06
-1.11495e-07
-1.0321e-06
-1.05304e-07
-1.05298e-06
-9.88722e-08
-1.07223e-06
-9.22514e-08
-1.08992e-06
-8.54745e-08
-1.10609e-06
-7.85616e-08
-1.12076e-06
-7.15252e-08
-1.13392e-06
-6.43742e-08
-1.14558e-06
-5.71159e-08
-1.15572e-06
-4.97569e-08
-1.16434e-06
-4.23001e-08
-1.1714e-06
-3.47353e-08
-1.1769e-06
-2.70283e-08
-1.1808e-06
-1.91492e-08
-1.18309e-06
-1.12121e-08
-3.58827e-09
6.57857e-07
-2.71883e-09
6.55785e-07
-8.33467e-09
6.52288e-07
-1.40666e-08
6.47386e-07
-1.9729e-08
6.41109e-07
-2.52557e-08
6.33489e-07
-3.06526e-08
6.24551e-07
-3.59303e-08
6.14321e-07
-4.10887e-08
6.02822e-07
-4.61217e-08
5.90075e-07
-5.10209e-08
5.76095e-07
-5.57774e-08
5.60889e-07
-6.03808e-08
5.44453e-07
-6.48171e-08
5.26765e-07
-6.90652e-08
5.07788e-07
-7.30956e-08
4.87472e-07
-7.6864e-08
4.65765e-07
-8.03079e-08
4.42644e-07
-8.33457e-08
4.18152e-07
-8.58818e-08
3.92445e-07
-8.78222e-08
3.65809e-07
-8.90983e-08
3.38638e-07
-8.96919e-08
3.11373e-07
-8.96474e-08
2.84419e-07
-8.90628e-08
2.58089e-07
-8.80651e-08
2.3258e-07
-8.6781e-08
2.07986e-07
-8.53175e-08
1.84326e-07
-8.37537e-08
1.61571e-07
-8.21421e-08
1.3967e-07
-8.05143e-08
1.18562e-07
-7.88879e-08
9.81876e-08
-7.7272e-08
7.8492e-08
-7.56712e-08
5.94264e-08
-7.40881e-08
4.0948e-08
-7.25254e-08
2.30197e-08
-7.0986e-08
5.60808e-09
-6.94738e-08
-1.13181e-08
-6.79911e-08
-2.77841e-08
-6.6529e-08
-4.38105e-08
-6.5087e-08
-5.94157e-08
-6.36667e-08
-7.46167e-08
-6.22688e-08
-8.94289e-08
-6.08934e-08
-1.03866e-07
-5.95401e-08
-1.17941e-07
-5.82082e-08
-1.31666e-07
-5.68965e-08
-1.4505e-07
-5.56038e-08
-1.58104e-07
-5.43283e-08
-1.70836e-07
-5.30685e-08
-1.83254e-07
-5.18231e-08
-1.95367e-07
-5.05914e-08
-2.07183e-07
-4.93737e-08
-2.18712e-07
-4.81729e-08
-2.29967e-07
-4.69957e-08
-2.4097e-07
-4.58552e-08
-2.51765e-07
-4.47783e-08
-2.62398e-07
-4.38245e-08
-2.72964e-07
-4.3041e-08
-2.83639e-07
-4.25724e-08
-2.94787e-07
-4.27526e-08
-3.06765e-07
-4.40264e-08
-3.19683e-07
-4.59835e-08
-3.3366e-07
-4.84053e-08
-3.48827e-07
-5.11779e-08
-3.65329e-07
-5.42418e-08
-3.83336e-07
-5.7566e-08
-4.03047e-07
-6.11346e-08
-4.24681e-07
-6.49368e-08
-4.48418e-07
-6.89312e-08
-4.74267e-07
-7.27284e-08
-5.03259e-07
-7.71329e-08
-5.35243e-07
-8.21834e-08
-5.70493e-07
-8.74245e-08
-6.0909e-07
-9.26674e-08
-6.50704e-07
-9.76348e-08
-6.94481e-07
-1.01976e-07
-7.39092e-07
-1.05318e-07
-7.8298e-07
-1.07348e-07
-8.24747e-07
-1.07906e-07
-8.63472e-07
-1.07026e-07
-8.98807e-07
-1.04902e-07
-9.30857e-07
-1.01799e-07
-9.59962e-07
-9.79756e-08
-9.86519e-07
-9.36437e-08
-1.01088e-06
-8.89552e-08
-1.03332e-06
-8.40124e-08
-1.05402e-06
-7.88803e-08
-1.0731e-06
-7.35991e-08
-1.09065e-06
-6.81943e-08
-1.10668e-06
-6.26814e-08
-1.12123e-06
-5.70701e-08
-1.13429e-06
-5.13671e-08
-1.14586e-06
-4.55779e-08
-1.15593e-06
-3.97078e-08
-1.16448e-06
-3.37588e-08
-1.1715e-06
-2.77225e-08
-1.17696e-06
-2.15713e-08
-1.18083e-06
-1.52811e-08
-1.18309e-06
-8.94418e-09
-2.86043e-09
6.57856e-07
-2.04097e-09
6.55778e-07
-6.25703e-09
6.52271e-07
-1.05608e-08
6.47353e-07
-1.48125e-08
6.41055e-07
-1.89622e-08
6.3341e-07
-2.30144e-08
6.24443e-07
-2.6977e-08
6.14179e-07
-3.085e-08
6.02643e-07
-3.46286e-08
5.89856e-07
-3.83065e-08
5.75833e-07
-4.18772e-08
5.60582e-07
-4.53327e-08
5.44097e-07
-4.86624e-08
5.26359e-07
-5.18505e-08
5.0733e-07
-5.48748e-08
4.86961e-07
-5.77018e-08
4.65201e-07
-6.02844e-08
4.42027e-07
-6.25613e-08
4.17485e-07
-6.44605e-08
3.91734e-07
-6.59114e-08
3.65059e-07
-6.68629e-08
3.3786e-07
-6.73018e-08
3.10575e-07
-6.7262e-08
2.83609e-07
-6.68176e-08
2.57272e-07
-6.60641e-08
2.3176e-07
-6.50967e-08
2.07164e-07
-6.39957e-08
1.83502e-07
-6.28201e-08
1.60745e-07
-6.16093e-08
1.3884e-07
-6.03868e-08
1.17727e-07
-5.91658e-08
9.73456e-08
-5.7953e-08
7.76414e-08
-5.67517e-08
5.85656e-08
-5.5564e-08
4.00757e-08
-5.43917e-08
2.21347e-08
-5.32371e-08
4.70933e-09
-5.2103e-08
-1.22313e-08
-5.09911e-08
-2.87121e-08
-4.98944e-08
-4.47533e-08
-4.88128e-08
-6.03732e-08
-4.77474e-08
-7.55884e-08
-4.66987e-08
-9.0414e-08
-4.56667e-08
-1.04864e-07
-4.46511e-08
-1.1895e-07
-4.36512e-08
-1.32685e-07
-4.26664e-08
-1.46078e-07
-4.16954e-08
-1.59138e-07
-4.07372e-08
-1.71874e-07
-3.97905e-08
-1.84294e-07
-3.88546e-08
-1.96406e-07
-3.79287e-08
-2.08217e-07
-3.70135e-08
-2.19738e-07
-3.6111e-08
-2.30983e-07
-3.52264e-08
-2.41973e-07
-3.43698e-08
-2.52757e-07
-3.35624e-08
-2.63384e-07
-3.28478e-08
-2.73956e-07
-3.22633e-08
-2.84669e-07
-3.19209e-08
-2.95926e-07
-3.20744e-08
-3.0798e-07
-3.3041e-08
-3.20965e-07
-3.45165e-08
-3.35006e-07
-3.63389e-08
-3.50237e-07
-3.84233e-08
-3.66806e-07
-4.07252e-08
-3.84883e-07
-4.32216e-08
-4.04671e-07
-4.59006e-08
-4.26394e-07
-4.87538e-08
-4.50235e-07
-5.17497e-08
-4.76198e-07
-5.45979e-08
-5.05339e-07
-5.7906e-08
-5.37463e-07
-6.16965e-08
-5.72844e-07
-6.56272e-08
-6.11553e-07
-6.9554e-08
-6.53246e-07
-7.32674e-08
-6.97051e-07
-7.6504e-08
-7.41619e-07
-7.89845e-08
-7.85395e-07
-8.04752e-08
-8.26994e-07
-8.0859e-08
-8.65525e-07
-8.01582e-08
-9.00658e-07
-7.8536e-08
-9.32509e-07
-7.61928e-08
-9.61424e-07
-7.33201e-08
-9.87804e-07
-7.00724e-08
-1.012e-06
-6.65616e-08
-1.03429e-06
-6.28624e-08
-1.05484e-06
-5.90228e-08
-1.0738e-06
-5.50723e-08
-1.09122e-06
-5.10296e-08
-1.10716e-06
-4.6906e-08
-1.12161e-06
-4.27086e-08
-1.13459e-06
-3.84422e-08
-1.14609e-06
-3.41111e-08
-1.15609e-06
-2.97189e-08
-1.16459e-06
-2.52671e-08
-1.17157e-06
-2.07493e-08
-1.177e-06
-1.61448e-08
-1.18085e-06
-1.14355e-08
-1.1831e-06
-6.69125e-09
-2.1386e-09
6.57855e-07
-1.36199e-09
6.55773e-07
-4.17526e-09
6.52258e-07
-7.04716e-09
6.47328e-07
-9.88435e-09
6.41015e-07
-1.26535e-08
6.33351e-07
-1.53575e-08
6.24362e-07
-1.80019e-08
6.14074e-07
-2.05864e-08
6.0251e-07
-2.3108e-08
5.89693e-07
-2.55623e-08
5.75637e-07
-2.7945e-08
5.60352e-07
-3.02508e-08
5.43831e-07
-3.24726e-08
5.26056e-07
-3.45998e-08
5.06988e-07
-3.66175e-08
4.86579e-07
-3.85033e-08
4.64778e-07
-4.02257e-08
4.41564e-07
-4.17434e-08
4.16985e-07
-4.30086e-08
3.91199e-07
-4.39739e-08
3.64496e-07
-4.46053e-08
3.37273e-07
-4.48943e-08
3.09971e-07
-4.48637e-08
2.82994e-07
-4.45634e-08
2.56651e-07
-4.40571e-08
2.31135e-07
-4.34086e-08
2.06537e-07
-4.26714e-08
1.82873e-07
-4.18848e-08
1.60113e-07
-4.10751e-08
1.38206e-07
-4.0258e-08
1.17089e-07
-3.94422e-08
9.67032e-08
-3.8632e-08
7.69937e-08
-3.78299e-08
5.79118e-08
-3.7037e-08
3.94151e-08
-3.62546e-08
2.14663e-08
-3.54842e-08
4.03252e-09
-3.47275e-08
-1.29173e-08
-3.39858e-08
-2.94078e-08
-3.32542e-08
-4.54591e-08
-3.25328e-08
-6.10892e-08
-3.18221e-08
-7.63146e-08
-3.11226e-08
-9.11502e-08
-3.04343e-08
-1.05609e-07
-2.97569e-08
-1.19704e-07
-2.90901e-08
-1.33446e-07
-2.84333e-08
-1.46844e-07
-2.77857e-08
-1.59908e-07
-2.71466e-08
-1.72646e-07
-2.65152e-08
-1.85065e-07
-2.58908e-08
-1.97173e-07
-2.52732e-08
-2.08979e-07
-2.46625e-08
-2.20493e-07
-2.40604e-08
-2.31729e-07
-2.34704e-08
-2.42711e-07
-2.28994e-08
-2.53488e-07
-2.2362e-08
-2.64112e-07
-2.18869e-08
-2.74691e-07
-2.15e-08
-2.85433e-07
-2.12778e-08
-2.96767e-07
-2.13907e-08
-3.0888e-07
-2.20393e-08
-3.21914e-07
-2.30248e-08
-3.36003e-07
-2.42408e-08
-3.51283e-07
-2.5631e-08
-3.67903e-07
-2.7166e-08
-3.86032e-07
-2.88304e-08
-4.05876e-07
-3.06163e-08
-4.27663e-07
-3.25177e-08
-4.51585e-07
-3.45135e-08
-4.77635e-07
-3.64109e-08
-5.06892e-07
-3.86171e-08
-5.39123e-07
-4.11434e-08
-5.74602e-07
-4.37618e-08
-6.13396e-07
-4.63756e-08
-6.55151e-07
-4.88448e-08
-6.98978e-07
-5.09954e-08
-7.43519e-07
-5.26426e-08
-7.87215e-07
-5.36261e-08
-8.28654e-07
-5.3903e-08
-8.67037e-07
-5.3369e-08
-9.02025e-07
-5.22558e-08
-9.33733e-07
-5.06836e-08
-9.62511e-07
-4.8769e-08
-9.88761e-07
-4.66091e-08
-1.01284e-06
-4.42754e-08
-1.03501e-06
-4.18168e-08
-1.05546e-06
-3.92646e-08
-1.07432e-06
-3.66384e-08
-1.09166e-06
-3.39505e-08
-1.10751e-06
-3.12085e-08
-1.12189e-06
-2.8417e-08
-1.13481e-06
-2.55793e-08
-1.14625e-06
-2.26981e-08
-1.15621e-06
-1.97759e-08
-1.16468e-06
-1.68136e-08
-1.17162e-06
-1.3807e-08
-1.17703e-06
-1.07421e-08
-1.18086e-06
-7.60691e-09
-1.1831e-06
-4.44834e-09
-1.41977e-09
6.57854e-07
-6.82183e-10
6.55769e-07
-2.09061e-09
6.52249e-07
-3.52825e-09
6.47311e-07
-4.94849e-09
6.40989e-07
-6.33474e-09
6.33312e-07
-7.68851e-09
6.24309e-07
-9.01245e-09
6.14004e-07
-1.03065e-08
6.02422e-07
-1.15691e-08
5.89585e-07
-1.27982e-08
5.75508e-07
-1.39915e-08
5.60199e-07
-1.51463e-08
5.43654e-07
-1.62591e-08
5.25853e-07
-1.73247e-08
5.06759e-07
-1.83354e-08
4.86323e-07
-1.92801e-08
4.64495e-07
-2.01428e-08
4.41254e-07
-2.09029e-08
4.16649e-07
-2.1536e-08
3.90839e-07
-2.20185e-08
3.64117e-07
-2.23331e-08
3.36879e-07
-2.24756e-08
3.09567e-07
-2.24575e-08
2.82583e-07
-2.23039e-08
2.56236e-07
-2.20469e-08
2.30718e-07
-2.17186e-08
2.06119e-07
-2.1346e-08
1.82454e-07
-2.09487e-08
1.59693e-07
-2.05401e-08
1.37783e-07
-2.01281e-08
1.16663e-07
-1.9717e-08
9.6274e-08
-1.93091e-08
7.65601e-08
-1.89055e-08
5.74731e-08
-1.8507e-08
3.89706e-08
-1.81141e-08
2.10156e-08
-1.77275e-08
3.57519e-09
-1.73481e-08
-1.33814e-08
-1.69765e-08
-2.98787e-08
-1.66102e-08
-4.59363e-08
-1.62491e-08
-6.15725e-08
-1.58937e-08
-7.68035e-08
-1.55439e-08
-9.1644e-08
-1.51998e-08
-1.06108e-07
-1.48613e-08
-1.20206e-07
-1.45281e-08
-1.33951e-07
-1.41999e-08
-1.47352e-07
-1.38764e-08
-1.60417e-07
-1.35571e-08
-1.73156e-07
-1.32417e-08
-1.85575e-07
-1.29299e-08
-1.97682e-07
-1.26215e-08
-2.09485e-07
-1.23167e-08
-2.20995e-07
-1.20162e-08
-2.32226e-07
-1.17219e-08
-2.43202e-07
-1.14372e-08
-2.53975e-07
-1.11694e-08
-2.64598e-07
-1.0933e-08
-2.75182e-07
-1.07408e-08
-2.85941e-07
-1.06319e-08
-2.97316e-07
-1.06915e-08
-3.09465e-07
-1.10167e-08
-3.22535e-07
-1.15093e-08
-3.36658e-07
-1.21166e-08
-3.51971e-07
-1.28108e-08
-3.68624e-07
-1.35771e-08
-3.86788e-07
-1.44078e-08
-4.06667e-07
-1.52988e-08
-4.28497e-07
-1.62473e-08
-4.52474e-07
-1.72423e-08
-4.78582e-07
-1.81877e-08
-5.07918e-07
-1.92878e-08
-5.40219e-07
-2.05471e-08
-5.75763e-07
-2.18516e-08
-6.14615e-07
-2.31525e-08
-6.56417e-07
-2.43795e-08
-7.00273e-07
-2.54486e-08
-7.44811e-07
-2.62785e-08
-7.88463e-07
-2.67826e-08
-8.29844e-07
-2.69591e-08
-8.68106e-07
-2.66548e-08
-9.02988e-07
-2.60427e-08
-9.34591e-07
-2.52486e-08
-9.63268e-07
-2.42972e-08
-9.89423e-07
-2.32255e-08
-1.01341e-06
-2.20668e-08
-1.0355e-06
-2.08449e-08
-1.05589e-06
-1.95756e-08
-1.07468e-06
-1.82685e-08
-1.09196e-06
-1.693e-08
-1.10775e-06
-1.5564e-08
-1.12209e-06
-1.41729e-08
-1.13496e-06
-1.27582e-08
-1.14637e-06
-1.13216e-08
-1.1563e-06
-9.86405e-09
-1.16474e-06
-8.38623e-09
-1.17166e-06
-6.88588e-09
-1.17705e-06
-5.35584e-09
-1.18087e-06
-3.78994e-09
-1.18311e-06
-2.2123e-09
-7.04532e-10
6.57854e-07
-2.15354e-12
6.55767e-07
-4.66104e-12
6.52245e-07
-6.60729e-12
6.47303e-07
-8.5287e-12
6.40975e-07
-1.07132e-11
6.33292e-07
-1.3133e-11
6.24281e-07
-1.57079e-11
6.13969e-07
-1.84071e-11
6.02378e-07
-2.12349e-11
5.8953e-07
-2.42038e-11
5.75443e-07
-2.73262e-11
5.60123e-07
-3.06119e-11
5.43566e-07
-3.40611e-11
5.25752e-07
-3.76528e-11
5.06645e-07
-4.13276e-11
4.86196e-07
-4.49678e-11
4.64354e-07
-4.83738e-11
4.411e-07
-5.12563e-11
4.16482e-07
-5.32495e-11
3.90661e-07
-5.3968e-11
3.63928e-07
-5.30975e-11
3.36682e-07
-5.04897e-11
3.09363e-07
-4.62138e-11
2.82375e-07
-4.0533e-11
2.56025e-07
-3.3828e-11
2.30504e-07
-2.65077e-11
2.05903e-07
-1.89463e-11
1.82237e-07
-1.14549e-11
1.59475e-07
-4.3185e-12
1.37564e-07
2.46198e-12
1.16443e-07
8.69846e-12
9.60522e-08
1.42426e-11
7.63369e-08
1.91078e-11
5.72483e-08
2.32964e-11
3.87441e-08
2.68282e-11
2.07873e-08
2.97373e-11
3.34471e-09
3.20669e-11
-1.36144e-08
3.38636e-11
-3.01143e-08
3.51747e-11
-4.6175e-08
3.60428e-11
-6.18143e-08
3.65107e-11
-7.70485e-08
3.66195e-11
-9.18923e-08
3.64073e-11
-1.06359e-07
3.59107e-11
-1.2046e-07
3.51653e-11
-1.34207e-07
3.42065e-11
-1.47609e-07
3.307e-11
-1.60676e-07
3.17915e-11
-1.73414e-07
3.04063e-11
-1.85832e-07
2.89473e-11
-1.97938e-07
2.74448e-11
-2.09739e-07
2.59243e-11
-2.21247e-07
2.44085e-11
-2.32476e-07
2.29177e-11
-2.43449e-07
2.14761e-11
-2.54221e-07
2.01156e-11
-2.64844e-07
1.88896e-11
-2.7543e-07
1.78845e-11
-2.86197e-07
1.72051e-11
-2.97588e-07
1.72054e-11
-3.09755e-07
1.81006e-11
-3.22841e-07
1.9607e-11
-3.3698e-07
2.1656e-11
-3.5231e-07
2.42026e-11
-3.68979e-07
2.72727e-11
-3.87159e-07
3.09113e-11
-4.07056e-07
3.51597e-11
-4.28905e-07
4.00427e-11
-4.52907e-07
4.56139e-11
-4.79042e-07
5.16145e-11
-5.08413e-07
5.8631e-11
-5.40746e-07
6.65785e-11
-5.76316e-07
7.49837e-11
-6.15186e-07
8.35766e-11
-6.56994e-07
9.19206e-11
-7.00845e-07
9.94221e-11
-7.45391e-07
1.05485e-10
-7.89073e-07
1.09887e-10
-8.3056e-07
1.12709e-10
-8.6885e-07
1.08655e-10
-9.03648e-07
1.06171e-10
-9.3515e-07
1.01448e-10
-9.63737e-07
9.55563e-11
-9.89816e-07
8.90274e-11
-1.01374e-06
8.22303e-11
-1.03578e-06
7.54392e-11
-1.05611e-06
6.88424e-11
-1.07487e-06
6.25603e-11
-1.09211e-06
5.66687e-11
-1.10788e-06
5.12052e-11
-1.12219e-06
4.6166e-11
-1.13504e-06
4.15201e-11
-1.14643e-06
3.72295e-11
-1.15634e-06
3.32489e-11
-1.16477e-06
2.95327e-11
-1.17169e-06
2.60405e-11
-1.17707e-06
2.27399e-11
-1.18088e-06
1.97573e-11
-1.18311e-06
1.62226e-11
9.27695e-12
6.57854e-07
6.77931e-10
6.55767e-07
2.08134e-09
6.52245e-07
3.51511e-09
6.47303e-07
4.93151e-09
6.40975e-07
6.31344e-09
6.33291e-07
7.66246e-09
6.2428e-07
8.98132e-09
6.13967e-07
1.027e-08
6.02376e-07
1.1527e-08
5.89528e-07
1.27502e-08
5.7544e-07
1.39372e-08
5.6012e-07
1.50855e-08
5.43562e-07
1.61915e-08
5.25748e-07
1.72499e-08
5.06641e-07
1.82533e-08
4.86191e-07
1.91907e-08
4.64349e-07
2.00465e-08
4.41094e-07
2.08007e-08
4.16476e-07
2.14298e-08
3.90654e-07
2.19106e-08
3.63921e-07
2.22268e-08
3.36675e-07
2.23744e-08
3.09356e-07
2.23647e-08
2.82368e-07
2.22223e-08
2.56018e-07
2.19787e-08
2.30498e-07
2.16651e-08
2.05897e-07
2.13076e-08
1.82231e-07
2.09255e-08
1.59469e-07
2.05314e-08
1.37558e-07
2.0133e-08
1.16437e-07
1.97344e-08
9.60458e-08
1.93377e-08
7.63301e-08
1.8944e-08
5.7241e-08
1.8554e-08
3.87362e-08
1.81682e-08
2.07787e-08
1.77874e-08
3.3356e-09
1.74127e-08
-1.3624e-08
1.70446e-08
-3.01243e-08
1.66807e-08
-4.61851e-08
1.63212e-08
-6.18243e-08
1.59665e-08
-7.70583e-08
1.56168e-08
-9.19016e-08
1.52721e-08
-1.06368e-07
1.49325e-08
-1.20468e-07
1.45977e-08
-1.34215e-07
1.42677e-08
-1.47616e-07
1.39419e-08
-1.60682e-07
1.36203e-08
-1.73421e-07
1.33022e-08
-1.85839e-07
1.29876e-08
-1.97944e-07
1.26763e-08
-2.09746e-07
1.23684e-08
-2.21253e-07
1.20649e-08
-2.32482e-07
1.17675e-08
-2.43455e-07
1.14797e-08
-2.54226e-07
1.12092e-08
-2.64849e-07
1.09702e-08
-2.75434e-07
1.07761e-08
-2.86201e-07
1.06658e-08
-2.97592e-07
1.07257e-08
-3.09758e-07
1.10529e-08
-3.22845e-07
1.15487e-08
-3.36984e-07
1.21602e-08
-3.52314e-07
1.28596e-08
-3.68983e-07
1.36322e-08
-3.87164e-07
1.44703e-08
-4.0706e-07
1.53699e-08
-4.2891e-07
1.63282e-08
-4.52911e-07
1.73339e-08
-4.79047e-07
1.82915e-08
-5.08419e-07
1.94058e-08
-5.40752e-07
2.06809e-08
-5.76322e-07
2.20023e-08
-6.15193e-07
2.33205e-08
-6.57002e-07
2.45644e-08
-7.00854e-07
2.56487e-08
-7.45399e-07
2.64908e-08
-7.89081e-07
2.7003e-08
-8.30565e-07
2.71831e-08
-8.68856e-07
2.68741e-08
-9.03654e-07
2.62564e-08
-9.35157e-07
2.54523e-08
-9.63744e-07
2.44888e-08
-9.89823e-07
2.34039e-08
-1.01375e-06
2.22315e-08
-1.03579e-06
2.09959e-08
-1.05612e-06
1.97132e-08
-1.07487e-06
1.83932e-08
-1.09212e-06
1.70426e-08
-1.10788e-06
1.56652e-08
-1.12219e-06
1.42636e-08
-1.13504e-06
1.28394e-08
-1.14643e-06
1.1394e-08
-1.15634e-06
9.92868e-09
-1.16477e-06
8.44387e-09
-1.17168e-06
6.93733e-09
-1.17706e-06
5.40181e-09
-1.18088e-06
3.83076e-09
-1.18311e-06
2.24654e-09
7.24488e-10
6.57854e-07
1.35806e-09
6.55768e-07
4.16649e-09
6.52248e-07
7.03453e-09
6.47309e-07
9.86783e-09
6.40986e-07
1.26326e-08
6.33309e-07
1.5332e-08
6.24305e-07
1.79713e-08
6.14e-07
2.05506e-08
6.02418e-07
2.30665e-08
5.89579e-07
2.5515e-08
5.75502e-07
2.78916e-08
5.60192e-07
3.01909e-08
5.43646e-07
3.24058e-08
5.25844e-07
3.45259e-08
5.06749e-07
3.65362e-08
4.86312e-07
3.84147e-08
4.64482e-07
4.01302e-08
4.4124e-07
4.16421e-08
4.16633e-07
4.29031e-08
3.90822e-07
4.38668e-08
3.64098e-07
4.44998e-08
3.36859e-07
4.47938e-08
3.09545e-07
4.47716e-08
2.82561e-07
4.44825e-08
2.56212e-07
4.39896e-08
2.30693e-07
4.33557e-08
2.06093e-07
4.26336e-08
1.82427e-07
4.1862e-08
1.59666e-07
4.10667e-08
1.37755e-07
4.0263e-08
1.16636e-07
3.94594e-08
9.62462e-08
3.86602e-08
7.65325e-08
3.78677e-08
5.74459e-08
3.70831e-08
3.89439e-08
3.63077e-08
2.09895e-08
3.5543e-08
3.5497e-09
3.4791e-08
-1.34064e-08
3.40529e-08
-2.99031e-08
3.33239e-08
-4.59605e-08
3.26041e-08
-6.15965e-08
3.18944e-08
-7.68274e-08
3.11951e-08
-9.16681e-08
3.05063e-08
-1.06132e-07
2.98279e-08
-1.2023e-07
2.91595e-08
-1.33975e-07
2.85007e-08
-1.47376e-07
2.78508e-08
-1.60441e-07
2.7209e-08
-1.73179e-07
2.65747e-08
-1.85597e-07
2.59474e-08
-1.97702e-07
2.53266e-08
-2.09505e-07
2.47129e-08
-2.21013e-07
2.41077e-08
-2.32244e-07
2.35147e-08
-2.43219e-07
2.29408e-08
-2.53991e-07
2.24006e-08
-2.64613e-07
2.19232e-08
-2.75196e-07
2.15344e-08
-2.85955e-07
2.13111e-08
-2.9733e-07
2.14247e-08
-3.09479e-07
2.20753e-08
-3.22548e-07
2.30639e-08
-3.3667e-07
2.42842e-08
-3.51982e-07
2.56798e-08
-3.68635e-07
2.72215e-08
-3.86798e-07
2.88941e-08
-4.06677e-07
3.06896e-08
-4.28507e-07
3.26027e-08
-4.52478e-07
3.46116e-08
-4.78589e-07
3.65202e-08
-5.07928e-07
3.87395e-08
-5.40233e-07
4.12811e-08
-5.75781e-07
4.39161e-08
-6.14636e-07
4.65472e-08
-6.56439e-07
4.90333e-08
-7.00297e-07
5.11992e-08
-7.44837e-07
5.28584e-08
-7.88488e-07
5.38494e-08
-8.29867e-07
5.4128e-08
-8.6813e-07
5.35915e-08
-9.03011e-07
5.24711e-08
-9.34613e-07
5.08883e-08
-9.63289e-07
4.8961e-08
-9.89444e-07
4.67872e-08
-1.01343e-06
4.44394e-08
-1.03552e-06
4.19667e-08
-1.0559e-06
3.94011e-08
-1.07469e-06
3.67621e-08
-1.09197e-06
3.40622e-08
-1.10777e-06
3.13091e-08
-1.1221e-06
2.85074e-08
-1.13498e-06
2.56602e-08
-1.14638e-06
2.27703e-08
-1.15631e-06
1.98399e-08
-1.16475e-06
1.68702e-08
-1.17167e-06
1.38568e-08
-1.17706e-06
1.07858e-08
-1.18087e-06
7.64503e-09
-1.18311e-06
4.47981e-09
1.43813e-09
6.57854e-07
2.03755e-09
6.55771e-07
6.2491e-09
6.52256e-07
1.0549e-08
6.47325e-07
1.47967e-08
6.41012e-07
1.89421e-08
6.33346e-07
2.29896e-08
6.24357e-07
2.69473e-08
6.14067e-07
3.08152e-08
6.02503e-07
3.45883e-08
5.89684e-07
3.82606e-08
5.75627e-07
4.18253e-08
5.60339e-07
4.52744e-08
5.43817e-07
4.85974e-08
5.26039e-07
5.17785e-08
5.06969e-07
5.47955e-08
4.86557e-07
5.76152e-08
4.64754e-07
6.01909e-08
4.41537e-07
6.24618e-08
4.16955e-07
6.43566e-08
3.91166e-07
6.58055e-08
3.64461e-07
6.67581e-08
3.37237e-07
6.72017e-08
3.09934e-07
6.71699e-08
2.82956e-07
6.67365e-08
2.56613e-07
6.59962e-08
2.31096e-07
6.50433e-08
2.06498e-07
6.39574e-08
1.82834e-07
6.27969e-08
1.60074e-07
6.16006e-08
1.38166e-07
6.03916e-08
1.17049e-07
5.91829e-08
9.66627e-08
5.79811e-08
7.69525e-08
5.67896e-08
5.78699e-08
5.56102e-08
3.93724e-08
5.44449e-08
2.14229e-08
5.3296e-08
3.98846e-09
5.21665e-08
-1.29619e-08
5.10579e-08
-2.94527e-08
4.99637e-08
-4.55039e-08
4.88836e-08
-6.11338e-08
4.78188e-08
-7.63587e-08
4.677e-08
-9.11935e-08
4.57373e-08
-1.05652e-07
4.47204e-08
-1.19745e-07
4.37189e-08
-1.33486e-07
4.2732e-08
-1.46883e-07
4.17588e-08
-1.59946e-07
4.0798e-08
-1.72683e-07
3.98486e-08
-1.85101e-07
3.89097e-08
-1.97208e-07
3.79808e-08
-2.09013e-07
3.70623e-08
-2.20526e-07
3.61566e-08
-2.3176e-07
3.52687e-08
-2.4274e-07
3.4409e-08
-2.53515e-07
3.35986e-08
-2.64138e-07
3.28815e-08
-2.74715e-07
3.22952e-08
-2.85457e-07
3.19522e-08
-2.96793e-07
3.21073e-08
-3.08906e-07
3.3076e-08
-3.2194e-07
3.45545e-08
-3.36027e-07
3.63812e-08
-3.51304e-07
3.8471e-08
-3.6792e-07
4.07795e-08
-3.86045e-07
4.32839e-08
-4.05884e-07
4.59724e-08
-4.2767e-07
4.88366e-08
-4.51606e-07
5.18449e-08
-4.7766e-07
5.47075e-08
-5.06922e-07
5.80321e-08
-5.39159e-07
6.18401e-08
-5.74646e-07
6.57887e-08
-6.13448e-07
6.97333e-08
-6.55209e-07
7.34633e-08
-6.99041e-07
7.67142e-08
-7.43583e-07
7.92052e-08
-7.87277e-07
8.07018e-08
-8.28713e-07
8.10862e-08
-8.67092e-07
8.03812e-08
-9.02076e-07
7.87507e-08
-9.33779e-07
7.63961e-08
-9.62553e-07
7.35102e-08
-9.88799e-07
7.02484e-08
-1.01287e-06
6.67231e-08
-1.03504e-06
6.30098e-08
-1.05549e-06
5.91565e-08
-1.07435e-06
5.51929e-08
-1.09168e-06
5.1138e-08
-1.10753e-06
4.70032e-08
-1.12191e-06
4.27955e-08
-1.13482e-06
3.852e-08
-1.14626e-06
3.41806e-08
-1.15622e-06
2.9781e-08
-1.16468e-06
2.53224e-08
-1.17163e-06
2.07983e-08
-1.17703e-06
1.61878e-08
-1.18086e-06
1.14726e-08
-1.1831e-06
6.72115e-09
2.15551e-09
6.57855e-07
2.71591e-09
6.55776e-07
8.32763e-09
6.52269e-07
1.40557e-08
6.47349e-07
1.97142e-08
6.41051e-07
2.52366e-08
6.33404e-07
3.0629e-08
6.24436e-07
3.5902e-08
6.14171e-07
4.10555e-08
6.02633e-07
4.60832e-08
5.89843e-07
5.09769e-08
5.75818e-07
5.57276e-08
5.60564e-07
6.03248e-08
5.44077e-07
6.47544e-08
5.26336e-07
6.89957e-08
5.07305e-07
7.30189e-08
4.86932e-07
7.678e-08
4.65168e-07
8.02169e-08
4.4199e-07
8.32486e-08
4.17445e-07
8.57801e-08
3.91689e-07
8.77182e-08
3.65012e-07
8.8995e-08
3.37809e-07
8.95929e-08
3.10522e-07
8.9556e-08
2.83554e-07
8.89821e-08
2.57217e-07
8.79973e-08
2.31703e-07
8.67276e-08
2.07107e-07
8.52791e-08
1.83445e-07
8.37303e-08
1.60687e-07
8.2133e-08
1.38781e-07
8.05186e-08
1.17668e-07
7.89045e-08
9.7286e-08
7.72995e-08
7.75816e-08
7.57083e-08
5.85056e-08
7.41335e-08
4.00158e-08
7.25777e-08
2.20748e-08
7.1044e-08
4.64965e-09
6.95362e-08
-1.22908e-08
6.80569e-08
-2.87713e-08
6.65971e-08
-4.48123e-08
6.51566e-08
-6.04319e-08
6.3737e-08
-7.56468e-08
6.2339e-08
-9.04721e-08
6.09629e-08
-1.04922e-07
5.96083e-08
-1.19008e-07
5.82747e-08
-1.32742e-07
5.69609e-08
-1.46134e-07
5.56656e-08
-1.59193e-07
5.43874e-08
-1.71928e-07
5.31246e-08
-1.84347e-07
5.1876e-08
-1.96456e-07
5.0641e-08
-2.08265e-07
4.942e-08
-2.19784e-07
4.82158e-08
-2.31027e-07
4.70351e-08
-2.42015e-07
4.58912e-08
-2.52796e-07
4.48111e-08
-2.63421e-07
4.3854e-08
-2.7399e-07
4.30678e-08
-2.84701e-07
4.25974e-08
-2.95963e-07
4.27786e-08
-3.08017e-07
4.40558e-08
-3.20999e-07
4.60177e-08
-3.35036e-07
4.84452e-08
-3.50263e-07
5.12243e-08
-3.66828e-07
5.42955e-08
-3.84901e-07
5.76279e-08
-4.04684e-07
6.12062e-08
-4.26408e-07
6.50195e-08
-4.50257e-07
6.90275e-08
-4.76228e-07
7.28411e-08
-5.0538e-07
7.7265e-08
-5.37516e-07
8.23357e-08
-5.72909e-07
8.75966e-08
-6.1163e-07
9.28579e-08
-6.53333e-07
9.78414e-08
-6.97143e-07
1.02195e-07
-7.41714e-07
1.05545e-07
-7.85488e-07
1.07578e-07
-8.27082e-07
1.08134e-07
-8.65605e-07
1.07248e-07
-9.0073e-07
1.05114e-07
-9.32573e-07
1.01998e-07
-9.61482e-07
9.81617e-08
-9.87856e-07
9.38157e-08
-1.01205e-06
8.91132e-08
-1.03433e-06
8.41565e-08
-1.05488e-06
7.90111e-08
-1.07384e-06
7.37172e-08
-1.09126e-06
6.83005e-08
-1.10719e-06
6.27765e-08
-1.12164e-06
5.71548e-08
-1.13461e-06
5.14423e-08
-1.14611e-06
4.56444e-08
-1.15611e-06
3.97662e-08
-1.16461e-06
3.38099e-08
-1.17158e-06
2.7767e-08
-1.17701e-06
2.16101e-08
-1.18085e-06
1.53147e-08
-1.1831e-06
8.9716e-09
2.8761e-09
6.57857e-07
3.39304e-09
6.55783e-07
1.04009e-08
6.52286e-07
1.7552e-08
6.47382e-07
2.4616e-08
6.41104e-07
3.15107e-08
6.33482e-07
3.82435e-08
6.24542e-07
4.48277e-08
6.1431e-07
5.12632e-08
6.02809e-07
5.7542e-08
5.90059e-07
6.36539e-08
5.76076e-07
6.95879e-08
5.60867e-07
7.53309e-08
5.44427e-07
8.08655e-08
5.26736e-07
8.61657e-08
5.07755e-07
9.11946e-08
4.87434e-07
9.58975e-08
4.65722e-07
1.00197e-07
4.42595e-07
1.03992e-07
4.18098e-07
1.07165e-07
3.92386e-07
1.09597e-07
3.65745e-07
1.11204e-07
3.3857e-07
1.11963e-07
3.11303e-07
1.11927e-07
2.84348e-07
1.11218e-07
2.58017e-07
1.09992e-07
2.32508e-07
1.08408e-07
2.07913e-07
1.06599e-07
1.84253e-07
1.04662e-07
1.61498e-07
1.02664e-07
1.39596e-07
1.00643e-07
1.18488e-07
9.8623e-08
9.8113e-08
9.6614e-08
7.84169e-08
9.46222e-08
5.93506e-08
9.2651e-08
4.08717e-08
9.07038e-08
2.29429e-08
8.87844e-08
5.53087e-09
8.68977e-08
-1.13955e-08
8.5047e-08
-2.78616e-08
8.32214e-08
-4.38878e-08
8.14203e-08
-5.94925e-08
7.96457e-08
-7.46929e-08
7.78988e-08
-8.95041e-08
7.61798e-08
-1.0394e-07
7.44883e-08
-1.18014e-07
7.28236e-08
-1.31737e-07
7.11843e-08
-1.4512e-07
6.95688e-08
-1.58173e-07
6.79753e-08
-1.70904e-07
6.64016e-08
-1.83321e-07
6.48463e-08
-1.95433e-07
6.33084e-08
-2.07247e-07
6.17884e-08
-2.18775e-07
6.02896e-08
-2.30029e-07
5.882e-08
-2.4103e-07
5.73959e-08
-2.51823e-07
5.60491e-08
-2.62454e-07
5.48549e-08
-2.73016e-07
5.38698e-08
-2.83687e-07
5.32686e-08
-2.9483e-07
5.34641e-08
-3.06804e-07
5.50286e-08
-3.1972e-07
5.74572e-08
-3.33694e-07
6.0473e-08
-3.48856e-07
6.39318e-08
-3.65353e-07
6.77581e-08
-3.83355e-07
7.19127e-08
-4.03061e-07
7.63761e-08
-4.24692e-07
8.11351e-08
-4.48425e-07
8.61401e-08
-4.74283e-07
9.09008e-08
-5.03291e-07
9.64165e-08
-5.35293e-07
1.02744e-07
-5.70564e-07
1.09315e-07
-6.0918e-07
1.159e-07
-6.50809e-07
1.22153e-07
-6.94598e-07
1.27637e-07
-7.39214e-07
1.31883e-07
-7.83101e-07
1.34493e-07
-8.24863e-07
1.3526e-07
-8.6358e-07
1.34218e-07
-8.98907e-07
1.316e-07
-9.30948e-07
1.27738e-07
-9.60044e-07
1.22958e-07
-9.86594e-07
1.1753e-07
-1.01095e-06
1.11647e-07
-1.03338e-06
1.05442e-07
-1.05407e-06
9.89964e-08
-1.07315e-06
9.23629e-08
-1.09069e-06
8.55743e-08
-1.10672e-06
7.86506e-08
-1.12126e-06
7.16045e-08
-1.13432e-06
6.44447e-08
-1.14588e-06
5.71784e-08
-1.15594e-06
4.9812e-08
-1.16449e-06
4.23484e-08
-1.17151e-06
3.47773e-08
-1.17696e-06
2.70644e-08
-1.18083e-06
1.91799e-08
-1.1831e-06
1.12367e-08
3.60202e-09
6.57858e-07
4.06836e-09
6.55792e-07
1.24671e-08
6.52308e-07
2.10347e-08
6.47425e-07
2.94977e-08
6.41173e-07
3.77586e-08
6.33583e-07
4.58263e-08
6.2468e-07
5.37165e-08
6.1449e-07
6.14291e-08
6.03035e-07
6.89547e-08
5.90335e-07
7.62811e-08
5.76406e-07
8.33951e-08
5.61254e-07
9.02813e-08
5.44873e-07
9.69188e-08
5.27243e-07
1.03277e-07
5.08325e-07
1.09311e-07
4.88069e-07
1.14956e-07
4.66421e-07
1.20121e-07
4.43358e-07
1.24683e-07
4.1892e-07
1.28501e-07
3.93261e-07
1.31435e-07
3.66665e-07
1.3338e-07
3.39524e-07
1.34308e-07
3.12279e-07
1.34281e-07
2.85338e-07
1.33442e-07
2.59014e-07
1.31981e-07
2.33507e-07
1.30086e-07
2.08914e-07
1.27917e-07
1.85255e-07
1.25593e-07
1.62501e-07
1.23193e-07
1.40604e-07
1.20766e-07
1.19501e-07
1.18339e-07
9.91346e-08
1.15924e-07
7.94489e-08
1.1353e-07
6.03952e-08
1.11161e-07
4.19309e-08
1.08821e-07
2.40184e-08
1.06514e-07
6.62449e-09
1.04247e-07
-1.02824e-08
1.02024e-07
-2.6728e-08
9.98317e-08
-4.2733e-08
9.76695e-08
-5.83164e-08
9.55399e-08
-7.34954e-08
9.34441e-08
-8.82857e-08
9.13826e-08
-1.02702e-07
8.9355e-08
-1.16757e-07
8.73604e-08
-1.30463e-07
8.53973e-08
-1.43831e-07
8.34637e-08
-1.56871e-07
8.15573e-08
-1.69593e-07
7.96758e-08
-1.82005e-07
7.78173e-08
-1.94115e-07
7.59805e-08
-2.05932e-07
7.41658e-08
-2.17466e-07
7.23771e-08
-2.28731e-07
7.06236e-08
-2.39745e-07
6.89243e-08
-2.5055e-07
6.7315e-08
-2.61189e-07
6.58879e-08
-2.71748e-07
6.47058e-08
-2.82383e-07
6.39695e-08
-2.93413e-07
6.41615e-08
-3.05297e-07
6.59802e-08
-3.18128e-07
6.88541e-08
-3.32017e-07
7.24434e-08
-3.47091e-07
7.65711e-08
-3.63496e-07
8.11443e-08
-3.81401e-07
8.61144e-08
-4.01001e-07
9.14574e-08
-4.22512e-07
9.71571e-08
-4.46109e-07
1.03155e-07
-4.7182e-07
1.0886e-07
-5.00651e-07
1.15456e-07
-5.32487e-07
1.23032e-07
-5.67606e-07
1.30913e-07
-6.06089e-07
1.38828e-07
-6.47624e-07
1.46371e-07
-6.91378e-07
1.5302e-07
-7.36042e-07
1.58207e-07
-7.80064e-07
1.61448e-07
-8.2203e-07
1.62476e-07
-8.60993e-07
1.61319e-07
-8.9658e-07
1.58246e-07
-9.28877e-07
1.53655e-07
-9.58216e-07
1.47942e-07
-9.84992e-07
1.41433e-07
-1.00956e-06
1.34368e-07
-1.03218e-06
1.26906e-07
-1.05305e-06
1.19151e-07
-1.07229e-06
1.11167e-07
-1.08998e-06
1.02993e-07
-1.10614e-06
9.46564e-08
-1.1208e-06
8.61713e-08
-1.13396e-06
7.75493e-08
-1.14561e-06
6.87998e-08
-1.15575e-06
5.99309e-08
-1.16436e-06
5.09465e-08
-1.17142e-06
4.18348e-08
-1.17691e-06
3.2555e-08
-1.18081e-06
2.30716e-08
-1.18309e-06
1.3519e-08
4.33426e-09
6.57861e-07
4.74108e-09
6.55804e-07
1.45241e-08
6.52337e-07
2.45002e-08
6.47479e-07
3.43544e-08
6.41259e-07
4.39742e-08
6.33708e-07
5.33699e-08
6.24851e-07
6.25599e-08
6.14712e-07
7.15438e-08
6.03313e-07
8.03111e-08
5.90674e-07
8.88475e-08
5.7681e-07
9.71379e-08
5.61727e-07
1.05164e-07
5.45417e-07
1.12903e-07
5.27861e-07
1.20317e-07
5.09019e-07
1.27356e-07
4.88839e-07
1.33945e-07
4.67267e-07
1.39977e-07
4.44278e-07
1.45311e-07
4.19911e-07
1.49781e-07
3.94314e-07
1.53225e-07
3.67768e-07
1.55518e-07
3.40666e-07
1.56625e-07
3.13447e-07
1.56615e-07
2.8652e-07
1.55656e-07
2.60202e-07
1.53965e-07
2.34697e-07
1.51762e-07
2.10103e-07
1.49236e-07
1.86443e-07
1.46525e-07
1.63691e-07
1.43724e-07
1.41796e-07
1.40889e-07
1.207e-07
1.38052e-07
1.00343e-07
1.3523e-07
8.06699e-08
1.32431e-07
6.16317e-08
1.29662e-07
4.31857e-08
1.26926e-07
2.52942e-08
1.2423e-07
7.92367e-09
1.21581e-07
-8.95755e-09
1.18983e-07
-2.53759e-08
1.16423e-07
-4.13524e-08
1.13898e-07
-5.69065e-08
1.11413e-07
-7.20557e-08
1.08968e-07
-8.68163e-08
1.06564e-07
-1.01203e-07
1.04201e-07
-1.1523e-07
1.01877e-07
-1.2891e-07
9.95921e-08
-1.42254e-07
9.73425e-08
-1.55274e-07
9.51261e-08
-1.67978e-07
9.294e-08
-1.80376e-07
9.0782e-08
-1.92477e-07
8.86506e-08
-2.04289e-07
8.6546e-08
-2.15824e-07
8.44722e-08
-2.27094e-07
8.24398e-08
-2.38117e-07
8.04698e-08
-2.48928e-07
7.86015e-08
-2.59573e-07
7.6944e-08
-2.7013e-07
7.55649e-08
-2.80743e-07
7.46865e-08
-2.91695e-07
7.48467e-08
-3.03485e-07
7.68791e-08
-3.16213e-07
8.01764e-08
-3.29993e-07
8.43257e-08
-3.44953e-07
8.91133e-08
-3.61238e-07
9.44272e-08
-3.79019e-07
1.00208e-07
-3.98487e-07
1.06428e-07
-4.19854e-07
1.13067e-07
-4.43293e-07
1.20059e-07
-4.68838e-07
1.26699e-07
-4.97448e-07
1.34361e-07
-5.29073e-07
1.43168e-07
-5.63997e-07
1.52356e-07
-6.02313e-07
1.61613e-07
-6.43729e-07
1.70474e-07
-6.87441e-07
1.78331e-07
-7.3216e-07
1.84516e-07
-7.76341e-07
1.88449e-07
-8.18552e-07
1.89799e-07
-8.57813e-07
1.88578e-07
-8.93719e-07
1.8509e-07
-9.26334e-07
1.79794e-07
-9.55975e-07
1.73159e-07
-9.83032e-07
1.65572e-07
-1.00786e-06
1.57319e-07
-1.03072e-06
1.48591e-07
-1.05181e-06
1.39513e-07
-1.07124e-06
1.30161e-07
-1.08911e-06
1.20587e-07
-1.10543e-06
1.10819e-07
-1.12023e-06
1.00878e-07
-1.13352e-06
9.07779e-08
-1.14528e-06
8.05291e-08
-1.1555e-06
7.01419e-08
-1.16419e-06
5.96211e-08
-1.17131e-06
4.89533e-08
-1.17685e-06
3.8092e-08
-1.18078e-06
2.69963e-08
-1.18308e-06
1.58217e-08
5.07411e-09
6.57864e-07
5.41058e-09
6.55818e-07
1.65696e-08
6.52373e-07
2.79446e-08
6.47545e-07
3.91804e-08
6.41365e-07
5.01501e-08
6.33862e-07
6.08657e-08
6.2506e-07
7.13479e-08
6.14983e-07
8.15967e-08
6.03653e-07
9.15998e-08
5.91087e-07
1.01341e-07
5.773e-07
1.10804e-07
5.62298e-07
1.19968e-07
5.46072e-07
1.28805e-07
5.28602e-07
1.37275e-07
5.09847e-07
1.4532e-07
4.89754e-07
1.52855e-07
4.6827e-07
1.59757e-07
4.45365e-07
1.65868e-07
4.21076e-07
1.70999e-07
3.95549e-07
1.74962e-07
3.6906e-07
1.77614e-07
3.41999e-07
1.78912e-07
3.14805e-07
1.78932e-07
2.87891e-07
1.77861e-07
2.61577e-07
1.75946e-07
2.3607e-07
1.7344e-07
2.11473e-07
1.70558e-07
1.87809e-07
1.67461e-07
1.65055e-07
1.64257e-07
1.43163e-07
1.61012e-07
1.22073e-07
1.57763e-07
1.01725e-07
1.54531e-07
8.2066e-08
1.51325e-07
6.30458e-08
1.48152e-07
4.46218e-08
1.45018e-07
2.67561e-08
1.41929e-07
9.41504e-09
1.38894e-07
-7.43338e-09
1.35919e-07
-2.38163e-08
1.32988e-07
-3.97551e-08
1.30099e-07
-5.52697e-08
1.27256e-07
-7.03783e-08
1.24461e-07
-8.50978e-08
1.21714e-07
-9.94437e-08
1.19015e-07
-1.1343e-07
1.16364e-07
-1.27071e-07
1.13757e-07
-1.40379e-07
1.11194e-07
-1.53365e-07
1.0867e-07
-1.66039e-07
1.06183e-07
-1.78411e-07
1.0373e-07
-1.90492e-07
1.01308e-07
-2.0229e-07
9.8919e-08
-2.13816e-07
9.6566e-08
-2.25083e-07
9.42602e-08
-2.36109e-07
9.2025e-08
-2.46921e-07
8.99034e-08
-2.57569e-07
8.80175e-08
-2.68124e-07
8.64398e-08
-2.7872e-07
8.54132e-08
-2.89612e-07
8.55155e-08
-3.01306e-07
8.77085e-08
-3.13916e-07
9.14004e-08
-3.27565e-07
9.60932e-08
-3.42385e-07
1.01531e-07
-3.58525e-07
1.0758e-07
-3.76155e-07
1.14171e-07
-3.95468e-07
1.2127e-07
-4.16677e-07
1.28856e-07
-4.39974e-07
1.36861e-07
-4.65351e-07
1.44415e-07
-4.93691e-07
1.53096e-07
-5.25034e-07
1.6309e-07
-5.597e-07
1.73584e-07
-5.978e-07
1.84206e-07
-6.39064e-07
1.94426e-07
-6.82716e-07
2.03549e-07
-7.27496e-07
2.10804e-07
-7.71865e-07
2.15508e-07
-8.14373e-07
2.17257e-07
-8.53999e-07
2.16036e-07
-8.90296e-07
2.12179e-07
-9.23298e-07
2.06208e-07
-9.53307e-07
1.98664e-07
-9.80706e-07
1.89999e-07
-1.00584e-06
1.8055e-07
-1.02899e-06
1.70543e-07
-1.05035e-06
1.60126e-07
-1.07003e-06
1.49389e-07
-1.0881e-06
1.38393e-07
-1.10462e-06
1.27173e-07
-1.11959e-06
1.15754e-07
-1.13302e-06
1.04152e-07
-1.14491e-06
9.23812e-08
-1.15524e-06
8.04547e-08
-1.164e-06
6.83782e-08
-1.17119e-06
5.61373e-08
-1.17678e-06
4.36793e-08
-1.18075e-06
3.09577e-08
-1.18307e-06
1.81481e-08
5.82285e-09
6.57868e-07
6.07606e-09
6.55837e-07
1.86009e-08
6.52417e-07
3.1363e-08
6.47627e-07
4.39687e-08
6.41496e-07
5.62777e-08
6.3405e-07
6.83036e-08
6.25315e-07
8.00695e-08
6.15312e-07
9.15754e-08
6.04063e-07
1.02808e-07
5.91583e-07
1.13749e-07
5.77887e-07
1.2438e-07
5.62979e-07
1.34678e-07
5.4685e-07
1.44613e-07
5.29478e-07
1.54138e-07
5.10822e-07
1.63191e-07
4.90828e-07
1.71674e-07
4.69441e-07
1.79453e-07
4.46628e-07
1.86349e-07
4.22424e-07
1.9215e-07
3.9697e-07
1.96644e-07
3.70539e-07
1.9967e-07
3.43518e-07
2.01172e-07
3.16348e-07
2.01233e-07
2.89443e-07
2.00061e-07
2.63127e-07
1.9793e-07
2.37612e-07
1.95125e-07
2.13005e-07
1.9189e-07
1.89333e-07
1.88406e-07
1.66574e-07
1.84797e-07
1.44681e-07
1.81139e-07
1.23595e-07
1.77475e-07
1.03257e-07
1.73828e-07
8.36128e-08
1.70211e-07
6.46135e-08
1.6663e-07
4.62157e-08
1.63092e-07
2.83816e-08
1.59606e-07
1.10771e-08
1.56181e-07
-5.72975e-09
1.52823e-07
-2.20669e-08
1.49518e-07
-3.79565e-08
1.46262e-07
-5.34189e-08
1.43058e-07
-6.84731e-08
1.3991e-07
-8.31367e-08
1.36819e-07
-9.74261e-08
1.33784e-07
-1.11356e-07
1.30804e-07
-1.24942e-07
1.27878e-07
-1.38197e-07
1.25003e-07
-1.51132e-07
1.22174e-07
-1.6376e-07
1.1939e-07
-1.76091e-07
1.16646e-07
-1.88135e-07
1.1394e-07
-1.99904e-07
1.11272e-07
-2.11408e-07
1.08647e-07
-2.22659e-07
1.06075e-07
-2.33677e-07
1.03581e-07
-2.44486e-07
1.01213e-07
-2.55133e-07
9.91028e-08
-2.65685e-07
9.73274e-08
-2.76265e-07
9.6146e-08
-2.871e-07
9.61666e-08
-2.98686e-07
9.84538e-08
-3.11159e-07
1.02503e-07
-3.24651e-07
1.07717e-07
-3.39302e-07
1.13792e-07
-3.55266e-07
1.2057e-07
-3.72715e-07
1.27969e-07
-3.91851e-07
1.35954e-07
-4.129e-07
1.44511e-07
-4.36118e-07
1.53619e-07
-4.61701e-07
1.62454e-07
-4.89345e-07
1.71519e-07
-5.20267e-07
1.82681e-07
-5.54565e-07
1.94561e-07
-5.92392e-07
2.06605e-07
-6.33486e-07
2.18241e-07
-6.77088e-07
2.28698e-07
-7.21961e-07
2.37102e-07
-7.66572e-07
2.42665e-07
-8.09445e-07
2.44897e-07
-8.49515e-07
2.43748e-07
-8.86286e-07
2.39574e-07
-9.19757e-07
2.32959e-07
-9.50211e-07
2.24518e-07
-9.78022e-07
2.14775e-07
-1.00354e-06
2.04119e-07
-1.02703e-06
1.92813e-07
-1.04869e-06
1.81032e-07
-1.06864e-06
1.68883e-07
-1.08697e-06
1.56438e-07
-1.1037e-06
1.43739e-07
-1.11886e-06
1.30817e-07
-1.13246e-06
1.17689e-07
-1.14448e-06
1.04375e-07
-1.15493e-06
9.08864e-08
-1.1638e-06
7.72326e-08
-1.17106e-06
6.33978e-08
-1.17671e-06
4.93239e-08
-1.18071e-06
3.49594e-08
-1.18306e-06
2.04995e-08
6.58084e-09
6.57873e-07
6.73634e-09
6.5586e-07
2.06144e-08
6.52473e-07
3.47492e-08
6.47729e-07
4.87108e-08
6.41656e-07
6.23463e-08
6.34281e-07
7.56711e-08
6.25626e-07
8.87107e-08
6.15713e-07
1.01465e-07
6.04559e-07
1.1392e-07
5.92181e-07
1.26056e-07
5.78591e-07
1.37852e-07
5.63791e-07
1.49282e-07
5.47772e-07
1.60313e-07
5.3051e-07
1.70896e-07
5.11964e-07
1.80958e-07
4.92078e-07
1.90396e-07
4.70795e-07
1.99058e-07
4.48081e-07
2.06748e-07
4.23965e-07
2.13232e-07
3.98586e-07
2.18272e-07
3.72212e-07
2.21686e-07
3.45228e-07
2.23409e-07
3.18075e-07
2.23527e-07
2.9117e-07
2.22264e-07
2.64844e-07
2.19926e-07
2.39312e-07
2.16828e-07
2.14686e-07
2.1324e-07
1.90997e-07
2.09369e-07
1.68226e-07
2.05353e-07
1.46325e-07
2.01278e-07
1.25239e-07
1.97193e-07
1.04909e-07
1.93126e-07
8.52802e-08
1.8909e-07
6.63034e-08
1.85095e-07
4.79358e-08
1.81147e-07
3.01391e-08
1.77257e-07
1.28791e-08
1.73435e-07
-3.87617e-09
1.69689e-07
-2.01554e-08
1.66003e-07
-3.59815e-08
1.62373e-07
-5.1376e-08
1.58805e-07
-6.63585e-08
1.55301e-07
-8.09475e-08
1.51862e-07
-9.51603e-08
1.48489e-07
-1.09013e-07
1.4518e-07
-1.22522e-07
1.41934e-07
-1.35701e-07
1.38748e-07
-1.48563e-07
1.35617e-07
-1.61122e-07
1.32539e-07
-1.7339e-07
1.29509e-07
-1.85378e-07
1.26525e-07
-1.97097e-07
1.23586e-07
-2.08559e-07
1.20696e-07
-2.19778e-07
1.17867e-07
-2.30771e-07
1.15124e-07
-2.41564e-07
1.12516e-07
-2.52202e-07
1.10187e-07
-2.62744e-07
1.08214e-07
-2.73302e-07
1.06869e-07
-2.84082e-07
1.0678e-07
-2.95547e-07
1.09087e-07
-3.07856e-07
1.13451e-07
-3.21157e-07
1.19157e-07
-3.35591e-07
1.25843e-07
-3.51309e-07
1.33319e-07
-3.68479e-07
1.41486e-07
-3.87297e-07
1.50294e-07
-4.08025e-07
1.59725e-07
-4.31047e-07
1.6971e-07
-4.60494e-07
1.79626e-07
-4.84327e-07
1.90357e-07
-5.14221e-07
2.02712e-07
-5.4815e-07
2.15782e-07
-5.85807e-07
2.29129e-07
-6.26828e-07
2.42123e-07
-6.70463e-07
2.53908e-07
-7.15504e-07
2.63503e-07
-7.60435e-07
2.69993e-07
-8.0376e-07
2.72787e-07
-8.44368e-07
2.71782e-07
-8.81707e-07
2.67344e-07
-9.15735e-07
2.60114e-07
-9.46711e-07
2.50786e-07
-9.75001e-07
2.39957e-07
-1.00095e-06
2.28076e-07
-1.02484e-06
2.15449e-07
-1.04686e-06
2.02278e-07
-1.06713e-06
1.88688e-07
-1.08574e-06
1.74762e-07
-1.10272e-06
1.60552e-07
-1.1181e-06
1.46092e-07
-1.13187e-06
1.31407e-07
-1.14405e-06
1.16517e-07
-1.15462e-06
1.0144e-07
-1.16358e-06
8.61843e-08
-1.17092e-06
7.07343e-08
-1.17663e-06
5.50263e-08
-1.18067e-06
3.90032e-08
-1.18305e-06
2.28783e-08
7.34914e-09
6.5788e-07
7.38992e-09
6.55889e-07
2.26052e-08
6.52542e-07
3.80949e-08
6.47856e-07
5.33952e-08
6.41857e-07
6.83418e-08
6.34568e-07
8.29521e-08
6.26012e-07
9.72539e-08
6.16206e-07
1.11248e-07
6.05168e-07
1.24917e-07
5.92911e-07
1.38242e-07
5.79446e-07
1.51199e-07
5.64772e-07
1.63761e-07
5.4888e-07
1.75891e-07
5.31743e-07
1.87533e-07
5.13318e-07
1.98612e-07
4.93549e-07
2.09011e-07
4.72376e-07
2.18568e-07
4.49762e-07
2.27066e-07
4.25734e-07
2.34248e-07
4.00424e-07
2.39853e-07
3.74098e-07
2.43675e-07
3.47139e-07
2.45637e-07
3.19989e-07
2.45827e-07
2.93069e-07
2.44487e-07
2.66715e-07
2.4195e-07
2.4115e-07
2.38562e-07
2.1649e-07
2.34623e-07
1.92771e-07
2.30362e-07
1.69975e-07
2.25935e-07
1.48059e-07
2.21437e-07
1.26966e-07
2.16925e-07
1.06638e-07
2.12429e-07
8.70221e-08
2.07966e-07
6.80685e-08
2.03547e-07
4.97344e-08
1.99181e-07
3.19814e-08
1.94877e-07
1.47744e-08
1.90649e-07
-1.9204e-09
1.86507e-07
-1.81253e-08
1.82427e-07
-3.38714e-08
1.78419e-07
-4.91794e-08
1.7448e-07
-6.40692e-08
1.70613e-07
-7.85603e-08
1.66822e-07
-9.26714e-08
1.63106e-07
-1.0642e-07
1.59466e-07
-1.19823e-07
1.55898e-07
-1.32897e-07
1.52401e-07
-1.45657e-07
1.4897e-07
-1.58116e-07
1.45601e-07
-1.70289e-07
1.42291e-07
-1.8219e-07
1.39035e-07
-1.9383e-07
1.35833e-07
-2.05222e-07
1.32689e-07
-2.16382e-07
1.29614e-07
-2.27325e-07
1.26633e-07
-2.38077e-07
1.23796e-07
-2.48692e-07
1.21247e-07
-2.59212e-07
1.19081e-07
-2.69741e-07
1.17565e-07
-2.80463e-07
1.17337e-07
-2.91794e-07
1.19586e-07
-3.03932e-07
1.24226e-07
-3.17043e-07
1.30406e-07
-3.31282e-07
1.37699e-07
-3.46814e-07
1.45885e-07
-3.63817e-07
1.54847e-07
-3.82486e-07
1.64532e-07
-4.02996e-07
1.74917e-07
-4.25475e-07
1.85951e-07
-4.52026e-07
1.9707e-07
-4.78849e-07
2.08366e-07
-5.08678e-07
2.21928e-07
-5.41903e-07
2.36524e-07
-5.78936e-07
2.51374e-07
-6.19585e-07
2.65863e-07
-6.63103e-07
2.7909e-07
-7.08267e-07
2.89981e-07
-7.53538e-07
2.97507e-07
-7.97376e-07
3.00967e-07
-8.38601e-07
3.00194e-07
-8.766e-07
2.95555e-07
-9.11278e-07
2.87747e-07
-9.42868e-07
2.77543e-07
-9.71722e-07
2.65619e-07
-9.98182e-07
2.52489e-07
-1.02252e-06
2.38506e-07
-1.04494e-06
2.23904e-07
-1.06556e-06
2.08831e-07
-1.08447e-06
1.93384e-07
-1.10171e-06
1.77624e-07
-1.11731e-06
1.61591e-07
-1.13128e-06
1.45315e-07
-1.14362e-06
1.28818e-07
-1.15432e-06
1.12122e-07
-1.16338e-06
9.52372e-08
-1.1708e-06
7.81474e-08
-1.17656e-06
6.0784e-08
-1.18064e-06
4.30848e-08
-1.18304e-06
2.52803e-08
8.12571e-09
6.57889e-07
8.03485e-09
6.55927e-07
2.4567e-08
6.52631e-07
4.13892e-08
6.48018e-07
5.80071e-08
6.4211e-07
7.42462e-08
6.34929e-07
9.01258e-08
6.26493e-07
1.05677e-07
6.16818e-07
1.20899e-07
6.05918e-07
1.35776e-07
5.93805e-07
1.50286e-07
5.80484e-07
1.64403e-07
5.65955e-07
1.78098e-07
5.50205e-07
1.9133e-07
5.33204e-07
2.0404e-07
5.14909e-07
2.16143e-07
4.95262e-07
2.27516e-07
4.74201e-07
2.37981e-07
4.51686e-07
2.47304e-07
4.27741e-07
2.55205e-07
4.02494e-07
2.61395e-07
3.76205e-07
2.65647e-07
3.49256e-07
2.6787e-07
3.2209e-07
2.68152e-07
2.95134e-07
2.6675e-07
2.68731e-07
2.64024e-07
2.43109e-07
2.60351e-07
2.18394e-07
2.56062e-07
1.94623e-07
2.51408e-07
1.71785e-07
2.46562e-07
1.49837e-07
2.41633e-07
1.28724e-07
2.36683e-07
1.08391e-07
2.31748e-07
8.87821e-08
2.26846e-07
6.98502e-08
2.21991e-07
5.1552e-08
2.17192e-07
3.38493e-08
2.12461e-07
1.67092e-08
2.07811e-07
9.96555e-11
2.03256e-07
-1.60279e-08
1.9879e-07
-3.16799e-08
1.94387e-07
-4.68803e-08
1.90063e-07
-6.16526e-08
1.85824e-07
-7.6018e-08
1.81671e-07
-8.99965e-08
1.77606e-07
-1.03607e-07
1.73629e-07
-1.16869e-07
1.69736e-07
-1.298e-07
1.65926e-07
-1.42417e-07
1.62195e-07
-1.54737e-07
1.58538e-07
-1.66775e-07
1.5495e-07
-1.78546e-07
1.51429e-07
-1.90066e-07
1.47972e-07
-2.0135e-07
1.44584e-07
-2.12413e-07
1.41274e-07
-2.23274e-07
1.38068e-07
-2.33958e-07
1.35015e-07
-2.44511e-07
1.32253e-07
-2.5498e-07
1.29902e-07
-2.65455e-07
1.28212e-07
-2.76101e-07
1.27818e-07
-2.87277e-07
1.29924e-07
-2.99219e-07
1.34797e-07
-3.12114e-07
1.41431e-07
-3.26126e-07
1.49327e-07
-3.41421e-07
1.58224e-07
-3.5817e-07
1.67986e-07
-3.76543e-07
1.78549e-07
-3.96676e-07
1.89879e-07
-4.18662e-07
2.01926e-07
-4.44413e-07
2.14196e-07
-4.71599e-07
2.26433e-07
-5.01539e-07
2.41019e-07
-5.34556e-07
2.57048e-07
-5.71248e-07
2.73419e-07
-6.11613e-07
2.89466e-07
-6.55029e-07
3.04226e-07
-7.00328e-07
3.16531e-07
-7.45977e-07
3.25223e-07
-7.90395e-07
3.29477e-07
-8.32332e-07
3.29044e-07
-8.71089e-07
3.24278e-07
-9.06512e-07
3.15928e-07
-9.38796e-07
3.04852e-07
-9.68279e-07
2.91817e-07
-9.95304e-07
2.77407e-07
-1.02015e-06
2.6203e-07
-1.04301e-06
2.45953e-07
-1.06402e-06
2.29349e-07
-1.08326e-06
2.1233e-07
-1.10078e-06
1.9497e-07
-1.11661e-06
1.77317e-07
-1.13076e-06
1.59405e-07
-1.14324e-06
1.41264e-07
-1.15406e-06
1.22916e-07
-1.1632e-06
1.04375e-07
-1.17069e-06
8.56238e-08
-1.17649e-06
6.65879e-08
-1.18061e-06
4.71999e-08
-1.18304e-06
2.77053e-08
8.91165e-09
6.57901e-07
8.66787e-09
6.55977e-07
2.649e-08
6.5275e-07
4.4616e-08
6.4823e-07
6.25244e-08
6.4244e-07
8.00324e-08
6.35398e-07
9.71615e-08
6.27116e-07
1.13945e-07
6.17608e-07
1.30384e-07
6.06884e-07
1.46461e-07
5.9495e-07
1.62151e-07
5.8181e-07
1.77428e-07
5.67458e-07
1.9226e-07
5.51878e-07
2.06602e-07
5.35038e-07
2.20392e-07
5.16891e-07
2.33537e-07
4.97375e-07
2.45903e-07
4.76426e-07
2.573e-07
4.54001e-07
2.67475e-07
4.30119e-07
2.76122e-07
4.04904e-07
2.82929e-07
3.78615e-07
2.87642e-07
3.51633e-07
2.90152e-07
3.24407e-07
2.90547e-07
2.97369e-07
2.89097e-07
2.70872e-07
2.8619e-07
2.45155e-07
2.82234e-07
2.20346e-07
2.77591e-07
1.96492e-07
2.72537e-07
1.73584e-07
2.67263e-07
1.5158e-07
2.6189e-07
1.30429e-07
2.56489e-07
1.10074e-07
2.51098e-07
9.04628e-08
2.45742e-07
7.15462e-08
2.40433e-07
5.32813e-08
2.35184e-07
3.56297e-08
2.3001e-07
1.85555e-08
2.24924e-07
2.0245e-09
2.19944e-07
-1.39874e-08
2.15055e-07
-2.95136e-08
2.10247e-07
-4.45767e-08
2.05527e-07
-5.9199e-08
2.00903e-07
-7.34026e-08
1.96377e-07
-8.72089e-08
1.91952e-07
-1.00639e-07
1.87628e-07
-1.13714e-07
1.83403e-07
-1.26452e-07
1.79276e-07
-1.38875e-07
1.75241e-07
-1.51e-07
1.71295e-07
-1.62846e-07
1.67432e-07
-1.74432e-07
1.63651e-07
-1.85775e-07
1.59947e-07
-1.96893e-07
1.56324e-07
-2.07805e-07
1.52792e-07
-2.18531e-07
1.49376e-07
-2.29095e-07
1.46123e-07
-2.39538e-07
1.43157e-07
-2.49905e-07
1.40629e-07
-2.6029e-07
1.38775e-07
-2.70824e-07
1.38188e-07
-2.81806e-07
1.40054e-07
-2.93512e-07
1.45123e-07
-3.06151e-07
1.52199e-07
-3.19897e-07
1.607e-07
-3.34919e-07
1.7032e-07
-3.5138e-07
1.80899e-07
-3.69439e-07
1.92356e-07
-3.89229e-07
2.04649e-07
-4.10871e-07
2.17719e-07
-4.36131e-07
2.31201e-07
-4.63146e-07
2.44419e-07
-4.93032e-07
2.6006e-07
-5.25941e-07
2.775e-07
-5.62448e-07
2.954e-07
-6.02666e-07
3.13051e-07
-6.46091e-07
3.29427e-07
-6.91634e-07
3.43254e-07
-7.37777e-07
3.5324e-07
-7.82902e-07
3.58416e-07
-8.2568e-07
3.58433e-07
-8.65327e-07
3.53616e-07
-9.01621e-07
3.4476e-07
-9.34712e-07
3.32813e-07
-9.64921e-07
3.18636e-07
-9.92581e-07
3.02895e-07
-1.01797e-06
2.86061e-07
-1.04129e-06
2.68444e-07
-1.0627e-06
2.50244e-07
-1.08226e-06
2.31594e-07
-1.10005e-06
2.12578e-07
-1.11609e-06
1.93253e-07
-1.13041e-06
1.7366e-07
-1.14301e-06
1.53833e-07
-1.15392e-06
1.33799e-07
-1.16313e-06
1.13572e-07
-1.17064e-06
9.31366e-08
-1.17647e-06
7.24126e-08
-1.1806e-06
5.1327e-08
-1.18303e-06
3.01379e-08
9.70053e-09
6.57916e-07
9.28542e-09
6.56043e-07
2.83623e-08
6.52903e-07
4.77553e-08
6.48505e-07
6.69204e-08
6.42866e-07
8.56681e-08
6.35997e-07
1.04023e-07
6.27908e-07
1.22021e-07
6.18604e-07
1.39665e-07
6.0809e-07
1.56935e-07
5.96367e-07
1.73806e-07
5.83433e-07
1.90249e-07
5.69277e-07
2.06229e-07
5.53878e-07
2.21698e-07
5.37202e-07
2.36586e-07
5.19201e-07
2.50794e-07
4.99809e-07
2.64179e-07
4.78962e-07
2.76536e-07
4.56614e-07
2.87591e-07
4.32781e-07
2.97017e-07
4.07582e-07
3.04472e-07
3.81273e-07
3.09678e-07
3.54234e-07
3.12507e-07
3.26916e-07
3.13041e-07
2.99761e-07
3.11564e-07
2.7313e-07
3.08488e-07
2.47272e-07
3.04254e-07
2.22328e-07
2.99255e-07
1.98348e-07
2.93792e-07
1.7533e-07
2.88078e-07
1.53236e-07
2.82244e-07
1.32017e-07
2.76372e-07
1.11617e-07
2.70506e-07
9.19846e-08
2.64672e-07
7.30714e-08
2.58887e-07
5.48344e-08
2.53166e-07
3.72348e-08
2.47525e-07
2.02372e-08
2.41979e-07
3.80837e-09
2.36548e-07
-1.20851e-08
2.31221e-07
-2.74692e-08
2.25985e-07
-4.23695e-08
2.20848e-07
-5.68101e-08
2.15819e-07
-7.08145e-08
2.10903e-07
-8.4406e-08
2.06102e-07
-9.76072e-08
2.01418e-07
-1.10441e-07
1.96848e-07
-1.22929e-07
1.92392e-07
-1.35094e-07
1.88047e-07
-1.46957e-07
1.83807e-07
-1.5854e-07
1.79668e-07
-1.69865e-07
1.75627e-07
-1.80953e-07
1.71682e-07
-1.91825e-07
1.67834e-07
-2.02504e-07
1.64093e-07
-2.13014e-07
1.60482e-07
-2.2338e-07
1.57047e-07
-2.33642e-07
1.53896e-07
-2.43849e-07
1.51209e-07
-2.54079e-07
1.49197e-07
-2.64442e-07
1.48402e-07
-2.75168e-07
1.49958e-07
-2.86584e-07
1.55199e-07
-2.98921e-07
1.62715e-07
-3.12364e-07
1.71832e-07
-3.27084e-07
1.82193e-07
-3.43243e-07
1.93613e-07
-3.60999e-07
2.05994e-07
-3.80492e-07
2.19287e-07
-4.01875e-07
2.33435e-07
-4.26685e-07
2.48228e-07
-4.53415e-07
2.62618e-07
-4.83217e-07
2.79305e-07
-5.16111e-07
2.98096e-07
-5.52582e-07
3.17496e-07
-5.92791e-07
3.36766e-07
-6.36342e-07
3.54813e-07
-6.82237e-07
3.7026e-07
-7.28994e-07
3.81665e-07
-7.74961e-07
3.87896e-07
-8.18725e-07
3.88475e-07
-8.59405e-07
3.8368e-07
-8.96695e-07
3.74347e-07
-9.30704e-07
3.61517e-07
-9.61731e-07
3.46157e-07
-9.90103e-07
3.29025e-07
-1.0161e-06
3.10659e-07
-1.03994e-06
2.9142e-07
-1.06175e-06
2.71539e-07
-1.08164e-06
2.51174e-07
-1.09968e-06
2.30425e-07
-1.11589e-06
2.09361e-07
-1.13033e-06
1.88031e-07
-1.143e-06
1.66472e-07
-1.15394e-06
1.44715e-07
-1.16316e-06
1.22779e-07
-1.17067e-06
1.00644e-07
-1.17648e-06
7.82253e-08
-1.1806e-06
5.54436e-08
-1.18303e-06
3.25669e-08
1.04905e-08
6.5794e-07
9.87907e-09
6.56141e-07
3.01615e-08
6.53123e-07
5.07716e-08
6.48895e-07
7.11472e-08
6.43464e-07
9.10947e-08
6.36838e-07
1.10642e-07
6.29017e-07
1.2983e-07
6.19999e-07
1.4866e-07
6.09782e-07
1.67113e-07
5.98358e-07
1.85164e-07
5.85716e-07
2.02779e-07
5.7184e-07
2.19921e-07
5.567e-07
2.36539e-07
5.40254e-07
2.52557e-07
5.22445e-07
2.6787e-07
5.03203e-07
2.82321e-07
4.82455e-07
2.95691e-07
4.60151e-07
3.07687e-07
4.36302e-07
3.17954e-07
4.11027e-07
3.26118e-07
3.84583e-07
3.31871e-07
3.57357e-07
3.35061e-07
3.29815e-07
3.35765e-07
3.02413e-07
3.34277e-07
2.75529e-07
3.31035e-07
2.49426e-07
3.26515e-07
2.24253e-07
3.21143e-07
2.0007e-07
3.15251e-07
1.76877e-07
3.0907e-07
1.5464e-07
3.02749e-07
1.3331e-07
2.96377e-07
1.12832e-07
2.90005e-07
9.31546e-08
2.83663e-07
7.4229e-08
2.77371e-07
5.60117e-08
2.71148e-07
3.84631e-08
2.65008e-07
2.15472e-08
2.58973e-07
5.22972e-09
2.53063e-07
-1.05236e-08
2.47269e-07
-2.57403e-08
2.41577e-07
-4.04465e-08
2.35997e-07
-5.46675e-08
2.30538e-07
-6.84285e-08
2.25207e-07
-8.17542e-08
2.20008e-07
-9.46691e-08
2.14942e-07
-1.07198e-07
2.10009e-07
-1.19365e-07
2.05208e-07
-1.31195e-07
2.00537e-07
-1.42712e-07
1.95992e-07
-1.53942e-07
1.91569e-07
-1.64909e-07
1.87265e-07
-1.7564e-07
1.83078e-07
-1.8616e-07
1.79009e-07
-1.96496e-07
1.75068e-07
-2.06677e-07
1.71276e-07
-2.16735e-07
1.67678e-07
-2.26706e-07
1.64365e-07
-2.36641e-07
1.61541e-07
-2.46605e-07
1.59385e-07
-2.56705e-07
1.58399e-07
-2.67148e-07
1.59657e-07
-2.78227e-07
1.65019e-07
-2.90206e-07
1.72958e-07
-3.03286e-07
1.82691e-07
-3.17643e-07
1.93804e-07
-3.33444e-07
2.06077e-07
-3.50851e-07
2.19393e-07
-3.70038e-07
2.33687e-07
-3.91248e-07
2.48897e-07
-4.1577e-07
2.6486e-07
-4.42952e-07
2.80321e-07
-4.72858e-07
2.98158e-07
-5.05705e-07
3.18461e-07
-5.42094e-07
3.39525e-07
-5.82309e-07
3.60576e-07
-6.26082e-07
3.80466e-07
-6.72499e-07
3.9771e-07
-7.20098e-07
4.10712e-07
-7.67172e-07
4.18157e-07
-8.12195e-07
4.19414e-07
-8.54159e-07
4.14699e-07
-8.92659e-07
4.0488e-07
-9.27739e-07
3.91105e-07
-9.59672e-07
3.74463e-07
-9.88788e-07
3.55822e-07
-1.01538e-06
3.35803e-07
-1.03966e-06
3.14823e-07
-1.06181e-06
2.93154e-07
-1.08194e-06
2.70977e-07
-1.10011e-06
2.4841e-07
-1.11639e-06
2.25534e-07
-1.13083e-06
2.02405e-07
-1.14347e-06
1.79069e-07
-1.15433e-06
1.55559e-07
-1.16346e-06
1.31895e-07
-1.17087e-06
1.08056e-07
-1.1766e-06
8.39512e-08
-1.18065e-06
5.94936e-08
-1.18304e-06
3.49568e-08
1.12682e-08
6.57968e-07
1.0445e-08
6.5626e-07
3.18691e-08
6.53399e-07
5.36313e-08
6.49385e-07
7.51599e-08
6.44216e-07
9.62597e-08
6.37888e-07
1.16964e-07
6.30388e-07
1.37317e-07
6.21704e-07
1.57322e-07
6.11819e-07
1.7696e-07
6.00715e-07
1.96202e-07
5.88371e-07
2.15014e-07
5.7476e-07
2.33352e-07
5.59848e-07
2.51158e-07
5.43589e-07
2.68351e-07
5.25923e-07
2.84814e-07
5.0678e-07
3.00381e-07
4.86084e-07
3.14817e-07
4.63784e-07
3.27806e-07
4.39889e-07
3.38965e-07
4.14515e-07
3.47889e-07
3.87919e-07
3.54236e-07
3.60492e-07
3.57831e-07
3.32706e-07
3.58738e-07
3.05029e-07
3.57261e-07
2.77855e-07
3.53865e-07
2.51461e-07
3.4906e-07
2.2601e-07
3.43306e-07
2.0157e-07
3.36967e-07
1.78149e-07
3.30295e-07
1.55718e-07
3.23456e-07
1.34231e-07
3.1655e-07
1.13636e-07
3.09636e-07
9.38807e-08
3.02749e-07
7.49168e-08
2.95914e-07
5.66998e-08
2.89149e-07
3.91897e-08
2.82476e-07
2.23494e-08
2.75914e-07
6.14466e-09
2.69488e-07
-9.46057e-09
2.63192e-07
-2.44943e-08
2.57009e-07
-3.89835e-08
2.50952e-07
-5.29547e-08
2.45031e-07
-6.64339e-08
2.39253e-07
-7.94473e-08
2.33624e-07
-9.20209e-08
2.28147e-07
-1.04181e-07
2.22822e-07
-1.15953e-07
2.17651e-07
-1.27365e-07
2.1263e-07
-1.38444e-07
2.07759e-07
-1.49218e-07
2.03033e-07
-1.59716e-07
1.98451e-07
-1.69967e-07
1.94012e-07
-1.80005e-07
1.89718e-07
-1.89862e-07
1.8558e-07
-1.99575e-07
1.81618e-07
-2.09181e-07
1.77877e-07
-2.18728e-07
1.74438e-07
-2.28268e-07
1.71519e-07
-2.37862e-07
1.69283e-07
-2.47597e-07
1.68202e-07
-2.57609e-07
1.69304e-07
-2.68268e-07
1.7464e-07
-2.79845e-07
1.82951e-07
-2.92556e-07
1.93302e-07
-3.06593e-07
2.052e-07
-3.22138e-07
2.1838e-07
-3.39386e-07
2.32702e-07
-3.58567e-07
2.48092e-07
-3.80009e-07
2.64506e-07
-4.04129e-07
2.81827e-07
-4.30621e-07
2.98547e-07
-4.60513e-07
3.17576e-07
-4.93621e-07
3.39283e-07
-5.30329e-07
3.61957e-07
-5.70895e-07
3.848e-07
-6.15137e-07
4.06602e-07
-6.62251e-07
4.25761e-07
-7.10831e-07
4.40506e-07
-7.59143e-07
4.49313e-07
-8.05564e-07
4.51369e-07
-8.48963e-07
4.46799e-07
-8.8883e-07
4.36499e-07
-9.2514e-07
4.21725e-07
-9.58134e-07
4.037e-07
-9.88129e-07
3.83419e-07
-1.01541e-06
3.61598e-07
-1.04023e-06
3.38725e-07
-1.06274e-06
3.15117e-07
-1.08307e-06
2.90989e-07
-1.10134e-06
2.66482e-07
-1.11761e-06
2.41691e-07
-1.13195e-06
2.16684e-07
-1.14443e-06
1.91512e-07
-1.15511e-06
1.66214e-07
-1.16404e-06
1.4081e-07
-1.17126e-06
1.15274e-07
-1.17682e-06
8.95091e-08
-1.18075e-06
6.34173e-08
-1.18306e-06
3.72738e-08
1.20255e-08
6.58022e-07
1.09562e-08
6.56469e-07
3.34222e-08
6.53857e-07
5.62421e-08
6.50179e-07
7.88364e-08
6.45422e-07
1.01013e-07
6.39567e-07
1.22812e-07
6.3259e-07
1.44282e-07
6.24461e-07
1.65429e-07
6.15149e-07
1.86235e-07
6.04619e-07
2.06668e-07
5.92835e-07
2.26691e-07
5.79751e-07
2.46259e-07
5.65312e-07
2.65311e-07
5.49448e-07
2.83758e-07
5.32079e-07
3.01475e-07
5.1312e-07
3.18277e-07
4.92486e-07
3.33905e-07
4.70123e-07
3.48017e-07
4.46036e-07
3.60197e-07
4.20345e-07
3.70003e-07
3.93316e-07
3.77053e-07
3.65357e-07
3.81138e-07
3.36971e-07
3.82306e-07
3.08659e-07
3.80869e-07
2.8085e-07
3.77316e-07
2.53849e-07
3.72199e-07
2.27839e-07
3.66019e-07
2.02903e-07
3.59175e-07
1.79055e-07
3.51949e-07
1.56269e-07
3.44526e-07
1.34498e-07
3.3702e-07
1.13688e-07
3.29499e-07
9.37833e-08
3.22004e-07
7.47315e-08
3.14565e-07
5.64835e-08
3.07205e-07
3.89951e-08
2.99946e-07
2.22261e-08
2.92809e-07
6.13934e-09
2.8582e-07
-9.30298e-09
2.78978e-07
-2.41311e-08
2.72262e-07
-3.83735e-08
2.65686e-07
-5.20581e-08
2.59262e-07
-6.52123e-08
2.52998e-07
-7.7863e-08
2.46902e-07
-9.00371e-08
2.40976e-07
-1.01762e-07
2.35224e-07
-1.13064e-07
2.29645e-07
-1.23971e-07
2.24241e-07
-1.34512e-07
2.19009e-07
-1.44717e-07
2.13948e-07
-1.54616e-07
2.09059e-07
-1.64244e-07
2.04342e-07
-1.73636e-07
1.99802e-07
-1.82834e-07
1.95452e-07
-1.9188e-07
1.91317e-07
-2.00825e-07
1.87441e-07
-2.09725e-07
1.83907e-07
-2.18646e-07
1.80933e-07
-2.2767e-07
1.78677e-07
-2.36893e-07
1.77587e-07
-2.46452e-07
1.78649e-07
-2.56604e-07
1.83862e-07
-2.67704e-07
1.92556e-07
-2.8e-07
2.0358e-07
-2.93699e-07
2.1634e-07
-3.08995e-07
2.30517e-07
-3.26088e-07
2.45944e-07
-3.45212e-07
2.62541e-07
-3.66639e-07
2.8027e-07
-3.90625e-07
2.99026e-07
-4.17151e-07
3.1713e-07
-4.46932e-07
3.37496e-07
-4.80246e-07
3.60645e-07
-5.17462e-07
3.85148e-07
-5.58845e-07
4.1e-07
-6.04228e-07
4.33934e-07
-6.52834e-07
4.55224e-07
-7.03246e-07
4.719e-07
-7.53635e-07
4.82194e-07
-8.02206e-07
4.85077e-07
-8.47642e-07
4.80571e-07
-8.89287e-07
4.69612e-07
-9.27042e-07
4.53592e-07
-9.61128e-07
4.33905e-07
-9.91875e-07
4.11695e-07
-1.01961e-06
3.87798e-07
-1.0446e-06
3.62784e-07
-1.06707e-06
3.37031e-07
-1.0872e-06
3.10787e-07
-1.10512e-06
2.84211e-07
-1.12096e-06
2.57411e-07
-1.13481e-06
2.30466e-07
-1.14676e-06
2.0343e-07
-1.15692e-06
1.76345e-07
-1.16535e-06
1.49228e-07
-1.17213e-06
1.22049e-07
-1.17732e-06
9.46994e-08
-1.18097e-06
6.70676e-08
-1.18312e-06
3.94231e-08
1.27247e-08
6.58061e-07
1.14292e-08
6.56661e-07
3.48211e-08
6.54325e-07
5.85776e-08
6.51024e-07
8.21362e-08
6.46723e-07
1.0531e-07
6.4138e-07
1.28149e-07
6.34942e-07
1.50708e-07
6.27352e-07
1.72998e-07
6.18555e-07
1.94996e-07
6.08494e-07
2.16667e-07
5.97117e-07
2.37963e-07
5.84378e-07
2.58827e-07
5.70229e-07
2.7918e-07
5.54616e-07
2.98925e-07
5.37433e-07
3.17966e-07
5.18547e-07
3.3612e-07
4.97852e-07
3.53079e-07
4.75285e-07
3.68459e-07
4.50857e-07
3.818e-07
4.24702e-07
3.92606e-07
3.97113e-07
4.00445e-07
3.68533e-07
4.05071e-07
3.39499e-07
4.06516e-07
3.10551e-07
4.05102e-07
2.82141e-07
4.01355e-07
2.54596e-07
3.95872e-07
2.28109e-07
3.89204e-07
2.02767e-07
3.8179e-07
1.78585e-07
3.73944e-07
1.55533e-07
3.65873e-07
1.33562e-07
3.57705e-07
1.12615e-07
3.49517e-07
9.26315e-08
3.4136e-07
7.35491e-08
3.33271e-07
5.53064e-08
3.25281e-07
3.78584e-08
3.17401e-07
2.11677e-08
3.09652e-07
5.20022e-09
3.0206e-07
-1.00792e-08
2.94628e-07
-2.47003e-08
2.87334e-07
-3.86914e-08
2.80195e-07
-5.20806e-08
2.73224e-07
-6.48958e-08
2.66431e-07
-7.71646e-08
2.59823e-07
-8.89144e-08
2.53406e-07
-1.00172e-07
2.47182e-07
-1.10964e-07
2.41153e-07
-1.21318e-07
2.3532e-07
-1.31262e-07
2.29683e-07
-1.40823e-07
2.24241e-07
-1.50033e-07
2.18997e-07
-1.58924e-07
2.13954e-07
-1.67534e-07
2.09122e-07
-1.75906e-07
2.04518e-07
-1.84089e-07
2.00173e-07
-1.92145e-07
1.96139e-07
-2.00146e-07
1.92503e-07
-2.08188e-07
1.89479e-07
-2.16369e-07
1.87249e-07
-2.24818e-07
1.86229e-07
-2.33704e-07
1.87367e-07
-2.4326e-07
1.9253e-07
-2.53863e-07
2.01713e-07
-2.65771e-07
2.13526e-07
-2.7918e-07
2.27258e-07
-2.94277e-07
2.42538e-07
-3.11262e-07
2.59176e-07
-3.30365e-07
2.77093e-07
-3.51848e-07
2.96265e-07
-3.75987e-07
3.16651e-07
-4.0314e-07
3.36865e-07
-4.32032e-07
3.58405e-07
-4.65389e-07
3.82799e-07
-5.02966e-07
4.09211e-07
-5.44996e-07
4.36207e-07
-5.91361e-07
4.62447e-07
-6.41347e-07
4.86081e-07
-6.93564e-07
5.04922e-07
-7.4612e-07
5.16912e-07
-7.97055e-07
5.20751e-07
-8.44836e-07
5.16312e-07
-8.88613e-07
5.04559e-07
-9.28161e-07
4.87046e-07
-9.63646e-07
4.65383e-07
-9.95403e-07
4.4091e-07
-1.0238e-06
4.14621e-07
-1.04917e-06
3.87212e-07
-1.07183e-06
3.5912e-07
-1.09194e-06
3.30556e-07
-1.10964e-06
3.01711e-07
-1.12507e-06
2.72729e-07
-1.13838e-06
2.43712e-07
-1.14972e-06
2.14727e-07
-1.15921e-06
1.85822e-07
-1.167e-06
1.57008e-07
-1.17321e-06
1.28245e-07
-1.17792e-06
9.9408e-08
-1.18122e-06
7.03653e-08
-1.18317e-06
4.1376e-08
1.33758e-08
6.58245e-07
1.17175e-08
6.57251e-07
3.58155e-08
6.5548e-07
6.03474e-08
6.52914e-07
8.47006e-08
6.49504e-07
1.08717e-07
6.45182e-07
1.32464e-07
6.39866e-07
1.56013e-07
6.33462e-07
1.7938e-07
6.25873e-07
2.0255e-07
6.16995e-07
2.25485e-07
6.06727e-07
2.48131e-07
5.94969e-07
2.70418e-07
5.81626e-07
2.92254e-07
5.666e-07
3.13521e-07
5.49811e-07
3.34084e-07
5.31164e-07
3.53753e-07
5.10534e-07
3.72226e-07
4.87823e-07
3.8909e-07
4.63009e-07
4.03833e-07
4.36205e-07
4.15895e-07
4.07707e-07
4.24772e-07
3.77989e-07
4.3015e-07
3.47647e-07
4.32025e-07
3.17296e-07
4.30715e-07
2.87469e-07
4.26784e-07
2.58558e-07
4.20886e-07
2.30804e-07
4.13637e-07
2.04324e-07
4.05533e-07
1.79144e-07
3.96936e-07
1.55237e-07
3.88082e-07
1.32548e-07
3.79123e-07
1.11006e-07
3.70148e-07
9.05441e-08
3.61215e-07
7.11012e-08
3.52361e-07
5.26271e-08
3.43614e-07
3.50679e-08
3.34994e-07
1.83702e-08
3.26529e-07
2.48304e-09
3.18247e-07
-1.26406e-08
3.10149e-07
-2.70422e-08
3.02214e-07
-4.07585e-08
2.94456e-07
-5.38237e-08
2.86888e-07
-6.62706e-08
2.7952e-07
-7.813e-08
2.72359e-07
-8.94308e-08
2.6541e-07
-1.002e-07
2.58675e-07
-1.10464e-07
2.52155e-07
-1.20247e-07
2.45849e-07
-1.29572e-07
2.39759e-07
-1.38463e-07
2.33882e-07
-1.46944e-07
2.28224e-07
-1.5504e-07
2.22788e-07
-1.62779e-07
2.17587e-07
-1.70197e-07
2.12645e-07
-1.77339e-07
2.07999e-07
-1.84266e-07
2.03715e-07
-1.91059e-07
1.99897e-07
-1.97834e-07
1.96764e-07
-2.04744e-07
1.94557e-07
-2.12e-07
1.93689e-07
-2.19874e-07
1.95084e-07
-2.28691e-07
2.00466e-07
-2.38763e-07
2.10355e-07
-2.5029e-07
2.23122e-07
-2.63404e-07
2.3793e-07
-2.78244e-07
2.54371e-07
-2.94993e-07
2.72262e-07
-3.13875e-07
2.91534e-07
-3.35139e-07
3.12172e-07
-3.59048e-07
3.3415e-07
-3.88013e-07
3.56513e-07
-4.17966e-07
3.79809e-07
-4.52175e-07
4.06416e-07
-4.91366e-07
4.35547e-07
-5.3579e-07
4.653e-07
-5.85227e-07
4.94309e-07
-6.38824e-07
5.20593e-07
-6.94989e-07
5.41719e-07
-7.51551e-07
5.55312e-07
-8.0623e-07
5.59791e-07
-8.57207e-07
5.54916e-07
-9.03464e-07
5.41746e-07
-9.44735e-07
5.22076e-07
-9.81232e-07
4.97794e-07
-1.01338e-06
4.70478e-07
-1.04162e-06
4.41279e-07
-1.06633e-06
4.10968e-07
-1.08781e-06
3.80039e-07
-1.10638e-06
3.48791e-07
-1.12232e-06
3.17452e-07
-1.13589e-06
2.86179e-07
-1.14732e-06
2.55079e-07
-1.15684e-06
2.24215e-07
-1.16466e-06
1.9362e-07
-1.17096e-06
1.63289e-07
-1.17587e-06
1.33158e-07
-1.17954e-06
1.03072e-07
-1.18204e-06
7.28679e-08
-1.18343e-06
4.27599e-08
1.37676e-08
6.58109e-07
6.57124e-07
6.55626e-07
6.53562e-07
6.50863e-07
6.47444e-07
6.43197e-07
6.38002e-07
6.31719e-07
6.24191e-07
6.15244e-07
6.04683e-07
5.92292e-07
5.77847e-07
5.6122e-07
5.42327e-07
5.21056e-07
4.97328e-07
4.71166e-07
4.42759e-07
4.12507e-07
3.81004e-07
3.48956e-07
3.17066e-07
2.8592e-07
2.55927e-07
2.27323e-07
2.00203e-07
1.74565e-07
1.50353e-07
1.27484e-07
1.05869e-07
8.54228e-08
6.6079e-08
4.77898e-08
3.04853e-08
1.40954e-08
-1.44546e-09
-1.62016e-08
-3.02165e-08
-4.35335e-08
-5.61914e-08
-6.82251e-08
-7.96659e-08
-9.0542e-08
-1.00879e-07
-1.10701e-07
-1.20029e-07
-1.28882e-07
-1.37279e-07
-1.45237e-07
-1.52773e-07
-1.59908e-07
-1.66666e-07
-1.73079e-07
-1.79196e-07
-1.85089e-07
-1.90868e-07
-1.96685e-07
-2.02771e-07
-2.09601e-07
-2.17807e-07
-2.27537e-07
-2.38746e-07
-2.51457e-07
-2.65779e-07
-2.81887e-07
-3.00013e-07
-3.20403e-07
-3.43278e-07
-3.70413e-07
-4.00969e-07
-4.3545e-07
-4.74961e-07
-5.20071e-07
-5.70806e-07
-6.26455e-07
-6.85456e-07
-7.45538e-07
-8.04154e-07
-8.59102e-07
-9.08973e-07
-9.53214e-07
-9.9189e-07
-1.02539e-06
-1.05418e-06
-1.07868e-06
-1.09929e-06
-1.11654e-06
-1.13092e-06
-1.14284e-06
-1.15266e-06
-1.16069e-06
-1.16719e-06
-1.17238e-06
-1.17644e-06
-1.17952e-06
-1.18175e-06
-1.1832e-06
)
;

boundaryField
{
    fuel
    {
        type            calculated;
        value           nonuniform List<scalar> 
40
(
-6.58534e-07
-6.58534e-07
-6.58534e-07
-6.58534e-07
-6.58534e-07
-6.58534e-07
-6.58534e-07
-6.58534e-07
-6.58534e-07
-6.58534e-07
-6.58534e-07
-6.58534e-07
-6.58534e-07
-6.58534e-07
-6.58534e-07
-6.58534e-07
-6.58534e-07
-6.58534e-07
-6.58534e-07
-6.58534e-07
-6.58534e-07
-6.58534e-07
-6.58534e-07
-6.58534e-07
-6.58534e-07
-6.58534e-07
-6.58534e-07
-6.58534e-07
-6.58534e-07
-6.58534e-07
-6.58534e-07
-6.58534e-07
-6.58534e-07
-6.58534e-07
-6.58534e-07
-6.58534e-07
-6.58534e-07
-6.58534e-07
-6.58534e-07
-6.58534e-07
)
;
    }
    air
    {
        type            calculated;
        value           nonuniform List<scalar> 
40
(
-1.18382e-06
-1.18382e-06
-1.18382e-06
-1.18382e-06
-1.18382e-06
-1.18382e-06
-1.18382e-06
-1.18382e-06
-1.18382e-06
-1.18382e-06
-1.18382e-06
-1.18382e-06
-1.18382e-06
-1.18382e-06
-1.18382e-06
-1.18382e-06
-1.18382e-06
-1.18382e-06
-1.18382e-06
-1.18382e-06
-1.18382e-06
-1.18382e-06
-1.18382e-06
-1.18382e-06
-1.18382e-06
-1.18382e-06
-1.18382e-06
-1.18382e-06
-1.18382e-06
-1.18382e-06
-1.18382e-06
-1.18382e-06
-1.18382e-06
-1.18382e-06
-1.18382e-06
-1.18382e-06
-1.18382e-06
-1.18382e-06
-1.18382e-06
-1.18382e-06
)
;
    }
    outlet
    {
        type            calculated;
        value           nonuniform List<scalar> 
200
(
1.21396e-08
3.67887e-08
6.18243e-08
8.6733e-08
1.11372e-07
1.35829e-07
1.60189e-07
1.84487e-07
2.0872e-07
2.32864e-07
2.5688e-07
2.80708e-07
3.04265e-07
3.27422e-07
3.4993e-07
3.71524e-07
3.91913e-07
4.10643e-07
4.27127e-07
4.40706e-07
4.50776e-07
4.5695e-07
4.59191e-07
4.57843e-07
4.53534e-07
4.47007e-07
4.38964e-07
4.29973e-07
4.20448e-07
4.10662e-07
4.00785e-07
3.90917e-07
3.81117e-07
3.71413e-07
3.6182e-07
3.5239e-07
3.43153e-07
3.34141e-07
3.25357e-07
3.16762e-07
3.08373e-07
3.00201e-07
2.92254e-07
2.84537e-07
2.77053e-07
2.69801e-07
2.62782e-07
2.55994e-07
2.49435e-07
2.43104e-07
2.37004e-07
2.31141e-07
2.25527e-07
2.20189e-07
2.15172e-07
2.1055e-07
2.06445e-07
2.03087e-07
2.00779e-07
2.00033e-07
2.01739e-07
2.07646e-07
2.18468e-07
2.32195e-07
2.47983e-07
2.65461e-07
2.84484e-07
3.05019e-07
3.27068e-07
3.50577e-07
3.74558e-07
3.99926e-07
4.2932e-07
4.61907e-07
4.95063e-07
5.2746e-07
5.57024e-07
5.81061e-07
5.96829e-07
6.02371e-07
5.97213e-07
5.82447e-07
5.60143e-07
5.32568e-07
5.01641e-07
4.68752e-07
4.34781e-07
4.00328e-07
3.65932e-07
3.31834e-07
2.98165e-07
2.64992e-07
2.32343e-07
2.00215e-07
1.68566e-07
1.37298e-07
1.06225e-07
7.51506e-08
4.42597e-08
1.44138e-08
1.21421e-08
3.68001e-08
6.1845e-08
8.67629e-08
1.11412e-07
1.35878e-07
1.60248e-07
1.84556e-07
2.08799e-07
2.32954e-07
2.56981e-07
2.80819e-07
3.04386e-07
3.2755e-07
3.50062e-07
3.71658e-07
3.92045e-07
4.10766e-07
4.27233e-07
4.40787e-07
4.50826e-07
4.56966e-07
4.59174e-07
4.57799e-07
4.53473e-07
4.46936e-07
4.38891e-07
4.29904e-07
4.20385e-07
4.10605e-07
4.00734e-07
3.90872e-07
3.81077e-07
3.71376e-07
3.61785e-07
3.52357e-07
3.43122e-07
3.3411e-07
3.25325e-07
3.16729e-07
3.08338e-07
3.00164e-07
2.92214e-07
2.84494e-07
2.77006e-07
2.69752e-07
2.62729e-07
2.55938e-07
2.49376e-07
2.43042e-07
2.36938e-07
2.31071e-07
2.25455e-07
2.20114e-07
2.15095e-07
2.10474e-07
2.06373e-07
2.03029e-07
2.00746e-07
1.99999e-07
2.01763e-07
2.07755e-07
2.18628e-07
2.32395e-07
2.48218e-07
2.65727e-07
2.84781e-07
3.05342e-07
3.27413e-07
3.50933e-07
3.7485e-07
4.00175e-07
4.2963e-07
4.62247e-07
4.95413e-07
5.27801e-07
5.57325e-07
5.81285e-07
5.96947e-07
6.02369e-07
5.971e-07
5.82249e-07
5.59891e-07
5.3229e-07
5.01357e-07
4.68475e-07
4.34517e-07
4.00084e-07
3.6571e-07
3.31635e-07
2.97987e-07
2.64835e-07
2.32206e-07
2.00096e-07
1.68464e-07
1.37212e-07
1.06154e-07
7.50917e-08
4.42137e-08
1.43882e-08
)
;
    }
    frontAndBack
    {
        type            empty;
    }
}


// ************************************************************************* //
