/*--------------------------------*- C++ -*----------------------------------*\
  =========                 |
  \\      /  F ield         | OpenFOAM: The Open Source CFD Toolbox
   \\    /   O peration     | Website:  https://openfoam.org
    \\  /    A nd           | Version:  11
     \\/     M anipulation  |
\*---------------------------------------------------------------------------*/
FoamFile
{
    format      ascii;
    class       surfaceScalarField;
    location    "0.1";
    object      phi;
}
// * * * * * * * * * * * * * * * * * * * * * * * * * * * * * * * * * * * * * //

dimensions      [1 0 -1 0 0 0 0];

internalField   nonuniform List<scalar> 
7860
(
1.97515e-06
-3.22562e-08
1.97391e-06
-9.67197e-08
1.97177e-06
-1.61216e-07
1.96861e-06
-2.25872e-07
1.96424e-06
-2.90765e-07
1.95843e-06
-3.55945e-07
1.95092e-06
-4.21428e-07
1.94135e-06
-4.87194e-07
1.92936e-06
-5.53183e-07
1.9145e-06
-6.19292e-07
1.89628e-06
-6.85372e-07
1.87416e-06
-7.51217e-07
1.84754e-06
-8.16599e-07
1.81562e-06
-8.81141e-07
1.77849e-06
-9.44889e-07
1.73634e-06
-1.00789e-06
1.68915e-06
-1.06999e-06
1.63678e-06
-1.13087e-06
1.57904e-06
-1.19019e-06
1.51582e-06
-1.24764e-06
1.44708e-06
-1.30295e-06
1.37284e-06
-1.35586e-06
1.29318e-06
-1.40612e-06
1.20822e-06
-1.45342e-06
1.11807e-06
-1.49727e-06
1.02286e-06
-1.53672e-06
9.22757e-07
-1.56965e-06
8.18124e-07
-1.59156e-06
7.09962e-07
-1.59411e-06
6.00729e-07
-1.56558e-06
4.95273e-07
-1.50017e-06
3.97459e-07
-1.41384e-06
3.08551e-07
-1.32659e-06
2.27634e-07
-1.25059e-06
1.53166e-07
-1.18823e-06
8.40398e-08
-1.1361e-06
1.96706e-08
-1.09033e-06
-4.03309e-08
-1.04779e-06
-9.60901e-08
-1.00666e-06
-1.47755e-07
-9.65219e-07
-1.95208e-07
-9.22983e-07
-2.38387e-07
-8.79928e-07
-2.7706e-07
-8.36348e-07
-3.11406e-07
-7.92615e-07
-3.41778e-07
-7.49316e-07
-3.68662e-07
-7.07225e-07
-3.92711e-07
-6.6741e-07
-4.14783e-07
-6.32568e-07
-4.36253e-07
-6.0388e-07
-4.59411e-07
-5.8616e-07
-4.87109e-07
-5.94185e-07
-5.22041e-07
-6.41628e-07
-5.64902e-07
-7.1175e-07
-6.1648e-07
-8.00151e-07
-6.78701e-07
-9.06506e-07
-7.54848e-07
-1.03183e-06
-8.4989e-07
-1.21159e-06
-9.67781e-07
-1.43412e-06
-1.10955e-06
-1.68521e-06
-1.27266e-06
-1.91719e-06
-1.44178e-06
-2.06596e-06
-1.60634e-06
-2.12963e-06
-1.7627e-06
-2.13695e-06
-1.91046e-06
-2.1148e-06
-2.05002e-06
-2.07859e-06
-2.18177e-06
-2.03538e-06
-2.306e-06
-1.98808e-06
-2.42292e-06
-1.93785e-06
-2.53266e-06
-1.88526e-06
-2.63535e-06
-1.83063e-06
-2.7311e-06
-1.77421e-06
-2.82008e-06
-1.7162e-06
-2.90244e-06
-1.65683e-06
-2.97844e-06
-1.59629e-06
-3.04833e-06
-1.53482e-06
-3.11239e-06
-1.47266e-06
-3.17087e-06
-1.41004e-06
-3.22388e-06
-1.34721e-06
-3.2714e-06
-1.28431e-06
-3.31323e-06
-1.22134e-06
-3.34973e-06
-1.15815e-06
-3.38155e-06
-1.09482e-06
-3.40919e-06
-1.03158e-06
-3.43311e-06
-9.68564e-07
-3.45371e-06
-9.0591e-07
-3.47137e-06
-8.43705e-07
-3.48643e-06
-7.82019e-07
-3.4992e-06
-7.20901e-07
-3.50996e-06
-6.60382e-07
-3.51898e-06
-6.00473e-07
-3.52647e-06
-5.41172e-07
-3.53265e-06
-4.82458e-07
-3.5377e-06
-4.24302e-07
-3.54176e-06
-3.6666e-07
-3.54496e-06
-3.09479e-07
-3.54743e-06
-2.52697e-07
-3.54925e-06
-1.96245e-07
-3.55049e-06
-1.40044e-07
-3.55121e-06
-8.40095e-08
-2.80114e-08
1.97484e-06
-3.14957e-08
1.97252e-06
-9.43995e-08
1.9685e-06
-1.57199e-07
1.96266e-06
-2.20031e-07
1.9548e-06
-2.82908e-07
1.94469e-06
-3.45828e-07
1.93202e-06
-4.08765e-07
1.9165e-06
-4.71667e-07
1.89777e-06
-5.34461e-07
1.87553e-06
-5.9705e-07
1.84948e-06
-6.59322e-07
1.81942e-06
-7.21151e-07
1.78523e-06
-7.82412e-07
1.747e-06
-8.42907e-07
1.70497e-06
-9.02866e-07
1.65911e-06
-9.62029e-07
1.60913e-06
-1.02001e-06
1.55477e-06
-1.07651e-06
1.49587e-06
-1.13129e-06
1.43235e-06
-1.18413e-06
1.36424e-06
-1.23484e-06
1.29163e-06
-1.28325e-06
1.21464e-06
-1.32914e-06
1.13347e-06
-1.37224e-06
1.04834e-06
-1.41213e-06
9.59523e-07
-1.44789e-06
8.67418e-07
-1.4775e-06
7.7263e-07
-1.49667e-06
6.7619e-07
-1.49744e-06
5.79891e-07
-1.46886e-06
4.86888e-07
-1.40657e-06
3.99317e-07
-1.32563e-06
3.17869e-07
-1.24456e-06
2.4213e-07
-1.17436e-06
1.7102e-07
-1.11672e-06
1.03985e-07
-1.06874e-06
4.06643e-08
-1.02674e-06
-1.90726e-08
-9.87832e-07
-7.53471e-08
-9.50199e-07
-1.2816e-07
-9.12239e-07
-1.77481e-07
-8.73516e-07
-2.2325e-07
-8.34029e-07
-2.6538e-07
-7.94102e-07
-3.03945e-07
-7.53946e-07
-3.39171e-07
-7.13996e-07
-3.71438e-07
-6.74877e-07
-4.01312e-07
-6.37468e-07
-4.29591e-07
-6.04246e-07
-4.5744e-07
-5.76015e-07
-4.86175e-07
-5.57465e-07
-5.17243e-07
-5.63299e-07
-5.53511e-07
-6.05645e-07
-5.96569e-07
-6.69083e-07
-6.47636e-07
-7.49602e-07
-7.08286e-07
-8.46531e-07
-7.80285e-07
-9.60736e-07
-8.67472e-07
-1.12566e-06
-9.73001e-07
-1.33024e-06
-1.09732e-06
-1.56288e-06
-1.23567e-06
-1.78059e-06
-1.37774e-06
-1.92496e-06
-1.51832e-06
-1.98955e-06
-1.65518e-06
-2.00029e-06
-1.78749e-06
-1.98257e-06
-1.91489e-06
-1.95122e-06
-2.03717e-06
-1.91311e-06
-2.15419e-06
-1.87106e-06
-2.26582e-06
-1.82621e-06
-2.372e-06
-1.77909e-06
-2.47266e-06
-1.72998e-06
-2.56778e-06
-1.67909e-06
-2.65737e-06
-1.62661e-06
-2.74148e-06
-1.57271e-06
-2.82023e-06
-1.51754e-06
-2.89378e-06
-1.46128e-06
-2.96235e-06
-1.40409e-06
-3.02624e-06
-1.34616e-06
-3.08578e-06
-1.28768e-06
-3.14122e-06
-1.22887e-06
-3.19254e-06
-1.17003e-06
-3.23955e-06
-1.11114e-06
-3.28223e-06
-1.05214e-06
-3.32068e-06
-9.93128e-07
-3.35507e-06
-9.3418e-07
-3.38562e-06
-8.75358e-07
-3.4126e-06
-8.16725e-07
-3.43628e-06
-7.58337e-07
-3.45694e-06
-7.00238e-07
-3.47486e-06
-6.42464e-07
-3.4903e-06
-5.85038e-07
-3.5035e-06
-5.27973e-07
-3.51468e-06
-4.7127e-07
-3.52407e-06
-4.14917e-07
-3.53183e-06
-3.58897e-07
-3.53813e-06
-3.03179e-07
-3.5431e-06
-2.47727e-07
-3.54685e-06
-1.92497e-07
-3.54945e-06
-1.37438e-07
-3.55097e-06
-8.24967e-08
-2.75141e-08
1.97451e-06
-3.04039e-08
1.97123e-06
-9.1118e-08
1.96572e-06
-1.51695e-07
1.95791e-06
-2.12212e-07
1.94765e-06
-2.72655e-07
1.93482e-06
-3.32998e-07
1.91926e-06
-3.932e-07
1.9008e-06
-4.53206e-07
1.87928e-06
-5.1295e-07
1.85458e-06
-5.7235e-07
1.82658e-06
-6.31314e-07
1.79517e-06
-6.8974e-07
1.76026e-06
-7.47509e-07
1.72188e-06
-8.04526e-07
1.67963e-06
-8.60614e-07
1.63315e-06
-9.15545e-07
1.58223e-06
-9.69093e-07
1.52679e-06
-1.02107e-06
1.46685e-06
-1.07134e-06
1.40247e-06
-1.11975e-06
1.33382e-06
-1.16619e-06
1.26105e-06
-1.21048e-06
1.18434e-06
-1.25242e-06
1.10386e-06
-1.29176e-06
1.0198e-06
-1.32807e-06
9.32383e-07
-1.36046e-06
8.41907e-07
-1.38699e-06
7.48901e-07
-1.40355e-06
6.54442e-07
-1.40274e-06
5.60592e-07
-1.37458e-06
4.70609e-07
-1.316e-06
3.86451e-07
-1.24084e-06
3.08425e-07
-1.16595e-06
2.35909e-07
-1.10135e-06
1.67893e-07
-1.0483e-06
1.03681e-07
-1.00421e-06
4.28012e-08
-9.65596e-07
-1.50045e-08
-9.29801e-07
-6.97863e-08
-8.95224e-07
-1.21541e-07
-8.60316e-07
-1.70336e-07
-8.24572e-07
-2.16242e-07
-7.87992e-07
-2.59479e-07
-7.50748e-07
-3.00157e-07
-7.13163e-07
-3.3838e-07
-6.75679e-07
-3.74334e-07
-6.38841e-07
-4.08308e-07
-6.03425e-07
-4.40755e-07
-5.71756e-07
-4.72244e-07
-5.4451e-07
-5.03544e-07
-5.26206e-07
-5.36065e-07
-5.30965e-07
-5.72174e-07
-5.69829e-07
-6.13369e-07
-6.28287e-07
-6.61026e-07
-7.02468e-07
-7.16518e-07
-7.91705e-07
-7.81623e-07
-8.96494e-07
-8.60372e-07
-1.04795e-06
-9.56285e-07
-1.23537e-06
-1.0716e-06
-1.44829e-06
-1.20174e-06
-1.65123e-06
-1.33746e-06
-1.78999e-06
-1.47286e-06
-1.85461e-06
-1.60519e-06
-1.86816e-06
-1.73354e-06
-1.85429e-06
-1.85762e-06
-1.82717e-06
-1.97727e-06
-1.79347e-06
-2.09234e-06
-1.75598e-06
-2.20272e-06
-1.71584e-06
-2.30829e-06
-1.67353e-06
-2.40892e-06
-1.62934e-06
-2.50455e-06
-1.58347e-06
-2.59508e-06
-1.53608e-06
-2.68046e-06
-1.48733e-06
-2.76066e-06
-1.43734e-06
-2.83571e-06
-1.38622e-06
-2.9057e-06
-1.3341e-06
-2.97076e-06
-1.28109e-06
-3.03111e-06
-1.22733e-06
-3.08699e-06
-1.17298e-06
-3.13881e-06
-1.1182e-06
-3.18682e-06
-1.06313e-06
-3.2311e-06
-1.00785e-06
-3.27181e-06
-9.52427e-07
-3.30905e-06
-8.96937e-07
-3.34296e-06
-8.41443e-07
-3.37369e-06
-7.86e-07
-3.40137e-06
-7.30653e-07
-3.42617e-06
-6.75442e-07
-3.44823e-06
-6.20397e-07
-3.46773e-06
-5.65541e-07
-3.48482e-06
-5.10886e-07
-3.49965e-06
-4.5644e-07
-3.51237e-06
-4.02201e-07
-3.5231e-06
-3.4816e-07
-3.53198e-06
-2.94302e-07
-3.5391e-06
-2.40606e-07
-3.54455e-06
-1.87045e-07
-3.5484e-06
-1.33588e-07
-3.5507e-06
-8.01988e-08
-2.675e-08
1.9743e-06
-2.9104e-08
1.97041e-06
-8.72231e-08
1.96391e-06
-1.45194e-07
1.95474e-06
-2.0305e-07
1.94284e-06
-2.60753e-07
1.92811e-06
-3.18262e-07
1.91043e-06
-3.75523e-07
1.8897e-06
-4.32472e-07
1.86578e-06
-4.89037e-07
1.83857e-06
-5.45131e-07
1.80791e-06
-6.0066e-07
1.77369e-06
-6.55514e-07
1.73575e-06
-7.09577e-07
1.69394e-06
-7.6271e-07
1.6481e-06
-8.14771e-07
1.59818e-06
-8.65634e-07
1.54427e-06
-9.15181e-07
1.4865e-06
-9.63295e-07
1.42501e-06
-1.00985e-06
1.35995e-06
-1.0547e-06
1.29143e-06
-1.09767e-06
1.21957e-06
-1.13861e-06
1.14446e-06
-1.17731e-06
1.06625e-06
-1.21355e-06
9.85137e-07
-1.24695e-06
9.01398e-07
-1.2767e-06
8.15412e-07
-1.30096e-06
7.27759e-07
-1.31579e-06
6.39373e-07
-1.31412e-06
5.51766e-07
-1.28653e-06
4.67204e-07
-1.23085e-06
3.87227e-07
-1.16023e-06
3.12235e-07
-1.09038e-06
2.41706e-07
-1.03033e-06
1.74894e-07
-9.81094e-07
1.11279e-07
-9.40268e-07
5.05457e-08
-9.04594e-07
-7.4689e-09
-8.7156e-07
-6.28735e-08
-8.39627e-07
-1.156e-07
-8.07421e-07
-1.65608e-07
-7.74415e-07
-2.12919e-07
-7.40549e-07
-2.57581e-07
-7.05966e-07
-2.99691e-07
-6.70947e-07
-3.39377e-07
-6.35898e-07
-3.7682e-07
-6.01315e-07
-4.12261e-07
-5.67915e-07
-4.46097e-07
-5.37878e-07
-4.78736e-07
-5.11855e-07
-5.10903e-07
-4.94081e-07
-5.44254e-07
-4.97804e-07
-5.80949e-07
-5.33431e-07
-6.22401e-07
-5.87242e-07
-6.69861e-07
-6.55545e-07
-7.24541e-07
-7.37691e-07
-7.87823e-07
-8.33983e-07
-8.63878e-07
-9.7319e-07
-9.55425e-07
-1.14577e-06
-1.06308e-06
-1.34306e-06
-1.18322e-06
-1.53326e-06
-1.30769e-06
-1.66683e-06
-1.43213e-06
-1.73079e-06
-1.55472e-06
-1.74582e-06
-1.67473e-06
-1.73438e-06
-1.79175e-06
-1.71018e-06
-1.90552e-06
-1.67972e-06
-2.01579e-06
-1.64572e-06
-2.12238e-06
-1.60924e-06
-2.22516e-06
-1.57075e-06
-2.32402e-06
-1.53048e-06
-2.41888e-06
-1.48861e-06
-2.50968e-06
-1.44528e-06
-2.59635e-06
-1.40066e-06
-2.67882e-06
-1.35487e-06
-2.75701e-06
-1.30803e-06
-2.83085e-06
-1.26026e-06
-2.90029e-06
-1.21165e-06
-2.96533e-06
-1.1623e-06
-3.02602e-06
-1.11229e-06
-3.08249e-06
-1.06173e-06
-3.13491e-06
-1.01071e-06
-3.18345e-06
-9.59309e-07
-3.22826e-06
-9.07619e-07
-3.26949e-06
-8.5571e-07
-3.30728e-06
-8.03647e-07
-3.3418e-06
-7.51487e-07
-3.37317e-06
-6.99278e-07
-3.40155e-06
-6.47064e-07
-3.42707e-06
-5.94878e-07
-3.44986e-06
-5.42746e-07
-3.47006e-06
-4.9069e-07
-3.48778e-06
-4.38722e-07
-3.50313e-06
-3.86848e-07
-3.51622e-06
-3.3507e-07
-3.52714e-06
-2.83383e-07
-3.53597e-06
-2.31778e-07
-3.54277e-06
-1.80242e-07
-3.5476e-06
-1.28757e-07
-3.5505e-06
-7.7302e-08
-2.57834e-08
1.97415e-06
-2.765e-08
1.96979e-06
-8.28648e-08
1.96252e-06
-1.37926e-07
1.9523e-06
-1.92833e-07
1.93909e-06
-2.47537e-07
1.92281e-06
-3.01983e-07
1.90339e-06
-3.56109e-07
1.88077e-06
-4.09847e-07
1.85485e-06
-4.63121e-07
1.82557e-06
-5.15847e-07
1.79285e-06
-5.67936e-07
1.75662e-06
-6.19291e-07
1.71685e-06
-6.69809e-07
1.67353e-06
-7.19386e-07
1.62667e-06
-7.67914e-07
1.57632e-06
-8.15281e-07
1.5225e-06
-8.61361e-07
1.46522e-06
-9.06019e-07
1.40448e-06
-9.49106e-07
1.34026e-06
-9.90475e-07
1.27257e-06
-1.02998e-06
1.20146e-06
-1.0675e-06
1.12703e-06
-1.10288e-06
1.04944e-06
-1.13596e-06
9.68881e-07
-1.16639e-06
8.85607e-07
-1.19341e-06
7.99954e-07
-1.21526e-06
7.12513e-07
-1.22824e-06
6.24393e-07
-1.22575e-06
5.37496e-07
-1.19919e-06
4.54312e-07
-1.14707e-06
3.76247e-07
-1.08153e-06
3.03376e-07
-1.01693e-06
2.34942e-07
-9.61416e-07
1.70238e-07
-9.15994e-07
1.08572e-07
-8.78279e-07
4.95189e-08
-8.45272e-07
-7.14336e-09
-8.14672e-07
-6.15044e-08
-7.85072e-07
-1.1358e-07
-7.55176e-07
-1.63332e-07
-7.24514e-07
-2.10731e-07
-6.93017e-07
-2.55765e-07
-6.60814e-07
-2.98446e-07
-6.2816e-07
-3.38833e-07
-5.95416e-07
-3.77022e-07
-5.63042e-07
-4.13165e-07
-5.31703e-07
-4.47604e-07
-5.03402e-07
-4.80642e-07
-4.78802e-07
-5.12984e-07
-4.6178e-07
-5.46417e-07
-4.6456e-07
-5.82905e-07
-4.97236e-07
-6.23728e-07
-5.46812e-07
-6.70003e-07
-6.09768e-07
-7.22784e-07
-6.85505e-07
-7.8329e-07
-7.74215e-07
-8.55605e-07
-9.01958e-07
-9.42685e-07
-1.06024e-06
-1.04508e-06
-1.24251e-06
-1.16042e-06
-1.41964e-06
-1.28148e-06
-1.54692e-06
-1.40334e-06
-1.60952e-06
-1.52361e-06
-1.6258e-06
-1.64136e-06
-1.61672e-06
-1.75619e-06
-1.59538e-06
-1.86785e-06
-1.56807e-06
-1.97614e-06
-1.53744e-06
-2.08086e-06
-1.50452e-06
-2.18187e-06
-1.46974e-06
-2.27905e-06
-1.4333e-06
-2.37234e-06
-1.39532e-06
-2.46171e-06
-1.35591e-06
-2.54716e-06
-1.31521e-06
-2.62873e-06
-1.27331e-06
-2.70643e-06
-1.23033e-06
-2.7803e-06
-1.18639e-06
-2.85036e-06
-1.14159e-06
-2.91662e-06
-1.09603e-06
-2.97911e-06
-1.04981e-06
-3.03784e-06
-1.003e-06
-3.09286e-06
-9.55687e-07
-3.14423e-06
-9.07932e-07
-3.19205e-06
-8.59807e-07
-3.23638e-06
-8.11375e-07
-3.27733e-06
-7.62693e-07
-3.31501e-06
-7.13813e-07
-3.3495e-06
-6.64782e-07
-3.38093e-06
-6.1564e-07
-3.40938e-06
-5.66422e-07
-3.43497e-06
-5.17157e-07
-3.45779e-06
-4.67868e-07
-3.47794e-06
-4.18574e-07
-3.4955e-06
-3.69288e-07
-3.51055e-06
-3.20018e-07
-3.52317e-06
-2.70768e-07
-3.53341e-06
-2.21538e-07
-3.54133e-06
-1.72325e-07
-3.54696e-06
-1.23123e-07
-3.55034e-06
-7.39231e-08
-2.46561e-08
1.97403e-06
-2.60794e-08
1.96932e-06
-7.81574e-08
1.96148e-06
-1.30081e-07
1.95048e-06
-1.8183e-07
1.93629e-06
-2.33346e-07
1.91887e-06
-2.84569e-07
1.8982e-06
-3.35433e-07
1.87421e-06
-3.85865e-07
1.84689e-06
-4.35792e-07
1.81617e-06
-4.85132e-07
1.78203e-06
-5.338e-07
1.74445e-06
-5.81704e-07
1.70339e-06
-6.2875e-07
1.65884e-06
-6.74835e-07
1.61078e-06
-7.19853e-07
1.55919e-06
-7.63692e-07
1.50406e-06
-8.06239e-07
1.44543e-06
-8.47381e-07
1.38333e-06
-8.87011e-07
1.31789e-06
-9.2503e-07
1.24925e-06
-9.61343e-07
1.17761e-06
-9.95857e-07
1.10318e-06
-1.02846e-06
1.02619e-06
-1.05896e-06
9.4685e-07
-1.08705e-06
8.65419e-07
-1.11196e-06
7.82235e-07
-1.13203e-06
6.9783e-07
-1.14372e-06
6.13117e-07
-1.14078e-06
5.29589e-07
-1.11522e-06
4.49222e-07
-1.06611e-06
3.73233e-07
-1.0049e-06
3.01782e-07
-9.44896e-07
2.34357e-07
-8.93502e-07
1.70295e-07
-8.51534e-07
1.09036e-07
-8.16696e-07
5.02484e-08
-7.86216e-07
-6.2376e-09
-7.57961e-07
-6.05121e-08
-7.30605e-07
-1.12552e-07
-7.02967e-07
-1.62324e-07
-6.74593e-07
-2.09795e-07
-6.45413e-07
-2.54948e-07
-6.15542e-07
-2.97786e-07
-5.85216e-07
-3.38342e-07
-5.54766e-07
-3.76684e-07
-5.24618e-07
-4.12932e-07
-4.95386e-07
-4.47392e-07
-4.68891e-07
-4.80359e-07
-4.45817e-07
-5.12518e-07
-4.2966e-07
-5.45683e-07
-4.31578e-07
-5.81741e-07
-4.61463e-07
-6.21918e-07
-5.07027e-07
-6.67287e-07
-5.64915e-07
-7.18829e-07
-6.34557e-07
-7.77544e-07
-7.15987e-07
-8.47682e-07
-8.32874e-07
-9.30963e-07
-9.78518e-07
-1.02905e-06
-1.14623e-06
-1.13928e-06
-1.31112e-06
-1.25492e-06
-1.43244e-06
-1.37153e-06
-1.49352e-06
-1.48706e-06
-1.51054e-06
-1.6007e-06
-1.50318e-06
-1.71212e-06
-1.484e-06
-1.82109e-06
-1.45911e-06
-1.92741e-06
-1.43112e-06
-2.0309e-06
-1.40104e-06
-2.13135e-06
-1.36929e-06
-2.22858e-06
-1.33606e-06
-2.32244e-06
-1.30146e-06
-2.41277e-06
-1.26558e-06
-2.49946e-06
-1.22851e-06
-2.58245e-06
-1.19032e-06
-2.6617e-06
-1.15109e-06
-2.73719e-06
-1.1109e-06
-2.80893e-06
-1.06985e-06
-2.87696e-06
-1.028e-06
-2.94132e-06
-9.85453e-07
-3.00205e-06
-9.42272e-07
-3.05921e-06
-8.98532e-07
-3.11284e-06
-8.54302e-07
-3.163e-06
-8.09643e-07
-3.20976e-06
-7.64614e-07
-3.25319e-06
-7.19267e-07
-3.29335e-06
-6.73652e-07
-3.33032e-06
-6.27812e-07
-3.36417e-06
-5.81786e-07
-3.39499e-06
-5.35609e-07
-3.42283e-06
-4.89312e-07
-3.44778e-06
-4.42919e-07
-3.4699e-06
-3.96453e-07
-3.48926e-06
-3.4993e-07
-3.50591e-06
-3.03364e-07
-3.51992e-06
-2.56765e-07
-3.53131e-06
-2.10141e-07
-3.54014e-06
-1.63496e-07
-3.54643e-06
-1.16832e-07
-3.55021e-06
-7.01485e-08
-2.3397e-08
1.97394e-06
-2.442e-08
1.96897e-06
-7.3184e-08
1.96069e-06
-1.21797e-07
1.94908e-06
-1.70224e-07
1.93414e-06
-2.18404e-07
1.91584e-06
-2.66272e-07
1.89417e-06
-3.1376e-07
1.8691e-06
-3.60796e-07
1.84061e-06
-4.07307e-07
1.80869e-06
-4.53213e-07
1.77333e-06
-4.98433e-07
1.73451e-06
-5.42883e-07
1.69223e-06
-5.86476e-07
1.64652e-06
-6.2912e-07
1.59739e-06
-6.70724e-07
1.54489e-06
-7.11196e-07
1.4891e-06
-7.50444e-07
1.43009e-06
-7.88377e-07
1.36798e-06
-8.24902e-07
1.30288e-06
-8.59925e-07
1.23488e-06
-8.93347e-07
1.16409e-06
-9.25062e-07
1.09058e-06
-9.54948e-07
1.01446e-06
-9.82837e-07
9.35837e-07
-1.00842e-06
8.54921e-07
-1.03103e-06
7.72041e-07
-1.0491e-06
6.87808e-07
-1.05937e-06
6.03331e-07
-1.05605e-06
5.20387e-07
-1.03183e-06
4.41034e-07
-9.86157e-07
3.66358e-07
-9.29594e-07
2.96318e-07
-8.74283e-07
2.30236e-07
-8.26935e-07
1.67364e-07
-7.88269e-07
1.07137e-07
-7.56148e-07
4.92112e-08
-7.28023e-07
-6.5852e-09
-7.01939e-07
-6.03198e-08
-6.76677e-07
-1.11965e-07
-6.51153e-07
-1.61467e-07
-6.24942e-07
-2.0877e-07
-5.97977e-07
-2.53831e-07
-5.70363e-07
-2.96629e-07
-5.42312e-07
-3.37171e-07
-5.14129e-07
-3.75501e-07
-4.86205e-07
-4.11715e-07
-4.59103e-07
-4.46099e-07
-4.34463e-07
-4.78922e-07
-4.12976e-07
-5.10854e-07
-3.97765e-07
-5.43668e-07
-3.9894e-07
-5.79215e-07
-4.26188e-07
-6.18663e-07
-4.67952e-07
-6.63033e-07
-5.2107e-07
-7.13398e-07
-5.85031e-07
-7.7131e-07
-6.59693e-07
-8.4019e-07
-7.65885e-07
-9.21367e-07
-8.99312e-07
-1.01642e-06
-1.0533e-06
-1.12336e-06
-1.20612e-06
-1.23619e-06
-1.32089e-06
-1.35049e-06
-1.37987e-06
-1.464e-06
-1.39732e-06
-1.57574e-06
-1.39156e-06
-1.68525e-06
-1.37452e-06
-1.79231e-06
-1.35207e-06
-1.89673e-06
-1.3267e-06
-1.99839e-06
-1.29938e-06
-2.09718e-06
-1.2705e-06
-2.19301e-06
-1.24023e-06
-2.2858e-06
-1.20868e-06
-2.37545e-06
-1.17593e-06
-2.46189e-06
-1.14207e-06
-2.54503e-06
-1.10717e-06
-2.62482e-06
-1.0713e-06
-2.7012e-06
-1.03453e-06
-2.77412e-06
-9.96922e-07
-2.84357e-06
-9.58554e-07
-2.90954e-06
-9.19487e-07
-2.97203e-06
-8.79783e-07
-3.03106e-06
-8.39503e-07
-3.08665e-06
-7.98706e-07
-3.13885e-06
-7.57447e-07
-3.18768e-06
-7.15777e-07
-3.23321e-06
-6.73745e-07
-3.27546e-06
-6.31396e-07
-3.3145e-06
-5.88772e-07
-3.35038e-06
-5.4591e-07
-3.38314e-06
-5.02843e-07
-3.41285e-06
-4.59603e-07
-3.43956e-06
-4.16216e-07
-3.4633e-06
-3.72707e-07
-3.48414e-06
-3.29094e-07
-3.50211e-06
-2.85395e-07
-3.51725e-06
-2.41625e-07
-3.52959e-06
-1.97797e-07
-3.53917e-06
-1.53919e-07
-3.546e-06
-1.10001e-07
-3.5501e-06
-6.60493e-08
-2.20297e-08
1.97388e-06
-2.26927e-08
1.9687e-06
-6.80074e-08
1.96008e-06
-1.13177e-07
1.94801e-06
-1.58159e-07
1.9325e-06
-2.02889e-07
1.91353e-06
-2.47304e-07
1.8911e-06
-2.91334e-07
1.86522e-06
-3.34911e-07
1.83588e-06
-3.77963e-07
1.80308e-06
-4.20416e-07
1.76684e-06
-4.62194e-07
1.72717e-06
-5.03219e-07
1.68411e-06
-5.43412e-07
1.63768e-06
-5.8269e-07
1.58793e-06
-6.20972e-07
1.5349e-06
-6.58172e-07
1.47867e-06
-6.94206e-07
1.41928e-06
-7.28988e-07
1.35681e-06
-7.62432e-07
1.29134e-06
-7.94453e-07
1.22296e-06
-8.24967e-07
1.15179e-06
-8.53893e-07
1.07798e-06
-8.81142e-07
1.00173e-06
-9.06582e-07
9.23255e-07
-9.29943e-07
8.42832e-07
-9.5059e-07
7.6083e-07
-9.67052e-07
6.77835e-07
-9.76255e-07
5.94847e-07
-9.72812e-07
5.13459e-07
-9.49989e-07
4.35488e-07
-9.07593e-07
3.61928e-07
-8.55411e-07
2.92771e-07
-8.04563e-07
2.27402e-07
-7.61093e-07
1.65148e-07
-7.25627e-07
1.05465e-07
-6.96146e-07
4.80303e-08
-6.70322e-07
-7.32126e-09
-6.46363e-07
-6.06504e-08
-6.23155e-07
-1.11938e-07
-5.99697e-07
-1.61128e-07
-5.75602e-07
-2.08163e-07
-5.50809e-07
-2.52995e-07
-5.25412e-07
-2.95594e-07
-4.99607e-07
-3.35957e-07
-4.73671e-07
-3.74117e-07
-4.47962e-07
-4.10155e-07
-4.22995e-07
-4.44341e-07
-4.00234e-07
-4.76931e-07
-3.80369e-07
-5.08566e-07
-3.66168e-07
-5.40949e-07
-3.66735e-07
-5.75922e-07
-3.91488e-07
-6.1462e-07
-4.29624e-07
-6.57997e-07
-4.78178e-07
-7.07e-07
-5.36666e-07
-7.62722e-07
-6.04826e-07
-8.29211e-07
-7.00817e-07
-9.08177e-07
-8.22203e-07
-1.00021e-06
-9.63363e-07
-1.10379e-06
-1.10447e-06
-1.21379e-06
-1.21219e-06
-1.32587e-06
-1.26847e-06
-1.43763e-06
-1.28585e-06
-1.54799e-06
-1.28131e-06
-1.65645e-06
-1.26609e-06
-1.76274e-06
-1.2458e-06
-1.86665e-06
-1.2228e-06
-1.96799e-06
-1.19804e-06
-2.06662e-06
-1.17187e-06
-2.16242e-06
-1.14444e-06
-2.25526e-06
-1.11583e-06
-2.34507e-06
-1.08612e-06
-2.43177e-06
-1.05537e-06
-2.5153e-06
-1.02363e-06
-2.59562e-06
-9.90978e-07
-2.67268e-06
-9.57462e-07
-2.74646e-06
-9.23147e-07
-2.81692e-06
-8.88092e-07
-2.88405e-06
-8.52354e-07
-2.94785e-06
-8.1599e-07
-3.0083e-06
-7.79051e-07
-3.06542e-06
-7.4159e-07
-3.11921e-06
-7.03655e-07
-3.16969e-06
-6.65291e-07
-3.2169e-06
-6.26543e-07
-3.26084e-06
-5.87451e-07
-3.30156e-06
-5.48054e-07
-3.33908e-06
-5.08387e-07
-3.37344e-06
-4.68483e-07
-3.40467e-06
-4.28371e-07
-3.43281e-06
-3.88078e-07
-3.45789e-06
-3.47629e-07
-3.47994e-06
-3.07046e-07
-3.49899e-06
-2.66347e-07
-3.51506e-06
-2.25552e-07
-3.52818e-06
-1.84674e-07
-3.53837e-06
-1.43729e-07
-3.54565e-06
-1.02729e-07
-3.55001e-06
-6.16841e-08
-2.05737e-08
1.97382e-06
-2.09135e-08
1.96849e-06
-6.26751e-08
1.95961e-06
-1.043e-07
1.9472e-06
-1.4574e-07
1.93124e-06
-1.86934e-07
1.91175e-06
-2.27817e-07
1.88874e-06
-2.68324e-07
1.86222e-06
-3.08388e-07
1.8322e-06
-3.47941e-07
1.7987e-06
-3.86914e-07
1.76174e-06
-4.25235e-07
1.72135e-06
-4.62833e-07
1.67757e-06
-4.99635e-07
1.63045e-06
-5.35567e-07
1.58003e-06
-5.70554e-07
1.52638e-06
-6.04522e-07
1.46957e-06
-6.37397e-07
1.40969e-06
-6.69105e-07
1.34683e-06
-6.99575e-07
1.28112e-06
-7.28738e-07
1.21268e-06
-7.56525e-07
1.14165e-06
-7.82865e-07
1.06818e-06
-8.07674e-07
9.92423e-07
-8.30821e-07
9.1453e-07
-8.52045e-07
8.34707e-07
-8.70748e-07
7.53275e-07
-8.85571e-07
6.70829e-07
-8.93688e-07
5.88439e-07
-8.90165e-07
5.07787e-07
-8.68884e-07
4.3066e-07
-8.29873e-07
3.57967e-07
-7.82095e-07
2.89624e-07
-7.35658e-07
2.25017e-07
-6.96016e-07
1.63371e-07
-6.63595e-07
1.04207e-07
-6.36663e-07
4.72236e-08
-6.13073e-07
-7.72774e-09
-5.91188e-07
-6.07061e-08
-5.69984e-07
-1.11682e-07
-5.48554e-07
-1.60595e-07
-5.2654e-07
-2.07384e-07
-5.03887e-07
-2.51997e-07
-4.80681e-07
-2.944e-07
-4.57098e-07
-3.34584e-07
-4.33392e-07
-3.72576e-07
-4.09888e-07
-4.08453e-07
-3.87049e-07
-4.42466e-07
-3.66177e-07
-4.74869e-07
-3.47948e-07
-5.0628e-07
-3.34795e-07
-5.38329e-07
-3.34865e-07
-5.7288e-07
-3.57212e-07
-6.1106e-07
-3.91815e-07
-6.53806e-07
-4.35918e-07
-7.0202e-07
-4.89078e-07
-7.56628e-07
-5.51028e-07
-8.21445e-07
-6.37328e-07
-8.98169e-07
-7.47428e-07
-9.87715e-07
-8.75947e-07
-1.08893e-06
-1.00523e-06
-1.19701e-06
-1.10546e-06
-1.30748e-06
-1.15872e-06
-1.4178e-06
-1.17586e-06
-1.5268e-06
-1.17243e-06
-1.634e-06
-1.15894e-06
-1.73914e-06
-1.14067e-06
-1.84205e-06
-1.11989e-06
-1.94261e-06
-1.09749e-06
-2.04067e-06
-1.0738e-06
-2.13613e-06
-1.04898e-06
-2.22887e-06
-1.02309e-06
-2.31879e-06
-9.96209e-07
-2.40579e-06
-9.68371e-07
-2.48979e-06
-9.39632e-07
-2.57073e-06
-9.10039e-07
-2.64855e-06
-8.79645e-07
-2.7232e-06
-8.48498e-07
-2.79464e-06
-8.16648e-07
-2.86285e-06
-7.84144e-07
-2.92781e-06
-7.51033e-07
-2.9895e-06
-7.17363e-07
-3.04791e-06
-6.83176e-07
-3.10305e-06
-6.48518e-07
-3.15491e-06
-6.13428e-07
-3.2035e-06
-5.77947e-07
-3.24885e-06
-5.4211e-07
-3.29095e-06
-5.05954e-07
-3.32982e-06
-4.69512e-07
-3.36549e-06
-4.32813e-07
-3.39797e-06
-3.95888e-07
-3.42729e-06
-3.58762e-07
-3.45346e-06
-3.2146e-07
-3.4765e-06
-2.84004e-07
-3.49643e-06
-2.46416e-07
-3.51327e-06
-2.08713e-07
-3.52703e-06
-1.70915e-07
-3.53772e-06
-1.33037e-07
-3.54535e-06
-9.5094e-08
-3.54994e-06
-5.71009e-08
-1.90451e-08
1.97378e-06
-1.90944e-08
1.96833e-06
-5.72233e-08
1.95926e-06
-9.52247e-08
1.94657e-06
-1.3305e-07
1.93027e-06
-1.7064e-07
1.91039e-06
-2.07932e-07
1.88693e-06
-2.44865e-07
1.85992e-06
-2.81376e-07
1.82938e-06
-3.17401e-07
1.79534e-06
-3.52877e-07
1.75785e-06
-3.87738e-07
1.71693e-06
-4.21919e-07
1.67265e-06
-4.55354e-07
1.62506e-06
-4.87978e-07
1.57423e-06
-5.19723e-07
1.52023e-06
-5.50524e-07
1.46315e-06
-5.80315e-07
1.40308e-06
-6.09033e-07
1.34011e-06
-6.36611e-07
1.27436e-06
-6.62988e-07
1.20594e-06
-6.88099e-07
1.13495e-06
-7.11879e-07
1.06153e-06
-7.34251e-07
9.8581e-07
-7.55099e-07
9.07963e-07
-7.74192e-07
8.28224e-07
-7.90991e-07
7.4696e-07
-8.04258e-07
6.64803e-07
-8.1141e-07
5.8285e-07
-8.07951e-07
5.02776e-07
-7.88354e-07
4.26295e-07
-7.52794e-07
3.54241e-07
-7.09412e-07
2.86479e-07
-6.67328e-07
2.22369e-07
-6.3143e-07
1.61241e-07
-6.02077e-07
1.02577e-07
-5.77678e-07
4.6061e-08
-5.56291e-07
-8.46103e-09
-5.36441e-07
-6.10425e-08
-5.1721e-07
-1.11659e-07
-4.97768e-07
-1.60249e-07
-4.77801e-07
-2.06747e-07
-4.57256e-07
-2.51098e-07
-4.36211e-07
-2.93264e-07
-4.14826e-07
-3.33233e-07
-3.93328e-07
-3.71026e-07
-3.72011e-07
-4.06715e-07
-3.51291e-07
-4.40536e-07
-3.32312e-07
-4.72738e-07
-3.15728e-07
-5.03912e-07
-3.03661e-07
-5.35609e-07
-3.03347e-07
-5.69714e-07
-3.23384e-07
-6.07345e-07
-3.54556e-07
-6.4942e-07
-3.94327e-07
-6.9682e-07
-4.42292e-07
-7.50415e-07
-4.98192e-07
-8.13603e-07
-5.75273e-07
-8.87868e-07
-6.74416e-07
-9.75097e-07
-7.90353e-07
-1.07426e-06
-9.07799e-07
-1.18083e-06
-1.00018e-06
-1.29028e-06
-1.04998e-06
-1.39988e-06
-1.06657e-06
-1.50834e-06
-1.0641e-06
-1.61506e-06
-1.05226e-06
-1.71976e-06
-1.03599e-06
-1.82228e-06
-1.01738e-06
-1.92248e-06
-9.97292e-07
-2.02025e-06
-9.76032e-07
-2.11549e-06
-9.53735e-07
-2.20811e-06
-9.30472e-07
-2.29802e-06
-9.06294e-07
-2.38515e-06
-8.81247e-07
-2.46941e-06
-8.55372e-07
-2.55073e-06
-8.28714e-07
-2.62906e-06
-8.01315e-07
-2.70434e-06
-7.73218e-07
-2.77653e-06
-7.44465e-07
-2.84557e-06
-7.15098e-07
-2.91145e-06
-6.85157e-07
-2.97413e-06
-6.54683e-07
-3.03359e-06
-6.23715e-07
-3.08982e-06
-5.92289e-07
-3.1428e-06
-5.60443e-07
-3.19254e-06
-5.28211e-07
-3.23902e-06
-4.95627e-07
-3.28225e-06
-4.62723e-07
-3.32224e-06
-4.29528e-07
-3.35898e-06
-3.96072e-07
-3.39249e-06
-3.62381e-07
-3.42277e-06
-3.28482e-07
-3.44983e-06
-2.94397e-07
-3.47368e-06
-2.6015e-07
-3.49434e-06
-2.25761e-07
-3.5118e-06
-1.91249e-07
-3.52608e-06
-1.56634e-07
-3.53719e-06
-1.21933e-07
-3.54512e-06
-8.71629e-08
-3.54988e-06
-5.23395e-08
-1.74569e-08
1.97375e-06
-1.72446e-08
1.96821e-06
-5.16797e-08
1.95898e-06
-8.5998e-08
1.94608e-06
-1.20152e-07
1.92953e-06
-1.54085e-07
1.90934e-06
-1.8774e-07
1.88553e-06
-2.2106e-07
1.85814e-06
-2.53985e-07
1.8272e-06
-2.86458e-07
1.79274e-06
-3.1842e-07
1.75482e-06
-3.49812e-07
1.71347e-06
-3.80576e-07
1.66877e-06
-4.1065e-07
1.62077e-06
-4.39977e-07
1.56954e-06
-4.68497e-07
1.51517e-06
-4.96151e-07
1.45774e-06
-5.22882e-07
1.39734e-06
-5.48633e-07
1.33407e-06
-5.73347e-07
1.26806e-06
-5.96971e-07
1.19941e-06
-6.19451e-07
1.12826e-06
-6.40733e-07
1.05477e-06
-6.60754e-07
9.79082e-07
-6.79414e-07
9.01401e-07
-6.96505e-07
8.21967e-07
-7.11538e-07
7.41144e-07
-7.23385e-07
6.59555e-07
-7.29698e-07
5.78277e-07
-7.26412e-07
4.98945e-07
-7.08565e-07
4.23181e-07
-6.76432e-07
3.51756e-07
-6.37361e-07
2.84521e-07
-5.99528e-07
2.20834e-07
-5.67268e-07
1.60073e-07
-5.40927e-07
1.01734e-07
-5.19018e-07
4.55182e-08
-4.9981e-07
-8.71857e-09
-4.8198e-07
-6.10319e-08
-4.64704e-07
-1.1139e-07
-4.47242e-07
-1.59734e-07
-4.29308e-07
-2.06e-07
-4.10857e-07
-2.50133e-07
-3.91959e-07
-2.92097e-07
-3.72755e-07
-3.31879e-07
-3.53451e-07
-3.69499e-07
-3.34308e-07
-4.05025e-07
-3.15695e-07
-4.3868e-07
-2.98613e-07
-4.70711e-07
-2.83679e-07
-5.01679e-07
-2.72732e-07
-5.33065e-07
-2.72144e-07
-5.66775e-07
-2.89954e-07
-6.03926e-07
-3.17783e-07
-6.45427e-07
-3.53324e-07
-6.9215e-07
-3.96212e-07
-7.44962e-07
-4.46206e-07
-8.07028e-07
-5.14548e-07
-8.79989e-07
-6.03182e-07
-9.6546e-07
-7.06955e-07
-1.0626e-06
-8.12681e-07
-1.16732e-06
-8.96863e-07
-1.27534e-06
-9.42718e-07
-1.38387e-06
-9.58374e-07
-1.49153e-06
-9.56573e-07
-1.59766e-06
-9.46181e-07
-1.70194e-06
-9.31723e-07
-1.80417e-06
-9.15157e-07
-1.9042e-06
-8.97257e-07
-2.00192e-06
-8.78314e-07
-2.09721e-06
-8.58447e-07
-2.18997e-06
-8.37715e-07
-2.2801e-06
-8.16161e-07
-2.36753e-06
-7.93822e-07
-2.45216e-06
-7.70734e-07
-2.53394e-06
-7.46933e-07
-2.6128e-06
-7.22455e-07
-2.68869e-06
-6.97335e-07
-2.76154e-06
-6.71612e-07
-2.83132e-06
-6.45319e-07
-2.89798e-06
-6.18493e-07
-2.9615e-06
-5.91168e-07
-3.02184e-06
-5.63377e-07
-3.07897e-06
-5.35154e-07
-3.13289e-06
-5.06531e-07
-3.18356e-06
-4.77538e-07
-3.23098e-06
-4.48206e-07
-3.27514e-06
-4.18562e-07
-3.31603e-06
-3.88636e-07
-3.35365e-06
-3.58452e-07
-3.388e-06
-3.28036e-07
-3.41907e-06
-2.97413e-07
-3.44686e-06
-2.66604e-07
-3.47138e-06
-2.35631e-07
-3.49263e-06
-2.04514e-07
-3.5106e-06
-1.73273e-07
-3.52531e-06
-1.41927e-07
-3.53675e-06
-1.10493e-07
-3.54492e-06
-7.89896e-08
-3.54983e-06
-4.74322e-08
-1.58202e-08
1.97373e-06
-1.53713e-08
1.96812e-06
-4.60655e-08
1.95877e-06
-7.66546e-08
1.94571e-06
-1.07093e-07
1.92896e-06
-1.3733e-07
1.90853e-06
-1.67312e-07
1.88446e-06
-1.96987e-07
1.85677e-06
-2.26301e-07
1.82552e-06
-2.55203e-07
1.79074e-06
-2.8364e-07
1.75248e-06
-3.11558e-07
1.71081e-06
-3.38906e-07
1.66579e-06
-3.6563e-07
1.61749e-06
-3.91678e-07
1.566e-06
-4.16998e-07
1.51138e-06
-4.4154e-07
1.45375e-06
-4.65253e-07
1.39321e-06
-4.88087e-07
1.32986e-06
-5.09995e-07
1.26381e-06
-5.30929e-07
1.1952e-06
-5.50842e-07
1.12416e-06
-5.69686e-07
1.05081e-06
-5.87402e-07
9.75293e-07
-6.03899e-07
8.97781e-07
-6.18987e-07
8.18487e-07
-6.32225e-07
7.3776e-07
-6.42607e-07
6.56233e-07
-6.48047e-07
5.75026e-07
-6.44943e-07
4.95844e-07
-6.28924e-07
4.20331e-07
-6.00323e-07
3.49238e-07
-5.65644e-07
2.82374e-07
-5.32099e-07
2.19089e-07
-5.03509e-07
1.58703e-07
-4.80153e-07
1.00718e-07
-4.60714e-07
4.48356e-08
-4.43662e-07
-9.09018e-09
-4.2783e-07
-6.11106e-08
-4.12491e-07
-1.11196e-07
-3.96987e-07
-1.59288e-07
-3.81068e-07
-2.0532e-07
-3.64692e-07
-2.49239e-07
-3.47921e-07
-2.91006e-07
-3.30882e-07
-3.30608e-07
-3.13754e-07
-3.68063e-07
-2.96769e-07
-4.03437e-07
-2.80251e-07
-4.3694e-07
-2.65065e-07
-4.68816e-07
-2.51786e-07
-4.99593e-07
-2.41995e-07
-5.30683e-07
-2.41234e-07
-5.64018e-07
-2.56897e-07
-6.0071e-07
-2.81466e-07
-6.41654e-07
-3.1287e-07
-6.87708e-07
-3.50791e-07
-7.39736e-07
-3.94997e-07
-8.00639e-07
-4.54955e-07
-8.7233e-07
-5.33194e-07
-9.56374e-07
-6.24899e-07
-1.05215e-06
-7.18833e-07
-1.15577e-06
-7.94626e-07
-1.26316e-06
-8.36095e-07
-1.37125e-06
-8.50628e-07
-1.47852e-06
-8.4944e-07
-1.58428e-06
-8.4047e-07
-1.68821e-06
-8.27807e-07
-1.79014e-06
-8.13238e-07
-1.88993e-06
-7.97469e-07
-1.98747e-06
-7.80771e-07
-2.08267e-06
-7.6325e-07
-2.17542e-06
-7.44963e-07
-2.26564e-06
-7.25944e-07
-2.35324e-06
-7.06226e-07
-2.43813e-06
-6.8584e-07
-2.52025e-06
-6.64815e-07
-2.59952e-06
-6.43183e-07
-2.67588e-06
-6.20973e-07
-2.74928e-06
-5.98216e-07
-2.81965e-06
-5.74942e-07
-2.88696e-06
-5.51182e-07
-2.95117e-06
-5.26964e-07
-3.01223e-06
-5.02319e-07
-3.07011e-06
-4.77273e-07
-3.12478e-06
-4.51856e-07
-3.17622e-06
-4.26095e-07
-3.22442e-06
-4.00015e-07
-3.26934e-06
-3.73642e-07
-3.31097e-06
-3.47e-07
-3.34931e-06
-3.20114e-07
-3.38434e-06
-2.93007e-07
-3.41605e-06
-2.657e-07
-3.44444e-06
-2.38214e-07
-3.4695e-06
-2.10569e-07
-3.49123e-06
-1.82785e-07
-3.50963e-06
-1.5488e-07
-3.52468e-06
-1.26873e-07
-3.53639e-06
-9.87799e-08
-3.54477e-06
-7.06189e-08
-3.54979e-06
-4.24063e-08
-1.41439e-08
1.97371e-06
-1.34799e-08
1.96804e-06
-4.03972e-08
1.95861e-06
-6.72217e-08
1.94543e-06
-9.39117e-08
1.92852e-06
-1.20421e-07
1.90791e-06
-1.46701e-07
1.88363e-06
-1.72708e-07
1.85572e-06
-1.98392e-07
1.82422e-06
-2.23708e-07
1.78919e-06
-2.48608e-07
1.75068e-06
-2.73047e-07
1.70875e-06
-2.96978e-07
1.66348e-06
-3.20355e-07
1.61493e-06
-3.43131e-07
1.5632e-06
-3.65263e-07
1.50836e-06
-3.86706e-07
1.45053e-06
-4.07416e-07
1.38979e-06
-4.27349e-07
1.32626e-06
-4.46466e-07
1.26006e-06
-4.64724e-07
1.1913e-06
-4.82083e-07
1.12012e-06
-4.98504e-07
1.04665e-06
-5.13937e-07
9.71061e-07
-5.28305e-07
8.93527e-07
-5.41447e-07
8.14299e-07
-5.52978e-07
7.33761e-07
-5.62018e-07
6.52568e-07
-5.6673e-07
5.71835e-07
-5.63946e-07
4.93207e-07
-5.49836e-07
4.18225e-07
-5.24744e-07
3.47582e-07
-4.9438e-07
2.8109e-07
-4.65046e-07
2.18096e-07
-4.40044e-07
1.57958e-07
-4.19626e-07
1.00197e-07
-4.02635e-07
4.45311e-08
-3.87731e-07
-9.18261e-09
-3.73892e-07
-6.09966e-08
-3.60485e-07
-1.10881e-07
-3.46935e-07
-1.58777e-07
-3.33022e-07
-2.04623e-07
-3.18713e-07
-2.48365e-07
-3.04059e-07
-2.89968e-07
-2.89172e-07
-3.29419e-07
-2.74208e-07
-3.66736e-07
-2.59368e-07
-4.01985e-07
-2.44933e-07
-4.35366e-07
-2.31639e-07
-4.67129e-07
-2.20006e-07
-4.97742e-07
-2.11421e-07
-5.28579e-07
-2.10579e-07
-5.61596e-07
-2.24159e-07
-5.9791e-07
-2.4553e-07
-6.3841e-07
-2.72866e-07
-6.83956e-07
-3.05889e-07
-7.354e-07
-3.44391e-07
-7.95456e-07
-3.96253e-07
-8.6613e-07
-4.6431e-07
-9.4887e-07
-5.44305e-07
-1.04324e-06
-6.26565e-07
-1.14546e-06
-6.93879e-07
-1.25193e-06
-7.30422e-07
-1.35944e-06
-7.43477e-07
-1.46634e-06
-7.42676e-07
-1.57188e-06
-7.34982e-07
-1.67568e-06
-7.24021e-07
-1.77755e-06
-7.1138e-07
-1.87733e-06
-6.9769e-07
-1.97491e-06
-6.83188e-07
-2.0702e-06
-6.67968e-07
-2.16308e-06
-6.52077e-07
-2.25348e-06
-6.35546e-07
-2.3413e-06
-6.184e-07
-2.42648e-06
-6.00666e-07
-2.50893e-06
-5.82369e-07
-2.58857e-06
-5.63534e-07
-2.66536e-06
-5.44187e-07
-2.73922e-06
-5.24353e-07
-2.81011e-06
-5.04059e-07
-2.87796e-06
-4.8333e-07
-2.94273e-06
-4.6219e-07
-3.00439e-06
-4.40665e-07
-3.06288e-06
-4.1878e-07
-3.11818e-06
-3.96557e-07
-3.17025e-06
-3.74021e-07
-3.21907e-06
-3.51195e-07
-3.26461e-06
-3.281e-07
-3.30686e-06
-3.04759e-07
-3.34578e-06
-2.81192e-07
-3.38137e-06
-2.5742e-07
-3.4136e-06
-2.33462e-07
-3.44248e-06
-2.09338e-07
-3.46798e-06
-1.85066e-07
-3.4901e-06
-1.60664e-07
-3.50883e-06
-1.36148e-07
-3.52417e-06
-1.11536e-07
-3.53611e-06
-8.68441e-08
-3.54464e-06
-6.20881e-08
-3.54976e-06
-3.7284e-08
-1.24355e-08
1.9737e-06
-1.15747e-08
1.96799e-06
-3.46876e-08
1.95849e-06
-5.77202e-08
1.94521e-06
-8.06356e-08
1.92818e-06
-1.03393e-07
1.90743e-06
-1.25952e-07
1.883e-06
-1.48271e-07
1.85491e-06
-1.70309e-07
1.82323e-06
-1.92027e-07
1.78801e-06
-2.13383e-07
1.7493e-06
-2.34339e-07
1.70717e-06
-2.54853e-07
1.66171e-06
-2.74886e-07
1.61297e-06
-2.944e-07
1.56107e-06
-3.13356e-07
1.50608e-06
-3.31716e-07
1.44811e-06
-3.49444e-07
1.38726e-06
-3.66503e-07
1.32365e-06
-3.82859e-07
1.25741e-06
-3.98477e-07
1.18865e-06
-4.13323e-07
1.11751e-06
-4.27363e-07
1.04412e-06
-4.40555e-07
9.68651e-07
-4.52831e-07
8.91262e-07
-4.64051e-07
8.12183e-07
-4.7388e-07
7.31774e-07
-4.81557e-07
6.50676e-07
-4.85506e-07
5.70013e-07
-4.83017e-07
4.91471e-07
-4.70833e-07
4.16624e-07
-4.49299e-07
3.46161e-07
-4.23297e-07
2.79871e-07
-3.98197e-07
2.17101e-07
-3.76803e-07
1.57191e-07
-3.59328e-07
9.96554e-08
-3.44781e-07
4.42058e-08
-3.32016e-07
-9.3005e-09
-3.20162e-07
-6.09155e-08
-3.08678e-07
-1.1061e-07
-2.97071e-07
-1.58328e-07
-2.85156e-07
-2.04005e-07
-2.72902e-07
-2.47591e-07
-2.60355e-07
-2.89049e-07
-2.47608e-07
-3.28367e-07
-2.34795e-07
-3.65565e-07
-2.22087e-07
-4.00706e-07
-2.09722e-07
-4.33984e-07
-1.98317e-07
-4.6564e-07
-1.88331e-07
-4.96108e-07
-1.80992e-07
-5.26722e-07
-1.80146e-07
-5.59461e-07
-1.91696e-07
-5.95444e-07
-2.0992e-07
-6.35554e-07
-2.33245e-07
-6.80644e-07
-2.61432e-07
-7.31543e-07
-2.94302e-07
-7.90779e-07
-3.38304e-07
-8.60506e-07
-3.9626e-07
-9.42199e-07
-4.646e-07
-1.03545e-06
-5.35285e-07
-1.13691e-06
-5.93848e-07
-1.24297e-06
-6.25157e-07
-1.3502e-06
-6.36605e-07
-1.45688e-06
-6.36138e-07
-1.56223e-06
-6.29692e-07
-1.66586e-06
-6.20401e-07
-1.7676e-06
-6.09651e-07
-1.86729e-06
-5.97994e-07
-1.96484e-06
-5.85639e-07
-2.06014e-06
-5.72669e-07
-2.1531e-06
-5.59123e-07
-2.24362e-06
-5.45027e-07
-2.33161e-06
-5.30403e-07
-2.41701e-06
-5.15273e-07
-2.49972e-06
-4.99656e-07
-2.57968e-06
-4.83576e-07
-2.65681e-06
-4.67052e-07
-2.73106e-06
-4.50106e-07
-2.80236e-06
-4.32759e-07
-2.87066e-06
-4.15033e-07
-2.9359e-06
-3.96948e-07
-2.99804e-06
-3.78525e-07
-3.05703e-06
-3.59786e-07
-3.11284e-06
-3.40749e-07
-3.16543e-06
-3.21436e-07
-3.21476e-06
-3.01865e-07
-3.2608e-06
-2.82055e-07
-3.30353e-06
-2.62027e-07
-3.34293e-06
-2.41796e-07
-3.37897e-06
-2.21382e-07
-3.41163e-06
-2.00802e-07
-3.44089e-06
-1.80072e-07
-3.46675e-06
-1.59208e-07
-3.48919e-06
-1.38227e-07
-3.50819e-06
-1.17143e-07
-3.52376e-06
-9.59722e-08
-3.53587e-06
-7.47291e-08
-3.54453e-06
-5.34283e-08
-3.54973e-06
-3.2084e-08
-1.07012e-08
1.97369e-06
-9.65896e-09
1.96795e-06
-2.89465e-08
1.95839e-06
-4.81667e-08
1.94505e-06
-6.7288e-08
1.92793e-06
-8.62759e-08
1.90707e-06
-1.05096e-07
1.88252e-06
-1.23713e-07
1.8543e-06
-1.42094e-07
1.82248e-06
-1.60205e-07
1.78711e-06
-1.78011e-07
1.74825e-06
-1.95478e-07
1.70597e-06
-2.12575e-07
1.66035e-06
-2.29267e-07
1.61147e-06
-2.45522e-07
1.55942e-06
-2.61309e-07
1.5043e-06
-2.76596e-07
1.44621e-06
-2.91352e-07
1.38526e-06
-3.05548e-07
1.32155e-06
-3.19155e-07
1.25522e-06
-3.32144e-07
1.18638e-06
-3.44487e-07
1.11518e-06
-3.56157e-07
1.04174e-06
-3.67118e-07
9.66229e-07
-3.77316e-07
8.88819e-07
-3.86634e-07
8.09754e-07
-3.94796e-07
7.29415e-07
-4.01167e-07
6.48467e-07
-4.04431e-07
5.68043e-07
-4.02325e-07
4.89807e-07
-3.92131e-07
4.15272e-07
-3.74158e-07
3.4509e-07
-3.52478e-07
2.79035e-07
-3.31564e-07
2.16464e-07
-3.13752e-07
1.56727e-07
-2.99201e-07
9.93522e-08
-2.87086e-07
4.40568e-08
-2.76455e-07
-9.29911e-09
-2.66582e-07
-6.07672e-08
-2.57017e-07
-1.10318e-07
-2.47352e-07
-1.57896e-07
-2.37429e-07
-2.0344e-07
-2.27226e-07
-2.46899e-07
-2.16777e-07
-2.88238e-07
-2.06163e-07
-3.27445e-07
-1.95492e-07
-3.64541e-07
-1.84908e-07
-3.99589e-07
-1.74605e-07
-4.32775e-07
-1.65087e-07
-4.64347e-07
-1.56741e-07
-4.94753e-07
-1.50625e-07
-5.25153e-07
-1.49926e-07
-5.57653e-07
-1.59472e-07
-5.93366e-07
-1.74578e-07
-6.33168e-07
-1.93928e-07
-6.77905e-07
-2.1732e-07
-7.28399e-07
-2.44607e-07
-7.87006e-07
-2.80953e-07
-8.55907e-07
-3.29001e-07
-9.36711e-07
-3.85757e-07
-1.02898e-06
-4.44982e-07
-1.1297e-06
-4.94567e-07
-1.23527e-06
-5.20386e-07
-1.34221e-06
-5.30038e-07
-1.44871e-06
-5.29786e-07
-1.55394e-06
-5.24513e-07
-1.65752e-06
-5.16845e-07
-1.75922e-06
-5.07949e-07
-1.85893e-06
-4.98294e-07
-1.95651e-06
-4.88055e-07
-2.05188e-06
-4.77302e-07
-2.14494e-06
-4.66068e-07
-2.23559e-06
-4.54374e-07
-2.32375e-06
-4.42239e-07
-2.40934e-06
-4.2968e-07
-2.49229e-06
-4.16713e-07
-2.57251e-06
-4.03356e-07
-2.64993e-06
-3.89627e-07
-2.7245e-06
-3.75541e-07
-2.79614e-06
-3.61118e-07
-2.8648e-06
-3.46374e-07
-2.93042e-06
-3.31326e-07
-2.99295e-06
-3.15992e-07
-3.05235e-06
-3.00388e-07
-3.10857e-06
-2.84531e-07
-3.16157e-06
-2.68438e-07
-3.21131e-06
-2.52125e-07
-3.25775e-06
-2.35607e-07
-3.30088e-06
-2.18901e-07
-3.34065e-06
-2.02022e-07
-3.37705e-06
-1.84984e-07
-3.41005e-06
-1.67803e-07
-3.43963e-06
-1.50492e-07
-3.46577e-06
-1.33066e-07
-3.48846e-06
-1.15537e-07
-3.50769e-06
-9.79199e-08
-3.52343e-06
-8.0227e-08
-3.53569e-06
-6.24713e-08
-3.54445e-06
-4.46655e-08
-3.54971e-06
-2.68221e-08
-8.94626e-09
1.97368e-06
-7.73543e-09
1.96792e-06
-2.3182e-08
1.95832e-06
-3.85744e-08
1.94492e-06
-5.38869e-08
1.92774e-06
-6.90915e-08
1.9068e-06
-8.41605e-08
1.88215e-06
-9.9066e-08
1.85384e-06
-1.1378e-07
1.82191e-06
-1.28276e-07
1.78643e-06
-1.42527e-07
1.74745e-06
-1.56504e-07
1.70506e-06
-1.70182e-07
1.65933e-06
-1.83534e-07
1.61034e-06
-1.96535e-07
1.55819e-06
-2.09159e-07
1.50298e-06
-2.21381e-07
1.4448e-06
-2.33177e-07
1.38378e-06
-2.44522e-07
1.32002e-06
-2.55395e-07
1.25364e-06
-2.65773e-07
1.18479e-06
-2.75633e-07
1.11359e-06
-2.84953e-07
1.04018e-06
-2.93707e-07
9.6471e-07
-3.01848e-07
8.87367e-07
-3.09284e-07
8.08382e-07
-3.15792e-07
7.2813e-07
-3.20862e-07
6.47266e-07
-3.2344e-07
5.66924e-07
-3.21715e-07
4.8878e-07
-3.13523e-07
4.14355e-07
-2.99131e-07
3.44297e-07
-2.81794e-07
2.78376e-07
-2.65078e-07
2.15941e-07
-2.50842e-07
1.56339e-07
-2.39211e-07
9.90976e-08
-2.29525e-07
4.39323e-08
-2.21024e-07
-9.29678e-09
-2.13128e-07
-6.06417e-08
-2.0548e-07
-1.10074e-07
-1.97751e-07
-1.57538e-07
-1.89817e-07
-2.02973e-07
-1.81658e-07
-2.46327e-07
-1.73304e-07
-2.87567e-07
-1.64816e-07
-3.26682e-07
-1.56283e-07
-3.6369e-07
-1.47816e-07
-3.98655e-07
-1.39571e-07
-4.31756e-07
-1.31941e-07
-4.6324e-07
-1.25239e-07
-4.93577e-07
-1.20328e-07
-5.23797e-07
-1.19886e-07
-5.5611e-07
-1.27434e-07
-5.91612e-07
-1.39446e-07
-6.31168e-07
-1.54855e-07
-6.75614e-07
-1.73497e-07
-7.25766e-07
-1.9525e-07
-7.83851e-07
-2.24111e-07
-8.52105e-07
-2.62373e-07
-9.32185e-07
-3.07624e-07
-1.02382e-06
-3.55305e-07
-1.12413e-06
-3.95709e-07
-1.22938e-06
-4.1595e-07
-1.33609e-06
-4.23708e-07
-1.44243e-06
-4.236e-07
-1.54754e-06
-4.19455e-07
-1.65103e-06
-4.13373e-07
-1.75268e-06
-4.06301e-07
-1.85237e-06
-3.98615e-07
-1.94996e-06
-3.90461e-07
-2.04537e-06
-3.81895e-07
-2.13849e-06
-3.72942e-07
-2.22925e-06
-3.63621e-07
-2.31754e-06
-3.53946e-07
-2.40329e-06
-3.43929e-07
-2.48642e-06
-3.33585e-07
-2.56685e-06
-3.22927e-07
-2.64451e-06
-3.11968e-07
-2.71932e-06
-3.00723e-07
-2.79124e-06
-2.89205e-07
-2.86018e-06
-2.77426e-07
-2.92611e-06
-2.65402e-07
-2.98895e-06
-2.53146e-07
-3.04867e-06
-2.40671e-07
-3.10521e-06
-2.27989e-07
-3.15854e-06
-2.15116e-07
-3.2086e-06
-2.02062e-07
-3.25536e-06
-1.88842e-07
-3.2988e-06
-1.75467e-07
-3.33887e-06
-1.6195e-07
-3.37555e-06
-1.48303e-07
-3.40882e-06
-1.34539e-07
-3.43864e-06
-1.20667e-07
-3.46501e-06
-1.06701e-07
-3.48789e-06
-9.265e-08
-3.50729e-06
-7.85261e-08
-3.52317e-06
-6.43398e-08
-3.53554e-06
-5.01017e-08
-3.54439e-06
-3.58222e-08
-3.5497e-06
-2.15118e-08
-7.17516e-09
1.97367e-06
-5.80618e-09
1.96789e-06
-1.74002e-08
1.95827e-06
-2.89535e-08
1.94483e-06
-4.04465e-08
1.9276e-06
-5.1858e-08
1.9066e-06
-6.3167e-08
1.88189e-06
-7.43525e-08
1.8535e-06
-8.53937e-08
1.8215e-06
-9.62699e-08
1.78593e-06
-1.06961e-07
1.74687e-06
-1.17446e-07
1.7044e-06
-1.27705e-07
1.65858e-06
-1.37718e-07
1.60951e-06
-1.47467e-07
1.55728e-06
-1.56932e-07
1.502e-06
-1.66094e-07
1.44376e-06
-1.74935e-07
1.38267e-06
-1.83438e-07
1.31886e-06
-1.91584e-07
1.25245e-06
-1.99359e-07
1.18356e-06
-2.06745e-07
1.11233e-06
-2.13725e-07
1.0389e-06
-2.20279e-07
9.63431e-07
-2.26374e-07
8.86094e-07
-2.3194e-07
8.07131e-07
-2.3681e-07
7.26923e-07
-2.40602e-07
6.46133e-07
-2.42523e-07
5.65902e-07
-2.41216e-07
4.87901e-07
-2.35058e-07
4.13627e-07
-2.24256e-07
3.4371e-07
-2.11251e-07
2.77915e-07
-1.98718e-07
2.15591e-07
-1.88044e-07
1.56092e-07
-1.79324e-07
9.89481e-08
-1.72062e-07
4.38771e-08
-1.65687e-07
-9.26008e-09
-1.59767e-07
-6.05154e-08
-1.54032e-07
-1.09861e-07
-1.48237e-07
-1.5724e-07
-1.42288e-07
-2.02594e-07
-1.36171e-07
-2.45871e-07
-1.29907e-07
-2.87036e-07
-1.23544e-07
-3.26079e-07
-1.17145e-07
-3.63016e-07
-1.10796e-07
-3.97907e-07
-1.0461e-07
-4.30923e-07
-9.88795e-08
-4.62299e-07
-9.38451e-08
-4.92491e-07
-9.01755e-08
-5.22659e-07
-8.98979e-08
-5.54874e-07
-9.54925e-08
-5.90234e-07
-1.04456e-07
-6.29601e-07
-1.1597e-07
-6.73814e-07
-1.29907e-07
-7.23682e-07
-1.46172e-07
-7.81335e-07
-1.67685e-07
-8.49051e-07
-1.96266e-07
-9.28505e-07
-2.30098e-07
-1.01966e-06
-2.66088e-07
-1.11982e-06
-2.97044e-07
-1.22482e-06
-3.1178e-07
-1.33133e-06
-3.17582e-07
-1.43754e-06
-3.17551e-07
-1.54256e-06
-3.14487e-07
-1.64599e-06
-3.09959e-07
-1.74762e-06
-3.04683e-07
-1.84729e-06
-2.98943e-07
-1.9449e-06
-2.92851e-07
-2.04035e-06
-2.86448e-07
-2.13354e-06
-2.79755e-07
-2.22437e-06
-2.72784e-07
-2.31277e-06
-2.65547e-07
-2.39865e-06
-2.58053e-07
-2.48192e-06
-2.50312e-07
-2.56252e-06
-2.42334e-07
-2.64036e-06
-2.34129e-07
-2.71537e-06
-2.25708e-07
-2.78749e-06
-2.17081e-07
-2.85666e-06
-2.08257e-07
-2.92282e-06
-1.99247e-07
-2.9859e-06
-1.90061e-07
-3.04587e-06
-1.80708e-07
-3.10266e-06
-1.712e-07
-3.15623e-06
-1.61545e-07
-3.20654e-06
-1.51753e-07
-3.25355e-06
-1.41834e-07
-3.29722e-06
-1.31797e-07
-3.33751e-06
-1.21652e-07
-3.37441e-06
-1.11407e-07
-3.40788e-06
-1.01072e-07
-3.43789e-06
-9.06557e-08
-3.46442e-06
-8.01664e-08
-3.48746e-06
-6.96125e-08
-3.50698e-06
-5.90026e-08
-3.52298e-06
-4.83447e-08
-3.53543e-06
-3.7647e-08
-3.54434e-06
-2.69176e-08
-3.54968e-06
-1.61646e-08
-5.39177e-09
1.97367e-06
-3.87294e-09
1.96788e-06
-1.16065e-08
1.95824e-06
-1.93129e-08
1.94477e-06
-2.69788e-08
1.9275e-06
-3.45901e-08
1.90647e-06
-4.21328e-08
1.88171e-06
-4.95928e-08
1.85327e-06
-5.69561e-08
1.82121e-06
-6.42089e-08
1.78558e-06
-7.13375e-08
1.74647e-06
-7.83284e-08
1.70393e-06
-8.51682e-08
1.65806e-06
-9.18437e-08
1.60893e-06
-9.8342e-08
1.55665e-06
-1.0465e-07
1.50131e-06
-1.10757e-07
1.44303e-06
-1.16648e-07
1.3819e-06
-1.22314e-07
1.31806e-06
-1.27742e-07
1.25162e-06
-1.32921e-07
1.18272e-06
-1.37841e-07
1.11148e-06
-1.4249e-07
1.03806e-06
-1.46856e-07
9.62603e-07
-1.50914e-07
8.8529e-07
-1.5462e-07
8.0636e-07
-1.57861e-07
7.26193e-07
-1.60382e-07
6.45453e-07
-1.61655e-07
5.6528e-07
-1.60775e-07
4.87349e-07
-1.56661e-07
4.13151e-07
-1.49456e-07
3.43313e-07
-1.40788e-07
2.77596e-07
-1.32435e-07
2.15348e-07
-1.25322e-07
1.55923e-07
-1.19511e-07
9.88501e-08
-1.1467e-07
4.38494e-08
-1.10421e-07
-9.21876e-09
-1.06474e-07
-6.04065e-08
-1.02651e-07
-1.09686e-07
-9.87885e-08
-1.57001e-07
-9.48234e-08
-2.02293e-07
-9.07462e-08
-2.4551e-07
-8.65714e-08
-2.86617e-07
-8.23299e-08
-3.25602e-07
-7.80652e-08
-3.62481e-07
-7.38331e-08
-3.9731e-07
-6.97103e-08
-4.30255e-07
-6.589e-08
-4.61547e-07
-6.25351e-08
-4.91663e-07
-6.00982e-08
-5.21838e-07
-5.99035e-08
-5.53986e-07
-6.36183e-08
-5.89235e-07
-6.95765e-08
-6.28454e-07
-7.72343e-08
-6.72478e-07
-8.65043e-08
-7.22118e-07
-9.73245e-08
-7.79431e-07
-1.11602e-07
-8.46713e-07
-1.30592e-07
-9.25661e-07
-1.53075e-07
-1.01651e-06
-1.77177e-07
-1.11681e-06
-1.9824e-07
-1.22165e-06
-2.07781e-07
-1.328e-06
-2.11624e-07
-1.43407e-06
-2.11627e-07
-1.53901e-06
-2.09606e-07
-1.64239e-06
-2.06604e-07
-1.74398e-06
-2.031e-07
-1.84364e-06
-1.99286e-07
-1.94125e-06
-1.95236e-07
-2.03672e-06
-1.90978e-07
-2.12995e-06
-1.86526e-07
-2.22085e-06
-1.81888e-07
-2.30932e-06
-1.77072e-07
-2.39529e-06
-1.72085e-07
-2.47867e-06
-1.66932e-07
-2.55938e-06
-1.61621e-07
-2.63735e-06
-1.56158e-07
-2.71251e-06
-1.5055e-07
-2.78479e-06
-1.44804e-07
-2.85412e-06
-1.38926e-07
-2.92044e-06
-1.32923e-07
-2.9837e-06
-1.26802e-07
-3.04384e-06
-1.20569e-07
-3.10081e-06
-1.1423e-07
-3.15456e-06
-1.07794e-07
-3.20505e-06
-1.01265e-07
-3.25223e-06
-9.46505e-08
-3.29607e-06
-8.79566e-08
-3.33654e-06
-8.11895e-08
-3.37359e-06
-7.43553e-08
-3.4072e-06
-6.74602e-08
-3.43735e-06
-6.05098e-08
-3.464e-06
-5.35102e-08
-3.48715e-06
-4.64669e-08
-3.50677e-06
-3.93856e-08
-3.52284e-06
-3.22719e-08
-3.53535e-06
-2.51312e-08
-3.5443e-06
-1.79691e-08
-3.54968e-06
-1.07909e-08
-3.59952e-09
1.97367e-06
-1.93716e-09
1.96787e-06
-5.80526e-09
1.95821e-06
-9.65967e-09
1.94473e-06
-1.34938e-08
1.92744e-06
-1.73006e-08
1.90638e-06
-2.10729e-08
1.88159e-06
-2.48038e-08
1.85312e-06
-2.84862e-08
1.82102e-06
-3.21133e-08
1.78537e-06
-3.56781e-08
1.74621e-06
-3.91738e-08
1.70364e-06
-4.25939e-08
1.65772e-06
-4.59316e-08
1.60856e-06
-4.91806e-08
1.55625e-06
-5.23345e-08
1.50088e-06
-5.53871e-08
1.44256e-06
-5.83323e-08
1.38141e-06
-6.11643e-08
1.31755e-06
-6.38774e-08
1.25109e-06
-6.6466e-08
1.18218e-06
-6.89248e-08
1.11093e-06
-7.12482e-08
1.03751e-06
-7.34293e-08
9.62054e-07
-7.54572e-08
8.84749e-07
-7.73084e-08
8.05835e-07
-7.89274e-08
7.25692e-07
-8.01864e-08
6.44985e-07
-8.08212e-08
5.64858e-07
-8.03792e-08
4.86983e-07
-7.83204e-08
4.12845e-07
-7.47169e-08
3.43066e-07
-7.03823e-08
2.77402e-07
-6.62062e-08
2.15204e-07
-6.26502e-08
1.55827e-07
-5.97446e-08
9.88007e-08
-5.73245e-08
4.38457e-08
-5.51999e-08
-9.17725e-09
-5.32267e-08
-6.03204e-08
-5.13154e-08
-1.09556e-07
-4.93841e-08
-1.56828e-07
-4.74017e-08
-2.02078e-07
-4.53634e-08
-2.45254e-07
-4.32762e-08
-2.86321e-07
-4.11559e-08
-3.25267e-07
-3.90239e-08
-3.62108e-07
-3.69084e-08
-3.969e-07
-3.48476e-08
-4.29808e-07
-3.29377e-08
-4.61064e-07
-3.12608e-08
-4.91156e-07
-3.00453e-08
-5.21297e-07
-2.99432e-08
-5.53393e-07
-3.17971e-08
-5.88567e-07
-3.47722e-08
-6.27688e-07
-3.85965e-08
-6.7159e-07
-4.32263e-08
-7.21077e-07
-4.86307e-08
-7.78155e-07
-5.57527e-08
-8.4512e-07
-6.52321e-08
-9.23675e-07
-7.64442e-08
-1.01431e-06
-8.84786e-08
-1.11493e-06
-9.91267e-08
-1.21966e-06
-1.03891e-07
-1.32587e-06
-1.05802e-07
-1.43185e-06
-1.05801e-07
-1.53672e-06
-1.04792e-07
-1.64005e-06
-1.03294e-07
-1.74161e-06
-1.01545e-07
-1.84126e-06
-9.96407e-08
-1.93888e-06
-9.76185e-08
-2.03437e-06
-9.54926e-08
-2.12762e-06
-9.32696e-08
-2.21856e-06
-9.09537e-08
-2.30708e-06
-8.85486e-08
-2.39311e-06
-8.60574e-08
-2.47656e-06
-8.34836e-08
-2.55735e-06
-8.08303e-08
-2.6354e-06
-7.81009e-08
-2.71066e-06
-7.52988e-08
-2.78303e-06
-7.24272e-08
-2.85247e-06
-6.94896e-08
-2.9189e-06
-6.64891e-08
-2.98227e-06
-6.34293e-08
-3.04253e-06
-6.03133e-08
-3.09962e-06
-5.71445e-08
-3.15348e-06
-5.39261e-08
-3.20409e-06
-5.06615e-08
-3.25138e-06
-4.73536e-08
-3.29533e-06
-4.40059e-08
-3.3359e-06
-4.06213e-08
-3.37306e-06
-3.72029e-08
-3.40676e-06
-3.37537e-08
-3.437e-06
-3.02768e-08
-3.46373e-06
-2.67749e-08
-3.48695e-06
-2.32511e-08
-3.50662e-06
-1.97081e-08
-3.52275e-06
-1.61487e-08
-3.5353e-06
-1.25758e-08
-3.54428e-06
-8.99197e-09
-3.54967e-06
-5.40012e-09
-1.80152e-09
1.97367e-06
-1.8197e-13
1.96786e-06
-3.36991e-13
1.9582e-06
-4.10337e-13
1.94471e-06
-4.95849e-13
1.92741e-06
-5.76361e-13
1.90634e-06
-6.52888e-13
1.88153e-06
-7.34698e-13
1.85305e-06
-8.28801e-13
1.82094e-06
-9.38179e-13
1.78526e-06
-1.06084e-12
1.74609e-06
-1.19547e-12
1.70349e-06
-1.34384e-12
1.65756e-06
-1.51014e-12
1.60838e-06
-1.69874e-12
1.55605e-06
-1.911e-12
1.50067e-06
-2.14255e-12
1.44234e-06
-2.3833e-12
1.38118e-06
-2.6187e-12
1.3173e-06
-2.83455e-12
1.25084e-06
-3.01977e-12
1.18192e-06
-3.16894e-12
1.11067e-06
-3.28185e-12
1.03725e-06
-3.36154e-12
9.61794e-07
-3.41177e-12
8.84496e-07
-3.43537e-12
8.05592e-07
-3.43325e-12
7.25461e-07
-3.40341e-12
6.44771e-07
-3.34125e-12
5.64664e-07
-3.24158e-12
4.86812e-07
-3.10064e-12
4.127e-07
-2.92892e-12
3.42946e-07
-2.74865e-12
2.77308e-07
-2.57705e-12
2.15135e-07
-2.41946e-12
1.55781e-07
-2.27835e-12
9.87778e-08
-2.15334e-12
4.38458e-08
-2.04393e-12
-9.15433e-09
-1.94856e-12
-6.0275e-08
-1.86317e-12
-1.09488e-07
-1.78952e-12
-1.56739e-07
-1.73008e-12
-2.01967e-07
-1.66246e-12
-2.45123e-07
-1.60704e-12
-2.8617e-07
-1.54943e-12
-3.25097e-07
-1.49928e-12
-3.6192e-07
-1.4553e-12
-3.96696e-07
-1.42115e-12
-4.29588e-07
-1.39427e-12
-4.60829e-07
-1.3703e-12
-4.90912e-07
-1.37206e-12
-5.21034e-07
-1.41112e-12
-5.53105e-07
-1.48583e-12
-5.88246e-07
-1.55857e-12
-6.27325e-07
-1.62501e-12
-6.71174e-07
-1.67292e-12
-7.20597e-07
-1.63718e-12
-7.77577e-07
-1.42887e-12
-8.44416e-07
-9.72333e-13
-9.22789e-07
-2.33795e-13
-1.01321e-06
7.57737e-13
-1.11384e-06
1.53394e-12
-1.21858e-06
1.95358e-12
-1.32477e-06
2.11843e-12
-1.43073e-06
1.99269e-12
-1.53558e-06
1.72295e-12
-1.63889e-06
1.40805e-12
-1.74045e-06
1.09342e-12
-1.84009e-06
7.94614e-13
-1.93771e-06
5.13601e-13
-2.0332e-06
2.53001e-13
-2.12647e-06
-1.76839e-15
-2.21743e-06
-2.37138e-13
-2.30597e-06
-4.51817e-13
-2.39203e-06
-6.52816e-13
-2.47551e-06
-8.266e-13
-2.55634e-06
-9.74094e-13
-2.63444e-06
-1.09276e-12
-2.70974e-06
-1.17679e-12
-2.78217e-06
-1.23317e-12
-2.85166e-06
-1.25043e-12
-2.91814e-06
-1.2327e-12
-2.98157e-06
-1.18407e-12
-3.04188e-06
-1.11323e-12
-3.09903e-06
-1.0323e-12
-3.15295e-06
-9.53876e-13
-3.20361e-06
-8.89001e-13
-3.25097e-06
-8.45731e-13
-3.29497e-06
-8.19724e-13
-3.33559e-06
-8.07481e-13
-3.37279e-06
-8.07346e-13
-3.40655e-06
-8.12155e-13
-3.43682e-06
-8.19148e-13
-3.4636e-06
-8.2938e-13
-3.48685e-06
-8.43157e-13
-3.50655e-06
-8.64218e-13
-3.5227e-06
-8.76953e-13
-3.53528e-06
-8.66775e-13
-3.54427e-06
-8.47958e-13
-3.54967e-06
-8.63623e-13
-6.85722e-13
1.97367e-06
1.93682e-09
1.96786e-06
5.80461e-09
1.9582e-06
9.65888e-09
1.94471e-06
1.34929e-08
1.92741e-06
1.72995e-08
1.90634e-06
2.10717e-08
1.88153e-06
2.48024e-08
1.85305e-06
2.84846e-08
1.82094e-06
3.21114e-08
1.78526e-06
3.5676e-08
1.74609e-06
3.91715e-08
1.70349e-06
4.25912e-08
1.65756e-06
4.59287e-08
1.60838e-06
4.91773e-08
1.55605e-06
5.23307e-08
1.50067e-06
5.53829e-08
1.44234e-06
5.83276e-08
1.38118e-06
6.11591e-08
1.3173e-06
6.38718e-08
1.25084e-06
6.646e-08
1.18192e-06
6.89185e-08
1.11067e-06
7.12416e-08
1.03725e-06
7.34226e-08
9.61794e-07
7.54504e-08
8.84495e-07
7.73016e-08
8.05591e-07
7.89206e-08
7.25461e-07
8.01796e-08
6.4477e-07
8.08146e-08
5.64663e-07
8.03728e-08
4.86811e-07
7.83142e-08
4.12699e-07
7.4711e-08
3.42946e-07
7.03768e-08
2.77307e-07
6.6201e-08
2.15134e-07
6.26453e-08
1.5578e-07
5.97401e-08
9.87769e-08
5.73201e-08
4.3845e-08
5.51958e-08
-9.15518e-09
5.32228e-08
-6.02758e-08
5.13116e-08
-1.09489e-07
4.93804e-08
-1.5674e-07
4.73982e-08
-2.01968e-07
4.536e-08
-2.45123e-07
4.3273e-08
-2.8617e-07
4.11527e-08
-3.25098e-07
3.90209e-08
-3.61921e-07
3.69054e-08
-3.96697e-07
3.48446e-08
-4.29588e-07
3.29348e-08
-4.60829e-07
3.1258e-08
-4.90912e-07
3.00425e-08
-5.21034e-07
2.99403e-08
-5.53105e-07
3.17941e-08
-5.88246e-07
3.47691e-08
-6.27325e-07
3.85932e-08
-6.71174e-07
4.3223e-08
-7.20597e-07
4.86274e-08
-7.77577e-07
5.57499e-08
-8.44416e-07
6.52303e-08
-9.22789e-07
7.64439e-08
-1.01321e-06
8.84803e-08
-1.11384e-06
9.91298e-08
-1.21858e-06
1.03895e-07
-1.32477e-06
1.05806e-07
-1.43073e-06
1.05805e-07
-1.53558e-06
1.04796e-07
-1.63889e-06
1.03297e-07
-1.74045e-06
1.01547e-07
-1.84009e-06
9.96422e-08
-1.93771e-06
9.76195e-08
-2.0332e-06
9.54931e-08
-2.12647e-06
9.32696e-08
-2.21743e-06
9.09533e-08
-2.30597e-06
8.85477e-08
-2.39203e-06
8.60562e-08
-2.47551e-06
8.3482e-08
-2.55634e-06
8.08284e-08
-2.63444e-06
7.80988e-08
-2.70974e-06
7.52965e-08
-2.78217e-06
7.24248e-08
-2.85166e-06
6.94871e-08
-2.91814e-06
6.64867e-08
-2.98157e-06
6.34269e-08
-3.04188e-06
6.03111e-08
-3.09903e-06
5.71425e-08
-3.15295e-06
5.39242e-08
-3.20361e-06
5.06597e-08
-3.25097e-06
4.7352e-08
-3.29497e-06
4.40042e-08
-3.33559e-06
4.06197e-08
-3.37279e-06
3.72013e-08
-3.40655e-06
3.37521e-08
-3.43682e-06
3.02751e-08
-3.4636e-06
2.67733e-08
-3.48685e-06
2.32494e-08
-3.50655e-06
1.97064e-08
-3.5227e-06
1.6147e-08
-3.53528e-06
1.25741e-08
-3.54427e-06
8.9903e-09
-3.54967e-06
5.39842e-09
1.80018e-09
1.97367e-06
3.87259e-09
1.96787e-06
1.16059e-08
1.95821e-06
1.93121e-08
1.94473e-06
2.69779e-08
1.92744e-06
3.4589e-08
1.90638e-06
4.21316e-08
1.88159e-06
4.95914e-08
1.85312e-06
5.69545e-08
1.82102e-06
6.42071e-08
1.78536e-06
7.13354e-08
1.74621e-06
7.83261e-08
1.70364e-06
8.51656e-08
1.65772e-06
9.18407e-08
1.60856e-06
9.83387e-08
1.55625e-06
1.04647e-07
1.50088e-06
1.10752e-07
1.44256e-06
1.16644e-07
1.38141e-06
1.22309e-07
1.31755e-06
1.27736e-07
1.25109e-06
1.32915e-07
1.18218e-06
1.37835e-07
1.11093e-06
1.42484e-07
1.03751e-06
1.46849e-07
9.62052e-07
1.50908e-07
8.84747e-07
1.54613e-07
8.05833e-07
1.57854e-07
7.2569e-07
1.60376e-07
6.44983e-07
1.61649e-07
5.64856e-07
1.60769e-07
4.86981e-07
1.56655e-07
4.12842e-07
1.49451e-07
3.43063e-07
1.40782e-07
2.77399e-07
1.3243e-07
2.15202e-07
1.25317e-07
1.55824e-07
1.19506e-07
9.8798e-08
1.14666e-07
4.38431e-08
1.10416e-07
-9.1798e-09
1.0647e-07
-6.03228e-08
1.02647e-07
-1.09558e-07
9.87846e-08
-1.5683e-07
9.48197e-08
-2.0208e-07
9.07426e-08
-2.45255e-07
8.65679e-08
-2.86322e-07
8.23265e-08
-3.25268e-07
7.80619e-08
-3.62109e-07
7.38298e-08
-3.96901e-07
6.97071e-08
-4.29808e-07
6.58868e-08
-4.61064e-07
6.2532e-08
-4.91156e-07
6.00952e-08
-5.21297e-07
5.99005e-08
-5.53393e-07
6.36153e-08
-5.88567e-07
6.95734e-08
-6.27688e-07
7.72311e-08
-6.7159e-07
8.65011e-08
-7.21077e-07
9.73214e-08
-7.78155e-07
1.11599e-07
-8.4512e-07
1.3059e-07
-9.23675e-07
1.53074e-07
-1.01431e-06
1.77179e-07
-1.11493e-06
1.98244e-07
-1.21966e-06
2.07785e-07
-1.32587e-06
2.11628e-07
-1.43185e-06
2.11631e-07
-1.53672e-06
2.09609e-07
-1.64005e-06
2.06607e-07
-1.74161e-06
2.03102e-07
-1.84126e-06
1.99287e-07
-1.93888e-06
1.95237e-07
-2.03436e-06
1.90978e-07
-2.12762e-06
1.86526e-07
-2.21855e-06
1.81888e-07
-2.30708e-06
1.77071e-07
-2.3931e-06
1.72084e-07
-2.47655e-06
1.66931e-07
-2.55734e-06
1.61619e-07
-2.6354e-06
1.56156e-07
-2.71065e-06
1.50548e-07
-2.78303e-06
1.44802e-07
-2.85247e-06
1.38924e-07
-2.9189e-06
1.32921e-07
-2.98227e-06
1.26799e-07
-3.04253e-06
1.20566e-07
-3.09961e-06
1.14229e-07
-3.15348e-06
1.07792e-07
-3.20409e-06
1.01263e-07
-3.25138e-06
9.46489e-08
-3.29533e-06
8.7955e-08
-3.3359e-06
8.1188e-08
-3.37305e-06
7.43538e-08
-3.40676e-06
6.74586e-08
-3.43699e-06
6.05083e-08
-3.46373e-06
5.35086e-08
-3.48695e-06
4.64653e-08
-3.50662e-06
3.9384e-08
-3.52275e-06
3.22702e-08
-3.5353e-06
2.51296e-08
-3.54428e-06
1.79675e-08
-3.54967e-06
1.07893e-08
3.59824e-09
1.97367e-06
5.80587e-09
1.96788e-06
1.73996e-08
1.95824e-06
2.89528e-08
1.94477e-06
4.04456e-08
1.9275e-06
5.18569e-08
1.90647e-06
6.31658e-08
1.88171e-06
7.43512e-08
1.85327e-06
8.53922e-08
1.82121e-06
9.62682e-08
1.78558e-06
1.06959e-07
1.74647e-06
1.17443e-07
1.70393e-06
1.27702e-07
1.65806e-06
1.37716e-07
1.60893e-06
1.47464e-07
1.55665e-06
1.56928e-07
1.50131e-06
1.6609e-07
1.44302e-06
1.74931e-07
1.3819e-06
1.83433e-07
1.31806e-06
1.91579e-07
1.25162e-06
1.99353e-07
1.18272e-06
2.06739e-07
1.11148e-06
2.13719e-07
1.03806e-06
2.20273e-07
9.626e-07
2.26368e-07
8.85287e-07
2.31934e-07
8.06357e-07
2.36804e-07
7.2619e-07
2.40595e-07
6.45449e-07
2.42517e-07
5.65276e-07
2.4121e-07
4.87345e-07
2.35052e-07
4.13147e-07
2.2425e-07
3.43309e-07
2.11246e-07
2.77591e-07
1.98713e-07
2.15343e-07
1.8804e-07
1.55918e-07
1.7932e-07
9.88455e-08
1.72057e-07
4.38449e-08
1.65683e-07
-9.22305e-09
1.59763e-07
-6.04106e-08
1.54028e-07
-1.0969e-07
1.48233e-07
-1.57005e-07
1.42284e-07
-2.02296e-07
1.36167e-07
-2.45513e-07
1.29904e-07
-2.86619e-07
1.2354e-07
-3.25604e-07
1.17142e-07
-3.62482e-07
1.10792e-07
-3.97311e-07
1.04606e-07
-4.30256e-07
9.8876e-08
-4.61547e-07
9.38416e-08
-4.91664e-07
9.01722e-08
-5.21838e-07
8.98949e-08
-5.53986e-07
9.54896e-08
-5.89235e-07
1.04453e-07
-6.28453e-07
1.15967e-07
-6.72478e-07
1.29904e-07
-7.22117e-07
1.4617e-07
-7.7943e-07
1.67683e-07
-8.46711e-07
1.96266e-07
-9.25659e-07
2.30098e-07
-1.01651e-06
2.66091e-07
-1.11681e-06
2.97048e-07
-1.22165e-06
3.11784e-07
-1.32799e-06
3.17586e-07
-1.43407e-06
3.17555e-07
-1.53901e-06
3.1449e-07
-1.64238e-06
3.09962e-07
-1.74397e-06
3.04685e-07
-1.84363e-06
2.98945e-07
-1.94125e-06
2.92852e-07
-2.03672e-06
2.86449e-07
-2.12995e-06
2.79755e-07
-2.22084e-06
2.72784e-07
-2.30932e-06
2.65546e-07
-2.39529e-06
2.58051e-07
-2.47867e-06
2.5031e-07
-2.55938e-06
2.42332e-07
-2.63735e-06
2.34127e-07
-2.71251e-06
2.25706e-07
-2.78479e-06
2.17079e-07
-2.85412e-06
2.08255e-07
-2.92044e-06
1.99245e-07
-2.9837e-06
1.90059e-07
-3.04384e-06
1.80706e-07
-3.10081e-06
1.71198e-07
-3.15456e-06
1.61543e-07
-3.20505e-06
1.51751e-07
-3.25223e-06
1.41832e-07
-3.29607e-06
1.31795e-07
-3.33654e-06
1.2165e-07
-3.37359e-06
1.11406e-07
-3.4072e-06
1.01071e-07
-3.43735e-06
9.06543e-08
-3.464e-06
8.01649e-08
-3.48715e-06
6.96111e-08
-3.50676e-06
5.9001e-08
-3.52284e-06
4.83431e-08
-3.53535e-06
3.76455e-08
-3.5443e-06
2.69161e-08
-3.54968e-06
1.61631e-08
5.39062e-09
1.97367e-06
7.73514e-09
1.96789e-06
2.31814e-08
1.95827e-06
3.85737e-08
1.94483e-06
5.3886e-08
1.9276e-06
6.90905e-08
1.9066e-06
8.41594e-08
1.88189e-06
9.90648e-08
1.8535e-06
1.13779e-07
1.8215e-06
1.28275e-07
1.78593e-06
1.42525e-07
1.74687e-06
1.56502e-07
1.70439e-06
1.7018e-07
1.65858e-06
1.83532e-07
1.60951e-06
1.96532e-07
1.55728e-06
2.09156e-07
1.502e-06
2.21377e-07
1.44375e-06
2.33172e-07
1.38267e-06
2.44518e-07
1.31886e-06
2.5539e-07
1.25244e-06
2.65767e-07
1.18355e-06
2.75627e-07
1.11233e-06
2.84947e-07
1.0389e-06
2.937e-07
9.63427e-07
3.01842e-07
8.86089e-07
3.09278e-07
8.07126e-07
3.15786e-07
7.26918e-07
3.20856e-07
6.46128e-07
3.23434e-07
5.65897e-07
3.21709e-07
4.87896e-07
3.13518e-07
4.13621e-07
2.99126e-07
3.43704e-07
2.81789e-07
2.77908e-07
2.65073e-07
2.15585e-07
2.50837e-07
1.56086e-07
2.39207e-07
9.89415e-08
2.29521e-07
4.38706e-08
2.21019e-07
-9.2663e-09
2.13124e-07
-6.05213e-08
2.05475e-07
-1.09866e-07
1.97746e-07
-1.57245e-07
1.89812e-07
-2.02599e-07
1.81653e-07
-2.45875e-07
1.73299e-07
-2.8704e-07
1.64812e-07
-3.26082e-07
1.56278e-07
-3.63019e-07
1.47812e-07
-3.97909e-07
1.39566e-07
-4.30925e-07
1.31937e-07
-4.62301e-07
1.25235e-07
-4.92491e-07
1.20324e-07
-5.22659e-07
1.19883e-07
-5.54874e-07
1.27431e-07
-5.90233e-07
1.39443e-07
-6.296e-07
1.54853e-07
-6.73811e-07
1.73495e-07
-7.23678e-07
1.95248e-07
-7.81331e-07
2.24109e-07
-8.49045e-07
2.62374e-07
-9.28499e-07
3.07628e-07
-1.01965e-06
3.55311e-07
-1.11981e-06
3.95716e-07
-1.22482e-06
4.15956e-07
-1.33133e-06
4.23713e-07
-1.43753e-06
4.23604e-07
-1.54255e-06
4.19459e-07
-1.64599e-06
4.13376e-07
-1.74761e-06
4.06303e-07
-1.84729e-06
3.98617e-07
-1.9449e-06
3.90462e-07
-2.04034e-06
3.81895e-07
-2.13353e-06
3.72942e-07
-2.22437e-06
3.63621e-07
-2.31277e-06
3.53945e-07
-2.39865e-06
3.43928e-07
-2.48192e-06
3.33584e-07
-2.56251e-06
3.22925e-07
-2.64035e-06
3.11967e-07
-2.71537e-06
3.00721e-07
-2.78749e-06
2.89203e-07
-2.85666e-06
2.77424e-07
-2.92282e-06
2.654e-07
-2.9859e-06
2.53144e-07
-3.04586e-06
2.40669e-07
-3.10265e-06
2.27988e-07
-3.15623e-06
2.15114e-07
-3.20654e-06
2.02061e-07
-3.25354e-06
1.8884e-07
-3.29721e-06
1.75466e-07
-3.33751e-06
1.61949e-07
-3.37441e-06
1.48302e-07
-3.40788e-06
1.34537e-07
-3.43789e-06
1.20666e-07
-3.46442e-06
1.06699e-07
-3.48746e-06
9.26486e-08
-3.50698e-06
7.85247e-08
-3.52298e-06
6.43384e-08
-3.53543e-06
5.01003e-08
-3.54434e-06
3.58208e-08
-3.54968e-06
2.15104e-08
7.17416e-09
1.97368e-06
9.65872e-09
1.96792e-06
2.89461e-08
1.95832e-06
4.81661e-08
1.94492e-06
6.72873e-08
1.92774e-06
8.6275e-08
1.9068e-06
1.05095e-07
1.88215e-06
1.23712e-07
1.85384e-06
1.42093e-07
1.82191e-06
1.60203e-07
1.78643e-06
1.78009e-07
1.74745e-06
1.95477e-07
1.70506e-06
2.12573e-07
1.65933e-06
2.29264e-07
1.61034e-06
2.4552e-07
1.55819e-06
2.61306e-07
1.50297e-06
2.76593e-07
1.4448e-06
2.91348e-07
1.38377e-06
3.05544e-07
1.32001e-06
3.1915e-07
1.25364e-06
3.32139e-07
1.18479e-06
3.44482e-07
1.11358e-06
3.56151e-07
1.04017e-06
3.67112e-07
9.64705e-07
3.7731e-07
8.87361e-07
3.86628e-07
8.08377e-07
3.9479e-07
7.28125e-07
4.0116e-07
6.4726e-07
4.04425e-07
5.66918e-07
4.02319e-07
4.88774e-07
3.92126e-07
4.14347e-07
3.74153e-07
3.44289e-07
3.52473e-07
2.78367e-07
3.3156e-07
2.15932e-07
3.13747e-07
1.56331e-07
2.99196e-07
9.90889e-08
2.87081e-07
4.39239e-08
2.7645e-07
-9.30487e-09
2.66577e-07
-6.06494e-08
2.57012e-07
-1.10082e-07
2.47347e-07
-1.57545e-07
2.37425e-07
-2.02979e-07
2.27221e-07
-2.46333e-07
2.16772e-07
-2.87573e-07
2.06158e-07
-3.26687e-07
1.95487e-07
-3.63695e-07
1.84903e-07
-3.98658e-07
1.746e-07
-4.31758e-07
1.65082e-07
-4.63242e-07
1.56737e-07
-4.93579e-07
1.50621e-07
-5.23798e-07
1.49923e-07
-5.5611e-07
1.59469e-07
-5.91612e-07
1.74575e-07
-6.31166e-07
1.93925e-07
-6.75612e-07
2.17318e-07
-7.25762e-07
2.44605e-07
-7.83847e-07
2.80954e-07
-8.521e-07
3.29004e-07
-9.3218e-07
3.85763e-07
-1.02381e-06
4.4499e-07
-1.12412e-06
4.94576e-07
-1.22938e-06
5.20393e-07
-1.33608e-06
5.30044e-07
-1.44242e-06
5.2979e-07
-1.54753e-06
5.24517e-07
-1.65102e-06
5.16848e-07
-1.75268e-06
5.07952e-07
-1.85236e-06
4.98295e-07
-1.94995e-06
4.88056e-07
-2.04536e-06
4.77303e-07
-2.13848e-06
4.66068e-07
-2.22924e-06
4.54374e-07
-2.31753e-06
4.42239e-07
-2.40328e-06
4.29679e-07
-2.48641e-06
4.16712e-07
-2.56684e-06
4.03355e-07
-2.6445e-06
3.89625e-07
-2.71932e-06
3.7554e-07
-2.79123e-06
3.61116e-07
-2.86018e-06
3.46372e-07
-2.9261e-06
3.31324e-07
-2.98895e-06
3.1599e-07
-3.04867e-06
3.00386e-07
-3.10521e-06
2.8453e-07
-3.15853e-06
2.68437e-07
-3.2086e-06
2.52124e-07
-3.25536e-06
2.35606e-07
-3.2988e-06
2.189e-07
-3.33887e-06
2.02021e-07
-3.37555e-06
1.84983e-07
-3.40881e-06
1.67802e-07
-3.43864e-06
1.50491e-07
-3.465e-06
1.33064e-07
-3.48789e-06
1.15536e-07
-3.50729e-06
9.79187e-08
-3.52317e-06
8.02258e-08
-3.53554e-06
6.24701e-08
-3.54439e-06
4.46643e-08
-3.5497e-06
2.68209e-08
8.94545e-09
1.97369e-06
1.15744e-08
1.96795e-06
3.46872e-08
1.95839e-06
5.77197e-08
1.94505e-06
8.0635e-08
1.92793e-06
1.03392e-07
1.90707e-06
1.25951e-07
1.88251e-06
1.4827e-07
1.8543e-06
1.70308e-07
1.82248e-06
1.92026e-07
1.7871e-06
2.13382e-07
1.74824e-06
2.34337e-07
1.70597e-06
2.54851e-07
1.66035e-06
2.74884e-07
1.61147e-06
2.94397e-07
1.55942e-06
3.13353e-07
1.5043e-06
3.31713e-07
1.44621e-06
3.49441e-07
1.38525e-06
3.66499e-07
1.32155e-06
3.82855e-07
1.25521e-06
3.98472e-07
1.18638e-06
4.13318e-07
1.11517e-06
4.27358e-07
1.04173e-06
4.4055e-07
9.66221e-07
4.52826e-07
8.8881e-07
4.64045e-07
8.09744e-07
4.73875e-07
7.29404e-07
4.81552e-07
6.48455e-07
4.85501e-07
5.6803e-07
4.83011e-07
4.89796e-07
4.70825e-07
4.15262e-07
4.49289e-07
3.45078e-07
4.23285e-07
2.79019e-07
3.98185e-07
2.16448e-07
3.76793e-07
1.56712e-07
3.5932e-07
9.93386e-08
3.44774e-07
4.40444e-08
3.32009e-07
-9.31051e-09
3.20156e-07
-6.07778e-08
3.08672e-07
-1.10328e-07
2.97066e-07
-1.57906e-07
2.85151e-07
-2.03449e-07
2.72897e-07
-2.46907e-07
2.60349e-07
-2.88245e-07
2.47602e-07
-3.27452e-07
2.34789e-07
-3.64547e-07
2.22081e-07
-3.99594e-07
2.09716e-07
-4.32779e-07
1.98311e-07
-4.6435e-07
1.88326e-07
-4.94755e-07
1.80987e-07
-5.25155e-07
1.80143e-07
-5.57653e-07
1.91693e-07
-5.93365e-07
2.09917e-07
-6.33166e-07
2.33242e-07
-6.77902e-07
2.6143e-07
-7.28394e-07
2.94301e-07
-7.87001e-07
3.38306e-07
-8.55901e-07
3.96265e-07
-9.36704e-07
4.64608e-07
-1.02897e-06
5.35296e-07
-1.12969e-06
5.93858e-07
-1.23526e-06
6.25165e-07
-1.3422e-06
6.36611e-07
-1.4487e-06
6.36143e-07
-1.55393e-06
6.29696e-07
-1.65751e-06
6.20404e-07
-1.75921e-06
6.09654e-07
-1.85892e-06
5.97996e-07
-1.9565e-06
5.85641e-07
-2.05187e-06
5.7267e-07
-2.14493e-06
5.59123e-07
-2.23558e-06
5.45027e-07
-2.32374e-06
5.30403e-07
-2.40934e-06
5.15272e-07
-2.49228e-06
4.99656e-07
-2.5725e-06
4.83575e-07
-2.64993e-06
4.67051e-07
-2.72449e-06
4.50105e-07
-2.79613e-06
4.32758e-07
-2.86479e-06
4.15032e-07
-2.93041e-06
3.96947e-07
-2.99295e-06
3.78524e-07
-3.05235e-06
3.59785e-07
-3.10856e-06
3.40748e-07
-3.16156e-06
3.21435e-07
-3.2113e-06
3.01864e-07
-3.25775e-06
2.82055e-07
-3.30088e-06
2.62026e-07
-3.34065e-06
2.41795e-07
-3.37705e-06
2.21381e-07
-3.41005e-06
2.00801e-07
-3.43963e-06
1.80071e-07
-3.46577e-06
1.59207e-07
-3.48846e-06
1.38226e-07
-3.50768e-06
1.17142e-07
-3.52343e-06
9.59712e-08
-3.53569e-06
7.47281e-08
-3.54445e-06
5.34273e-08
-3.54971e-06
3.2083e-08
1.07006e-08
1.9737e-06
1.34797e-08
1.96799e-06
4.0397e-08
1.95849e-06
6.72213e-08
1.94521e-06
9.39112e-08
1.92818e-06
1.2042e-07
1.90743e-06
1.46701e-07
1.883e-06
1.72707e-07
1.85491e-06
1.98391e-07
1.82323e-06
2.23707e-07
1.78801e-06
2.48607e-07
1.7493e-06
2.73046e-07
1.70717e-06
2.96976e-07
1.6617e-06
3.20353e-07
1.61297e-06
3.43129e-07
1.56106e-06
3.65261e-07
1.50607e-06
3.86703e-07
1.4481e-06
4.07412e-07
1.38726e-06
4.27346e-07
1.32365e-06
4.46462e-07
1.2574e-06
4.64719e-07
1.18864e-06
4.82079e-07
1.1175e-06
4.985e-07
1.04412e-06
5.13933e-07
9.68644e-07
5.28301e-07
8.91253e-07
5.41442e-07
8.12174e-07
5.52974e-07
7.31765e-07
5.62013e-07
6.50666e-07
5.66726e-07
5.70002e-07
5.63941e-07
4.91461e-07
5.49831e-07
4.16612e-07
5.24739e-07
3.46149e-07
4.94375e-07
2.79859e-07
4.65041e-07
2.17089e-07
4.40038e-07
1.57178e-07
4.1962e-07
9.96424e-08
4.02629e-07
4.41929e-08
3.87725e-07
-9.31323e-09
3.73886e-07
-6.09279e-08
3.60479e-07
-1.10622e-07
3.46929e-07
-1.58339e-07
3.33016e-07
-2.04016e-07
3.18707e-07
-2.47601e-07
3.04053e-07
-2.89059e-07
2.89166e-07
-3.28377e-07
2.74202e-07
-3.65574e-07
2.59362e-07
-4.00714e-07
2.44926e-07
-4.3399e-07
2.31632e-07
-4.65646e-07
2.19999e-07
-4.96112e-07
2.11414e-07
-5.26725e-07
2.10575e-07
-5.59463e-07
2.24155e-07
-5.95445e-07
2.45526e-07
-6.35554e-07
2.72863e-07
-6.80641e-07
3.05887e-07
-7.31539e-07
3.44389e-07
-7.90773e-07
3.96256e-07
-8.60499e-07
4.64318e-07
-9.4219e-07
5.44316e-07
-1.03544e-06
6.26579e-07
-1.1369e-06
6.93891e-07
-1.24295e-06
7.30432e-07
-1.35019e-06
7.43483e-07
-1.45687e-06
7.4268e-07
-1.56221e-06
7.34986e-07
-1.66585e-06
7.24024e-07
-1.76759e-06
7.11383e-07
-1.86728e-06
6.97692e-07
-1.96483e-06
6.83189e-07
-2.06013e-06
6.6797e-07
-2.15309e-06
6.52078e-07
-2.24361e-06
6.35547e-07
-2.3316e-06
6.18401e-07
-2.417e-06
6.00666e-07
-2.49971e-06
5.82369e-07
-2.57967e-06
5.63533e-07
-2.6568e-06
5.44186e-07
-2.73105e-06
5.24352e-07
-2.80235e-06
5.04058e-07
-2.87065e-06
4.83329e-07
-2.93589e-06
4.62189e-07
-2.99803e-06
4.40665e-07
-3.05703e-06
4.18779e-07
-3.11284e-06
3.96557e-07
-3.16542e-06
3.74021e-07
-3.21475e-06
3.51194e-07
-3.2608e-06
3.281e-07
-3.30353e-06
3.04758e-07
-3.34293e-06
2.81191e-07
-3.37896e-06
2.57419e-07
-3.41162e-06
2.33462e-07
-3.44089e-06
2.09338e-07
-3.46675e-06
1.85066e-07
-3.48919e-06
1.60663e-07
-3.50819e-06
1.36147e-07
-3.52376e-06
1.11535e-07
-3.53587e-06
8.68434e-08
-3.54453e-06
6.20874e-08
-3.54973e-06
3.72832e-08
1.24351e-08
1.97371e-06
1.53712e-08
1.96804e-06
4.60653e-08
1.95861e-06
7.66543e-08
1.94543e-06
1.07093e-07
1.92852e-06
1.3733e-07
1.90791e-06
1.67311e-07
1.88363e-06
1.96986e-07
1.85572e-06
2.26301e-07
1.82422e-06
2.55203e-07
1.78919e-06
2.83639e-07
1.75068e-06
3.11557e-07
1.70875e-06
3.38904e-07
1.66348e-06
3.65628e-07
1.61493e-06
3.91676e-07
1.56319e-06
4.16996e-07
1.50836e-06
4.41538e-07
1.45052e-06
4.6525e-07
1.38978e-06
4.88084e-07
1.32625e-06
5.09992e-07
1.26005e-06
5.30925e-07
1.19129e-06
5.50838e-07
1.12011e-06
5.69682e-07
1.04664e-06
5.87398e-07
9.71052e-07
6.03895e-07
8.93518e-07
6.18982e-07
8.1429e-07
6.32221e-07
7.33751e-07
6.42603e-07
6.52558e-07
6.48044e-07
5.71824e-07
6.4494e-07
4.93195e-07
6.28922e-07
4.18211e-07
6.00321e-07
3.47569e-07
5.65643e-07
2.81078e-07
5.32097e-07
2.18085e-07
5.03506e-07
1.57945e-07
4.80148e-07
1.00184e-07
4.60709e-07
4.45175e-08
4.43657e-07
-9.19658e-09
4.27824e-07
-6.10106e-08
4.12485e-07
-1.10895e-07
3.96981e-07
-1.5879e-07
3.81061e-07
-2.04636e-07
3.64685e-07
-2.48378e-07
3.47914e-07
-2.89981e-07
3.30875e-07
-3.29431e-07
3.13747e-07
-3.66748e-07
2.96761e-07
-4.01995e-07
2.80243e-07
-4.35375e-07
2.65057e-07
-4.67137e-07
2.51778e-07
-4.97749e-07
2.41987e-07
-5.28585e-07
2.41229e-07
-5.616e-07
2.56893e-07
-5.97913e-07
2.81462e-07
-6.38411e-07
3.12867e-07
-6.83956e-07
3.50788e-07
-7.35397e-07
3.94996e-07
-7.95451e-07
4.5496e-07
-8.66122e-07
5.33203e-07
-9.48859e-07
6.24914e-07
-1.04322e-06
7.18851e-07
-1.14544e-06
7.94641e-07
-1.25191e-06
8.36106e-07
-1.35942e-06
8.50636e-07
-1.46633e-06
8.49446e-07
-1.57187e-06
8.40474e-07
-1.67567e-06
8.2781e-07
-1.77753e-06
8.13241e-07
-1.87732e-06
7.97472e-07
-1.9749e-06
7.80773e-07
-2.07018e-06
7.63252e-07
-2.16307e-06
7.44964e-07
-2.25347e-06
7.25945e-07
-2.34129e-06
7.06227e-07
-2.42647e-06
6.85841e-07
-2.50892e-06
6.64816e-07
-2.58857e-06
6.43183e-07
-2.66535e-06
6.20973e-07
-2.73922e-06
5.98216e-07
-2.8101e-06
5.74942e-07
-2.87795e-06
5.51182e-07
-2.94273e-06
5.26964e-07
-3.00438e-06
5.02318e-07
-3.06288e-06
4.77273e-07
-3.11818e-06
4.51856e-07
-3.17025e-06
4.26095e-07
-3.21907e-06
4.00014e-07
-3.26461e-06
3.73641e-07
-3.30685e-06
3.47e-07
-3.34578e-06
3.20114e-07
-3.38136e-06
2.93007e-07
-3.4136e-06
2.65699e-07
-3.44248e-06
2.38213e-07
-3.46798e-06
2.10569e-07
-3.4901e-06
1.82784e-07
-3.50883e-06
1.5488e-07
-3.52417e-06
1.26872e-07
-3.53611e-06
9.87794e-08
-3.54464e-06
7.06185e-08
-3.54976e-06
4.24058e-08
1.41437e-08
1.97373e-06
1.72446e-08
1.96812e-06
5.16796e-08
1.95877e-06
8.59979e-08
1.94571e-06
1.20152e-07
1.92896e-06
1.54085e-07
1.90853e-06
1.8774e-07
1.88446e-06
2.21059e-07
1.85677e-06
2.53984e-07
1.82552e-06
2.86457e-07
1.79074e-06
3.1842e-07
1.75248e-06
3.49812e-07
1.71081e-06
3.80575e-07
1.66579e-06
4.10649e-07
1.61749e-06
4.39976e-07
1.56599e-06
4.68495e-07
1.51138e-06
4.9615e-07
1.45375e-06
5.2288e-07
1.3932e-06
5.48631e-07
1.32985e-06
5.73345e-07
1.26381e-06
5.96968e-07
1.1952e-06
6.19448e-07
1.12415e-06
6.4073e-07
1.0508e-06
6.6075e-07
9.75283e-07
6.7941e-07
8.97771e-07
6.96501e-07
8.18476e-07
7.11535e-07
7.37749e-07
7.23381e-07
6.56221e-07
7.29696e-07
5.75013e-07
7.2641e-07
4.9583e-07
7.08563e-07
4.20317e-07
6.76432e-07
3.49224e-07
6.37361e-07
2.8236e-07
5.99526e-07
2.19076e-07
5.67265e-07
1.58689e-07
5.40923e-07
1.00703e-07
5.19014e-07
4.48203e-08
4.99805e-07
-9.10584e-09
4.81975e-07
-6.11265e-08
4.64698e-07
-1.11213e-07
4.47236e-07
-1.59304e-07
4.29301e-07
-2.05336e-07
4.1085e-07
-2.49255e-07
3.91951e-07
-2.91021e-07
3.72748e-07
-3.30623e-07
3.53443e-07
-3.68078e-07
3.343e-07
-4.03451e-07
3.15687e-07
-4.36954e-07
2.98604e-07
-4.68829e-07
2.8367e-07
-4.99605e-07
2.72724e-07
-5.30695e-07
2.72139e-07
-5.64028e-07
2.89949e-07
-6.00718e-07
3.17779e-07
-6.41661e-07
3.5332e-07
-6.87713e-07
3.9621e-07
-7.39738e-07
4.46206e-07
-8.00637e-07
5.14558e-07
-8.72319e-07
6.032e-07
-9.56356e-07
7.0698e-07
-1.05213e-06
8.12707e-07
-1.15576e-06
8.96882e-07
-1.26314e-06
9.4273e-07
-1.37123e-06
9.58382e-07
-1.4785e-06
9.56578e-07
-1.58426e-06
9.46185e-07
-1.6882e-06
9.31726e-07
-1.79012e-06
9.15161e-07
-1.88991e-06
8.9726e-07
-1.98746e-06
8.78317e-07
-2.08265e-06
8.5845e-07
-2.17541e-06
8.37718e-07
-2.26563e-06
8.16164e-07
-2.35322e-06
7.93824e-07
-2.43812e-06
7.70736e-07
-2.52024e-06
7.46934e-07
-2.59951e-06
7.22456e-07
-2.67587e-06
6.97336e-07
-2.74927e-06
6.71613e-07
-2.81965e-06
6.4532e-07
-2.88696e-06
6.18493e-07
-2.95116e-06
5.91168e-07
-3.01222e-06
5.63377e-07
-3.0701e-06
5.35154e-07
-3.12478e-06
5.06531e-07
-3.17622e-06
4.77538e-07
-3.22441e-06
4.48206e-07
-3.26933e-06
4.18562e-07
-3.31097e-06
3.88636e-07
-3.34931e-06
3.58452e-07
-3.38434e-06
3.28037e-07
-3.41605e-06
2.97413e-07
-3.44444e-06
2.66604e-07
-3.4695e-06
2.35631e-07
-3.49123e-06
2.04514e-07
-3.50963e-06
1.73273e-07
-3.52468e-06
1.41927e-07
-3.53639e-06
1.10493e-07
-3.54476e-06
7.89894e-08
-3.54979e-06
4.7432e-08
1.58201e-08
1.97375e-06
1.90944e-08
1.96821e-06
5.72233e-08
1.95898e-06
9.52247e-08
1.94608e-06
1.3305e-07
1.92953e-06
1.7064e-07
1.90934e-06
2.07932e-07
1.88553e-06
2.44865e-07
1.85814e-06
2.81376e-07
1.8272e-06
3.17401e-07
1.79274e-06
3.52877e-07
1.75481e-06
3.87738e-07
1.71347e-06
4.21919e-07
1.66876e-06
4.55354e-07
1.62076e-06
4.87977e-07
1.56954e-06
5.19722e-07
1.51516e-06
5.50523e-07
1.45773e-06
5.80314e-07
1.39733e-06
6.09031e-07
1.33407e-06
6.36609e-07
1.26805e-06
6.62986e-07
1.1994e-06
6.88097e-07
1.12825e-06
7.11877e-07
1.05476e-06
7.34248e-07
9.79072e-07
7.55096e-07
9.0139e-07
7.74189e-07
8.21955e-07
7.90988e-07
7.41131e-07
8.04256e-07
6.59541e-07
8.11408e-07
5.78262e-07
8.0795e-07
4.9893e-07
7.88353e-07
4.23165e-07
7.52793e-07
3.51739e-07
7.09411e-07
2.84506e-07
6.67325e-07
2.20819e-07
6.31426e-07
1.60057e-07
6.02073e-07
1.01717e-07
5.77673e-07
4.55012e-08
5.56287e-07
-8.73603e-09
5.36436e-07
-6.10497e-08
5.17204e-07
-1.11408e-07
4.97762e-07
-1.59752e-07
4.77794e-07
-2.06018e-07
4.57249e-07
-2.50152e-07
4.36204e-07
-2.92116e-07
4.14818e-07
-3.31898e-07
3.9332e-07
-3.69518e-07
3.72003e-07
-4.05044e-07
3.51282e-07
-4.38698e-07
3.32303e-07
-4.70729e-07
3.15718e-07
-5.01696e-07
3.03652e-07
-5.3308e-07
3.03342e-07
-5.66788e-07
3.23379e-07
-6.03936e-07
3.5455e-07
-6.45431e-07
3.94321e-07
-6.92148e-07
4.42285e-07
-7.44953e-07
4.98187e-07
-8.07012e-07
5.75275e-07
-8.7997e-07
6.74422e-07
-9.65439e-07
7.90369e-07
-1.06258e-06
9.07821e-07
-1.1673e-06
1.0002e-06
-1.27531e-06
1.05e-06
-1.38384e-06
1.06658e-06
-1.4915e-06
1.0641e-06
-1.59763e-06
1.05227e-06
-1.70191e-06
1.03599e-06
-1.80415e-06
1.01739e-06
-1.90418e-06
9.97297e-07
-2.0019e-06
9.76036e-07
-2.09719e-06
9.53739e-07
-2.18995e-06
9.30476e-07
-2.28009e-06
9.06298e-07
-2.36751e-06
8.8125e-07
-2.45215e-06
8.55375e-07
-2.53393e-06
8.28716e-07
-2.61279e-06
8.01317e-07
-2.68868e-06
7.7322e-07
-2.76153e-06
7.44467e-07
-2.83131e-06
7.15099e-07
-2.89798e-06
6.85159e-07
-2.96149e-06
6.54684e-07
-3.02183e-06
6.23716e-07
-3.07897e-06
5.9229e-07
-3.13288e-06
5.60444e-07
-3.18356e-06
5.28212e-07
-3.23098e-06
4.95628e-07
-3.27514e-06
4.62723e-07
-3.31603e-06
4.29528e-07
-3.35365e-06
3.96072e-07
-3.388e-06
3.62382e-07
-3.41907e-06
3.28482e-07
-3.44686e-06
2.94398e-07
-3.47138e-06
2.6015e-07
-3.49263e-06
2.25761e-07
-3.5106e-06
1.91249e-07
-3.52531e-06
1.56634e-07
-3.53675e-06
1.21933e-07
-3.54492e-06
8.71629e-08
-3.54983e-06
5.23395e-08
1.7457e-08
1.97378e-06
2.09136e-08
1.96833e-06
6.26752e-08
1.95926e-06
1.043e-07
1.94657e-06
1.4574e-07
1.93027e-06
1.86934e-07
1.91039e-06
2.27817e-07
1.88693e-06
2.68324e-07
1.85992e-06
3.08388e-07
1.82938e-06
3.47941e-07
1.79534e-06
3.86913e-07
1.75784e-06
4.25235e-07
1.71693e-06
4.62833e-07
1.67265e-06
4.99635e-07
1.62506e-06
5.35566e-07
1.57423e-06
5.70553e-07
1.52023e-06
6.04521e-07
1.46315e-06
6.37396e-07
1.40307e-06
6.69104e-07
1.34011e-06
6.99574e-07
1.27436e-06
7.28737e-07
1.20593e-06
7.56523e-07
1.13494e-06
7.82864e-07
1.06152e-06
8.07672e-07
9.85799e-07
8.30819e-07
9.07951e-07
8.52043e-07
8.28211e-07
8.70747e-07
7.46946e-07
8.8557e-07
6.64789e-07
8.93687e-07
5.82834e-07
8.90164e-07
5.0276e-07
8.68884e-07
4.26278e-07
8.29872e-07
3.54222e-07
7.82093e-07
2.86461e-07
7.35654e-07
2.22353e-07
6.9601e-07
1.61225e-07
6.63591e-07
1.0256e-07
6.36659e-07
4.60434e-08
6.13069e-07
-8.47941e-09
5.91183e-07
-6.10617e-08
5.69979e-07
-1.11679e-07
5.48548e-07
-1.60269e-07
5.26534e-07
-2.06768e-07
5.03881e-07
-2.5112e-07
4.80674e-07
-2.93286e-07
4.57091e-07
-3.33256e-07
4.33384e-07
-3.7105e-07
4.0988e-07
-4.0674e-07
3.87041e-07
-4.40561e-07
3.66168e-07
-4.72765e-07
3.47939e-07
-5.03938e-07
3.34787e-07
-5.35636e-07
3.3486e-07
-5.69738e-07
3.57207e-07
-6.07364e-07
3.91807e-07
-6.4943e-07
4.35907e-07
-6.96816e-07
4.89064e-07
-7.50397e-07
5.51013e-07
-8.1357e-07
6.37323e-07
-8.87827e-07
7.47437e-07
-9.75054e-07
8.75971e-07
-1.07422e-06
1.00526e-06
-1.18079e-06
1.10549e-06
-1.29024e-06
1.15874e-06
-1.39985e-06
1.17587e-06
-1.5083e-06
1.17244e-06
-1.61503e-06
1.15895e-06
-1.71974e-06
1.14068e-06
-1.82225e-06
1.1199e-06
-1.92245e-06
1.09749e-06
-2.02023e-06
1.07381e-06
-2.11547e-06
1.04898e-06
-2.20809e-06
1.0231e-06
-2.29801e-06
9.96214e-07
-2.38514e-06
9.68376e-07
-2.4694e-06
9.39636e-07
-2.55072e-06
9.10043e-07
-2.62905e-06
8.79648e-07
-2.70434e-06
8.48501e-07
-2.77652e-06
8.1665e-07
-2.84557e-06
7.84146e-07
-2.91144e-06
7.51035e-07
-2.97412e-06
7.17364e-07
-3.03358e-06
6.83178e-07
-3.08981e-06
6.48519e-07
-3.1428e-06
6.13429e-07
-3.19253e-06
5.77948e-07
-3.23902e-06
5.42111e-07
-3.28225e-06
5.05955e-07
-3.32223e-06
4.69512e-07
-3.35898e-06
4.32814e-07
-3.39248e-06
3.95889e-07
-3.42276e-06
3.58763e-07
-3.44983e-06
3.2146e-07
-3.47368e-06
2.84005e-07
-3.49434e-06
2.46416e-07
-3.5118e-06
2.08714e-07
-3.52608e-06
1.70915e-07
-3.53719e-06
1.33037e-07
-3.54512e-06
9.50943e-08
-3.54988e-06
5.71013e-08
1.90453e-08
1.97382e-06
2.26929e-08
1.96849e-06
6.80076e-08
1.95961e-06
1.13177e-07
1.94719e-06
1.58159e-07
1.93124e-06
2.0289e-07
1.91175e-06
2.47304e-07
1.88874e-06
2.91335e-07
1.86222e-06
3.34911e-07
1.8322e-06
3.77963e-07
1.79869e-06
4.20416e-07
1.76173e-06
4.62194e-07
1.72135e-06
5.03219e-07
1.67757e-06
5.43412e-07
1.63045e-06
5.8269e-07
1.58003e-06
6.20972e-07
1.52638e-06
6.58172e-07
1.46957e-06
6.94206e-07
1.40968e-06
7.28988e-07
1.34683e-06
7.62432e-07
1.28111e-06
7.94452e-07
1.21267e-06
8.24966e-07
1.14164e-06
8.53892e-07
1.06817e-06
8.81141e-07
9.92411e-07
9.06581e-07
9.14518e-07
9.29942e-07
8.34693e-07
9.50589e-07
7.53261e-07
9.67052e-07
6.70813e-07
9.76256e-07
5.88421e-07
9.72813e-07
5.07768e-07
9.49991e-07
4.30641e-07
9.07594e-07
3.57947e-07
8.55411e-07
2.89605e-07
8.04561e-07
2.24997e-07
7.61089e-07
1.63352e-07
7.25623e-07
1.04188e-07
6.96142e-07
4.72046e-08
6.70318e-07
-7.74728e-09
6.46359e-07
-6.07262e-08
6.2315e-07
-1.11702e-07
5.99692e-07
-1.60617e-07
5.75597e-07
-2.07407e-07
5.50804e-07
-2.52021e-07
5.25407e-07
-2.94425e-07
4.99601e-07
-3.34612e-07
4.73665e-07
-3.72606e-07
4.47957e-07
-4.08485e-07
4.22989e-07
-4.42501e-07
4.00228e-07
-4.74908e-07
3.80364e-07
-5.06322e-07
3.66163e-07
-5.38374e-07
3.66735e-07
-5.72927e-07
3.91487e-07
-6.11105e-07
4.29618e-07
-6.5384e-07
4.78162e-07
-7.02029e-07
5.36635e-07
-7.56605e-07
6.04788e-07
-8.21397e-07
7.00802e-07
-8.98112e-07
8.22217e-07
-9.87656e-07
9.63398e-07
-1.08887e-06
1.10451e-06
-1.19696e-06
1.21223e-06
-1.30743e-06
1.2685e-06
-1.41775e-06
1.28587e-06
-1.52676e-06
1.28133e-06
-1.63397e-06
1.26611e-06
-1.73911e-06
1.24581e-06
-1.84203e-06
1.22281e-06
-1.94258e-06
1.19805e-06
-2.04065e-06
1.17188e-06
-2.13612e-06
1.14445e-06
-2.22886e-06
1.11584e-06
-2.31878e-06
1.08613e-06
-2.40578e-06
1.05538e-06
-2.48978e-06
1.02364e-06
-2.57072e-06
9.90982e-07
-2.64854e-06
9.57466e-07
-2.72319e-06
9.2315e-07
-2.79463e-06
8.88095e-07
-2.86284e-06
8.52357e-07
-2.9278e-06
8.15992e-07
-2.98949e-06
7.79054e-07
-3.0479e-06
7.41592e-07
-3.10304e-06
7.03656e-07
-3.1549e-06
6.65292e-07
-3.2035e-06
6.26544e-07
-3.24884e-06
5.87452e-07
-3.29094e-06
5.48055e-07
-3.32982e-06
5.08388e-07
-3.36549e-06
4.68484e-07
-3.39797e-06
4.28371e-07
-3.42729e-06
3.88079e-07
-3.45346e-06
3.4763e-07
-3.4765e-06
3.07046e-07
-3.49643e-06
2.66348e-07
-3.51327e-06
2.25552e-07
-3.52703e-06
1.84675e-07
-3.53772e-06
1.4373e-07
-3.54535e-06
1.02729e-07
-3.54994e-06
6.16846e-08
2.05741e-08
1.97388e-06
2.44202e-08
1.9687e-06
7.31843e-08
1.96008e-06
1.21797e-07
1.94801e-06
1.70225e-07
1.9325e-06
2.18405e-07
1.91353e-06
2.66273e-07
1.8911e-06
3.13761e-07
1.86522e-06
3.60797e-07
1.83587e-06
4.07307e-07
1.80308e-06
4.53213e-07
1.76684e-06
4.98434e-07
1.72717e-06
5.42884e-07
1.68411e-06
5.86476e-07
1.63768e-06
6.2912e-07
1.58792e-06
6.70724e-07
1.5349e-06
7.11197e-07
1.47866e-06
7.50445e-07
1.41927e-06
7.88377e-07
1.3568e-06
8.24902e-07
1.29133e-06
8.59925e-07
1.22295e-06
8.93347e-07
1.15178e-06
9.25062e-07
1.07797e-06
9.54948e-07
1.00172e-06
9.82836e-07
9.23244e-07
1.00842e-06
8.42819e-07
1.03103e-06
7.60817e-07
1.0491e-06
6.77822e-07
1.05937e-06
5.94833e-07
1.05606e-06
5.13446e-07
1.03183e-06
4.35474e-07
9.86159e-07
3.61914e-07
9.29596e-07
2.92756e-07
8.74285e-07
2.27384e-07
8.26937e-07
1.65129e-07
7.88267e-07
1.05446e-07
7.56144e-07
4.80108e-08
7.28019e-07
-7.34079e-09
7.01935e-07
-6.06701e-08
6.76672e-07
-1.11958e-07
6.51148e-07
-1.61149e-07
6.24937e-07
-2.08185e-07
5.97972e-07
-2.53019e-07
5.70358e-07
-2.9562e-07
5.42308e-07
-3.35986e-07
5.14126e-07
-3.7415e-07
4.86203e-07
-4.10194e-07
4.59102e-07
-4.44386e-07
4.34464e-07
-4.76985e-07
4.12979e-07
-5.08631e-07
3.97772e-07
-5.41027e-07
3.98954e-07
-5.76015e-07
4.26204e-07
-6.14726e-07
4.67962e-07
-6.58109e-07
5.21062e-07
-7.07073e-07
5.8497e-07
-7.62635e-07
6.59506e-07
-8.29082e-07
7.6581e-07
-9.08034e-07
8.99322e-07
-1.00008e-06
1.05336e-06
-1.10368e-06
1.20619e-06
-1.2137e-06
1.32095e-06
-1.3258e-06
1.37992e-06
-1.43758e-06
1.39735e-06
-1.54795e-06
1.39158e-06
-1.65642e-06
1.37454e-06
-1.76271e-06
1.35209e-06
-1.86662e-06
1.32672e-06
-1.96797e-06
1.2994e-06
-2.06661e-06
1.27051e-06
-2.1624e-06
1.24024e-06
-2.25525e-06
1.20869e-06
-2.34506e-06
1.17594e-06
-2.43176e-06
1.14208e-06
-2.51529e-06
1.10717e-06
-2.59561e-06
1.0713e-06
-2.67268e-06
1.03453e-06
-2.74645e-06
9.96926e-07
-2.81692e-06
9.58558e-07
-2.88405e-06
9.1949e-07
-2.94784e-06
8.79786e-07
-3.0083e-06
8.39506e-07
-3.06541e-06
7.98708e-07
-3.1192e-06
7.57449e-07
-3.16969e-06
7.15779e-07
-3.21689e-06
6.73747e-07
-3.26084e-06
6.31398e-07
-3.30156e-06
5.88773e-07
-3.33908e-06
5.45911e-07
-3.37344e-06
5.02844e-07
-3.40467e-06
4.59604e-07
-3.43281e-06
4.16217e-07
-3.45789e-06
3.72707e-07
-3.47994e-06
3.29095e-07
-3.49899e-06
2.85396e-07
-3.51506e-06
2.41626e-07
-3.52818e-06
1.97797e-07
-3.53837e-06
1.5392e-07
-3.54564e-06
1.10002e-07
-3.55001e-06
6.60501e-08
2.20303e-08
1.97394e-06
2.60796e-08
1.96897e-06
7.81578e-08
1.96069e-06
1.30081e-07
1.94908e-06
1.8183e-07
1.93414e-06
2.33347e-07
1.91584e-06
2.8457e-07
1.89417e-06
3.35433e-07
1.8691e-06
3.85866e-07
1.84061e-06
4.35793e-07
1.80869e-06
4.85133e-07
1.77332e-06
5.33801e-07
1.7345e-06
5.81705e-07
1.69223e-06
6.28751e-07
1.64651e-06
6.74836e-07
1.59738e-06
7.19854e-07
1.54489e-06
7.63693e-07
1.48909e-06
8.0624e-07
1.43009e-06
8.47382e-07
1.36798e-06
8.87012e-07
1.30287e-06
9.2503e-07
1.23487e-06
9.61344e-07
1.16408e-06
9.95858e-07
1.09057e-06
1.02846e-06
1.01444e-06
1.05896e-06
9.35825e-07
1.08705e-06
8.54909e-07
1.11196e-06
7.72028e-07
1.13203e-06
6.87794e-07
1.14372e-06
6.03316e-07
1.14079e-06
5.20371e-07
1.11522e-06
4.41017e-07
1.06611e-06
3.6634e-07
1.0049e-06
2.96301e-07
9.44895e-07
2.30218e-07
8.935e-07
1.67346e-07
8.51531e-07
1.07119e-07
8.16692e-07
4.91936e-08
7.86211e-07
-6.60266e-09
7.57956e-07
-6.03372e-08
7.30599e-07
-1.11983e-07
7.02962e-07
-1.61485e-07
6.74588e-07
-2.08788e-07
6.45407e-07
-2.53849e-07
6.15538e-07
-2.96648e-07
5.85213e-07
-3.37192e-07
5.54764e-07
-3.75526e-07
5.24619e-07
-4.11745e-07
4.9539e-07
-4.46138e-07
4.68901e-07
-4.78975e-07
4.45834e-07
-5.1093e-07
4.29689e-07
-5.43781e-07
4.31629e-07
-5.79391e-07
4.6154e-07
-6.18944e-07
5.07141e-07
-6.63467e-07
5.65085e-07
-7.13902e-07
6.34815e-07
-7.70751e-07
7.16302e-07
-8.39584e-07
8.33191e-07
-9.20963e-07
9.78765e-07
-1.01618e-06
1.14642e-06
-1.1232e-06
1.31127e-06
-1.23609e-06
1.43255e-06
-1.35043e-06
1.4936e-06
-1.46396e-06
1.5106e-06
-1.5757e-06
1.50322e-06
-1.68523e-06
1.48403e-06
-1.79229e-06
1.45914e-06
-1.89671e-06
1.43114e-06
-1.99838e-06
1.40106e-06
-2.09717e-06
1.36931e-06
-2.193e-06
1.33607e-06
-2.28579e-06
1.30147e-06
-2.37544e-06
1.26559e-06
-2.46188e-06
1.22852e-06
-2.54503e-06
1.19032e-06
-2.62482e-06
1.15109e-06
-2.70119e-06
1.11091e-06
-2.77412e-06
1.06985e-06
-2.84357e-06
1.02801e-06
-2.90953e-06
9.85456e-07
-2.97202e-06
9.42275e-07
-3.03105e-06
8.98535e-07
-3.08665e-06
8.54304e-07
-3.13884e-06
8.09645e-07
-3.18768e-06
7.64616e-07
-3.2332e-06
7.19269e-07
-3.27546e-06
6.73653e-07
-3.3145e-06
6.27813e-07
-3.35038e-06
5.81787e-07
-3.38314e-06
5.3561e-07
-3.41285e-06
4.89313e-07
-3.43955e-06
4.4292e-07
-3.4633e-06
3.96454e-07
-3.48414e-06
3.49931e-07
-3.50211e-06
3.03365e-07
-3.51725e-06
2.56767e-07
-3.52959e-06
2.10142e-07
-3.53917e-06
1.63497e-07
-3.546e-06
1.16833e-07
-3.5501e-06
7.01495e-08
2.33977e-08
1.97403e-06
2.76502e-08
1.96932e-06
8.28653e-08
1.96148e-06
1.37926e-07
1.95048e-06
1.92833e-07
1.93629e-06
2.47538e-07
1.91887e-06
3.01984e-07
1.89819e-06
3.5611e-07
1.87421e-06
4.09848e-07
1.84688e-06
4.63122e-07
1.81617e-06
5.15848e-07
1.78203e-06
5.67937e-07
1.74444e-06
6.19292e-07
1.70338e-06
6.69811e-07
1.65883e-06
7.19388e-07
1.61077e-06
7.67916e-07
1.55918e-06
8.15283e-07
1.50406e-06
8.61363e-07
1.44542e-06
9.06021e-07
1.38332e-06
9.49108e-07
1.31788e-06
9.90477e-07
1.24924e-06
1.02998e-06
1.1776e-06
1.0675e-06
1.10317e-06
1.10288e-06
1.02618e-06
1.13596e-06
9.46838e-07
1.16639e-06
8.65406e-07
1.19341e-06
7.82221e-07
1.21526e-06
6.97815e-07
1.22824e-06
6.13101e-07
1.22575e-06
5.29573e-07
1.1992e-06
4.49206e-07
1.14707e-06
3.73218e-07
1.08152e-06
3.01766e-07
1.01693e-06
2.34339e-07
9.61414e-07
1.70277e-07
9.15989e-07
1.09019e-07
8.78274e-07
5.02326e-08
8.45265e-07
-6.25228e-09
8.14666e-07
-6.05256e-08
7.85065e-07
-1.12565e-07
7.55169e-07
-1.62335e-07
7.24507e-07
-2.09805e-07
6.9301e-07
-2.54956e-07
6.60808e-07
-2.97793e-07
6.28155e-07
-3.38348e-07
5.95413e-07
-3.76689e-07
5.63042e-07
-4.12936e-07
5.31706e-07
-4.47395e-07
5.0341e-07
-4.80361e-07
4.78818e-07
-5.12519e-07
4.61809e-07
-5.45681e-07
4.64613e-07
-5.8173e-07
4.97315e-07
-6.21883e-07
5.46924e-07
-6.67202e-07
6.09926e-07
-7.18702e-07
6.85734e-07
-7.77568e-07
7.74577e-07
-8.47694e-07
9.02249e-07
-9.30949e-07
1.06048e-06
-1.02903e-06
1.24271e-06
-1.13926e-06
1.41981e-06
-1.25491e-06
1.54705e-06
-1.37153e-06
1.60961e-06
-1.48706e-06
1.62586e-06
-1.6007e-06
1.61677e-06
-1.71212e-06
1.59541e-06
-1.82109e-06
1.56809e-06
-1.92742e-06
1.53746e-06
-2.0309e-06
1.50454e-06
-2.13135e-06
1.46976e-06
-2.22858e-06
1.43331e-06
-2.32244e-06
1.39533e-06
-2.41277e-06
1.35592e-06
-2.49946e-06
1.31521e-06
-2.58245e-06
1.27331e-06
-2.6617e-06
1.23033e-06
-2.73718e-06
1.18639e-06
-2.80893e-06
1.14159e-06
-2.87696e-06
1.09604e-06
-2.94132e-06
1.04981e-06
-3.00205e-06
1.00301e-06
-3.0592e-06
9.55689e-07
-3.11283e-06
9.07934e-07
-3.163e-06
8.59809e-07
-3.20976e-06
8.11377e-07
-3.25319e-06
7.62695e-07
-3.29335e-06
7.13815e-07
-3.33032e-06
6.64784e-07
-3.36417e-06
6.15641e-07
-3.39498e-06
5.66423e-07
-3.42283e-06
5.17158e-07
-3.44778e-06
4.67869e-07
-3.4699e-06
4.18575e-07
-3.48926e-06
3.69289e-07
-3.50591e-06
3.20019e-07
-3.51991e-06
2.70769e-07
-3.53131e-06
2.21539e-07
-3.54014e-06
1.72326e-07
-3.54643e-06
1.23125e-07
-3.55021e-06
7.39243e-08
2.46569e-08
1.97415e-06
2.91043e-08
1.96979e-06
8.72236e-08
1.96252e-06
1.45195e-07
1.9523e-06
2.0305e-07
1.93909e-06
2.60754e-07
1.92281e-06
3.18263e-07
1.90339e-06
3.75524e-07
1.88077e-06
4.32474e-07
1.85485e-06
4.89038e-07
1.82557e-06
5.45132e-07
1.79284e-06
6.00661e-07
1.75662e-06
6.55516e-07
1.71685e-06
7.09579e-07
1.67353e-06
7.62712e-07
1.62667e-06
8.14774e-07
1.57632e-06
8.65637e-07
1.52249e-06
9.15184e-07
1.46522e-06
9.63298e-07
1.40447e-06
1.00985e-06
1.34025e-06
1.0547e-06
1.27256e-06
1.09768e-06
1.20144e-06
1.13861e-06
1.12701e-06
1.17731e-06
1.04942e-06
1.21355e-06
9.68869e-07
1.24695e-06
8.85593e-07
1.2767e-06
7.9994e-07
1.30096e-06
7.12498e-07
1.3158e-06
6.24378e-07
1.31412e-06
5.3748e-07
1.28654e-06
4.54296e-07
1.23085e-06
3.76231e-07
1.16023e-06
3.0336e-07
1.09037e-06
2.34927e-07
1.03033e-06
1.70224e-07
9.81089e-07
1.08559e-07
9.40262e-07
4.95069e-08
9.04586e-07
-7.15393e-09
8.71552e-07
-6.15135e-08
8.39618e-07
-1.13588e-07
8.07412e-07
-1.63337e-07
7.74405e-07
-2.10733e-07
7.40539e-07
-2.55763e-07
7.05956e-07
-2.98439e-07
6.70937e-07
-3.3882e-07
6.35889e-07
-3.77002e-07
6.01307e-07
-4.13135e-07
5.67908e-07
-4.47561e-07
5.37873e-07
-4.8058e-07
5.11852e-07
-5.12896e-07
4.94084e-07
-5.46292e-07
4.9782e-07
-5.82724e-07
5.33452e-07
-6.23467e-07
5.8726e-07
-6.69648e-07
6.55554e-07
-7.22429e-07
7.37683e-07
-7.83886e-07
8.34004e-07
-8.56187e-07
9.73192e-07
-9.43108e-07
1.14582e-06
-1.04537e-06
1.34315e-06
-1.16062e-06
1.53337e-06
-1.28161e-06
1.66691e-06
-1.40342e-06
1.73084e-06
-1.52367e-06
1.74585e-06
-1.64141e-06
1.73441e-06
-1.75623e-06
1.7102e-06
-1.86788e-06
1.67974e-06
-1.97616e-06
1.64573e-06
-2.08088e-06
1.60926e-06
-2.18188e-06
1.57076e-06
-2.27906e-06
1.53049e-06
-2.37235e-06
1.48861e-06
-2.46172e-06
1.44529e-06
-2.54717e-06
1.40067e-06
-2.62873e-06
1.35487e-06
-2.70644e-06
1.30804e-06
-2.78031e-06
1.26026e-06
-2.85036e-06
1.21165e-06
-2.91662e-06
1.1623e-06
-2.97911e-06
1.1123e-06
-3.03784e-06
1.06174e-06
-3.09286e-06
1.01071e-06
-3.14423e-06
9.59311e-07
-3.19205e-06
9.0762e-07
-3.23638e-06
8.55711e-07
-3.27733e-06
8.03648e-07
-3.31501e-06
7.51488e-07
-3.3495e-06
6.9928e-07
-3.38093e-06
6.47065e-07
-3.40938e-06
5.94879e-07
-3.43497e-06
5.42748e-07
-3.45779e-06
4.90691e-07
-3.47794e-06
4.38723e-07
-3.4955e-06
3.86849e-07
-3.51055e-06
3.35071e-07
-3.52317e-06
2.83384e-07
-3.53341e-06
2.31779e-07
-3.54133e-06
1.80243e-07
-3.54696e-06
1.28758e-07
-3.55034e-06
7.73033e-08
2.57843e-08
1.9743e-06
3.04042e-08
1.97041e-06
9.11186e-08
1.96391e-06
1.51695e-07
1.95474e-06
2.12213e-07
1.94284e-06
2.72656e-07
1.92811e-06
3.32999e-07
1.91043e-06
3.93201e-07
1.8897e-06
4.53208e-07
1.86578e-06
5.12951e-07
1.83856e-06
5.72352e-07
1.80791e-06
6.31316e-07
1.77368e-06
6.89742e-07
1.73575e-06
7.47512e-07
1.69393e-06
8.04528e-07
1.64809e-06
8.60617e-07
1.59818e-06
9.15548e-07
1.54427e-06
9.69096e-07
1.48649e-06
1.02108e-06
1.425e-06
1.07134e-06
1.35994e-06
1.11976e-06
1.29143e-06
1.16619e-06
1.21956e-06
1.21048e-06
1.14444e-06
1.25243e-06
1.06623e-06
1.29177e-06
9.85124e-07
1.32807e-06
9.01384e-07
1.36046e-06
8.15397e-07
1.38699e-06
7.27744e-07
1.40356e-06
6.39356e-07
1.40275e-06
5.5175e-07
1.37458e-06
4.67188e-07
1.316e-06
3.87211e-07
1.24084e-06
3.12219e-07
1.16595e-06
2.41691e-07
1.10135e-06
1.7488e-07
1.0483e-06
1.11267e-07
1.0042e-06
5.05349e-08
9.65586e-07
-7.47806e-09
9.29791e-07
-6.28806e-08
8.95213e-07
-1.15604e-07
8.60304e-07
-1.65609e-07
8.24559e-07
-2.12916e-07
7.87978e-07
-2.57575e-07
7.50733e-07
-2.9968e-07
7.13148e-07
-3.39361e-07
6.75664e-07
-3.76797e-07
6.38826e-07
-4.1223e-07
6.0341e-07
-4.46057e-07
5.71742e-07
-4.78684e-07
5.44497e-07
-5.10838e-07
5.26197e-07
-5.44176e-07
5.30969e-07
-5.80856e-07
5.69836e-07
-6.22294e-07
6.28293e-07
-6.69747e-07
7.0247e-07
-7.24458e-07
7.91697e-07
-7.87936e-07
8.96487e-07
-8.64087e-07
1.04796e-06
-9.55641e-07
1.23543e-06
-1.06325e-06
1.4484e-06
-1.18336e-06
1.65132e-06
-1.30782e-06
1.79005e-06
-1.43224e-06
1.85465e-06
-1.55482e-06
1.86818e-06
-1.6748e-06
1.8543e-06
-1.79181e-06
1.82718e-06
-1.90556e-06
1.79348e-06
-2.01582e-06
1.75599e-06
-2.12241e-06
1.71584e-06
-2.22518e-06
1.67353e-06
-2.32403e-06
1.62934e-06
-2.41889e-06
1.58347e-06
-2.50969e-06
1.53609e-06
-2.59636e-06
1.48733e-06
-2.67882e-06
1.43734e-06
-2.75701e-06
1.38623e-06
-2.83085e-06
1.3341e-06
-2.90029e-06
1.28109e-06
-2.96533e-06
1.22734e-06
-3.02602e-06
1.17299e-06
-3.08249e-06
1.11821e-06
-3.13491e-06
1.06313e-06
-3.18345e-06
1.00785e-06
-3.22826e-06
9.52428e-07
-3.26949e-06
8.96939e-07
-3.30728e-06
8.41444e-07
-3.3418e-06
7.86001e-07
-3.37317e-06
7.30654e-07
-3.40155e-06
6.75443e-07
-3.42707e-06
6.20398e-07
-3.44986e-06
5.65542e-07
-3.47006e-06
5.10887e-07
-3.48778e-06
4.56441e-07
-3.50313e-06
4.02202e-07
-3.51622e-06
3.48161e-07
-3.52714e-06
2.94304e-07
-3.53597e-06
2.40607e-07
-3.54277e-06
1.87047e-07
-3.5476e-06
1.3359e-07
-3.5505e-06
8.02003e-08
2.6751e-08
1.97451e-06
3.1496e-08
1.97123e-06
9.44001e-08
1.96572e-06
1.572e-07
1.9579e-06
2.20032e-07
1.94765e-06
2.82909e-07
1.93482e-06
3.4583e-07
1.91926e-06
4.08766e-07
1.90079e-06
4.71669e-07
1.87928e-06
5.34463e-07
1.85458e-06
5.97053e-07
1.82657e-06
6.59325e-07
1.79516e-06
7.21154e-07
1.76026e-06
7.82415e-07
1.72188e-06
8.4291e-07
1.67962e-06
9.0287e-07
1.63314e-06
9.62033e-07
1.58222e-06
1.02001e-06
1.52679e-06
1.07651e-06
1.46684e-06
1.13129e-06
1.40246e-06
1.18413e-06
1.33381e-06
1.23485e-06
1.26104e-06
1.28325e-06
1.18433e-06
1.32914e-06
1.10384e-06
1.37225e-06
1.01979e-06
1.41213e-06
9.32368e-07
1.44789e-06
8.41892e-07
1.47751e-06
7.48885e-07
1.49667e-06
6.54426e-07
1.49744e-06
5.60575e-07
1.46886e-06
4.70592e-07
1.40658e-06
3.86435e-07
1.32563e-06
3.08409e-07
1.24456e-06
2.35894e-07
1.17435e-06
1.6788e-07
1.11671e-06
1.0367e-07
1.06874e-06
4.27904e-08
1.02673e-06
-1.50134e-08
9.8782e-07
-6.97928e-08
9.50185e-07
-1.21544e-07
9.12224e-07
-1.70337e-07
8.735e-07
-2.16241e-07
8.34012e-07
-2.59474e-07
7.94084e-07
-3.00147e-07
7.53927e-07
-3.38366e-07
7.13977e-07
-3.74314e-07
6.74856e-07
-4.08283e-07
6.37447e-07
-4.40724e-07
6.04226e-07
-4.72206e-07
5.75995e-07
-5.03499e-07
5.5745e-07
-5.36015e-07
5.63299e-07
-5.72119e-07
6.05651e-07
-6.13311e-07
6.6909e-07
-6.60968e-07
7.4961e-07
-7.16468e-07
8.46538e-07
-7.81592e-07
9.60746e-07
-8.60341e-07
1.12567e-06
-9.56252e-07
1.33024e-06
-1.07167e-06
1.56284e-06
-1.20182e-06
1.78057e-06
-1.33752e-06
1.92499e-06
-1.4729e-06
1.98958e-06
-1.60523e-06
2.0003e-06
-1.73358e-06
1.98258e-06
-1.85766e-06
1.95123e-06
-1.9773e-06
1.91311e-06
-2.09238e-06
1.87106e-06
-2.20275e-06
1.82622e-06
-2.30831e-06
1.77909e-06
-2.40895e-06
1.72998e-06
-2.50457e-06
1.67909e-06
-2.59509e-06
1.62662e-06
-2.68047e-06
1.57271e-06
-2.76067e-06
1.51754e-06
-2.83572e-06
1.46128e-06
-2.90571e-06
1.40409e-06
-2.97077e-06
1.34616e-06
-3.03111e-06
1.28768e-06
-3.08699e-06
1.22887e-06
-3.13882e-06
1.17003e-06
-3.18682e-06
1.11114e-06
-3.23111e-06
1.05214e-06
-3.27181e-06
9.93129e-07
-3.30905e-06
9.3418e-07
-3.34296e-06
8.75359e-07
-3.37369e-06
8.16726e-07
-3.40137e-06
7.58338e-07
-3.42617e-06
7.00239e-07
-3.44823e-06
6.42465e-07
-3.46773e-06
5.85039e-07
-3.48482e-06
5.27974e-07
-3.49965e-06
4.71271e-07
-3.51236e-06
4.14919e-07
-3.5231e-06
3.58898e-07
-3.53198e-06
3.03181e-07
-3.5391e-06
2.47729e-07
-3.54455e-06
1.92499e-07
-3.5484e-06
1.3744e-07
-3.5507e-06
8.24982e-08
2.75152e-08
1.97484e-06
3.22566e-08
1.97252e-06
9.67203e-08
1.9685e-06
1.61217e-07
1.96266e-06
2.25873e-07
1.9548e-06
2.90767e-07
1.94469e-06
3.55947e-07
1.93202e-06
4.2143e-07
1.9165e-06
4.87196e-07
1.89777e-06
5.53186e-07
1.87553e-06
6.19295e-07
1.84948e-06
6.85375e-07
1.81941e-06
7.5122e-07
1.78523e-06
8.16602e-07
1.74699e-06
8.81145e-07
1.70497e-06
9.44893e-07
1.65911e-06
1.0079e-06
1.60913e-06
1.06999e-06
1.55477e-06
1.13087e-06
1.49586e-06
1.1902e-06
1.43234e-06
1.24765e-06
1.36423e-06
1.30296e-06
1.29161e-06
1.35587e-06
1.21463e-06
1.40612e-06
1.13346e-06
1.45342e-06
1.04832e-06
1.49727e-06
9.59507e-07
1.53672e-06
8.67402e-07
1.56965e-06
7.72612e-07
1.59156e-06
6.76172e-07
1.59411e-06
5.79873e-07
1.56559e-06
4.8687e-07
1.50017e-06
3.99299e-07
1.41384e-06
3.17852e-07
1.32659e-06
2.42112e-07
1.25058e-06
1.71005e-07
1.18822e-06
1.03971e-07
1.13609e-06
4.06513e-08
1.09032e-06
-1.90837e-08
1.04778e-06
-7.5356e-08
1.00665e-06
-1.28167e-07
9.65201e-07
-1.77485e-07
9.22965e-07
-2.23251e-07
8.79908e-07
-2.65377e-07
8.36327e-07
-3.03938e-07
7.92592e-07
-3.39161e-07
7.49292e-07
-3.71425e-07
7.07201e-07
-4.01295e-07
6.67385e-07
-4.29572e-07
6.32545e-07
-4.57418e-07
6.03858e-07
-4.86152e-07
5.86144e-07
-5.17222e-07
5.94187e-07
-5.53494e-07
6.41639e-07
-5.96558e-07
7.11767e-07
-6.47634e-07
8.00175e-07
-7.08297e-07
9.06539e-07
-7.80312e-07
1.03188e-06
-8.67515e-07
1.21167e-06
-9.73066e-07
1.43423e-06
-1.09741e-06
1.68536e-06
-1.23576e-06
1.91731e-06
-1.37781e-06
2.06603e-06
-1.51837e-06
2.12966e-06
-1.65523e-06
2.13696e-06
-1.78753e-06
2.1148e-06
-1.91492e-06
2.07859e-06
-2.0372e-06
2.03538e-06
-2.15422e-06
1.98807e-06
-2.26585e-06
1.93785e-06
-2.37202e-06
1.88526e-06
-2.47268e-06
1.83063e-06
-2.56779e-06
1.77421e-06
-2.65738e-06
1.7162e-06
-2.7415e-06
1.65683e-06
-2.82024e-06
1.59629e-06
-2.89379e-06
1.53482e-06
-2.96236e-06
1.47266e-06
-3.02625e-06
1.41004e-06
-3.08578e-06
1.34721e-06
-3.14123e-06
1.28431e-06
-3.19254e-06
1.22134e-06
-3.23955e-06
1.15815e-06
-3.28224e-06
1.09482e-06
-3.32068e-06
1.03158e-06
-3.35507e-06
9.68565e-07
-3.38562e-06
9.0591e-07
-3.4126e-06
8.43705e-07
-3.43628e-06
7.82019e-07
-3.45694e-06
7.20902e-07
-3.47486e-06
6.60383e-07
-3.4903e-06
6.00474e-07
-3.5035e-06
5.41173e-07
-3.51468e-06
4.8246e-07
-3.52407e-06
4.24303e-07
-3.53183e-06
3.66661e-07
-3.53813e-06
3.0948e-07
-3.5431e-06
2.52699e-07
-3.54685e-06
1.96246e-07
-3.54945e-06
1.40045e-07
-3.55097e-06
8.40111e-08
2.80125e-08
1.97515e-06
1.97391e-06
1.97177e-06
1.9686e-06
1.96424e-06
1.95843e-06
1.95092e-06
1.94135e-06
1.92936e-06
1.9145e-06
1.89628e-06
1.87416e-06
1.84754e-06
1.81562e-06
1.77848e-06
1.73633e-06
1.68914e-06
1.63677e-06
1.57903e-06
1.51581e-06
1.44707e-06
1.37283e-06
1.29317e-06
1.20821e-06
1.11805e-06
1.02284e-06
9.22738e-07
8.18104e-07
7.09941e-07
6.00708e-07
4.95252e-07
3.97439e-07
3.08531e-07
2.27614e-07
1.53147e-07
8.40214e-08
1.96543e-08
-4.03452e-08
-9.61023e-08
-1.47766e-07
-1.95214e-07
-2.38389e-07
-2.77059e-07
-3.11403e-07
-3.41772e-07
-3.68653e-07
-3.92701e-07
-4.14772e-07
-4.36243e-07
-4.59404e-07
-4.87107e-07
-5.22047e-07
-5.64919e-07
-6.16511e-07
-6.78752e-07
-7.54918e-07
-8.49982e-07
-9.67886e-07
-1.10961e-06
-1.27272e-06
-1.44184e-06
-1.60641e-06
-1.76277e-06
-1.91052e-06
-2.05007e-06
-2.18182e-06
-2.30604e-06
-2.42295e-06
-2.53269e-06
-2.63537e-06
-2.73112e-06
-2.82009e-06
-2.90246e-06
-2.97845e-06
-3.04834e-06
-3.1124e-06
-3.17087e-06
-3.22388e-06
-3.2714e-06
-3.31323e-06
-3.34973e-06
-3.38155e-06
-3.40919e-06
-3.43311e-06
-3.45371e-06
-3.47137e-06
-3.48643e-06
-3.4992e-06
-3.50996e-06
-3.51898e-06
-3.52647e-06
-3.53265e-06
-3.5377e-06
-3.54176e-06
-3.54496e-06
-3.54743e-06
-3.54925e-06
-3.55049e-06
-3.55121e-06
)
;

boundaryField
{
    fuel
    {
        type            calculated;
        value           nonuniform List<scalar> 
40
(
-1.9756e-06
-1.9756e-06
-1.9756e-06
-1.9756e-06
-1.9756e-06
-1.9756e-06
-1.9756e-06
-1.9756e-06
-1.9756e-06
-1.9756e-06
-1.9756e-06
-1.9756e-06
-1.9756e-06
-1.9756e-06
-1.9756e-06
-1.9756e-06
-1.9756e-06
-1.9756e-06
-1.9756e-06
-1.9756e-06
-1.9756e-06
-1.9756e-06
-1.9756e-06
-1.9756e-06
-1.9756e-06
-1.9756e-06
-1.9756e-06
-1.9756e-06
-1.9756e-06
-1.9756e-06
-1.9756e-06
-1.9756e-06
-1.9756e-06
-1.9756e-06
-1.9756e-06
-1.9756e-06
-1.9756e-06
-1.9756e-06
-1.9756e-06
-1.9756e-06
)
;
    }
    air
    {
        type            calculated;
        value           nonuniform List<scalar> 
40
(
-3.55146e-06
-3.55146e-06
-3.55146e-06
-3.55147e-06
-3.55147e-06
-3.55147e-06
-3.55147e-06
-3.55147e-06
-3.55147e-06
-3.55147e-06
-3.55147e-06
-3.55147e-06
-3.55147e-06
-3.55147e-06
-3.55147e-06
-3.55147e-06
-3.55147e-06
-3.55147e-06
-3.55147e-06
-3.55147e-06
-3.55147e-06
-3.55147e-06
-3.55147e-06
-3.55147e-06
-3.55147e-06
-3.55147e-06
-3.55147e-06
-3.55147e-06
-3.55147e-06
-3.55147e-06
-3.55147e-06
-3.55147e-06
-3.55147e-06
-3.55147e-06
-3.55147e-06
-3.55147e-06
-3.55147e-06
-3.55146e-06
-3.55146e-06
-3.55146e-06
)
;
    }
    outlet
    {
        type            calculated;
        value           nonuniform List<scalar> 
200
(
3.27086e-08
9.79622e-08
1.63354e-07
2.29036e-07
2.95134e-07
3.61748e-07
4.28945e-07
4.96757e-07
5.65177e-07
6.34154e-07
7.0359e-07
7.73339e-07
8.43215e-07
9.13061e-07
9.82023e-07
1.05004e-06
1.11717e-06
1.18324e-06
1.24793e-06
1.31086e-06
1.37169e-06
1.4301e-06
1.48577e-06
1.53838e-06
1.58742e-06
1.63194e-06
1.66979e-06
1.69629e-06
1.70249e-06
1.67523e-06
1.60621e-06
1.5123e-06
1.41609e-06
1.332e-06
1.26309e-06
1.20556e-06
1.15497e-06
1.10802e-06
1.06261e-06
1.01705e-06
9.70582e-07
9.23236e-07
8.75137e-07
8.27064e-07
7.79779e-07
7.34188e-07
6.91526e-07
6.54682e-07
6.25367e-07
6.09281e-07
6.21706e-07
6.76286e-07
7.54233e-07
8.51223e-07
9.68058e-07
1.10705e-06
1.30531e-06
1.55015e-06
1.82472e-06
2.0784e-06
2.23397e-06
2.29369e-06
2.29312e-06
2.2625e-06
2.21813e-06
2.16713e-06
2.11231e-06
2.05477e-06
1.995e-06
1.93332e-06
1.86997e-06
1.80518e-06
1.7392e-06
1.67229e-06
1.60471e-06
1.53672e-06
1.46852e-06
1.40022e-06
1.33183e-06
1.26318e-06
1.19464e-06
1.12664e-06
1.05922e-06
9.92484e-07
9.26513e-07
8.61364e-07
7.97077e-07
7.3367e-07
6.71146e-07
6.09489e-07
5.48668e-07
4.88639e-07
4.29345e-07
3.7072e-07
3.12687e-07
2.55165e-07
1.98063e-07
1.41284e-07
8.47232e-08
2.82699e-08
3.27089e-08
9.79629e-08
1.63355e-07
2.29037e-07
2.95135e-07
3.61749e-07
4.28947e-07
4.9676e-07
5.6518e-07
6.34157e-07
7.03593e-07
7.73343e-07
8.4322e-07
9.13066e-07
9.82028e-07
1.05005e-06
1.11718e-06
1.18325e-06
1.24793e-06
1.31087e-06
1.3717e-06
1.43011e-06
1.48578e-06
1.53839e-06
1.58743e-06
1.63195e-06
1.66979e-06
1.69629e-06
1.70249e-06
1.67524e-06
1.60622e-06
1.5123e-06
1.41609e-06
1.33199e-06
1.26309e-06
1.20554e-06
1.15496e-06
1.108e-06
1.0626e-06
1.01703e-06
9.70559e-07
9.23212e-07
8.75111e-07
8.27038e-07
7.79753e-07
7.34161e-07
6.91499e-07
6.54657e-07
6.25346e-07
6.09268e-07
6.21714e-07
6.76304e-07
7.54259e-07
8.51259e-07
9.68107e-07
1.10712e-06
1.30543e-06
1.55033e-06
1.82494e-06
2.07859e-06
2.23407e-06
2.29373e-06
2.29313e-06
2.2625e-06
2.21812e-06
2.16712e-06
2.1123e-06
2.05476e-06
1.995e-06
1.93332e-06
1.86996e-06
1.80517e-06
1.73919e-06
1.67228e-06
1.60471e-06
1.53672e-06
1.46852e-06
1.40022e-06
1.33183e-06
1.26318e-06
1.19464e-06
1.12664e-06
1.05922e-06
9.92484e-07
9.26514e-07
8.61365e-07
7.97077e-07
7.3367e-07
6.71146e-07
6.0949e-07
5.48669e-07
4.8864e-07
4.29347e-07
3.70721e-07
3.12688e-07
2.55166e-07
1.98065e-07
1.41286e-07
8.47249e-08
2.82711e-08
)
;
    }
    frontAndBack
    {
        type            empty;
    }
}


// ************************************************************************* //
