/*--------------------------------*- C++ -*----------------------------------*\
  =========                 |
  \\      /  F ield         | OpenFOAM: The Open Source CFD Toolbox
   \\    /   O peration     | Website:  https://openfoam.org
    \\  /    A nd           | Version:  11
     \\/     M anipulation  |
\*---------------------------------------------------------------------------*/
FoamFile
{
    format      ascii;
    class       surfaceScalarField;
    location    "0.05";
    object      phi;
}
// * * * * * * * * * * * * * * * * * * * * * * * * * * * * * * * * * * * * * //

dimensions      [1 0 -1 0 0 0 0];

internalField   nonuniform List<scalar> 
7860
(
9.87492e-07
-1.36677e-08
9.86727e-07
-4.06254e-08
9.8551e-07
-6.73659e-08
9.83778e-07
-9.40185e-08
9.81452e-07
-1.20603e-07
9.78425e-07
-1.47088e-07
9.74566e-07
-1.73463e-07
9.69716e-07
-1.99728e-07
9.63677e-07
-2.25882e-07
9.56207e-07
-2.51908e-07
9.47008e-07
-2.7777e-07
9.35712e-07
-3.03411e-07
9.2187e-07
-3.28754e-07
9.04968e-07
-3.53712e-07
8.84603e-07
-3.78224e-07
8.60326e-07
-4.02151e-07
8.31618e-07
-4.25238e-07
7.9801e-07
-4.47055e-07
7.59279e-07
-4.66919e-07
7.1567e-07
-4.83865e-07
6.68378e-07
-4.97072e-07
6.18892e-07
-5.06229e-07
5.68801e-07
-5.11207e-07
5.19534e-07
-5.12314e-07
4.72113e-07
-5.10101e-07
4.2713e-07
-5.05205e-07
3.8485e-07
-4.98225e-07
3.45303e-07
-4.89673e-07
3.08385e-07
-4.79964e-07
2.73936e-07
-4.69423e-07
2.41774e-07
-4.58314e-07
2.11723e-07
-4.46852e-07
1.83618e-07
-4.35215e-07
1.57322e-07
-4.23566e-07
1.32673e-07
-4.1206e-07
1.09542e-07
-4.0077e-07
8.78443e-08
-3.89789e-07
6.746e-08
-3.79176e-07
4.82759e-08
-3.6894e-07
3.01932e-08
-3.59124e-07
1.31349e-08
-3.49767e-07
-3.03807e-09
-3.40883e-07
-1.83431e-08
-3.32461e-07
-3.28694e-08
-3.24513e-07
-4.66855e-08
-3.1704e-07
-5.9852e-08
-3.10036e-07
-7.24242e-08
-3.03489e-07
-8.44531e-08
-2.97386e-07
-9.59855e-08
-2.9171e-07
-1.07065e-07
-2.86444e-07
-1.17734e-07
-2.81574e-07
-1.28033e-07
-2.77089e-07
-1.38003e-07
-2.7299e-07
-1.47692e-07
-2.69296e-07
-1.57158e-07
-2.66055e-07
-1.66481e-07
-2.63372e-07
-1.75764e-07
-2.61457e-07
-1.85208e-07
-2.60692e-07
-1.9511e-07
-2.61596e-07
-2.05947e-07
-2.65336e-07
-2.18307e-07
-2.74363e-07
-2.32641e-07
-2.89388e-07
-2.49317e-07
-3.08337e-07
-2.68607e-07
-3.30158e-07
-2.90795e-07
-3.54263e-07
-3.16323e-07
-3.80258e-07
-3.45724e-07
-4.07876e-07
-3.79623e-07
-4.36862e-07
-4.1872e-07
-4.66893e-07
-4.63743e-07
-4.97425e-07
-5.15682e-07
-5.28211e-07
-5.76044e-07
-5.60172e-07
-6.45469e-07
-5.92564e-07
-7.24551e-07
-6.23307e-07
-8.13255e-07
-6.50776e-07
-9.10494e-07
-6.73099e-07
-1.01376e-06
-6.88406e-07
-1.11905e-06
-6.9521e-07
-1.22138e-06
-6.92826e-07
-1.31558e-06
-6.81026e-07
-1.39868e-06
-6.61302e-07
-1.46974e-06
-6.36124e-07
-1.52932e-06
-6.07359e-07
-1.57858e-06
-5.76197e-07
-1.61898e-06
-5.43374e-07
-1.65174e-06
-5.09354e-07
-1.67805e-06
-4.74444e-07
-1.69918e-06
-4.38859e-07
-1.71618e-06
-4.02858e-07
-1.72986e-06
-3.66671e-07
-1.74086e-06
-3.30476e-07
-1.74969e-06
-2.94404e-07
-1.75674e-06
-2.58546e-07
-1.76233e-06
-2.22957e-07
-1.76669e-06
-1.87668e-07
-1.77003e-06
-1.52701e-07
-1.7725e-06
-1.18102e-07
-1.77423e-06
-8.39513e-08
-1.77531e-06
-5.02564e-08
-1.68105e-08
9.87504e-07
-1.33713e-08
9.86552e-07
-3.96735e-08
9.84878e-07
-6.56943e-08
9.82448e-07
-9.1593e-08
9.79196e-07
-1.1736e-07
9.75034e-07
-1.42947e-07
9.69857e-07
-1.68324e-07
9.63537e-07
-1.93482e-07
9.55929e-07
-2.18406e-07
9.46864e-07
-2.43076e-07
9.36148e-07
-2.67454e-07
9.23555e-07
-2.91491e-07
9.08816e-07
-3.15119e-07
8.91601e-07
-3.38267e-07
8.71576e-07
-3.60917e-07
8.48205e-07
-3.82944e-07
8.20938e-07
-4.0408e-07
7.89199e-07
-4.23944e-07
7.52613e-07
-4.41938e-07
7.1126e-07
-4.57199e-07
6.66162e-07
-4.69062e-07
6.18468e-07
-4.77251e-07
5.69859e-07
-4.81675e-07
5.21777e-07
-4.82612e-07
4.75248e-07
-4.80562e-07
4.30895e-07
-4.7609e-07
3.89001e-07
-4.69733e-07
3.49635e-07
-4.61944e-07
3.12742e-07
-4.53088e-07
2.78197e-07
-4.43459e-07
2.4585e-07
-4.33294e-07
2.15547e-07
-4.22785e-07
1.87153e-07
-4.12106e-07
1.60481e-07
-4.01433e-07
1.35427e-07
-3.90836e-07
1.11874e-07
-3.80421e-07
8.97277e-08
-3.70294e-07
6.88869e-08
-3.60504e-07
4.92397e-08
-3.5106e-07
3.06619e-08
-3.42003e-07
1.30307e-08
-3.33335e-07
-3.5736e-09
-3.25048e-07
-1.93496e-08
-3.17189e-07
-3.43508e-08
-3.09764e-07
-4.86398e-08
-3.02772e-07
-6.22783e-08
-2.96207e-07
-7.53254e-08
-2.90059e-07
-8.78373e-08
-2.84318e-07
-9.98673e-08
-2.78968e-07
-1.11467e-07
-2.73994e-07
-1.22686e-07
-2.69382e-07
-1.33576e-07
-2.65122e-07
-1.44192e-07
-2.61209e-07
-1.54594e-07
-2.57658e-07
-1.64857e-07
-2.54508e-07
-1.75076e-07
-2.51847e-07
-1.85349e-07
-2.49873e-07
-1.95881e-07
-2.48928e-07
-2.06892e-07
-2.49519e-07
-2.18697e-07
-2.52837e-07
-2.31693e-07
-2.61417e-07
-2.4651e-07
-2.75367e-07
-2.63581e-07
-2.929e-07
-2.83274e-07
-3.13085e-07
-3.05989e-07
-3.3536e-07
-3.32154e-07
-3.59363e-07
-3.62266e-07
-3.84816e-07
-3.969e-07
-4.11454e-07
-4.36693e-07
-4.38939e-07
-4.82287e-07
-4.66731e-07
-5.34585e-07
-4.94736e-07
-5.9524e-07
-5.2395e-07
-6.64623e-07
-5.53277e-07
-7.43205e-07
-5.81004e-07
-8.30734e-07
-6.05694e-07
-9.25851e-07
-6.25714e-07
-1.0258e-06
-6.39475e-07
-1.12652e-06
-6.45753e-07
-1.22324e-06
-6.44012e-07
-1.3114e-06
-6.34072e-07
-1.38879e-06
-6.17125e-07
-1.45491e-06
-5.95262e-07
-1.51058e-06
-5.70005e-07
-1.55719e-06
-5.42365e-07
-1.59618e-06
-5.12964e-07
-1.62889e-06
-4.82276e-07
-1.65634e-06
-4.50581e-07
-1.67942e-06
-4.18009e-07
-1.69883e-06
-3.84801e-07
-1.71513e-06
-3.51171e-07
-1.72877e-06
-3.17296e-07
-1.74013e-06
-2.83312e-07
-1.74949e-06
-2.49322e-07
-1.75712e-06
-2.15401e-07
-1.76323e-06
-1.81602e-07
-1.76798e-06
-1.4797e-07
-1.77151e-06
-1.14577e-07
-1.77393e-06
-8.15329e-08
-1.7753e-06
-4.88849e-08
-1.63828e-08
9.87332e-07
-1.29033e-08
9.85944e-07
-3.82858e-08
9.83625e-07
-6.33771e-08
9.80336e-07
-8.83085e-08
9.76025e-07
-1.13059e-07
9.70626e-07
-1.37569e-07
9.64061e-07
-1.618e-07
9.56239e-07
-1.85734e-07
9.47053e-07
-2.09357e-07
9.36386e-07
-2.32649e-07
9.24103e-07
-2.55583e-07
9.10047e-07
-2.78125e-07
8.94034e-07
-3.00235e-07
8.75821e-07
-3.21859e-07
8.54968e-07
-3.42921e-07
8.31031e-07
-3.6329e-07
8.03452e-07
-3.82777e-07
7.71661e-07
-4.01051e-07
7.35372e-07
-4.17548e-07
6.94725e-07
-4.31478e-07
6.50653e-07
-4.42272e-07
6.04627e-07
-4.49639e-07
5.58013e-07
-4.53594e-07
5.11994e-07
-4.54387e-07
4.67422e-07
-4.52465e-07
4.24839e-07
-4.48327e-07
3.84504e-07
-4.42456e-07
3.46476e-07
-4.35266e-07
3.107e-07
-4.27093e-07
2.77058e-07
-4.18206e-07
2.45419e-07
-4.08822e-07
2.1566e-07
-3.99125e-07
1.8759e-07
-3.89293e-07
1.61127e-07
-3.79422e-07
1.36158e-07
-3.69611e-07
1.12583e-07
-3.59988e-07
9.02917e-08
-3.50636e-07
6.91442e-08
-3.41605e-07
4.90752e-08
-3.32868e-07
3.00427e-08
-3.24444e-07
1.20268e-08
-3.16357e-07
-5.14129e-09
-3.08652e-07
-2.15004e-08
-3.01335e-07
-3.71086e-08
-2.94411e-07
-5.20275e-08
-2.87878e-07
-6.63191e-08
-2.8173e-07
-8.00436e-08
-2.7596e-07
-9.32606e-08
-2.70555e-07
-1.06028e-07
-2.655e-07
-1.18405e-07
-2.60779e-07
-1.30448e-07
-2.56379e-07
-1.42218e-07
-2.52286e-07
-1.53778e-07
-2.48496e-07
-1.65197e-07
-2.45017e-07
-1.76552e-07
-2.41886e-07
-1.87928e-07
-2.39185e-07
-1.99413e-07
-2.37118e-07
-2.11157e-07
-2.36002e-07
-2.23326e-07
-2.36364e-07
-2.36104e-07
-2.3945e-07
-2.49823e-07
-2.47884e-07
-2.65157e-07
-2.61001e-07
-2.82575e-07
-2.77321e-07
-3.02478e-07
-2.96042e-07
-3.2526e-07
-3.16672e-07
-3.51326e-07
-3.38889e-07
-3.81124e-07
-3.6244e-07
-4.15141e-07
-3.87072e-07
-4.53902e-07
-4.12452e-07
-4.9793e-07
-4.38042e-07
-5.48184e-07
-4.63863e-07
-6.06342e-07
-4.90876e-07
-6.72577e-07
-5.17694e-07
-7.4731e-07
-5.42935e-07
-8.30302e-07
-5.65283e-07
-9.20308e-07
-5.83274e-07
-1.01484e-06
-5.95518e-07
-1.11024e-06
-6.0099e-07
-1.20225e-06
-5.99285e-07
-1.28667e-06
-5.90327e-07
-1.36148e-06
-5.7514e-07
-1.42625e-06
-5.55587e-07
-1.48152e-06
-5.32977e-07
-1.52848e-06
-5.08147e-07
-1.56845e-06
-4.81602e-07
-1.60269e-06
-4.53681e-07
-1.63223e-06
-4.24647e-07
-1.65775e-06
-3.94724e-07
-1.67981e-06
-3.64105e-07
-1.69882e-06
-3.32961e-07
-1.71515e-06
-3.01436e-07
-1.72907e-06
-2.69653e-07
-1.74082e-06
-2.37712e-07
-1.75061e-06
-2.0569e-07
-1.7586e-06
-1.73652e-07
-1.76493e-06
-1.41656e-07
-1.76972e-06
-1.0979e-07
-1.77308e-06
-7.81824e-08
-1.77507e-06
-4.68959e-08
-1.57193e-08
9.87261e-07
-1.23638e-08
9.85651e-07
-3.66765e-08
9.82966e-07
-6.06938e-08
9.79185e-07
-8.45325e-08
9.74279e-07
-1.08164e-07
9.6821e-07
-1.31521e-07
9.60932e-07
-1.54563e-07
9.52389e-07
-1.77268e-07
9.42512e-07
-1.9962e-07
9.31215e-07
-2.21597e-07
9.18386e-07
-2.43173e-07
9.03874e-07
-2.64316e-07
8.87476e-07
-2.84985e-07
8.68913e-07
-3.05129e-07
8.47845e-07
-3.24678e-07
8.23804e-07
-3.43538e-07
7.96275e-07
-3.61531e-07
7.64861e-07
-3.78341e-07
7.2919e-07
-3.9348e-07
6.89169e-07
-4.06227e-07
6.45866e-07
-4.1605e-07
6.00487e-07
-4.22729e-07
5.54335e-07
-4.26232e-07
5.08871e-07
-4.26776e-07
4.64877e-07
-4.24843e-07
4.22829e-07
-4.20917e-07
3.82939e-07
-4.15436e-07
3.45274e-07
-4.08769e-07
3.09786e-07
-4.01215e-07
2.76361e-07
-3.93019e-07
2.44855e-07
-3.84383e-07
2.15104e-07
-3.75476e-07
1.87014e-07
-3.6642e-07
1.60466e-07
-3.57316e-07
1.35329e-07
-3.48304e-07
1.11503e-07
-3.39458e-07
8.88988e-08
-3.30834e-07
6.74253e-08
-3.2246e-07
4.70265e-08
-3.14334e-07
2.76331e-08
-3.06491e-07
9.16014e-09
-2.98979e-07
-8.47111e-09
-2.91812e-07
-2.53242e-08
-2.84998e-07
-4.14611e-08
-2.78539e-07
-5.69424e-08
-2.72433e-07
-7.18276e-08
-2.66674e-07
-8.6175e-08
-2.61253e-07
-1.00042e-07
-2.56157e-07
-1.13487e-07
-2.51372e-07
-1.26564e-07
-2.46881e-07
-1.39333e-07
-2.4267e-07
-1.51851e-07
-2.38724e-07
-1.64177e-07
-2.35039e-07
-1.76374e-07
-2.31622e-07
-1.88511e-07
-2.2851e-07
-2.00659e-07
-2.25786e-07
-2.12903e-07
-2.23672e-07
-2.25353e-07
-2.22447e-07
-2.3814e-07
-2.22672e-07
-2.51449e-07
-2.25638e-07
-2.65658e-07
-2.33985e-07
-2.81383e-07
-2.46403e-07
-2.99087e-07
-2.61658e-07
-3.1917e-07
-2.79062e-07
-3.4203e-07
-2.98189e-07
-3.68083e-07
-3.18756e-07
-3.97784e-07
-3.40528e-07
-4.31632e-07
-3.63266e-07
-4.70143e-07
-3.86636e-07
-5.13813e-07
-4.10128e-07
-5.63739e-07
-4.33937e-07
-6.21499e-07
-4.58911e-07
-6.87056e-07
-4.83442e-07
-7.60753e-07
-5.06439e-07
-8.42273e-07
-5.26706e-07
-9.30312e-07
-5.4293e-07
-1.02238e-06
-5.53892e-07
-1.11491e-06
-5.58715e-07
-1.20387e-06
-5.57088e-07
-1.28535e-06
-5.48987e-07
-1.35755e-06
-5.35303e-07
-1.42013e-06
-5.17679e-07
-1.47381e-06
-4.97277e-07
-1.51973e-06
-4.74813e-07
-1.55914e-06
-4.50713e-07
-1.59316e-06
-4.25256e-07
-1.62273e-06
-3.98662e-07
-1.64855e-06
-3.71129e-07
-1.67118e-06
-3.42837e-07
-1.69099e-06
-3.13949e-07
-1.70829e-06
-2.84603e-07
-1.72329e-06
-2.54916e-07
-1.73616e-06
-2.24985e-07
-1.74704e-06
-1.94887e-07
-1.75604e-06
-1.6469e-07
-1.76325e-06
-1.34457e-07
-1.76877e-06
-1.04283e-07
-1.77265e-06
-7.43015e-08
-1.77496e-06
-4.45861e-08
-1.49504e-08
9.87194e-07
-1.17572e-08
9.8539e-07
-3.48733e-08
9.82391e-07
-5.76966e-08
9.78184e-07
-8.03307e-08
9.72752e-07
-1.02742e-07
9.66069e-07
-1.24861e-07
9.58107e-07
-1.46643e-07
9.48824e-07
-1.68064e-07
9.3817e-07
-1.89107e-07
9.26075e-07
-2.09752e-07
9.1245e-07
-2.29974e-07
8.97166e-07
-2.49745e-07
8.80051e-07
-2.69032e-07
8.60865e-07
-2.8779e-07
8.39263e-07
-3.05964e-07
8.14826e-07
-3.23455e-07
7.87112e-07
-3.40102e-07
7.55622e-07
-3.5563e-07
7.20054e-07
-3.69577e-07
6.80463e-07
-3.81272e-07
6.37776e-07
-3.90272e-07
5.93207e-07
-3.96364e-07
5.4809e-07
-3.99518e-07
5.03281e-07
-3.99981e-07
4.59957e-07
-3.98095e-07
4.18541e-07
-3.94364e-07
3.79258e-07
-3.892e-07
3.42145e-07
-3.82967e-07
3.07126e-07
-3.75936e-07
2.74064e-07
-3.68337e-07
2.42815e-07
-3.60348e-07
2.13256e-07
-3.52119e-07
1.85258e-07
-3.43755e-07
1.58687e-07
-3.35371e-07
1.33383e-07
-3.27043e-07
1.09404e-07
-3.18822e-07
8.66328e-08
-3.10794e-07
6.49641e-08
-3.02996e-07
4.42948e-08
-2.9545e-07
2.45631e-08
-2.88181e-07
5.69888e-09
-2.8121e-07
-1.23597e-08
-2.74551e-07
-2.96724e-08
-2.68212e-07
-4.62971e-08
-2.62192e-07
-6.2291e-08
-2.56491e-07
-7.77104e-08
-2.511e-07
-9.2611e-08
-2.46011e-07
-1.07048e-07
-2.41211e-07
-1.21074e-07
-2.36683e-07
-1.34744e-07
-2.32414e-07
-1.48111e-07
-2.28387e-07
-1.61226e-07
-2.24589e-07
-1.74144e-07
-2.21016e-07
-1.86919e-07
-2.17677e-07
-1.99608e-07
-2.1461e-07
-2.12272e-07
-2.11901e-07
-2.24988e-07
-2.09794e-07
-2.3785e-07
-2.0853e-07
-2.50989e-07
-2.08699e-07
-2.64624e-07
-2.11637e-07
-2.79256e-07
-2.19845e-07
-2.95388e-07
-2.31607e-07
-3.13439e-07
-2.45879e-07
-3.33793e-07
-2.62069e-07
-3.56837e-07
-2.79812e-07
-3.8298e-07
-2.98856e-07
-4.12668e-07
-3.1899e-07
-4.46381e-07
-3.39985e-07
-4.84597e-07
-3.61515e-07
-5.27791e-07
-3.83117e-07
-5.77191e-07
-4.05139e-07
-6.34252e-07
-4.28282e-07
-6.98788e-07
-4.50795e-07
-7.71105e-07
-4.71807e-07
-8.50841e-07
-4.9023e-07
-9.36684e-07
-5.04878e-07
-1.02621e-06
-5.14664e-07
-1.116e-06
-5.1883e-07
-1.20223e-06
-5.17139e-07
-1.28128e-06
-5.09612e-07
-1.35147e-06
-4.97066e-07
-1.41255e-06
-4.80978e-07
-1.46522e-06
-4.6238e-07
-1.51059e-06
-4.41893e-07
-1.54987e-06
-4.19881e-07
-1.5841e-06
-3.96581e-07
-1.61413e-06
-3.72182e-07
-1.64062e-06
-3.46857e-07
-1.66404e-06
-3.20766e-07
-1.68473e-06
-2.94054e-07
-1.70295e-06
-2.66845e-07
-1.71888e-06
-2.39247e-07
-1.73266e-06
-2.11352e-07
-1.74438e-06
-1.83236e-07
-1.75415e-06
-1.54963e-07
-1.76202e-06
-1.26601e-07
-1.76807e-06
-9.82465e-08
-1.77234e-06
-7.00334e-08
-1.77488e-06
-4.20405e-08
-1.41016e-08
9.87148e-07
-1.11047e-08
9.85208e-07
-3.29337e-08
9.81986e-07
-5.4477e-08
9.77479e-07
-7.58289e-08
9.7168e-07
-9.6953e-08
9.64577e-07
-1.1778e-07
9.56155e-07
-1.38263e-07
9.46391e-07
-1.58379e-07
9.3525e-07
-1.78109e-07
9.2268e-07
-1.97433e-07
9.08604e-07
-2.16328e-07
8.92908e-07
-2.34768e-07
8.75427e-07
-2.52722e-07
8.55921e-07
-2.70149e-07
8.34076e-07
-2.86996e-07
8.09495e-07
-3.03179e-07
7.81655e-07
-3.18557e-07
7.50123e-07
-3.32865e-07
7.14592e-07
-3.45678e-07
6.75137e-07
-3.56378e-07
6.32681e-07
-3.64587e-07
5.88404e-07
-3.70111e-07
5.43559e-07
-3.72937e-07
4.99303e-07
-3.73292e-07
4.56272e-07
-3.71551e-07
4.15111e-07
-3.68087e-07
3.75989e-07
-3.63299e-07
3.38997e-07
-3.57489e-07
3.04148e-07
-3.50917e-07
2.7119e-07
-3.43831e-07
2.39982e-07
-3.36393e-07
2.10423e-07
-3.28726e-07
1.82414e-07
-3.20944e-07
1.55832e-07
-3.13141e-07
1.30647e-07
-3.05397e-07
1.06626e-07
-2.97803e-07
8.37188e-08
-2.90407e-07
6.1839e-08
-2.83233e-07
4.09115e-08
-2.76278e-07
2.08821e-08
-2.69566e-07
1.69197e-09
-2.63119e-07
-1.67174e-08
-2.5695e-07
-3.44029e-08
-2.51066e-07
-5.14205e-08
-2.4547e-07
-6.78247e-08
-2.40158e-07
-8.36689e-08
-2.35124e-07
-9.90051e-08
-2.30357e-07
-1.13884e-07
-2.25846e-07
-1.28355e-07
-2.21576e-07
-1.42467e-07
-2.17531e-07
-1.56268e-07
-2.13698e-07
-1.69803e-07
-2.10064e-07
-1.83121e-07
-2.06626e-07
-1.96268e-07
-2.03397e-07
-2.09294e-07
-2.00416e-07
-2.22256e-07
-1.97773e-07
-2.3524e-07
-1.95727e-07
-2.48327e-07
-1.94498e-07
-2.61669e-07
-1.94696e-07
-2.75532e-07
-1.977e-07
-2.90485e-07
-2.05632e-07
-3.06956e-07
-2.16712e-07
-3.25322e-07
-2.30033e-07
-3.45946e-07
-2.45072e-07
-3.69204e-07
-2.61509e-07
-3.955e-07
-2.79121e-07
-4.25273e-07
-2.97715e-07
-4.59001e-07
-3.17076e-07
-4.97162e-07
-3.36889e-07
-5.40311e-07
-3.56748e-07
-5.89656e-07
-3.77056e-07
-6.46254e-07
-3.98368e-07
-7.10378e-07
-4.19017e-07
-7.82136e-07
-4.3819e-07
-8.61073e-07
-4.54901e-07
-9.45827e-07
-4.68086e-07
-1.03396e-06
-4.76783e-07
-1.12211e-06
-4.80344e-07
-1.20655e-06
-4.78593e-07
-1.28382e-06
-4.71584e-07
-1.35237e-06
-4.60069e-07
-1.41204e-06
-4.45372e-07
-1.46356e-06
-4.28401e-07
-1.50806e-06
-4.09697e-07
-1.54671e-06
-3.89573e-07
-1.58055e-06
-3.68234e-07
-1.6104e-06
-3.45845e-07
-1.6369e-06
-3.2256e-07
-1.66047e-06
-2.98525e-07
-1.68145e-06
-2.7387e-07
-1.70004e-06
-2.4871e-07
-1.7164e-06
-2.23144e-07
-1.73063e-06
-1.97258e-07
-1.74282e-06
-1.71123e-07
-1.75302e-06
-1.44803e-07
-1.76128e-06
-1.18361e-07
-1.76764e-06
-9.18931e-08
-1.77214e-06
-6.55302e-08
-1.77483e-06
-3.9351e-08
-1.32041e-08
9.8711e-07
-1.04141e-08
9.85059e-07
-3.08834e-08
9.81658e-07
-5.10782e-08
9.76908e-07
-7.10841e-08
9.70808e-07
-9.08638e-08
9.63356e-07
-1.10349e-07
9.54544e-07
-1.29494e-07
9.44358e-07
-1.48274e-07
9.32776e-07
-1.6667e-07
9.19754e-07
-1.84664e-07
9.05226e-07
-2.02234e-07
8.89091e-07
-2.19356e-07
8.71194e-07
-2.36002e-07
8.51309e-07
-2.52136e-07
8.29114e-07
-2.67711e-07
8.04233e-07
-2.8265e-07
7.76191e-07
-2.96821e-07
7.44519e-07
-3.09987e-07
7.0894e-07
-3.21751e-07
6.69536e-07
-3.31541e-07
6.27235e-07
-3.39021e-07
5.83179e-07
-3.44012e-07
5.38605e-07
-3.4651e-07
4.94616e-07
-3.46732e-07
4.52e-07
-3.45023e-07
4.11208e-07
-3.41762e-07
3.72522e-07
-3.37298e-07
3.35934e-07
-3.31924e-07
3.01268e-07
-3.25906e-07
2.68337e-07
-3.19425e-07
2.37153e-07
-3.12586e-07
2.07564e-07
-3.05509e-07
1.79451e-07
-2.98301e-07
1.52805e-07
-2.91053e-07
1.27467e-07
-2.83869e-07
1.03322e-07
-2.76819e-07
8.02972e-08
-2.69965e-07
5.82863e-08
-2.6333e-07
3.72012e-08
-2.56913e-07
1.69616e-08
-2.50729e-07
-2.4756e-09
-2.44783e-07
-2.11589e-08
-2.39085e-07
-3.91383e-08
-2.33642e-07
-5.64655e-08
-2.28457e-07
-7.31911e-08
-2.23525e-07
-8.93646e-08
-2.1884e-07
-1.05034e-07
-2.14394e-07
-1.20246e-07
-2.10174e-07
-1.35046e-07
-2.06167e-07
-1.49477e-07
-2.02358e-07
-1.63583e-07
-1.98735e-07
-1.77404e-07
-1.95287e-07
-1.90983e-07
-1.92013e-07
-2.04364e-07
-1.88927e-07
-2.17595e-07
-1.86072e-07
-2.30733e-07
-1.83542e-07
-2.43862e-07
-1.81591e-07
-2.57086e-07
-1.80449e-07
-2.70569e-07
-1.80743e-07
-2.84682e-07
-1.83876e-07
-2.99927e-07
-1.9142e-07
-3.16703e-07
-2.01776e-07
-3.35367e-07
-2.14146e-07
-3.56265e-07
-2.28062e-07
-3.79767e-07
-2.43241e-07
-4.06273e-07
-2.5948e-07
-4.36218e-07
-2.76603e-07
-4.70076e-07
-2.94409e-07
-5.08306e-07
-3.12595e-07
-5.51538e-07
-3.30818e-07
-6.00937e-07
-3.49494e-07
-6.57344e-07
-3.69045e-07
-7.21188e-07
-3.87935e-07
-7.92527e-07
-4.05403e-07
-8.70821e-07
-4.20542e-07
-9.5465e-07
-4.32393e-07
-1.04156e-06
-4.40103e-07
-1.12824e-06
-4.43115e-07
-1.21108e-06
-4.41301e-07
-1.28677e-06
-4.34735e-07
-1.3539e-06
-4.24123e-07
-1.41238e-06
-4.10654e-07
-1.46296e-06
-3.95136e-07
-1.50677e-06
-3.78043e-07
-1.54494e-06
-3.59645e-07
-1.57848e-06
-3.40119e-07
-1.6082e-06
-3.19611e-07
-1.63467e-06
-2.98258e-07
-1.65833e-06
-2.76187e-07
-1.67947e-06
-2.53517e-07
-1.69828e-06
-2.30353e-07
-1.7149e-06
-2.06784e-07
-1.7294e-06
-1.82889e-07
-1.74186e-06
-1.58735e-07
-1.75232e-06
-1.3438e-07
-1.76082e-06
-1.09887e-07
-1.76737e-06
-8.53457e-08
-1.77202e-06
-6.08818e-08
-1.7748e-06
-3.65714e-08
-1.22753e-08
9.87081e-07
-9.6943e-09
9.84944e-07
-2.87472e-08
9.81403e-07
-4.75396e-08
9.76464e-07
-6.61496e-08
9.7013e-07
-8.45406e-08
9.62405e-07
-1.02646e-07
9.53291e-07
-1.20423e-07
9.42782e-07
-1.37845e-07
9.30861e-07
-1.54895e-07
9.17497e-07
-1.71554e-07
9.02631e-07
-1.87803e-07
8.86168e-07
-2.03619e-07
8.67961e-07
-2.18976e-07
8.47791e-07
-2.33844e-07
8.2535e-07
-2.48176e-07
8.00235e-07
-2.61904e-07
7.71994e-07
-2.74904e-07
7.4017e-07
-2.86958e-07
7.0448e-07
-2.97704e-07
6.6503e-07
-3.06615e-07
6.22747e-07
-3.13397e-07
5.78759e-07
-3.17888e-07
5.34303e-07
-3.20093e-07
4.90464e-07
-3.20214e-07
4.48024e-07
-3.18573e-07
4.07436e-07
-3.15521e-07
3.68918e-07
-3.11375e-07
3.32453e-07
-3.06421e-07
2.97742e-07
-3.00895e-07
2.65025e-07
-2.94888e-07
2.34039e-07
-2.88575e-07
2.04619e-07
-2.82076e-07
1.7663e-07
-2.75485e-07
1.49898e-07
-2.68886e-07
1.24406e-07
-2.62327e-07
1.00033e-07
-2.55875e-07
7.675e-08
-2.4957e-07
5.45367e-08
-2.43434e-07
3.32969e-08
-2.3749e-07
1.29227e-08
-2.31775e-07
-6.68396e-09
-2.26296e-07
-2.55604e-08
-2.21045e-07
-4.37524e-08
-2.16026e-07
-6.1306e-08
-2.11238e-07
-7.82675e-08
-2.06678e-07
-9.46821e-08
-2.0234e-07
-1.10594e-07
-1.98214e-07
-1.26045e-07
-1.94289e-07
-1.41077e-07
-1.90553e-07
-1.55729e-07
-1.86992e-07
-1.70039e-07
-1.83596e-07
-1.84047e-07
-1.80356e-07
-1.97789e-07
-1.77272e-07
-2.11307e-07
-1.74362e-07
-2.2465e-07
-1.71668e-07
-2.3788e-07
-1.69288e-07
-2.51088e-07
-1.67464e-07
-2.64392e-07
-1.66428e-07
-2.77955e-07
-1.66826e-07
-2.92297e-07
-1.70073e-07
-3.07809e-07
-1.77191e-07
-3.24858e-07
-1.86807e-07
-3.43788e-07
-1.98224e-07
-3.64946e-07
-2.11033e-07
-3.88697e-07
-2.24981e-07
-4.15437e-07
-2.39885e-07
-4.45599e-07
-2.55585e-07
-4.7965e-07
-2.71891e-07
-5.18044e-07
-2.88516e-07
-5.61416e-07
-3.05169e-07
-6.10992e-07
-3.22276e-07
-6.67435e-07
-3.4013e-07
-7.31221e-07
-3.57334e-07
-8.02389e-07
-3.73181e-07
-8.80343e-07
-3.86839e-07
-9.63606e-07
-3.97446e-07
-1.0497e-06
-4.04247e-07
-1.13533e-06
-4.06764e-07
-1.21697e-06
-4.04913e-07
-1.2914e-06
-3.98775e-07
-1.35735e-06
-3.89016e-07
-1.41478e-06
-3.76701e-07
-1.46447e-06
-3.62544e-07
-1.50755e-06
-3.46958e-07
-1.54516e-06
-3.30179e-07
-1.57828e-06
-3.12362e-07
-1.60769e-06
-2.93636e-07
-1.63398e-06
-2.74122e-07
-1.65754e-06
-2.53936e-07
-1.67865e-06
-2.33183e-07
-1.69749e-06
-2.11959e-07
-1.71418e-06
-1.90346e-07
-1.72879e-06
-1.68414e-07
-1.74137e-06
-1.46225e-07
-1.75196e-06
-1.23833e-07
-1.76057e-06
-1.01296e-07
-1.76722e-06
-7.86966e-08
-1.77195e-06
-5.61547e-08
-1.77479e-06
-3.37417e-08
-1.13287e-08
9.87057e-07
-8.95038e-09
9.84849e-07
-2.65407e-08
9.81195e-07
-4.3887e-08
9.76101e-07
-6.10604e-08
9.69574e-07
-7.80254e-08
9.61625e-07
-9.47189e-08
9.52258e-07
-1.11099e-07
9.41474e-07
-1.27141e-07
9.29263e-07
-1.42829e-07
9.15598e-07
-1.58144e-07
9.00428e-07
-1.73068e-07
8.83662e-07
-1.8758e-07
8.65159e-07
-2.01658e-07
8.44707e-07
-2.15272e-07
8.22004e-07
-2.28382e-07
7.96648e-07
-2.40925e-07
7.682e-07
-2.52787e-07
7.36202e-07
-2.6377e-07
7.00389e-07
-2.73538e-07
6.60875e-07
-2.81611e-07
6.18586e-07
-2.8773e-07
5.74649e-07
-2.9175e-07
5.30292e-07
-2.93683e-07
4.86581e-07
-2.9372e-07
4.44281e-07
-2.92158e-07
4.03839e-07
-2.89318e-07
3.65457e-07
-2.85499e-07
3.28899e-07
-2.80972e-07
2.94434e-07
-2.75862e-07
2.61783e-07
-2.70359e-07
2.308e-07
-2.64586e-07
2.01365e-07
-2.58643e-07
1.73351e-07
-2.52616e-07
1.46646e-07
-2.46576e-07
1.21155e-07
-2.40585e-07
9.68339e-08
-2.34696e-07
7.35413e-08
-2.28958e-07
5.11603e-08
-2.23385e-07
2.96465e-08
-2.17968e-07
9.0733e-09
-2.12723e-07
-1.06908e-08
-2.07692e-07
-2.97262e-08
-2.02876e-07
-4.80828e-08
-1.9827e-07
-6.5807e-08
-1.93873e-07
-8.2943e-08
-1.89681e-07
-9.95335e-08
-1.85688e-07
-1.1562e-07
-1.81884e-07
-1.31241e-07
-1.7826e-07
-1.46436e-07
-1.74802e-07
-1.6124e-07
-1.715e-07
-1.75689e-07
-1.68344e-07
-1.89818e-07
-1.65327e-07
-2.03663e-07
-1.6245e-07
-2.17264e-07
-1.59731e-07
-2.30668e-07
-1.57215e-07
-2.43942e-07
-1.55002e-07
-2.57174e-07
-1.53311e-07
-2.70494e-07
-1.52381e-07
-2.84141e-07
-1.52853e-07
-2.98603e-07
-1.56118e-07
-3.14303e-07
-1.62785e-07
-3.31587e-07
-1.71669e-07
-3.50777e-07
-1.82158e-07
-3.72206e-07
-1.93891e-07
-3.9623e-07
-2.06644e-07
-4.23238e-07
-2.20256e-07
-4.53661e-07
-2.34576e-07
-4.87958e-07
-2.49432e-07
-5.26573e-07
-2.6455e-07
-5.70149e-07
-2.79687e-07
-6.19969e-07
-2.95274e-07
-6.76571e-07
-3.11487e-07
-7.40425e-07
-3.27072e-07
-8.11549e-07
-3.41375e-07
-8.893e-07
-3.5364e-07
-9.7215e-07
-3.63091e-07
-1.05759e-06
-3.69061e-07
-1.14235e-06
-3.71141e-07
-1.22295e-06
-3.6928e-07
-1.29631e-06
-3.63565e-07
-1.36122e-06
-3.5462e-07
-1.41774e-06
-3.43397e-07
-1.46665e-06
-3.30525e-07
-1.50909e-06
-3.16367e-07
-1.54619e-06
-3.01129e-07
-1.57891e-06
-2.84944e-07
-1.60801e-06
-2.67928e-07
-1.63407e-06
-2.50188e-07
-1.65747e-06
-2.31827e-07
-1.67848e-06
-2.12941e-07
-1.69727e-06
-1.93615e-07
-1.71394e-06
-1.73922e-07
-1.72857e-06
-1.53927e-07
-1.74118e-06
-1.33685e-07
-1.7518e-06
-1.13244e-07
-1.76046e-06
-9.26586e-08
-1.76716e-06
-7.20047e-08
-1.77192e-06
-5.13924e-08
-1.77478e-06
-3.08881e-08
-1.03729e-08
9.87037e-07
-8.18692e-09
9.84773e-07
-2.42768e-08
9.81024e-07
-4.01409e-08
9.75803e-07
-5.58437e-08
9.69118e-07
-7.13515e-08
9.60982e-07
-8.66056e-08
9.51407e-07
-1.01566e-07
9.40395e-07
-1.1621e-07
9.27943e-07
-1.30521e-07
9.14027e-07
-1.44483e-07
8.98601e-07
-1.58078e-07
8.8158e-07
-1.71288e-07
8.62827e-07
-1.84091e-07
8.42132e-07
-1.96461e-07
8.19198e-07
-2.08361e-07
7.93642e-07
-2.19735e-07
7.64992e-07
-2.30479e-07
7.32824e-07
-2.4041e-07
6.96868e-07
-2.49225e-07
6.57256e-07
-2.56488e-07
6.14919e-07
-2.61971e-07
5.70979e-07
-2.65547e-07
5.26657e-07
-2.6723e-07
4.83011e-07
-2.67199e-07
4.40791e-07
-2.65726e-07
4.00442e-07
-2.63101e-07
3.62035e-07
-2.59609e-07
3.25691e-07
-2.55456e-07
2.91268e-07
-2.50815e-07
2.58645e-07
-2.45818e-07
2.27681e-07
-2.40578e-07
1.98246e-07
-2.35185e-07
1.70219e-07
-2.29716e-07
1.43493e-07
-2.24237e-07
1.17972e-07
-2.18803e-07
9.35734e-08
-2.13465e-07
7.02163e-08
-2.08261e-07
4.77945e-08
-2.03204e-07
2.62717e-08
-1.98296e-07
5.51449e-09
-1.93556e-07
-1.43788e-08
-1.88978e-07
-3.35491e-08
-1.84595e-07
-5.20406e-08
-1.80402e-07
-6.98988e-08
-1.76397e-07
-8.7167e-08
-1.72575e-07
-1.03887e-07
-1.6893e-07
-1.20098e-07
-1.65454e-07
-1.35838e-07
-1.62135e-07
-1.51142e-07
-1.58965e-07
-1.66046e-07
-1.55933e-07
-1.80581e-07
-1.53029e-07
-1.94782e-07
-1.50249e-07
-2.08683e-07
-1.47595e-07
-2.22322e-07
-1.45085e-07
-2.35747e-07
-1.42763e-07
-2.4903e-07
-1.4073e-07
-2.62261e-07
-1.39181e-07
-2.75583e-07
-1.38355e-07
-2.89266e-07
-1.38873e-07
-3.03848e-07
-1.42078e-07
-3.19722e-07
-1.48258e-07
-3.37216e-07
-1.56399e-07
-3.56641e-07
-1.65963e-07
-3.78321e-07
-1.76635e-07
-4.02606e-07
-1.88215e-07
-4.2988e-07
-2.00559e-07
-4.60569e-07
-2.13532e-07
-4.95124e-07
-2.26973e-07
-5.33967e-07
-2.40626e-07
-5.77795e-07
-2.54297e-07
-6.27906e-07
-2.68396e-07
-6.84739e-07
-2.83016e-07
-7.48748e-07
-2.97036e-07
-8.19928e-07
-3.0986e-07
-8.97597e-07
-3.20803e-07
-9.80179e-07
-3.29171e-07
-1.06514e-06
-3.34379e-07
-1.14921e-06
-3.36078e-07
-1.22897e-06
-3.34243e-07
-1.30142e-06
-3.28962e-07
-1.36545e-06
-3.20815e-07
-1.42116e-06
-3.10649e-07
-1.46938e-06
-2.99016e-07
-1.51123e-06
-2.86234e-07
-1.54783e-06
-2.72479e-07
-1.58014e-06
-2.57871e-07
-1.60892e-06
-2.4251e-07
-1.63471e-06
-2.26493e-07
-1.65791e-06
-2.0991e-07
-1.67876e-06
-1.92848e-07
-1.69743e-06
-1.75382e-07
-1.71402e-06
-1.57577e-07
-1.72859e-06
-1.39491e-07
-1.74117e-06
-1.21174e-07
-1.75179e-06
-1.02669e-07
-1.76044e-06
-8.40241e-08
-1.76714e-06
-6.53089e-08
-1.77191e-06
-4.66235e-08
-1.77477e-06
-2.80283e-08
-9.41405e-09
9.87021e-07
-7.40725e-09
9.84709e-07
-2.19652e-08
9.80883e-07
-3.63174e-08
9.75556e-07
-5.05214e-08
9.68739e-07
-6.45458e-08
9.60448e-07
-7.83365e-08
9.50696e-07
-9.18565e-08
9.3949e-07
-1.05085e-07
9.2683e-07
-1.18006e-07
9.12696e-07
-1.30605e-07
8.97046e-07
-1.42865e-07
8.798e-07
-1.5477e-07
8.60822e-07
-1.66301e-07
8.39906e-07
-1.77432e-07
8.16755e-07
-1.88133e-07
7.90993e-07
-1.98349e-07
7.62159e-07
-2.0799e-07
7.29822e-07
-2.16889e-07
6.93728e-07
-2.24773e-07
6.54018e-07
-2.3125e-07
6.11625e-07
-2.36122e-07
5.67672e-07
-2.39276e-07
5.23374e-07
-2.40731e-07
4.79781e-07
-2.40652e-07
4.37642e-07
-2.39283e-07
3.97347e-07
-2.36899e-07
3.58946e-07
-2.33748e-07
3.22639e-07
-2.29986e-07
2.88271e-07
-2.2579e-07
2.5569e-07
-2.21285e-07
2.24751e-07
-2.16567e-07
1.95324e-07
-2.11716e-07
1.67289e-07
-2.06799e-07
1.4054e-07
-2.01874e-07
1.14982e-07
-1.96991e-07
9.05299e-08
-1.92194e-07
6.71063e-08
-1.87517e-07
4.46218e-08
-1.82967e-07
2.30218e-08
-1.7855e-07
2.25875e-09
-1.74279e-07
-1.77462e-08
-1.70174e-07
-3.70225e-08
-1.66231e-07
-5.5616e-08
-1.62455e-07
-7.35725e-08
-1.58845e-07
-9.09356e-08
-1.55396e-07
-1.07747e-07
-1.52103e-07
-1.24044e-07
-1.48959e-07
-1.39863e-07
-1.45954e-07
-1.55239e-07
-1.43079e-07
-1.70204e-07
-1.40326e-07
-1.8479e-07
-1.37686e-07
-1.99029e-07
-1.35156e-07
-2.12955e-07
-1.32739e-07
-2.26606e-07
-1.30452e-07
-2.40029e-07
-1.28336e-07
-2.53303e-07
-1.26494e-07
-2.66519e-07
-1.25093e-07
-2.79833e-07
-1.24367e-07
-2.93539e-07
-1.24907e-07
-3.08229e-07
-1.27982e-07
-3.24261e-07
-1.33642e-07
-3.41946e-07
-1.41023e-07
-3.61586e-07
-1.49658e-07
-3.83497e-07
-1.59272e-07
-4.08025e-07
-1.6969e-07
-4.35552e-07
-1.80783e-07
-4.66497e-07
-1.92428e-07
-5.01305e-07
-2.0448e-07
-5.4037e-07
-2.16701e-07
-5.8447e-07
-2.28943e-07
-6.34893e-07
-2.41584e-07
-6.9199e-07
-2.54649e-07
-7.56198e-07
-2.67151e-07
-8.2749e-07
-2.78552e-07
-9.05144e-07
-2.88235e-07
-9.87545e-07
-2.95587e-07
-1.07213e-06
-3.00096e-07
-1.15564e-06
-3.01467e-07
-1.23469e-06
-2.99694e-07
-1.30636e-06
-2.94863e-07
-1.36963e-06
-2.87508e-07
-1.42464e-06
-2.78376e-07
-1.47224e-06
-2.6795e-07
-1.51356e-06
-2.56505e-07
-1.54971e-06
-2.44194e-07
-1.58164e-06
-2.31122e-07
-1.6101e-06
-2.17376e-07
-1.63563e-06
-2.03041e-07
-1.65861e-06
-1.882e-07
-1.67928e-06
-1.72926e-07
-1.69781e-06
-1.57288e-07
-1.71429e-06
-1.41342e-07
-1.72877e-06
-1.2514e-07
-1.74129e-06
-1.08726e-07
-1.75185e-06
-9.21393e-08
-1.76047e-06
-7.54204e-08
-1.76716e-06
-5.86326e-08
-1.77192e-06
-4.18657e-08
-1.77477e-06
-2.51733e-08
-8.4563e-09
9.87007e-07
-6.61402e-09
9.84655e-07
-1.96137e-08
9.80764e-07
-3.24285e-08
9.75347e-07
-4.51095e-08
9.68419e-07
-5.76282e-08
9.59996e-07
-6.99353e-08
9.50094e-07
-8.19974e-08
9.38723e-07
-9.37949e-08
9.25886e-07
-1.05314e-07
9.11566e-07
-1.1654e-07
8.95722e-07
-1.27459e-07
8.78278e-07
-1.38055e-07
8.59102e-07
-1.48312e-07
8.37991e-07
-1.58208e-07
8.14656e-07
-1.67714e-07
7.88707e-07
-1.76782e-07
7.59702e-07
-1.8533e-07
7.27206e-07
-1.93212e-07
6.90977e-07
-2.00183e-07
6.51165e-07
-2.05894e-07
6.08708e-07
-2.10177e-07
5.64728e-07
-2.12931e-07
5.20435e-07
-2.14177e-07
4.76871e-07
-2.14065e-07
4.34783e-07
-2.12818e-07
3.94425e-07
-2.10682e-07
3.56165e-07
-2.0784e-07
3.19909e-07
-2.04485e-07
2.8556e-07
-2.00749e-07
2.52989e-07
-1.9674e-07
2.22057e-07
-1.92544e-07
1.92629e-07
-1.88233e-07
1.64585e-07
-1.83864e-07
1.3782e-07
-1.7949e-07
1.12238e-07
-1.75154e-07
8.77574e-08
-1.70895e-07
6.42986e-08
-1.66744e-07
4.17745e-08
-1.62706e-07
2.01257e-08
-1.58787e-07
-7.08594e-10
-1.54999e-07
-2.08138e-08
-1.51345e-07
-4.01572e-08
-1.47834e-07
-5.88124e-08
-1.4447e-07
-7.68311e-08
-1.41251e-07
-9.42568e-08
-1.38174e-07
-1.11129e-07
-1.35235e-07
-1.27483e-07
-1.32427e-07
-1.43355e-07
-1.29741e-07
-1.58776e-07
-1.27169e-07
-1.73778e-07
-1.24703e-07
-1.88392e-07
-1.22337e-07
-2.02649e-07
-1.20067e-07
-2.16582e-07
-1.17898e-07
-2.30229e-07
-1.15845e-07
-2.43638e-07
-1.13947e-07
-2.56894e-07
-1.12301e-07
-2.7009e-07
-1.11053e-07
-2.8339e-07
-1.10423e-07
-2.97112e-07
-1.10962e-07
-3.11896e-07
-1.13846e-07
-3.28068e-07
-1.18953e-07
-3.45923e-07
-1.25558e-07
-3.65755e-07
-1.33257e-07
-3.87875e-07
-1.41813e-07
-4.12625e-07
-1.51073e-07
-4.40385e-07
-1.60923e-07
-4.71571e-07
-1.71256e-07
-5.06616e-07
-1.81937e-07
-5.45889e-07
-1.9275e-07
-5.90261e-07
-2.03595e-07
-6.40993e-07
-2.14798e-07
-6.98364e-07
-2.26339e-07
-7.62791e-07
-2.37362e-07
-8.34225e-07
-2.47386e-07
-9.1191e-07
-2.55865e-07
-9.94194e-07
-2.62258e-07
-1.07849e-06
-2.66125e-07
-1.16153e-06
-2.67217e-07
-1.23999e-06
-2.65541e-07
-1.311e-06
-2.61181e-07
-1.37362e-06
-2.5462e-07
-1.42802e-06
-2.4651e-07
-1.47508e-06
-2.37269e-07
-1.51592e-06
-2.27134e-07
-1.55167e-06
-2.16239e-07
-1.58325e-06
-2.04671e-07
-1.61141e-06
-1.92509e-07
-1.63668e-06
-1.79827e-07
-1.65944e-06
-1.66696e-07
-1.67992e-06
-1.53182e-07
-1.6983e-06
-1.39344e-07
-1.71465e-06
-1.25232e-07
-1.72903e-06
-1.10892e-07
-1.74146e-06
-9.63601e-08
-1.75197e-06
-8.16717e-08
-1.76054e-06
-6.68628e-08
-1.76719e-06
-5.19886e-08
-1.77193e-06
-3.71285e-08
-1.77478e-06
-2.23294e-08
-7.50213e-09
9.86996e-07
-5.80973e-09
9.84611e-07
-1.72292e-08
9.80666e-07
-2.84854e-08
9.75175e-07
-3.96232e-08
9.68153e-07
-5.06169e-08
9.59618e-07
-6.14227e-08
9.49589e-07
-7.20108e-08
9.38078e-07
-8.23637e-08
9.25088e-07
-9.24686e-08
9.10606e-07
-1.02313e-07
8.94596e-07
-1.11884e-07
8.7698e-07
-1.21169e-07
8.5763e-07
-1.30151e-07
8.36345e-07
-1.38812e-07
8.12838e-07
-1.47126e-07
7.86726e-07
-1.55052e-07
7.57563e-07
-1.62518e-07
7.24924e-07
-1.69394e-07
6.88569e-07
-1.75465e-07
6.48661e-07
-1.80428e-07
6.0614e-07
-1.84137e-07
5.62125e-07
-1.86508e-07
5.17824e-07
-1.87562e-07
4.74273e-07
-1.87429e-07
4.32161e-07
-1.8631e-07
3.9191e-07
-1.84412e-07
3.53677e-07
-1.81914e-07
3.1745e-07
-1.78965e-07
2.83124e-07
-1.75689e-07
2.50566e-07
-1.72178e-07
2.19638e-07
-1.68505e-07
1.90207e-07
-1.64732e-07
1.62153e-07
-1.60911e-07
1.35369e-07
-1.57084e-07
1.09762e-07
-1.53292e-07
8.52491e-08
-1.49567e-07
6.17515e-08
-1.45936e-07
3.91852e-08
-1.42402e-07
1.74924e-08
-1.38972e-07
-3.38312e-09
-1.35655e-07
-2.34978e-08
-1.3246e-07
-4.28845e-08
-1.29386e-07
-6.15917e-08
-1.26439e-07
-7.96624e-08
-1.23618e-07
-9.71368e-08
-1.2092e-07
-1.14053e-07
-1.1834e-07
-1.30447e-07
-1.15873e-07
-1.46352e-07
-1.13512e-07
-1.61801e-07
-1.11249e-07
-1.76824e-07
-1.09079e-07
-1.91452e-07
-1.06994e-07
-2.05713e-07
-1.04993e-07
-2.19643e-07
-1.0308e-07
-2.33279e-07
-1.0127e-07
-2.4667e-07
-9.9597e-08
-2.59905e-07
-9.81527e-08
-2.73079e-07
-9.70603e-08
-2.86364e-07
-9.65223e-08
-3.00096e-07
-9.70411e-08
-3.14962e-07
-9.96775e-08
-3.31256e-07
-1.04204e-07
-3.49262e-07
-1.10016e-07
-3.69264e-07
-1.16773e-07
-3.91569e-07
-1.24268e-07
-4.16518e-07
-1.32372e-07
-4.44487e-07
-1.40986e-07
-4.75891e-07
-1.50014e-07
-5.11155e-07
-1.59338e-07
-5.5066e-07
-1.68767e-07
-5.95232e-07
-1.78224e-07
-6.46269e-07
-1.88009e-07
-7.03908e-07
-1.98054e-07
-7.68557e-07
-2.07632e-07
-8.40145e-07
-2.16319e-07
-9.17885e-07
-2.2364e-07
-1.00009e-06
-2.29126e-07
-1.08416e-06
-2.32401e-07
-1.16682e-06
-2.33258e-07
-1.24478e-06
-2.31714e-07
-1.31523e-06
-2.27845e-07
-1.37728e-06
-2.22083e-07
-1.43116e-06
-2.14988e-07
-1.47775e-06
-2.06918e-07
-1.51818e-06
-1.98076e-07
-1.55357e-06
-1.88575e-07
-1.58483e-06
-1.7849e-07
-1.61272e-06
-1.67888e-07
-1.63775e-06
-1.56834e-07
-1.6603e-06
-1.4539e-07
-1.68061e-06
-1.33612e-07
-1.69883e-06
-1.21551e-07
-1.71505e-06
-1.09251e-07
-1.72932e-06
-9.67499e-08
-1.74167e-06
-8.4081e-08
-1.7521e-06
-7.12732e-08
-1.76062e-06
-5.83578e-08
-1.76724e-06
-4.53824e-08
-1.77195e-06
-3.24161e-08
-1.77478e-06
-1.94992e-08
-6.55268e-09
9.86987e-07
-4.99584e-09
9.84573e-07
-1.48166e-08
9.80582e-07
-2.44965e-08
9.75028e-07
-3.4074e-08
9.67927e-07
-4.35265e-08
9.59299e-07
-5.28161e-08
9.49162e-07
-6.19167e-08
9.37531e-07
-7.0813e-08
9.24412e-07
-7.94938e-08
9.09792e-07
-8.79484e-08
8.93637e-07
-9.61656e-08
8.75873e-07
-1.04134e-07
8.56373e-07
-1.11839e-07
8.34939e-07
-1.19266e-07
8.11283e-07
-1.26391e-07
7.85027e-07
-1.33179e-07
7.55725e-07
-1.39568e-07
7.22956e-07
-1.45447e-07
6.86486e-07
-1.50631e-07
6.46489e-07
-1.54859e-07
6.03906e-07
-1.58011e-07
5.5986e-07
-1.60015e-07
5.15554e-07
-1.60889e-07
4.72028e-07
-1.60752e-07
4.29899e-07
-1.59776e-07
3.89693e-07
-1.58126e-07
3.51492e-07
-1.55969e-07
3.15282e-07
-1.53434e-07
2.80971e-07
-1.5062e-07
2.48426e-07
-1.47606e-07
2.17505e-07
-1.44456e-07
1.88074e-07
-1.4122e-07
1.60014e-07
-1.37943e-07
1.33218e-07
-1.34663e-07
1.07593e-07
-1.31413e-07
8.30575e-08
-1.2822e-07
5.95316e-08
-1.25108e-07
3.69321e-08
-1.22078e-07
1.52027e-08
-1.19135e-07
-5.70734e-09
-1.16289e-07
-2.58354e-08
-1.13545e-07
-4.52499e-08
-1.1091e-07
-6.39916e-08
-1.08383e-07
-8.20972e-08
-1.05963e-07
-9.96045e-08
-1.03646e-07
-1.16551e-07
-1.0143e-07
-1.3297e-07
-9.93092e-08
-1.48897e-07
-9.72781e-08
-1.64362e-07
-9.53305e-08
-1.79395e-07
-9.34607e-08
-1.94026e-07
-9.16641e-08
-2.08286e-07
-8.99389e-08
-2.22206e-07
-8.8289e-08
-2.35827e-07
-8.67278e-08
-2.49198e-07
-8.52863e-08
-2.62413e-07
-8.40464e-08
-2.75566e-07
-8.31108e-08
-2.88837e-07
-8.26607e-08
-3.0258e-07
-8.3141e-08
-3.17517e-07
-8.54811e-08
-3.33917e-07
-8.94031e-08
-3.52053e-07
-9.44107e-08
-3.72202e-07
-1.00216e-07
-3.94669e-07
-1.06649e-07
-4.19792e-07
-1.13597e-07
-4.47946e-07
-1.20978e-07
-4.79543e-07
-1.28708e-07
-5.15005e-07
-1.36686e-07
-5.54728e-07
-1.44744e-07
-5.99469e-07
-1.52825e-07
-6.50781e-07
-1.61203e-07
-7.0867e-07
-1.69774e-07
-7.73529e-07
-1.77935e-07
-8.45268e-07
-1.8532e-07
-9.23075e-07
-1.91522e-07
-1.00523e-06
-1.96146e-07
-1.08912e-06
-1.98873e-07
-1.17147e-06
-1.99535e-07
-1.249e-06
-1.98153e-07
-1.31898e-06
-1.94796e-07
-1.38056e-06
-1.89839e-07
-1.43399e-06
-1.83756e-07
-1.48018e-06
-1.76849e-07
-1.52026e-06
-1.69287e-07
-1.55532e-06
-1.61164e-07
-1.58631e-06
-1.52544e-07
-1.61395e-06
-1.43485e-07
-1.63877e-06
-1.3404e-07
-1.66113e-06
-1.24263e-07
-1.68127e-06
-1.14202e-07
-1.69935e-06
-1.03899e-07
-1.71544e-06
-9.33913e-08
-1.72961e-06
-8.27116e-08
-1.74187e-06
-7.18876e-08
-1.75224e-06
-6.09436e-08
-1.76071e-06
-4.99059e-08
-1.76728e-06
-3.88148e-08
-1.77197e-06
-2.77292e-08
-1.77479e-06
-1.66831e-08
-5.60809e-09
9.86979e-07
-4.17454e-09
9.84543e-07
-1.23813e-08
9.80515e-07
-2.047e-08
9.74909e-07
-2.84726e-08
9.67742e-07
-3.63704e-08
9.59035e-07
-4.41312e-08
9.48809e-07
-5.1733e-08
9.37078e-07
-5.91628e-08
9.23851e-07
-6.64111e-08
9.09117e-07
-7.34686e-08
8.92841e-07
-8.0326e-08
8.74952e-07
-8.69732e-08
8.55324e-07
-9.33991e-08
8.33761e-07
-9.959e-08
8.09976e-07
-1.05527e-07
7.83593e-07
-1.11182e-07
7.54171e-07
-1.165e-07
7.2129e-07
-1.21389e-07
6.8472e-07
-1.25696e-07
6.44644e-07
-1.29201e-07
6.02006e-07
-1.31808e-07
5.57926e-07
-1.33456e-07
5.13611e-07
-1.34163e-07
4.70056e-07
-1.34031e-07
4.27987e-07
-1.33201e-07
3.87791e-07
-1.31817e-07
3.49608e-07
-1.3001e-07
3.13419e-07
-1.2789e-07
2.79124e-07
-1.25538e-07
2.46589e-07
-1.23022e-07
2.15672e-07
-1.20393e-07
1.8624e-07
-1.17695e-07
1.58174e-07
-1.14963e-07
1.31368e-07
-1.12229e-07
1.0573e-07
-1.0952e-07
8.11788e-08
-1.06859e-07
5.76345e-08
-1.04265e-07
3.5016e-08
-1.01739e-07
1.32667e-08
-9.9286e-08
-7.66551e-09
-9.69129e-08
-2.78284e-08
-9.46252e-08
-4.72666e-08
-9.24264e-08
-6.60299e-08
-9.03184e-08
-8.41562e-08
-8.82991e-08
-1.01683e-07
-8.63657e-08
-1.18647e-07
-8.45153e-08
-1.35082e-07
-8.27437e-08
-1.5102e-07
-8.10461e-08
-1.66493e-07
-7.94176e-08
-1.8153e-07
-7.78534e-08
-1.9616e-07
-7.63499e-08
-2.10414e-07
-7.49056e-08
-2.24324e-07
-7.35241e-08
-2.37929e-07
-7.22171e-08
-2.51281e-07
-7.10112e-08
-2.64477e-07
-6.99771e-08
-2.77612e-07
-6.91986e-08
-2.90873e-07
-6.88317e-08
-3.04627e-07
-6.92574e-08
-3.19624e-07
-7.12624e-08
-3.36113e-07
-7.45607e-08
-3.54359e-07
-7.87515e-08
-3.74632e-07
-8.35999e-08
-3.97237e-07
-8.89658e-08
-4.22509e-07
-9.47582e-08
-4.50822e-07
-1.00907e-07
-4.82586e-07
-1.07344e-07
-5.18222e-07
-1.13982e-07
-5.58119e-07
-1.20681e-07
-6.03039e-07
-1.27399e-07
-6.54577e-07
-1.34373e-07
-7.12684e-07
-1.41489e-07
-7.77732e-07
-1.48255e-07
-8.49612e-07
-1.54367e-07
-9.27486e-07
-1.59485e-07
-1.00962e-06
-1.63283e-07
-1.09335e-06
-1.65499e-07
-1.17544e-06
-1.65999e-07
-1.25263e-06
-1.64806e-07
-1.32222e-06
-1.6198e-07
-1.3834e-06
-1.57835e-07
-1.43646e-06
-1.52765e-07
-1.48231e-06
-1.47015e-07
-1.52208e-06
-1.40723e-07
-1.55688e-06
-1.33968e-07
-1.58764e-06
-1.26802e-07
-1.61507e-06
-1.19271e-07
-1.6397e-06
-1.11421e-07
-1.66189e-06
-1.03296e-07
-1.68188e-06
-9.49351e-08
-1.69983e-06
-8.63738e-08
-1.71581e-06
-7.76426e-08
-1.72988e-06
-6.87681e-08
-1.74206e-06
-5.97731e-08
-1.75236e-06
-5.06778e-08
-1.76078e-06
-4.15034e-08
-1.76732e-06
-3.22834e-08
-1.77199e-06
-2.30663e-08
-1.77479e-06
-1.38802e-08
-4.66765e-09
9.86973e-07
-3.34734e-09
9.84519e-07
-9.92759e-09
9.8046e-07
-1.64131e-08
9.74812e-07
-2.28294e-08
9.67592e-07
-2.91614e-08
9.58822e-07
-3.53828e-08
9.48523e-07
-4.1476e-08
9.3671e-07
-4.74304e-08
9.23393e-07
-5.32384e-08
9.08563e-07
-5.88925e-08
8.92186e-07
-6.43852e-08
8.74193e-07
-6.97085e-08
8.54459e-07
-7.48532e-08
8.32789e-07
-7.98085e-08
8.08899e-07
-8.4559e-08
7.82412e-07
-8.90809e-08
7.52889e-07
-9.33321e-08
7.19913e-07
-9.72377e-08
6.83258e-07
-1.00674e-07
6.43115e-07
-1.03468e-07
6.00431e-07
-1.05541e-07
5.56328e-07
-1.06845e-07
5.12001e-07
-1.07399e-07
4.68434e-07
-1.07283e-07
4.26387e-07
-1.06603e-07
3.86212e-07
-1.05484e-07
3.48045e-07
-1.04031e-07
3.1187e-07
-1.02328e-07
2.77586e-07
-1.00443e-07
2.45057e-07
-9.84269e-08
2.14143e-07
-9.63214e-08
1.84711e-07
-9.41607e-08
1.56641e-07
-9.19739e-08
1.29829e-07
-8.97857e-08
1.04182e-07
-8.76177e-08
7.96196e-08
-8.54887e-08
5.60617e-08
-8.34134e-08
3.34289e-08
-8.13925e-08
1.16651e-08
-7.94296e-08
-9.28255e-09
-7.75314e-08
-2.94652e-08
-7.57017e-08
-4.8933e-08
-7.39425e-08
-6.77136e-08
-7.22534e-08
-8.58533e-08
-7.06348e-08
-1.03392e-07
-6.90852e-08
-1.20366e-07
-6.76019e-08
-1.36809e-07
-6.61815e-08
-1.52753e-07
-6.48201e-08
-1.68228e-07
-6.35138e-08
-1.83265e-07
-6.22587e-08
-1.97891e-07
-6.10519e-08
-2.12136e-07
-5.98926e-08
-2.26035e-07
-5.87835e-08
-2.39626e-07
-5.77343e-08
-2.52961e-07
-5.67668e-08
-2.6614e-07
-5.59395e-08
-2.79261e-07
-5.53176e-08
-2.92514e-07
-5.50296e-08
-3.06279e-07
-5.53869e-08
-3.21326e-07
-5.70261e-08
-3.37889e-07
-5.96842e-08
-3.56225e-07
-6.30484e-08
-3.76602e-07
-6.6934e-08
-3.99321e-07
-7.12303e-08
-4.24717e-07
-7.58655e-08
-4.53163e-07
-8.07835e-08
-4.85066e-07
-8.59295e-08
-5.20845e-07
-9.12334e-08
-5.60888e-07
-9.65822e-08
-6.05963e-07
-1.01945e-07
-6.57689e-07
-1.07519e-07
-7.1598e-07
-1.13195e-07
-7.81192e-07
-1.18586e-07
-8.53193e-07
-1.23447e-07
-9.3113e-07
-1.27509e-07
-1.01324e-06
-1.3051e-07
-1.09687e-06
-1.32247e-07
-1.17875e-06
-1.32613e-07
-1.25566e-06
-1.31631e-07
-1.32492e-06
-1.2935e-07
-1.38578e-06
-1.26025e-07
-1.43853e-06
-1.21967e-07
-1.48411e-06
-1.17371e-07
-1.52363e-06
-1.12344e-07
-1.55821e-06
-1.06949e-07
-1.58877e-06
-1.01227e-07
-1.61602e-06
-9.52149e-08
-1.64049e-06
-8.8949e-08
-1.66254e-06
-8.24638e-08
-1.68241e-06
-7.57909e-08
-1.70025e-06
-6.89582e-08
-1.71613e-06
-6.199e-08
-1.73012e-06
-5.49074e-08
-1.74223e-06
-4.77283e-08
-1.75248e-06
-4.04685e-08
-1.76085e-06
-3.31449e-08
-1.76736e-06
-2.5784e-08
-1.772e-06
-1.84245e-08
-1.77479e-06
-1.10886e-08
-3.73006e-09
9.86968e-07
-2.51485e-09
9.84499e-07
-7.45887e-09
9.80416e-07
-1.23318e-08
9.74734e-07
-1.71529e-08
9.67472e-07
-2.19103e-08
9.58652e-07
-2.65844e-08
9.48295e-07
-3.11617e-08
9.36419e-07
-3.56342e-08
9.23033e-07
-3.99962e-08
9.08128e-07
-4.4242e-08
8.91673e-07
-4.83659e-08
8.73598e-07
-5.23618e-08
8.5378e-07
-5.6223e-08
8.32024e-07
-5.99412e-08
8.08048e-07
-6.3505e-08
7.81477e-07
-6.68964e-08
7.51873e-07
-7.00837e-08
7.18819e-07
-7.30103e-08
6.82096e-07
-7.55833e-08
6.41899e-07
-7.7672e-08
5.99178e-07
-7.9219e-08
5.55048e-07
-8.01901e-08
5.10692e-07
-8.05984e-08
4.67152e-07
-8.05e-08
4.25109e-07
-7.99834e-08
3.84943e-07
-7.91373e-08
3.46789e-07
-7.80411e-08
3.10625e-07
-7.67587e-08
2.76349e-07
-7.53401e-08
2.43827e-07
-7.38243e-08
2.12916e-07
-7.22422e-08
1.83484e-07
-7.06195e-08
1.55412e-07
-6.89777e-08
1.28595e-07
-6.73353e-08
1.02941e-07
-6.57085e-08
7.83704e-08
-6.41111e-08
5.48022e-08
-6.25543e-08
3.21578e-08
-6.10381e-08
1.03817e-08
-5.95655e-08
-1.05782e-08
-5.81412e-08
-3.07708e-08
-5.67683e-08
-5.02445e-08
-5.54482e-08
-6.90354e-08
-5.41808e-08
-8.71859e-08
-5.29661e-08
-1.04734e-07
-5.18029e-08
-1.21716e-07
-5.06892e-08
-1.38164e-07
-4.96226e-08
-1.54112e-07
-4.86e-08
-1.69588e-07
-4.76186e-08
-1.84623e-07
-4.66754e-08
-1.99244e-07
-4.57683e-08
-2.13483e-07
-4.48968e-08
-2.27371e-07
-4.40631e-08
-2.4095e-07
-4.32745e-08
-2.54271e-07
-4.25476e-08
-2.67437e-07
-4.19273e-08
-2.80546e-07
-4.14617e-08
-2.93793e-07
-4.12491e-08
-3.07569e-07
-4.15269e-08
-3.22656e-07
-4.27765e-08
-3.39277e-07
-4.47812e-08
-3.57685e-07
-4.7311e-08
-3.78144e-07
-5.02289e-08
-4.00954e-07
-5.3453e-08
-4.26449e-07
-5.69298e-08
-4.55e-07
-6.06174e-08
-4.87015e-07
-6.44746e-08
-5.22908e-07
-6.84483e-08
-5.63065e-07
-7.24534e-08
-6.08269e-07
-7.64689e-08
-6.60149e-07
-8.06458e-08
-7.1859e-07
-8.4892e-08
-7.83933e-07
-8.89209e-08
-8.56036e-07
-9.25497e-08
-9.34026e-07
-9.55762e-08
-1.01612e-06
-9.78059e-08
-1.09966e-06
-9.90863e-08
-1.18138e-06
-9.93403e-08
-1.25807e-06
-9.85861e-08
-1.32709e-06
-9.68629e-08
-1.38769e-06
-9.43643e-08
-1.4402e-06
-9.13206e-08
-1.48556e-06
-8.7876e-08
-1.52489e-06
-8.4111e-08
-1.55929e-06
-8.00708e-08
-1.58969e-06
-7.57865e-08
-1.61681e-06
-7.12856e-08
-1.64115e-06
-6.65951e-08
-1.66308e-06
-6.17407e-08
-1.68285e-06
-5.67461e-08
-1.70059e-06
-5.16319e-08
-1.7164e-06
-4.64163e-08
-1.73032e-06
-4.11148e-08
-1.74237e-06
-3.57408e-08
-1.75257e-06
-3.0306e-08
-1.76091e-06
-2.4823e-08
-1.76739e-06
-1.93114e-08
-1.77201e-06
-1.38002e-08
-1.7748e-06
-8.30612e-09
-2.79422e-09
9.86965e-07
-1.67891e-09
9.84485e-07
-4.97968e-09
9.80384e-07
-8.23313e-09
9.74678e-07
-1.1452e-08
9.67385e-07
-1.46281e-08
9.58527e-07
-1.77483e-08
9.48127e-07
-2.08037e-08
9.36202e-07
-2.37891e-08
9.22762e-07
-2.67005e-08
9.078e-07
-2.95343e-08
8.91285e-07
-3.22866e-08
8.73149e-07
-3.49534e-08
8.53268e-07
-3.753e-08
8.31449e-07
-4.00109e-08
8.0741e-07
-4.23885e-08
7.80776e-07
-4.46506e-08
7.51112e-07
-4.6776e-08
7.18002e-07
-4.87268e-08
6.81227e-07
-5.04409e-08
6.40989e-07
-5.18312e-08
5.98233e-07
-5.28595e-08
5.54076e-07
-5.35024e-08
5.09726e-07
-5.37671e-08
4.66186e-07
-5.36952e-08
4.24151e-07
-5.33444e-08
3.83994e-07
-5.27744e-08
3.45847e-07
-5.20382e-08
3.09691e-07
-5.11785e-08
2.75422e-07
-5.02285e-08
2.42904e-07
-4.92143e-08
2.11995e-07
-4.81565e-08
1.82563e-07
-4.70722e-08
1.54489e-07
-4.59757e-08
1.27669e-07
-4.48793e-08
1.02011e-07
-4.37938e-08
7.74334e-08
-4.27282e-08
5.3858e-08
-4.16899e-08
3.12057e-08
-4.06787e-08
9.42135e-09
-3.96968e-08
-1.15469e-08
-3.87471e-08
-3.17473e-08
-3.78317e-08
-5.12242e-08
-3.69515e-08
-7.00216e-08
-3.61066e-08
-8.81782e-08
-3.52968e-08
-1.05732e-07
-3.45213e-08
-1.22717e-07
-3.37788e-08
-1.39169e-07
-3.30675e-08
-1.55118e-07
-3.23855e-08
-1.70594e-07
-3.17308e-08
-1.85626e-07
-3.11016e-08
-2.00243e-07
-3.04964e-08
-2.14476e-07
-2.99148e-08
-2.28356e-07
-2.93584e-08
-2.41925e-07
-2.88323e-08
-2.55235e-07
-2.83474e-08
-2.68392e-07
-2.79344e-08
-2.81493e-07
-2.76246e-08
-2.94736e-07
-2.74847e-08
-3.0852e-07
-2.76748e-08
-3.23637e-07
-2.85173e-08
-3.40302e-07
-2.98589e-08
-3.58763e-07
-3.15482e-08
-3.79284e-07
-3.34948e-08
-4.02162e-07
-3.56446e-08
-4.27731e-07
-3.7962e-08
-4.56362e-07
-4.04193e-08
-4.8846e-07
-4.29888e-08
-5.24438e-07
-4.5635e-08
-5.64682e-07
-4.8301e-08
-6.09983e-07
-5.09739e-08
-6.61981e-07
-5.37554e-08
-7.20535e-07
-5.65796e-08
-7.8598e-07
-5.92573e-08
-8.58161e-07
-6.16667e-08
-9.36193e-07
-6.36738e-08
-1.01829e-06
-6.51501e-08
-1.10176e-06
-6.59935e-08
-1.18336e-06
-6.61553e-08
-1.25988e-06
-6.56384e-08
-1.32871e-06
-6.44806e-08
-1.38912e-06
-6.28126e-08
-1.44146e-06
-6.07848e-08
-1.48665e-06
-5.84917e-08
-1.52584e-06
-5.59859e-08
-1.56011e-06
-5.32972e-08
-1.59039e-06
-5.04462e-08
-1.6174e-06
-4.74512e-08
-1.64165e-06
-4.433e-08
-1.66349e-06
-4.10999e-08
-1.68318e-06
-3.77763e-08
-1.70085e-06
-3.43732e-08
-1.7166e-06
-3.09023e-08
-1.73047e-06
-2.73741e-08
-1.74248e-06
-2.37973e-08
-1.75264e-06
-2.01796e-08
-1.76095e-06
-1.65293e-08
-1.76741e-06
-1.28596e-08
-1.77202e-06
-9.18964e-09
-1.7748e-06
-5.53071e-09
-1.85976e-09
9.86963e-07
-8.40788e-10
9.84475e-07
-2.49321e-09
9.80363e-07
-4.12237e-09
9.7464e-07
-5.73424e-09
9.67326e-07
-7.32479e-09
9.58443e-07
-8.88745e-09
9.48015e-07
-1.04177e-08
9.36059e-07
-1.19129e-08
9.22585e-07
-1.3371e-08
9.07587e-07
-1.47903e-08
8.91034e-07
-1.61687e-08
8.72857e-07
-1.75043e-08
8.52934e-07
-1.87949e-08
8.31071e-07
-2.00378e-08
8.06989e-07
-2.12291e-08
7.80313e-07
-2.23627e-08
7.50606e-07
-2.34277e-08
7.17456e-07
-2.44051e-08
6.80645e-07
-2.52632e-08
6.40376e-07
-2.5958e-08
5.97597e-07
-2.647e-08
5.53433e-07
-2.67874e-08
5.09078e-07
-2.6915e-08
4.65539e-07
-2.68735e-08
4.23506e-07
-2.66919e-08
3.83354e-07
-2.64008e-08
3.45213e-07
-2.60267e-08
3.09062e-07
-2.55913e-08
2.74797e-07
-2.51113e-08
2.42281e-07
-2.45997e-08
2.11375e-07
-2.40671e-08
1.81944e-07
-2.35217e-08
1.53869e-07
-2.29709e-08
1.27048e-07
-2.24207e-08
1.01387e-07
-2.18764e-08
7.68069e-08
-2.13425e-08
5.32273e-08
-2.08226e-08
3.05706e-08
-2.03167e-08
8.78159e-09
-1.98257e-08
-1.21912e-08
-1.93511e-08
-3.23957e-08
-1.88937e-08
-5.18762e-08
-1.84542e-08
-7.06778e-08
-1.80326e-08
-8.88383e-08
-1.76285e-08
-1.06395e-07
-1.72414e-08
-1.23383e-07
-1.68708e-08
-1.39836e-07
-1.65158e-08
-1.55785e-07
-1.61755e-08
-1.7126e-07
-1.58487e-08
-1.8629e-07
-1.55347e-08
-2.00904e-07
-1.52327e-08
-2.15132e-07
-1.49424e-08
-2.29007e-07
-1.46647e-08
-2.42568e-07
-1.44021e-08
-2.55871e-07
-1.41602e-08
-2.69022e-07
-1.39543e-08
-2.82117e-07
-1.38001e-08
-2.95358e-07
-1.3731e-08
-3.09149e-07
-1.38277e-08
-3.24286e-07
-1.42517e-08
-3.4098e-07
-1.49236e-08
-3.59477e-07
-1.57685e-08
-3.80039e-07
-1.67414e-08
-4.02963e-07
-1.78154e-08
-4.28581e-07
-1.89728e-08
-4.57264e-07
-2.01997e-08
-4.89419e-07
-2.14823e-08
-5.25455e-07
-2.28027e-08
-5.65755e-07
-2.41324e-08
-6.11122e-07
-2.54654e-08
-6.63201e-07
-2.68527e-08
-7.21832e-07
-2.82598e-08
-7.87346e-07
-2.95927e-08
-8.59582e-07
-3.07898e-08
-9.3765e-07
-3.17842e-08
-1.01975e-06
-3.2513e-08
-1.10319e-06
-3.2931e-08
-1.18468e-06
-3.30606e-08
-1.26109e-06
-3.27575e-08
-1.3298e-06
-3.21643e-08
-1.39009e-06
-3.13306e-08
-1.4423e-06
-3.03216e-08
-1.48739e-06
-2.91806e-08
-1.52648e-06
-2.79331e-08
-1.56066e-06
-2.65938e-08
-1.59087e-06
-2.51732e-08
-1.6178e-06
-2.36805e-08
-1.64198e-06
-2.21246e-08
-1.66377e-06
-2.05141e-08
-1.68341e-06
-1.88567e-08
-1.70104e-06
-1.71594e-08
-1.71674e-06
-1.54281e-08
-1.73057e-06
-1.36678e-08
-1.74256e-06
-1.1883e-08
-1.75269e-06
-1.00773e-08
-1.76098e-06
-8.25482e-09
-1.76743e-06
-6.42217e-09
-1.77203e-06
-4.5891e-09
-1.7748e-06
-2.7613e-09
-9.27366e-10
9.86961e-07
-1.48214e-12
9.84471e-07
-3.50048e-12
9.80353e-07
-6.20825e-12
9.74623e-07
-8.96062e-12
9.67299e-07
-1.16656e-11
9.58404e-07
-1.43442e-11
9.47961e-07
-1.71063e-11
9.35988e-07
-2.00423e-11
9.22496e-07
-2.32237e-11
9.07479e-07
-2.66915e-11
8.90905e-07
-3.04616e-11
8.72707e-07
-3.45352e-11
8.52763e-07
-3.89144e-11
8.3088e-07
-4.3608e-11
8.06776e-07
-4.86043e-11
7.80078e-07
-5.3815e-11
7.50351e-07
-5.89906e-11
7.1718e-07
-6.36466e-11
6.8035e-07
-6.70514e-11
6.40067e-07
-6.83495e-11
5.97279e-07
-6.68969e-11
5.53107e-07
-6.2428e-11
5.08749e-07
-5.51838e-11
4.65209e-07
-4.5768e-11
4.23177e-07
-3.49824e-11
3.83027e-07
-2.36692e-11
3.44888e-07
-1.25146e-11
3.08739e-07
-2.0766e-12
2.74476e-07
7.62951e-12
2.41963e-07
1.61721e-11
2.11057e-07
2.35501e-11
1.81626e-07
2.97348e-11
1.53552e-07
3.47525e-11
1.2673e-07
3.86714e-11
1.01069e-07
4.15886e-11
7.64877e-08
4.36174e-11
5.29068e-08
4.48742e-11
3.02485e-08
4.54628e-11
8.45768e-09
4.54758e-11
-1.25172e-08
4.49966e-11
-3.27241e-08
4.40937e-11
-5.22079e-08
4.28256e-11
-7.1011e-08
4.12874e-11
-8.91729e-08
3.95813e-11
-1.06731e-07
3.77895e-11
-1.2372e-07
3.59471e-11
-1.40173e-07
3.40775e-11
-1.56122e-07
3.22002e-11
-1.71596e-07
3.0333e-11
-1.86625e-07
2.84922e-11
-2.01237e-07
2.66926e-11
-2.15463e-07
2.4948e-11
-2.29334e-07
2.32711e-11
-2.42892e-07
2.16765e-11
-2.56191e-07
2.01848e-11
-2.69338e-07
1.88359e-11
-2.8243e-07
1.76786e-11
-2.95669e-07
1.67813e-11
-3.09463e-07
1.63348e-11
-3.24611e-07
1.66936e-11
-3.41319e-07
1.78115e-11
-3.59833e-07
1.94994e-11
-3.80415e-07
2.16754e-11
-4.03362e-07
2.43235e-11
-4.29004e-07
2.74568e-11
-4.57715e-07
3.11045e-11
-4.89898e-07
3.53081e-11
-5.25963e-07
4.00768e-11
-5.66292e-07
4.54273e-11
-6.11693e-07
5.1417e-11
-6.63812e-07
5.82275e-11
-7.22483e-07
6.57821e-11
-7.88032e-07
7.37569e-11
-8.60292e-07
8.1851e-11
-9.38365e-07
8.96203e-11
-1.02045e-06
9.65782e-11
-1.10386e-06
1.01737e-10
-1.1854e-06
1.03471e-10
-1.26177e-06
1.02861e-10
-1.3304e-06
1.01058e-10
-1.39061e-06
9.69203e-11
-1.44275e-06
9.11863e-11
-1.48777e-06
8.45682e-11
-1.52681e-06
7.75572e-11
-1.56094e-06
7.04516e-11
-1.5911e-06
6.34241e-11
-1.618e-06
5.65736e-11
-1.64215e-06
4.99599e-11
-1.66391e-06
4.36238e-11
-1.68352e-06
3.75956e-11
-1.70113e-06
3.1905e-11
-1.71681e-06
2.65922e-11
-1.73063e-06
2.17207e-11
-1.7426e-06
1.7375e-11
-1.75272e-06
1.36369e-11
-1.761e-06
1.05366e-11
-1.76744e-06
8.00736e-12
-1.77204e-06
5.87558e-12
-1.7748e-06
4.03868e-12
2.66582e-12
9.86961e-07
8.38395e-10
9.8447e-07
2.48635e-09
9.80352e-07
4.11016e-09
9.74621e-07
5.71658e-09
9.67298e-07
7.30167e-09
9.58403e-07
8.85874e-09
9.4796e-07
1.03832e-08
9.35988e-07
1.18723e-08
9.22496e-07
1.33241e-08
9.07479e-07
1.47366e-08
8.90905e-07
1.61078e-08
8.72706e-07
1.74356e-08
8.52762e-07
1.87177e-08
8.30877e-07
1.99513e-08
8.06772e-07
2.11326e-08
7.80074e-07
2.22558e-08
7.50345e-07
2.33105e-08
7.17173e-07
2.42786e-08
6.80341e-07
2.513e-08
6.40056e-07
2.58222e-08
5.97267e-07
2.6337e-08
5.53094e-07
2.66633e-08
5.08734e-07
2.68053e-08
4.65194e-07
2.67824e-08
4.23162e-07
2.66222e-08
3.83011e-07
2.63536e-08
3.44872e-07
2.60014e-08
3.08723e-07
2.55869e-08
2.7446e-07
2.51261e-08
2.41947e-07
2.46317e-08
2.11042e-07
2.41139e-08
1.81612e-07
2.35809e-08
1.53538e-07
2.30401e-08
1.26716e-07
2.24976e-08
1.01056e-07
2.19591e-08
7.6475e-08
2.14292e-08
5.28946e-08
2.09118e-08
3.02368e-08
2.0407e-08
8.44631e-09
1.9916e-08
-1.25283e-08
1.94405e-08
-3.2735e-08
1.89814e-08
-5.22187e-08
1.85394e-08
-7.10214e-08
1.81147e-08
-8.91829e-08
1.77072e-08
-1.0674e-07
1.73167e-08
-1.23729e-07
1.69425e-08
-1.40182e-07
1.65838e-08
-1.56131e-07
1.62397e-08
-1.71605e-07
1.59092e-08
-1.86634e-07
1.55915e-08
-2.01246e-07
1.52859e-08
-2.15471e-07
1.49921e-08
-2.29342e-07
1.47111e-08
-2.429e-07
1.44454e-08
-2.56199e-07
1.42005e-08
-2.69345e-07
1.39919e-08
-2.82438e-07
1.38354e-08
-2.95677e-07
1.37646e-08
-3.09471e-07
1.38605e-08
-3.24619e-07
1.42854e-08
-3.41327e-07
1.49597e-08
-3.59843e-07
1.5808e-08
-3.80425e-07
1.67854e-08
-4.03373e-07
1.78647e-08
-4.29016e-07
1.90284e-08
-4.57728e-07
2.02627e-08
-4.89912e-07
2.15537e-08
-5.25979e-07
2.28837e-08
-5.66309e-07
2.42242e-08
-6.11712e-07
2.55692e-08
-6.63833e-07
2.69703e-08
-7.22506e-07
2.83925e-08
-7.88057e-07
2.97413e-08
-8.60318e-07
3.09544e-08
-9.38392e-07
3.1964e-08
-1.02048e-06
3.2706e-08
-1.10389e-06
3.31332e-08
-1.18542e-06
3.32669e-08
-1.26179e-06
3.29636e-08
-1.33042e-06
3.23661e-08
-1.39062e-06
3.15236e-08
-1.44276e-06
3.05028e-08
-1.48778e-06
2.93484e-08
-1.52681e-06
2.80868e-08
-1.56095e-06
2.67334e-08
-1.59111e-06
2.52988e-08
-1.618e-06
2.37925e-08
-1.64215e-06
2.22236e-08
-1.66391e-06
2.06006e-08
-1.68352e-06
1.89315e-08
-1.70112e-06
1.72231e-08
-1.71681e-06
1.54815e-08
-1.73063e-06
1.37117e-08
-1.74259e-06
1.19183e-08
-1.75272e-06
1.01053e-08
-1.761e-06
8.2766e-09
-1.76744e-06
6.4388e-09
-1.77204e-06
4.60125e-09
-1.7748e-06
2.76933e-09
9.31679e-10
9.86962e-07
1.67728e-09
9.84475e-07
4.97258e-09
9.80362e-07
8.22061e-09
9.7464e-07
1.14341e-08
9.67326e-07
1.4605e-08
9.58443e-07
1.77201e-08
9.48013e-07
2.07702e-08
9.36056e-07
2.37498e-08
9.22581e-07
2.6655e-08
9.07582e-07
2.9482e-08
8.91027e-07
3.2227e-08
8.72848e-07
3.48857e-08
8.52924e-07
3.74538e-08
8.3106e-07
3.99255e-08
8.06976e-07
4.22933e-08
7.80297e-07
4.45454e-08
7.50587e-07
4.66609e-08
7.17433e-07
4.8603e-08
6.80617e-07
5.03107e-08
6.40345e-07
5.16984e-08
5.97564e-07
5.27289e-08
5.53396e-07
5.33792e-08
5.09038e-07
5.36579e-08
4.65497e-07
5.36044e-08
4.23462e-07
5.32745e-08
3.83306e-07
5.27257e-08
3.45164e-07
5.20117e-08
3.09013e-07
5.11735e-08
2.74749e-07
5.02431e-08
2.42235e-07
4.92462e-08
2.11329e-07
4.82031e-08
1.81899e-07
4.71311e-08
1.53826e-07
4.60444e-08
1.27006e-07
4.49557e-08
1.01347e-07
4.38757e-08
7.6768e-08
4.2814e-08
5.319e-08
4.17778e-08
3.05349e-08
4.07676e-08
8.74729e-09
3.97854e-08
-1.22251e-08
3.88346e-08
-3.24297e-08
3.79176e-08
-5.1911e-08
3.70349e-08
-7.07112e-08
3.61873e-08
-8.88704e-08
3.53746e-08
-1.06426e-07
3.45958e-08
-1.23413e-07
3.38497e-08
-1.39865e-07
3.31348e-08
-1.55814e-07
3.24491e-08
-1.71288e-07
3.17908e-08
-1.86318e-07
3.11578e-08
-2.00931e-07
3.0549e-08
-2.15158e-07
2.99639e-08
-2.29032e-07
2.94041e-08
-2.42593e-07
2.88746e-08
-2.55895e-07
2.83867e-08
-2.69045e-07
2.7971e-08
-2.82139e-07
2.7659e-08
-2.9538e-07
2.75175e-08
-3.0917e-07
2.77072e-08
-3.24308e-07
2.85514e-08
-3.41003e-07
2.98958e-08
-3.59502e-07
3.1589e-08
-3.80065e-07
3.35405e-08
-4.02991e-07
3.56959e-08
-4.28612e-07
3.80199e-08
-4.573e-07
4.04848e-08
-4.89458e-07
4.3063e-08
-5.25498e-07
4.5719e-08
-5.65802e-07
4.83959e-08
-6.11175e-07
5.1081e-08
-6.63259e-07
5.38765e-08
-7.21897e-07
5.67157e-08
-7.87417e-07
5.94091e-08
-8.59658e-07
6.18341e-08
-9.37727e-07
6.38556e-08
-1.01983e-06
6.53439e-08
-1.10327e-06
6.61957e-08
-1.18475e-06
6.63613e-08
-1.26115e-06
6.58433e-08
-1.32985e-06
6.46797e-08
-1.39013e-06
6.30019e-08
-1.44234e-06
6.09619e-08
-1.48741e-06
5.86553e-08
-1.52649e-06
5.61356e-08
-1.56067e-06
5.34331e-08
-1.59087e-06
5.05685e-08
-1.6178e-06
4.75605e-08
-1.64198e-06
4.44269e-08
-1.66377e-06
4.11849e-08
-1.6834e-06
3.78503e-08
-1.70103e-06
3.44367e-08
-1.71674e-06
3.09562e-08
-1.73057e-06
2.74191e-08
-1.74255e-06
2.38342e-08
-1.75269e-06
2.02092e-08
-1.76098e-06
1.65526e-08
-1.76743e-06
1.28771e-08
-1.77203e-06
9.20182e-09
-1.7748e-06
5.53773e-09
1.86163e-09
9.86964e-07
2.51385e-09
9.84483e-07
7.45262e-09
9.80382e-07
1.23203e-08
9.74675e-07
1.71361e-08
9.67381e-07
2.18883e-08
9.58522e-07
2.65571e-08
9.48121e-07
3.11289e-08
9.36195e-07
3.55956e-08
9.22754e-07
3.99515e-08
9.07792e-07
4.41907e-08
8.91275e-07
4.83075e-08
8.73137e-07
5.22959e-08
8.53253e-07
5.61489e-08
8.31431e-07
5.98584e-08
8.07387e-07
6.34129e-08
7.80749e-07
6.67946e-08
7.51078e-07
6.99722e-08
7.17961e-07
7.28903e-08
6.81177e-07
7.54572e-08
6.40931e-07
7.75439e-08
5.98169e-07
7.90938e-08
5.54013e-07
8.00722e-08
5.0966e-07
8.04915e-08
4.66117e-07
8.04104e-08
4.24072e-07
7.99135e-08
3.83916e-07
7.90901e-08
3.45771e-07
7.80158e-08
3.09614e-07
7.67539e-08
2.75345e-07
7.53541e-08
2.42828e-07
7.3855e-08
2.11921e-07
7.22872e-08
1.8249e-07
7.06764e-08
1.54418e-07
6.90442e-08
1.276e-07
6.74093e-08
1.01943e-07
6.5788e-08
7.73685e-08
6.41944e-08
5.37951e-08
6.26398e-08
3.11449e-08
6.11244e-08
9.36271e-09
5.96515e-08
-1.16027e-08
5.82259e-08
-3.18043e-08
5.68507e-08
-5.12808e-08
5.55284e-08
-7.00765e-08
5.4259e-08
-8.82317e-08
5.30418e-08
-1.05784e-07
5.18757e-08
-1.22768e-07
5.07587e-08
-1.39219e-07
4.96885e-08
-1.55166e-07
4.86623e-08
-1.70641e-07
4.76772e-08
-1.85672e-07
4.67302e-08
-2.00288e-07
4.58195e-08
-2.14519e-07
4.49444e-08
-2.28398e-07
4.41072e-08
-2.41965e-07
4.33154e-08
-2.55274e-07
4.25855e-08
-2.6843e-07
4.19629e-08
-2.8153e-07
4.14952e-08
-2.94772e-07
4.12813e-08
-3.08557e-07
4.15595e-08
-3.23676e-07
4.2812e-08
-3.40343e-07
4.48203e-08
-3.58807e-07
4.73545e-08
-3.79331e-07
5.02776e-08
-4.02214e-07
5.35077e-08
-4.27787e-07
5.69913e-08
-4.56423e-07
6.06867e-08
-4.88527e-07
6.45527e-08
-5.24511e-07
6.85363e-08
-5.6476e-07
7.25523e-08
-6.10069e-07
7.65802e-08
-6.62076e-07
8.07712e-08
-7.2064e-07
8.50322e-08
-7.86093e-07
8.90764e-08
-8.5828e-07
9.27201e-08
-9.36316e-07
9.576e-08
-1.01841e-06
9.80005e-08
-1.10188e-06
9.92878e-08
-1.18346e-06
9.95442e-08
-1.25997e-06
9.87874e-08
-1.32879e-06
9.70571e-08
-1.38919e-06
9.45482e-08
-1.44151e-06
9.14921e-08
-1.48669e-06
8.80343e-08
-1.52586e-06
8.42558e-08
-1.56013e-06
8.02023e-08
-1.59041e-06
7.59051e-08
-1.61741e-06
7.13918e-08
-1.64165e-06
6.66896e-08
-1.6635e-06
6.18241e-08
-1.68318e-06
5.68191e-08
-1.70086e-06
5.16952e-08
-1.7166e-06
4.64705e-08
-1.73047e-06
4.11605e-08
-1.74248e-06
3.57786e-08
-1.75264e-06
3.03365e-08
-1.76095e-06
2.48466e-08
-1.76741e-06
1.93286e-08
-1.77203e-06
1.38113e-08
-1.7748e-06
8.31141e-09
2.79402e-09
9.86968e-07
3.34648e-09
9.84498e-07
9.92174e-09
9.80414e-07
1.64023e-08
9.74732e-07
2.28139e-08
9.67468e-07
2.9141e-08
9.58646e-07
3.53575e-08
9.48287e-07
4.14454e-08
9.36409e-07
4.73942e-08
9.23019e-07
5.31962e-08
9.08112e-07
5.88438e-08
8.91654e-07
6.43295e-08
8.73576e-07
6.96451e-08
8.53755e-07
7.47817e-08
8.31996e-07
7.97281e-08
8.08016e-07
8.44695e-08
7.81439e-07
8.8982e-08
7.51829e-07
9.32241e-08
7.18768e-07
9.71216e-08
6.82034e-07
1.00552e-07
6.41828e-07
1.03344e-07
5.99094e-07
1.0542e-07
5.54953e-07
1.06734e-07
5.10604e-07
1.07301e-07
4.67059e-07
1.072e-07
4.25018e-07
1.06544e-07
3.8485e-07
1.05444e-07
3.46693e-07
1.0401e-07
3.10528e-07
1.02327e-07
2.76251e-07
1.00459e-07
2.43729e-07
9.84582e-08
2.12819e-07
9.63661e-08
1.83388e-07
9.42167e-08
1.55317e-07
9.20389e-08
1.28502e-07
8.9858e-08
1.0285e-07
8.76955e-08
7.82803e-08
8.55703e-08
5.47135e-08
8.34975e-08
3.20705e-08
8.14778e-08
1.02957e-08
7.95149e-08
-1.06633e-08
7.76155e-08
-3.08517e-08
7.57838e-08
-5.03198e-08
7.40219e-08
-6.91085e-08
7.23306e-08
-8.72574e-08
7.07094e-08
-1.04804e-07
6.91566e-08
-1.21784e-07
6.76699e-08
-1.38231e-07
6.62459e-08
-1.54177e-07
6.48809e-08
-1.69653e-07
6.35709e-08
-1.84686e-07
6.23121e-08
-1.99306e-07
6.11017e-08
-2.13543e-07
5.99388e-08
-2.27431e-07
5.88263e-08
-2.41008e-07
5.77739e-08
-2.54327e-07
5.68035e-08
-2.67493e-07
5.59737e-08
-2.80601e-07
5.53499e-08
-2.93847e-07
5.5061e-08
-3.07623e-07
5.54194e-08
-3.22712e-07
5.70631e-08
-3.39335e-07
5.97258e-08
-3.57747e-07
6.30952e-08
-3.7821e-07
6.69864e-08
-4.01026e-07
7.1289e-08
-4.26526e-07
7.59313e-08
-4.55084e-07
8.08573e-08
-4.87106e-07
8.60123e-08
-5.23005e-07
9.13261e-08
-5.6317e-07
9.66856e-08
-6.08383e-07
1.02061e-07
-6.60274e-07
1.07649e-07
-7.18725e-07
1.13339e-07
-7.84078e-07
1.18744e-07
-8.56188e-07
1.23619e-07
-9.34181e-07
1.27693e-07
-1.01628e-06
1.30704e-07
-1.09981e-06
1.32446e-07
-1.18152e-06
1.32813e-07
-1.25819e-06
1.31827e-07
-1.32718e-06
1.29538e-07
-1.38777e-06
1.26203e-07
-1.44027e-06
1.22133e-07
-1.48561e-06
1.17523e-07
-1.52493e-06
1.12484e-07
-1.55932e-06
1.07076e-07
-1.58972e-06
1.01341e-07
-1.61682e-06
9.53177e-08
-1.64116e-06
8.90407e-08
-1.6631e-06
8.2545e-08
-1.68286e-06
7.58622e-08
-1.7006e-06
6.90202e-08
-1.7164e-06
6.20432e-08
-1.73032e-06
5.49522e-08
-1.74238e-06
4.77652e-08
-1.75257e-06
4.0498e-08
-1.76091e-06
3.31676e-08
-1.76739e-06
2.58002e-08
-1.77201e-06
1.84347e-08
-1.7748e-06
1.10932e-08
3.7292e-09
9.86973e-07
4.17403e-09
9.84518e-07
1.23759e-08
9.80459e-07
2.046e-08
9.74809e-07
2.84586e-08
9.67587e-07
3.63523e-08
9.58814e-07
4.41085e-08
9.48512e-07
5.17052e-08
9.36697e-07
5.91295e-08
9.23377e-07
6.63717e-08
9.08543e-07
7.34227e-08
8.92164e-07
8.02732e-08
8.74167e-07
8.69131e-08
8.54429e-07
9.33311e-08
8.32754e-07
9.95136e-08
8.08858e-07
1.05442e-07
7.82365e-07
1.11087e-07
7.52835e-07
1.16396e-07
7.1985e-07
1.21278e-07
6.83184e-07
1.25579e-07
6.43032e-07
1.29083e-07
6.00337e-07
1.31693e-07
5.56223e-07
1.33349e-07
5.11887e-07
1.3407e-07
4.68342e-07
1.33953e-07
4.26269e-07
1.33138e-07
3.86094e-07
1.31775e-07
3.47927e-07
1.2999e-07
3.11751e-07
1.27888e-07
2.77467e-07
1.25555e-07
2.44939e-07
1.23054e-07
2.14025e-07
1.20438e-07
1.84594e-07
1.17751e-07
1.56525e-07
1.15028e-07
1.29714e-07
1.12301e-07
1.04068e-07
1.09597e-07
7.95064e-08
1.0694e-07
5.59494e-08
1.04349e-07
3.3317e-08
1.01824e-07
1.15534e-08
9.93716e-08
-9.39323e-09
9.69986e-08
-2.95711e-08
9.47104e-08
-4.90276e-08
9.25101e-08
-6.78052e-08
9.03984e-08
-8.59441e-08
8.83749e-08
-1.03482e-07
8.64374e-08
-1.20455e-07
8.45829e-08
-1.36898e-07
8.28072e-08
-1.5284e-07
8.11055e-08
-1.68314e-07
7.9473e-08
-1.83349e-07
7.79048e-08
-1.97973e-07
7.63973e-08
-2.12216e-07
7.49494e-08
-2.26112e-07
7.35644e-08
-2.397e-07
7.22542e-08
-2.53033e-07
7.10455e-08
-2.6621e-07
7.00094e-08
-2.7933e-07
6.92292e-08
-2.92581e-07
6.8862e-08
-3.06347e-07
6.92899e-08
-3.21397e-07
7.13016e-08
-3.37963e-07
7.46058e-08
-3.56303e-07
7.88025e-08
-3.76686e-07
8.36571e-08
-3.99412e-07
8.90296e-08
-4.24815e-07
9.48293e-08
-4.53268e-07
1.00986e-07
-4.85179e-07
1.07432e-07
-5.20966e-07
1.14079e-07
-5.61018e-07
1.20789e-07
-6.06103e-07
1.27518e-07
-6.57841e-07
1.34506e-07
-7.16145e-07
1.41636e-07
-7.81366e-07
1.48416e-07
-8.53375e-07
1.5454e-07
-9.31315e-07
1.5967e-07
-1.01342e-06
1.63475e-07
-1.09704e-06
1.65696e-07
-1.17891e-06
1.66196e-07
-1.2558e-06
1.64998e-07
-1.32504e-06
1.62163e-07
-1.38588e-06
1.58008e-07
-1.43861e-06
1.52924e-07
-1.48417e-06
1.47161e-07
-1.52369e-06
1.40857e-07
-1.55826e-06
1.34089e-07
-1.58881e-06
1.26911e-07
-1.61605e-06
1.19369e-07
-1.64052e-06
1.11509e-07
-1.66256e-06
1.03374e-07
-1.68243e-06
9.50033e-08
-1.70026e-06
8.6433e-08
-1.71614e-06
7.76931e-08
-1.73013e-06
6.88105e-08
-1.74224e-06
5.98079e-08
-1.75248e-06
5.07054e-08
-1.76085e-06
4.15245e-08
-1.76736e-06
3.22985e-08
-1.772e-06
2.30759e-08
-1.77479e-06
1.38846e-08
4.66693e-09
9.86979e-07
4.99567e-09
9.84542e-07
1.48122e-08
9.80512e-07
2.44878e-08
9.74904e-07
3.40614e-08
9.67736e-07
4.35101e-08
9.59027e-07
5.27957e-08
9.48798e-07
6.18917e-08
9.37064e-07
7.0783e-08
9.23833e-07
7.94582e-08
9.09095e-07
8.79067e-08
8.92814e-07
9.61172e-08
8.7492e-07
1.04078e-07
8.55287e-07
1.11775e-07
8.33719e-07
1.19194e-07
8.09928e-07
1.2631e-07
7.83538e-07
1.3309e-07
7.54107e-07
1.39471e-07
7.21215e-07
1.45342e-07
6.84632e-07
1.50521e-07
6.44544e-07
1.54748e-07
6.01894e-07
1.57903e-07
5.57803e-07
1.59915e-07
5.13473e-07
1.60803e-07
4.69922e-07
1.60683e-07
4.27864e-07
1.59721e-07
3.87665e-07
1.58093e-07
3.49479e-07
1.55957e-07
3.13288e-07
1.53439e-07
2.78992e-07
1.50641e-07
2.46456e-07
1.47641e-07
2.15538e-07
1.44503e-07
1.86106e-07
1.41277e-07
1.58039e-07
1.38009e-07
1.31234e-07
1.34736e-07
1.05597e-07
1.31491e-07
8.10471e-08
1.28301e-07
5.75051e-08
1.25191e-07
3.48895e-08
1.22163e-07
1.31434e-08
1.1922e-07
-7.78683e-09
1.16374e-07
-2.79499e-08
1.1363e-07
-4.73912e-08
1.10992e-07
-6.61535e-08
1.0846e-07
-8.42775e-08
1.06035e-07
-1.01802e-07
1.03715e-07
-1.18762e-07
1.01494e-07
-1.35194e-07
9.93693e-08
-1.51129e-07
9.73341e-08
-1.66599e-07
9.53827e-08
-1.81633e-07
9.35091e-08
-1.96261e-07
9.17089e-08
-2.10512e-07
8.99802e-08
-2.24419e-07
8.83268e-08
-2.38022e-07
8.67623e-08
-2.51372e-07
8.53181e-08
-2.64565e-07
8.40761e-08
-2.77698e-07
8.31391e-08
-2.90957e-07
8.26892e-08
-3.04711e-07
8.31731e-08
-3.1971e-07
8.55226e-08
-3.36203e-07
8.94521e-08
-3.54454e-07
9.44665e-08
-3.74734e-07
1.00279e-07
-3.97347e-07
1.06718e-07
-4.22627e-07
1.13675e-07
-4.50949e-07
1.21063e-07
-4.82723e-07
1.28803e-07
-5.18369e-07
1.36789e-07
-5.58277e-07
1.44858e-07
-6.03209e-07
1.52949e-07
-6.54761e-07
1.61341e-07
-7.12882e-07
1.69925e-07
-7.77943e-07
1.78098e-07
-8.49831e-07
1.85494e-07
-9.2771e-07
1.91706e-07
-1.00984e-06
1.96336e-07
-1.09357e-06
1.99066e-07
-1.17564e-06
1.99726e-07
-1.2528e-06
1.98339e-07
-1.32237e-06
1.94973e-07
-1.38352e-06
1.90004e-07
-1.43656e-06
1.83909e-07
-1.48239e-06
1.76989e-07
-1.52215e-06
1.69414e-07
-1.55694e-06
1.61278e-07
-1.58769e-06
1.52647e-07
-1.61511e-06
1.43577e-07
-1.63973e-06
1.34122e-07
-1.66191e-06
1.24335e-07
-1.6819e-06
1.14265e-07
-1.69984e-06
1.03953e-07
-1.71582e-06
9.34377e-08
-1.72989e-06
8.27505e-08
-1.74207e-06
7.19194e-08
-1.75237e-06
6.09689e-08
-1.76078e-06
4.99253e-08
-1.76732e-06
3.88288e-08
-1.77199e-06
2.77381e-08
-1.77479e-06
1.66874e-08
5.60841e-09
9.86987e-07
5.80931e-09
9.84573e-07
1.72253e-08
9.80581e-07
2.8478e-08
9.75025e-07
3.96126e-08
9.67921e-07
5.06031e-08
9.59289e-07
6.14054e-08
9.49149e-07
7.19894e-08
9.37514e-07
8.23376e-08
9.24391e-07
9.24372e-08
9.09767e-07
1.02276e-07
8.93607e-07
1.11841e-07
8.75838e-07
1.21118e-07
8.56332e-07
1.30093e-07
8.3489e-07
1.38746e-07
8.11226e-07
1.47051e-07
7.8496e-07
1.54969e-07
7.55649e-07
1.62427e-07
7.22868e-07
1.69295e-07
6.86385e-07
1.75362e-07
6.46374e-07
1.80323e-07
6.03779e-07
1.84036e-07
5.5972e-07
1.86416e-07
5.15401e-07
1.87482e-07
4.71846e-07
1.87369e-07
4.29767e-07
1.86269e-07
3.89543e-07
1.84392e-07
3.51335e-07
1.81905e-07
3.15126e-07
1.78974e-07
2.80817e-07
1.75714e-07
2.48272e-07
1.72217e-07
2.17351e-07
1.68556e-07
1.8792e-07
1.64792e-07
1.5986e-07
1.60978e-07
1.33065e-07
1.57157e-07
1.07442e-07
1.53369e-07
8.29079e-08
1.49646e-07
5.93842e-08
1.46017e-07
3.67875e-08
1.42483e-07
1.50614e-08
1.3905e-07
-5.84652e-09
1.35731e-07
-2.59893e-08
1.32534e-07
-4.5407e-08
1.29457e-07
-6.41447e-08
1.26507e-07
-8.22449e-08
1.23684e-07
-9.97474e-08
1.20983e-07
-1.16689e-07
1.184e-07
-1.33106e-07
1.1593e-07
-1.49029e-07
1.13565e-07
-1.64491e-07
1.11298e-07
-1.79521e-07
1.09124e-07
-1.94149e-07
1.07035e-07
-2.08404e-07
1.05031e-07
-2.22321e-07
1.03114e-07
-2.35938e-07
1.013e-07
-2.49305e-07
9.96249e-08
-2.62516e-07
9.8179e-08
-2.75667e-07
9.70858e-08
-2.88936e-07
9.65489e-08
-3.02678e-07
9.70728e-08
-3.17618e-07
9.97219e-08
-3.34023e-07
1.04257e-07
-3.52165e-07
1.10078e-07
-3.72322e-07
1.16842e-07
-3.94798e-07
1.24345e-07
-4.19931e-07
1.32457e-07
-4.48096e-07
1.41079e-07
-4.79705e-07
1.50116e-07
-5.1518e-07
1.59449e-07
-5.54917e-07
1.68888e-07
-5.99672e-07
1.78355e-07
-6.51003e-07
1.88154e-07
-7.0891e-07
1.9821e-07
-7.73785e-07
2.07799e-07
-8.45536e-07
2.16496e-07
-9.23348e-07
2.23824e-07
-1.00551e-06
2.29315e-07
-1.08938e-06
2.3259e-07
-1.1717e-06
2.33444e-07
-1.24921e-06
2.31893e-07
-1.31916e-06
2.28013e-07
-1.38071e-06
2.22239e-07
-1.43412e-06
2.15131e-07
-1.48028e-06
2.07049e-07
-1.52034e-06
1.98194e-07
-1.5554e-06
1.8868e-07
-1.58638e-06
1.78584e-07
-1.61401e-06
1.67972e-07
-1.63881e-06
1.56908e-07
-1.66116e-06
1.45454e-07
-1.6813e-06
1.33668e-07
-1.69937e-06
1.21599e-07
-1.71546e-06
1.09292e-07
-1.72962e-06
9.67839e-08
-1.74188e-06
8.41089e-08
-1.75224e-06
7.12956e-08
-1.7607e-06
5.83752e-08
-1.76728e-06
4.53953e-08
-1.77197e-06
3.24249e-08
-1.77479e-06
1.95043e-08
6.55476e-09
9.86996e-07
6.61356e-09
9.8461e-07
1.96106e-08
9.80664e-07
3.24225e-08
9.7517e-07
4.51009e-08
9.68146e-07
5.7617e-08
9.59608e-07
6.99212e-08
9.49575e-07
8.19796e-08
9.3806e-07
9.3773e-08
9.25065e-07
1.05287e-07
9.10578e-07
1.16508e-07
8.9456e-07
1.27421e-07
8.76938e-07
1.38011e-07
8.5758e-07
1.48261e-07
8.36287e-07
1.5815e-07
8.12772e-07
1.67647e-07
7.86649e-07
1.76707e-07
7.57474e-07
1.85247e-07
7.24822e-07
1.93122e-07
6.88452e-07
2.00088e-07
6.48529e-07
2.05797e-07
6.05997e-07
2.10082e-07
5.61974e-07
2.12843e-07
5.17668e-07
2.14101e-07
4.7411e-07
2.14004e-07
4.32017e-07
2.12771e-07
3.91717e-07
2.1064e-07
3.53503e-07
2.0783e-07
3.17277e-07
2.04495e-07
2.82947e-07
2.00774e-07
2.50389e-07
1.96779e-07
2.19462e-07
1.92596e-07
1.90032e-07
1.88293e-07
1.61979e-07
1.83932e-07
1.35196e-07
1.79563e-07
1.0959e-07
1.75231e-07
8.5077e-08
1.70973e-07
6.15787e-08
1.66821e-07
3.90105e-08
1.62781e-07
1.73163e-08
1.58857e-07
-3.54642e-09
1.55064e-07
-2.36737e-08
1.51403e-07
-4.30613e-08
1.47893e-07
-6.17658e-08
1.4453e-07
-7.98326e-08
1.4131e-07
-9.73028e-08
1.38232e-07
-1.14215e-07
1.3529e-07
-1.30604e-07
1.32479e-07
-1.46506e-07
1.29789e-07
-1.6195e-07
1.27214e-07
-1.7697e-07
1.24744e-07
-1.91593e-07
1.22374e-07
-2.05851e-07
1.20101e-07
-2.19777e-07
1.17928e-07
-2.33409e-07
1.15871e-07
-2.46797e-07
1.13971e-07
-2.60028e-07
1.12323e-07
-2.73198e-07
1.11075e-07
-2.8648e-07
1.10447e-07
-3.00211e-07
1.10993e-07
-3.15079e-07
1.13893e-07
-3.31379e-07
1.19012e-07
-3.49392e-07
1.25626e-07
-3.69402e-07
1.33334e-07
-3.91717e-07
1.41898e-07
-4.16678e-07
1.51167e-07
-4.4466e-07
1.61026e-07
-4.76078e-07
1.71367e-07
-5.11358e-07
1.82057e-07
-5.50882e-07
1.9288e-07
-5.95468e-07
2.03735e-07
-6.4653e-07
2.14952e-07
-7.04192e-07
2.26503e-07
-7.68861e-07
2.37536e-07
-8.40462e-07
2.47567e-07
-9.18211e-07
2.5605e-07
-1.00042e-06
2.62445e-07
-1.08447e-06
2.66309e-07
-1.16711e-06
2.67395e-07
-1.24503e-06
2.6571e-07
-1.31545e-06
2.61337e-07
-1.37747e-06
2.54763e-07
-1.43132e-06
2.4664e-07
-1.47788e-06
2.37387e-07
-1.51829e-06
2.2724e-07
-1.55366e-06
2.16333e-07
-1.58491e-06
2.04755e-07
-1.61278e-06
1.92583e-07
-1.6378e-06
1.79892e-07
-1.66034e-06
1.66752e-07
-1.68064e-06
1.53231e-07
-1.69885e-06
1.39385e-07
-1.71507e-06
1.25267e-07
-1.72933e-06
1.1092e-07
-1.74168e-06
9.63834e-08
-1.75211e-06
8.16903e-08
-1.76062e-06
6.68774e-08
-1.76724e-06
5.19996e-08
-1.77195e-06
3.71364e-08
-1.77478e-06
2.23345e-08
7.50508e-09
9.87007e-07
7.40691e-09
9.84654e-07
2.1963e-08
9.80762e-07
3.63131e-08
9.75343e-07
5.05151e-08
9.68411e-07
6.45376e-08
9.59984e-07
7.83259e-08
9.50078e-07
9.18431e-08
9.38703e-07
1.05068e-07
9.2586e-07
1.17985e-07
9.11534e-07
1.30579e-07
8.95684e-07
1.42834e-07
8.78233e-07
1.54733e-07
8.59049e-07
1.66257e-07
8.37929e-07
1.77381e-07
8.14579e-07
1.88074e-07
7.88619e-07
1.98282e-07
7.596e-07
2.07916e-07
7.27089e-07
2.16808e-07
6.90842e-07
2.24688e-07
6.51013e-07
2.31163e-07
6.08541e-07
2.36038e-07
5.64546e-07
2.392e-07
5.20239e-07
2.40668e-07
4.76655e-07
2.40606e-07
4.34522e-07
2.39259e-07
3.94263e-07
2.36893e-07
3.55976e-07
2.33752e-07
3.19711e-07
2.30004e-07
2.85364e-07
2.25825e-07
2.52795e-07
2.21333e-07
2.2186e-07
2.16626e-07
1.92429e-07
2.11782e-07
1.64382e-07
2.06871e-07
1.37612e-07
2.0195e-07
1.12026e-07
1.97071e-07
8.75387e-08
1.92277e-07
6.4073e-08
1.87603e-07
4.15436e-08
1.83057e-07
1.98935e-08
1.78644e-07
-9.38875e-10
1.74379e-07
-2.09899e-08
1.70263e-07
-4.03263e-08
1.66312e-07
-5.89843e-08
1.62528e-07
-7.70063e-08
1.58911e-07
-9.44337e-08
1.55457e-07
-1.11306e-07
1.52159e-07
-1.27659e-07
1.49009e-07
-1.43529e-07
1.46e-07
-1.58947e-07
1.43121e-07
-1.73945e-07
1.40363e-07
-1.88555e-07
1.37719e-07
-2.02807e-07
1.35185e-07
-2.16735e-07
1.32764e-07
-2.30377e-07
1.30473e-07
-2.43782e-07
1.28355e-07
-2.57033e-07
1.26512e-07
-2.70225e-07
1.25111e-07
-2.83522e-07
1.24388e-07
-2.97243e-07
1.24937e-07
-3.1203e-07
1.28033e-07
-3.28208e-07
1.33707e-07
-3.46072e-07
1.41098e-07
-3.65913e-07
1.49744e-07
-3.88045e-07
1.59366e-07
-4.12808e-07
1.69793e-07
-4.40583e-07
1.80895e-07
-4.71785e-07
1.9255e-07
-5.06847e-07
2.04612e-07
-5.46135e-07
2.1684e-07
-5.90531e-07
2.29093e-07
-6.41291e-07
2.41747e-07
-6.98686e-07
2.54821e-07
-7.63135e-07
2.67331e-07
-8.34585e-07
2.78737e-07
-9.12279e-07
2.88422e-07
-9.94561e-07
2.95772e-07
-1.07884e-06
3.00275e-07
-1.16186e-06
3.01637e-07
-1.24028e-06
2.99851e-07
-1.31125e-06
2.95006e-07
-1.37383e-06
2.87638e-07
-1.4282e-06
2.78493e-07
-1.47523e-06
2.68054e-07
-1.51605e-06
2.56597e-07
-1.55177e-06
2.44276e-07
-1.58334e-06
2.31193e-07
-1.61148e-06
2.17438e-07
-1.63674e-06
2.03095e-07
-1.65948e-06
1.88245e-07
-1.67996e-06
1.72965e-07
-1.69833e-06
1.5732e-07
-1.71467e-06
1.41369e-07
-1.72904e-06
1.25163e-07
-1.74147e-06
1.08745e-07
-1.75197e-06
9.2154e-08
-1.76054e-06
7.54322e-08
-1.76719e-06
5.86418e-08
-1.77193e-06
4.18726e-08
-1.77478e-06
2.5178e-08
8.45925e-09
9.87021e-07
8.18692e-09
9.84707e-07
2.42756e-08
9.8088e-07
4.01385e-08
9.7555e-07
5.58401e-08
9.6873e-07
7.13465e-08
9.60435e-07
8.65988e-08
9.50678e-07
1.01557e-07
9.39468e-07
1.16198e-07
9.26801e-07
1.30506e-07
9.12661e-07
1.44464e-07
8.97003e-07
1.58055e-07
8.79747e-07
1.71259e-07
8.60759e-07
1.84057e-07
8.39833e-07
1.9642e-07
8.16672e-07
2.08313e-07
7.90896e-07
2.1968e-07
7.62046e-07
2.30416e-07
7.29691e-07
2.40341e-07
6.93578e-07
2.49151e-07
6.5385e-07
2.56411e-07
6.11443e-07
2.61896e-07
5.67479e-07
2.65478e-07
5.23173e-07
2.67172e-07
4.79572e-07
2.67155e-07
4.37413e-07
2.65699e-07
3.9712e-07
2.63096e-07
3.58714e-07
2.59617e-07
3.22423e-07
2.555e-07
2.88049e-07
2.50862e-07
2.55456e-07
2.45872e-07
2.24513e-07
2.40638e-07
1.95085e-07
2.35252e-07
1.67051e-07
2.29788e-07
1.40304e-07
2.24312e-07
1.14749e-07
2.18881e-07
9.03011e-08
2.13544e-07
6.68833e-08
2.08342e-07
4.4409e-08
2.03283e-07
2.28193e-08
1.98373e-07
1.99193e-09
1.93614e-07
-1.79998e-08
1.89043e-07
-3.72609e-08
1.8466e-07
-5.58428e-08
1.80465e-07
-7.37912e-08
1.76456e-07
-9.11482e-08
1.7263e-07
-1.07954e-07
1.6898e-07
-1.24246e-07
1.65499e-07
-1.40061e-07
1.62176e-07
-1.55432e-07
1.59001e-07
-1.70393e-07
1.55965e-07
-1.84974e-07
1.53057e-07
-1.99209e-07
1.50273e-07
-2.1313e-07
1.47615e-07
-2.26776e-07
1.45102e-07
-2.40194e-07
1.42776e-07
-2.53463e-07
1.40743e-07
-2.66674e-07
1.39194e-07
-2.79984e-07
1.38372e-07
-2.93688e-07
1.38901e-07
-3.08381e-07
1.42132e-07
-3.24419e-07
1.48329e-07
-3.42113e-07
1.56482e-07
-3.61763e-07
1.66058e-07
-3.83686e-07
1.76739e-07
-4.08229e-07
1.88329e-07
-4.35772e-07
2.00683e-07
-4.66736e-07
2.13666e-07
-5.01563e-07
2.27116e-07
-5.40645e-07
2.40776e-07
-5.84771e-07
2.54457e-07
-6.35224e-07
2.68569e-07
-6.92349e-07
2.83196e-07
-7.56581e-07
2.97223e-07
-8.27891e-07
3.1005e-07
-9.05556e-07
3.20991e-07
-9.87956e-07
3.29354e-07
-1.07253e-06
3.34552e-07
-1.156e-06
3.36238e-07
-1.23502e-06
3.34388e-07
-1.30665e-06
3.2909e-07
-1.36987e-06
3.20928e-07
-1.42484e-06
3.10748e-07
-1.47241e-06
2.99103e-07
-1.5137e-06
2.86309e-07
-1.54983e-06
2.72545e-07
-1.58174e-06
2.57928e-07
-1.61018e-06
2.42559e-07
-1.63569e-06
2.26534e-07
-1.65866e-06
2.09945e-07
-1.67932e-06
1.92877e-07
-1.69784e-06
1.75406e-07
-1.71431e-06
1.57596e-07
-1.72879e-06
1.39507e-07
-1.7413e-06
1.21187e-07
-1.75186e-06
1.0268e-07
-1.76048e-06
8.40327e-08
-1.76716e-06
6.53159e-08
-1.77192e-06
4.66292e-08
-1.77478e-06
2.80323e-08
9.41655e-09
9.87037e-07
8.95086e-09
9.84771e-07
2.65408e-08
9.81021e-07
4.38867e-08
9.75796e-07
6.10595e-08
9.69108e-07
7.80235e-08
9.60969e-07
9.47159e-08
9.51389e-07
1.11094e-07
9.40372e-07
1.27135e-07
9.27913e-07
1.4282e-07
9.1399e-07
1.58132e-07
8.98555e-07
1.73053e-07
8.81524e-07
1.87561e-07
8.6276e-07
2.01634e-07
8.42053e-07
2.15241e-07
8.19106e-07
2.28344e-07
7.93526e-07
2.40879e-07
7.64858e-07
2.52734e-07
7.32669e-07
2.63711e-07
6.96692e-07
2.73474e-07
6.57061e-07
2.81543e-07
6.14707e-07
2.87663e-07
5.70755e-07
2.91687e-07
5.26425e-07
2.93627e-07
4.82773e-07
2.93674e-07
4.40549e-07
2.92126e-07
4.0018e-07
2.89301e-07
3.61854e-07
2.85492e-07
3.25387e-07
2.80958e-07
2.90981e-07
2.75894e-07
2.58358e-07
2.70401e-07
2.27397e-07
2.64639e-07
1.97965e-07
2.58706e-07
1.69941e-07
2.52685e-07
1.4322e-07
2.46648e-07
1.17707e-07
2.40656e-07
9.33149e-08
2.3477e-07
6.99476e-08
2.29034e-07
4.75397e-08
2.23448e-07
2.59517e-08
2.18013e-07
5.25787e-09
2.12775e-07
-1.46405e-08
2.0775e-07
-3.38059e-08
2.02933e-07
-5.22911e-08
1.98325e-07
-7.01433e-08
1.93926e-07
-8.74062e-08
1.8973e-07
-1.04121e-07
1.85733e-07
-1.20328e-07
1.81925e-07
-1.36063e-07
1.78295e-07
-1.51362e-07
1.74833e-07
-1.6626e-07
1.71526e-07
-1.8079e-07
1.68366e-07
-1.94985e-07
1.65344e-07
-2.0888e-07
1.62464e-07
-2.22513e-07
1.59741e-07
-2.35932e-07
1.57223e-07
-2.49209e-07
1.55009e-07
-2.62434e-07
1.5332e-07
-2.75753e-07
1.52395e-07
-2.89434e-07
1.5288e-07
-3.0402e-07
1.56176e-07
-3.199e-07
1.62862e-07
-3.37404e-07
1.71761e-07
-3.56842e-07
1.82262e-07
-3.78536e-07
1.94006e-07
-4.02836e-07
2.0677e-07
-4.30128e-07
2.20391e-07
-4.60836e-07
2.34722e-07
-4.95412e-07
2.49587e-07
-5.34276e-07
2.64712e-07
-5.7813e-07
2.79858e-07
-6.28274e-07
2.95457e-07
-6.85136e-07
3.11677e-07
-7.49171e-07
3.27266e-07
-8.20373e-07
3.4157e-07
-8.98054e-07
3.53831e-07
-9.80637e-07
3.63272e-07
-1.06558e-06
3.69228e-07
-1.14962e-06
3.71291e-07
-1.22934e-06
3.69411e-07
-1.30174e-06
3.63676e-07
-1.36572e-06
3.54714e-07
-1.42139e-06
3.43477e-07
-1.46957e-06
3.30593e-07
-1.51138e-06
3.16424e-07
-1.54796e-06
3.01176e-07
-1.58025e-06
2.84984e-07
-1.60901e-06
2.67961e-07
-1.63478e-06
2.50215e-07
-1.65797e-06
2.31849e-07
-1.67881e-06
2.12959e-07
-1.69747e-06
1.9363e-07
-1.71405e-06
1.73934e-07
-1.72862e-06
1.53936e-07
-1.74119e-06
1.33692e-07
-1.7518e-06
1.1325e-07
-1.76045e-06
9.26632e-08
-1.76715e-06
7.20084e-08
-1.77192e-06
5.13954e-08
-1.77477e-06
3.08902e-08
1.03741e-08
9.87056e-07
9.69505e-09
9.84848e-07
2.87485e-08
9.81191e-07
4.75415e-08
9.76094e-07
6.61519e-08
9.69564e-07
8.45427e-08
9.61609e-07
1.02648e-07
9.52237e-07
1.20424e-07
9.41447e-07
1.37845e-07
9.29228e-07
1.54893e-07
9.15554e-07
1.71551e-07
9.00373e-07
1.87797e-07
8.83596e-07
2.0361e-07
8.6508e-07
2.18964e-07
8.44612e-07
2.33826e-07
8.21891e-07
2.48154e-07
7.96524e-07
2.61876e-07
7.68058e-07
2.74869e-07
7.36033e-07
2.86918e-07
7.00191e-07
2.97656e-07
6.60648e-07
3.06563e-07
6.18336e-07
3.13343e-07
5.7438e-07
3.17836e-07
5.30005e-07
3.20047e-07
4.86281e-07
3.20178e-07
4.4397e-07
3.18551e-07
4.03513e-07
3.15514e-07
3.6511e-07
3.11385e-07
3.28702e-07
3.0643e-07
2.94117e-07
3.00891e-07
2.61461e-07
2.94913e-07
2.30485e-07
2.8863e-07
2.0105e-07
2.82159e-07
1.7303e-07
2.7557e-07
1.46318e-07
2.68956e-07
1.20865e-07
2.62391e-07
9.65271e-08
2.55921e-07
7.31796e-08
2.49601e-07
5.07679e-08
2.43471e-07
2.93402e-08
2.37545e-07
8.80613e-09
2.31842e-07
-1.09571e-08
2.26361e-07
-2.99936e-08
2.21105e-07
-4.83502e-08
2.16081e-07
-6.60728e-08
2.11288e-07
-8.32058e-08
2.06723e-07
-9.97925e-08
2.0238e-07
-1.15874e-07
1.98249e-07
-1.31491e-07
1.94319e-07
-1.4668e-07
1.90578e-07
-1.61478e-07
1.87012e-07
-1.75922e-07
1.83611e-07
-1.90045e-07
1.80367e-07
-2.03884e-07
1.77279e-07
-2.17479e-07
1.74365e-07
-2.30877e-07
1.71669e-07
-2.44145e-07
1.69289e-07
-2.57372e-07
1.67467e-07
-2.70686e-07
1.66437e-07
-2.8433e-07
1.66851e-07
-2.98795e-07
1.70134e-07
-3.14502e-07
1.77275e-07
-3.31795e-07
1.86907e-07
-3.50997e-07
1.98339e-07
-3.7244e-07
2.11159e-07
-3.96481e-07
2.25118e-07
-4.23509e-07
2.40034e-07
-4.53954e-07
2.55744e-07
-4.88275e-07
2.7206e-07
-5.26915e-07
2.88691e-07
-5.7052e-07
3.05352e-07
-6.20377e-07
3.22472e-07
-6.77012e-07
3.40331e-07
-7.40896e-07
3.57537e-07
-8.12044e-07
3.73382e-07
-8.8981e-07
3.87032e-07
-9.72662e-07
3.97625e-07
-1.05809e-06
4.04408e-07
-1.14282e-06
4.06902e-07
-1.22337e-06
4.05028e-07
-1.29667e-06
3.98866e-07
-1.36153e-06
3.89088e-07
-1.418e-06
3.76759e-07
-1.46687e-06
3.62589e-07
-1.50928e-06
3.46993e-07
-1.54634e-06
3.30206e-07
-1.57903e-06
3.12383e-07
-1.60812e-06
2.93651e-07
-1.63416e-06
2.74133e-07
-1.65754e-06
2.53943e-07
-1.67854e-06
2.33188e-07
-1.69731e-06
2.11963e-07
-1.71398e-06
1.90348e-07
-1.72859e-06
1.68415e-07
-1.7412e-06
1.46226e-07
-1.75181e-06
1.23833e-07
-1.76047e-06
1.01296e-07
-1.76716e-06
7.86972e-08
-1.77192e-06
5.61554e-08
-1.77478e-06
3.37421e-08
1.13288e-08
9.87081e-07
1.04149e-08
9.84942e-07
3.0886e-08
9.81399e-07
5.10825e-08
9.76457e-07
7.10895e-08
9.70119e-07
9.08699e-08
9.62389e-07
1.10355e-07
9.53269e-07
1.29501e-07
9.42753e-07
1.48281e-07
9.30824e-07
1.66677e-07
9.1745e-07
1.8467e-07
9.02572e-07
2.02239e-07
8.86096e-07
2.19359e-07
8.67875e-07
2.36003e-07
8.47688e-07
2.52133e-07
8.25229e-07
2.67704e-07
8.00085e-07
2.82638e-07
7.71831e-07
2.96806e-07
7.3997e-07
3.09963e-07
7.04251e-07
3.2172e-07
6.64769e-07
3.31503e-07
6.22451e-07
3.3898e-07
5.78434e-07
3.43973e-07
5.33964e-07
3.4648e-07
4.90113e-07
3.46711e-07
4.47656e-07
3.45012e-07
4.07053e-07
3.41766e-07
3.6849e-07
3.37326e-07
3.32029e-07
3.31985e-07
2.9744e-07
3.25949e-07
2.6475e-07
3.19449e-07
2.33762e-07
3.12587e-07
2.04248e-07
3.05487e-07
1.76179e-07
2.9828e-07
1.49457e-07
2.91058e-07
1.23936e-07
2.83894e-07
9.95848e-08
2.76867e-07
7.63992e-08
2.70034e-07
5.42457e-08
2.63412e-07
3.3026e-08
2.56997e-07
1.2635e-08
2.50806e-07
-6.97909e-09
2.44851e-07
-2.58589e-08
2.39145e-07
-4.40511e-08
2.33695e-07
-6.16031e-08
2.28503e-07
-7.85614e-08
2.23565e-07
-9.49717e-08
2.18875e-07
-1.10878e-07
2.14423e-07
-1.26324e-07
2.10198e-07
-1.41349e-07
2.06185e-07
-1.55995e-07
2.02371e-07
-1.70299e-07
1.98743e-07
-1.843e-07
1.9529e-07
-1.98035e-07
1.92013e-07
-2.11547e-07
1.88924e-07
-2.24883e-07
1.86067e-07
-2.38106e-07
1.83536e-07
-2.51308e-07
1.81587e-07
-2.64607e-07
1.80453e-07
-2.78167e-07
1.80765e-07
-2.9251e-07
1.83939e-07
-3.08029e-07
1.91509e-07
-3.25087e-07
2.01885e-07
-3.4403e-07
2.14271e-07
-3.65203e-07
2.28201e-07
-3.88972e-07
2.43392e-07
-4.15733e-07
2.59643e-07
-4.4592e-07
2.76776e-07
-4.79997e-07
2.94592e-07
-5.18424e-07
3.12785e-07
-5.61824e-07
3.31016e-07
-6.11442e-07
3.49703e-07
-6.67921e-07
3.6926e-07
-7.31739e-07
3.8815e-07
-8.02935e-07
4.05613e-07
-8.80907e-07
4.20739e-07
-9.64174e-07
4.3257e-07
-1.05025e-06
4.40256e-07
-1.13585e-06
4.43239e-07
-1.21743e-06
4.41398e-07
-1.29181e-06
4.34803e-07
-1.35769e-06
4.2417e-07
-1.41507e-06
4.10686e-07
-1.46471e-06
3.95156e-07
-1.50776e-06
3.78054e-07
-1.54533e-06
3.59649e-07
-1.57842e-06
3.40118e-07
-1.60781e-06
3.19606e-07
-1.63407e-06
2.9825e-07
-1.65762e-06
2.76178e-07
-1.67871e-06
2.53508e-07
-1.69754e-06
2.30343e-07
-1.71422e-06
2.06775e-07
-1.72882e-06
1.82881e-07
-1.74139e-06
1.58728e-07
-1.75197e-06
1.34374e-07
-1.76058e-06
1.09883e-07
-1.76723e-06
8.53426e-08
-1.77196e-06
6.08799e-08
-1.77479e-06
3.65704e-08
1.22746e-08
9.8711e-07
1.11055e-08
9.85058e-07
3.29375e-08
9.81655e-07
5.44837e-08
9.76901e-07
7.58378e-08
9.70797e-07
9.69636e-08
9.63338e-07
1.17792e-07
9.54519e-07
1.38277e-07
9.44326e-07
1.58394e-07
9.32734e-07
1.78125e-07
9.19701e-07
1.9745e-07
9.05161e-07
2.16346e-07
8.89011e-07
2.34786e-07
8.71097e-07
2.52739e-07
8.51192e-07
2.70165e-07
8.28984e-07
2.8701e-07
8.04079e-07
3.03189e-07
7.75993e-07
3.18557e-07
7.44289e-07
3.32858e-07
7.08674e-07
3.45664e-07
6.69234e-07
3.56358e-07
6.26906e-07
3.64565e-07
5.82818e-07
3.70089e-07
5.38225e-07
3.72922e-07
4.94226e-07
3.73294e-07
4.51592e-07
3.71533e-07
4.10853e-07
3.68069e-07
3.72146e-07
3.63269e-07
3.35396e-07
3.57457e-07
3.00706e-07
3.50921e-07
2.67768e-07
3.43865e-07
2.3658e-07
3.36451e-07
2.07074e-07
3.28803e-07
1.79078e-07
3.21038e-07
1.52453e-07
3.13244e-07
1.27125e-07
3.05503e-07
1.03e-07
2.97908e-07
7.99814e-08
2.90508e-07
5.79622e-08
2.83324e-07
3.68569e-08
2.76356e-07
1.66093e-08
2.69634e-07
-2.82771e-09
2.63177e-07
-2.15068e-08
2.57e-07
-3.94807e-08
2.5111e-07
-5.68014e-08
2.45508e-07
-7.35203e-08
2.4019e-07
-8.96871e-08
2.3515e-07
-1.0535e-07
2.30378e-07
-1.20555e-07
2.25862e-07
-1.35348e-07
2.21586e-07
-1.49772e-07
2.17537e-07
-1.63871e-07
2.13698e-07
-1.77685e-07
2.1006e-07
-1.91257e-07
2.06619e-07
-2.04631e-07
2.03387e-07
-2.17855e-07
2.00403e-07
-2.30987e-07
1.9776e-07
-2.44109e-07
1.95717e-07
-2.57328e-07
1.94497e-07
-2.70806e-07
1.94711e-07
-2.84913e-07
1.97754e-07
-3.00161e-07
2.05721e-07
-3.16946e-07
2.16827e-07
-3.35623e-07
2.30168e-07
-3.56539e-07
2.45223e-07
-3.80062e-07
2.61675e-07
-4.06592e-07
2.793e-07
-4.36564e-07
2.97905e-07
-4.70452e-07
3.17276e-07
-5.08714e-07
3.37096e-07
-5.51986e-07
3.56961e-07
-6.01429e-07
3.7728e-07
-6.57872e-07
3.98598e-07
-7.21751e-07
4.19245e-07
-7.93121e-07
4.38409e-07
-8.71437e-07
4.55103e-07
-9.55271e-07
4.68262e-07
-1.04217e-06
4.76927e-07
-1.12881e-06
4.80453e-07
-1.2116e-06
4.78669e-07
-1.28722e-06
4.71627e-07
-1.35429e-06
4.60088e-07
-1.41271e-06
4.45374e-07
-1.46324e-06
4.28391e-07
-1.507e-06
4.0968e-07
-1.54513e-06
3.8955e-07
-1.57864e-06
3.68207e-07
-1.60833e-06
3.45817e-07
-1.63478e-06
3.22532e-07
-1.65842e-06
2.98497e-07
-1.67954e-06
2.73844e-07
-1.69833e-06
2.48686e-07
-1.71494e-06
2.23122e-07
-1.72943e-06
1.97239e-07
-1.74189e-06
1.71107e-07
-1.75234e-06
1.4479e-07
-1.76082e-06
1.18351e-07
-1.76738e-06
9.1886e-08
-1.77202e-06
6.55257e-08
-1.7748e-06
3.93487e-08
1.32029e-08
9.87148e-07
1.17579e-08
9.85207e-07
3.48782e-08
9.81983e-07
5.77057e-08
9.77472e-07
8.03433e-08
9.71668e-07
1.02757e-07
9.64559e-07
1.24879e-07
9.5613e-07
1.46664e-07
9.46357e-07
1.68088e-07
9.35205e-07
1.89134e-07
9.22623e-07
2.0978e-07
9.08533e-07
2.30004e-07
8.92824e-07
2.49776e-07
8.75327e-07
2.69062e-07
8.55806e-07
2.87819e-07
8.33934e-07
3.05987e-07
8.09303e-07
3.23478e-07
7.8144e-07
3.40128e-07
7.49872e-07
3.55651e-07
7.14307e-07
3.69591e-07
6.74805e-07
3.81274e-07
6.32328e-07
3.90264e-07
5.88013e-07
3.96347e-07
5.43163e-07
3.99507e-07
4.98733e-07
3.99924e-07
4.55704e-07
3.98051e-07
4.14501e-07
3.9433e-07
3.75399e-07
3.89192e-07
3.38527e-07
3.82977e-07
3.03692e-07
3.75964e-07
2.70737e-07
3.68377e-07
2.39539e-07
3.60398e-07
2.10007e-07
3.52178e-07
1.81999e-07
3.43814e-07
1.55417e-07
3.35433e-07
1.30229e-07
3.2711e-07
1.06207e-07
3.1889e-07
8.32959e-08
3.10858e-07
6.1417e-08
3.03054e-07
4.04974e-08
2.95505e-07
2.04771e-08
2.88231e-07
1.29628e-09
2.81255e-07
-1.71044e-08
2.74591e-07
-3.47814e-08
2.68245e-07
-5.17904e-08
2.6222e-07
-6.81861e-08
2.56513e-07
-8.40217e-08
2.51117e-07
-9.93491e-08
2.46023e-07
-1.14219e-07
2.41217e-07
-1.28682e-07
2.36685e-07
-1.42786e-07
2.32411e-07
-1.56579e-07
2.28379e-07
-1.70108e-07
2.24578e-07
-1.83418e-07
2.21002e-07
-1.96558e-07
2.1766e-07
-2.09578e-07
2.14592e-07
-2.22535e-07
2.11883e-07
-2.35512e-07
2.09781e-07
-2.48592e-07
2.08526e-07
-2.61924e-07
2.08713e-07
-2.75766e-07
2.11687e-07
-2.90721e-07
2.19944e-07
-3.07204e-07
2.31736e-07
-3.25589e-07
2.46032e-07
-3.46236e-07
2.6224e-07
-3.69518e-07
2.79998e-07
-3.95841e-07
2.99055e-07
-4.25644e-07
3.192e-07
-4.59405e-07
3.40205e-07
-4.97601e-07
3.6174e-07
-5.40796e-07
3.83346e-07
-5.90184e-07
4.05376e-07
-6.4682e-07
4.28533e-07
-7.10983e-07
4.51041e-07
-7.82778e-07
4.72038e-07
-8.6174e-07
4.90437e-07
-9.46504e-07
5.05052e-07
-1.03462e-06
5.14798e-07
-1.12274e-06
5.18923e-07
-1.20712e-06
5.17191e-07
-1.28431e-06
5.09625e-07
-1.35279e-06
4.97053e-07
-1.4124e-06
4.80948e-07
-1.46386e-06
4.62339e-07
-1.50831e-06
4.41845e-07
-1.54692e-06
4.19829e-07
-1.58073e-06
3.96527e-07
-1.61055e-06
3.72129e-07
-1.63702e-06
3.46806e-07
-1.66057e-06
3.20718e-07
-1.68153e-06
2.94008e-07
-1.7001e-06
2.66804e-07
-1.71645e-06
2.39211e-07
-1.73067e-06
2.11321e-07
-1.74284e-06
1.83209e-07
-1.75303e-06
1.54942e-07
-1.76129e-06
1.26585e-07
-1.76764e-06
9.82348e-08
-1.77215e-06
7.0026e-08
-1.77483e-06
4.20366e-08
1.41e-08
9.87194e-07
1.23646e-08
9.85389e-07
3.66827e-08
9.82387e-07
6.07052e-08
9.78177e-07
8.45486e-08
9.7274e-07
1.08184e-07
9.66051e-07
1.31546e-07
9.5808e-07
1.54592e-07
9.48788e-07
1.77302e-07
9.38122e-07
1.99658e-07
9.26014e-07
2.21639e-07
9.12371e-07
2.43219e-07
8.97068e-07
2.64366e-07
8.7993e-07
2.85038e-07
8.60715e-07
3.05184e-07
8.39099e-07
3.24735e-07
8.14647e-07
3.43588e-07
7.86856e-07
3.61577e-07
7.55326e-07
3.78397e-07
7.19705e-07
3.93534e-07
6.80085e-07
4.06256e-07
6.37337e-07
4.16054e-07
5.92778e-07
4.22716e-07
5.47388e-07
4.26185e-07
5.02657e-07
4.26759e-07
4.59351e-07
4.24868e-07
4.17964e-07
4.20974e-07
3.78711e-07
4.15514e-07
3.41625e-07
4.08858e-07
3.06623e-07
4.01311e-07
2.73572e-07
3.93116e-07
2.42327e-07
3.84478e-07
2.12747e-07
3.75568e-07
1.84805e-07
3.66518e-07
1.58244e-07
3.57399e-07
1.3292e-07
3.48373e-07
1.08926e-07
3.39522e-07
8.61501e-08
3.30898e-07
6.45298e-08
3.2253e-07
4.38606e-08
3.14392e-07
2.41278e-08
3.06538e-07
5.267e-09
2.99018e-07
-1.27844e-08
2.91843e-07
-3.0088e-08
2.85022e-07
-4.67028e-08
2.78556e-07
-6.26866e-08
2.72444e-07
-7.8096e-08
2.6668e-07
-9.29866e-08
2.61253e-07
-1.07413e-07
2.56153e-07
-1.2143e-07
2.51363e-07
-1.35089e-07
2.46868e-07
-1.48446e-07
2.42652e-07
-1.61551e-07
2.38703e-07
-1.7446e-07
2.35015e-07
-1.87226e-07
2.31597e-07
-1.99906e-07
2.28483e-07
-2.12562e-07
2.2576e-07
-2.2527e-07
2.23651e-07
-2.38123e-07
2.22435e-07
-2.51253e-07
2.22676e-07
-2.64882e-07
2.25676e-07
-2.79519e-07
2.34085e-07
-2.95663e-07
2.46543e-07
-3.13732e-07
2.61826e-07
-3.34109e-07
2.7925e-07
-3.57178e-07
2.98395e-07
-3.8335e-07
3.18976e-07
-4.13069e-07
3.4076e-07
-4.46817e-07
3.63508e-07
-4.85066e-07
3.86882e-07
-5.28311e-07
4.10374e-07
-5.77738e-07
4.34194e-07
-6.34861e-07
4.59182e-07
-6.99447e-07
4.83701e-07
-7.71805e-07
5.06678e-07
-8.51568e-07
5.26915e-07
-9.37421e-07
5.431e-07
-1.02693e-06
5.54015e-07
-1.11668e-06
5.58789e-07
-1.20285e-06
5.57115e-07
-1.28182e-06
5.4897e-07
-1.35194e-06
5.35257e-07
-1.41295e-06
5.17613e-07
-1.46555e-06
4.972e-07
-1.51088e-06
4.7473e-07
-1.5501e-06
4.50628e-07
-1.58429e-06
4.25172e-07
-1.6143e-06
3.98581e-07
-1.64075e-06
3.71052e-07
-1.66415e-06
3.42765e-07
-1.68482e-06
3.13883e-07
-1.70302e-06
2.84544e-07
-1.71893e-06
2.54864e-07
-1.7327e-06
2.2494e-07
-1.74441e-06
1.9485e-07
-1.75417e-06
1.6466e-07
-1.76203e-06
1.34434e-07
-1.76807e-06
1.04266e-07
-1.77234e-06
7.42902e-08
-1.77488e-06
4.45799e-08
1.49484e-08
9.87261e-07
1.29043e-08
9.8565e-07
3.82932e-08
9.82962e-07
6.3391e-08
9.79177e-07
8.83285e-08
9.74265e-07
1.13085e-07
9.68189e-07
1.37601e-07
9.60903e-07
1.61838e-07
9.52349e-07
1.85778e-07
9.4246e-07
2.09408e-07
9.31148e-07
2.32705e-07
9.18302e-07
2.55645e-07
9.03772e-07
2.78192e-07
8.87353e-07
3.00305e-07
8.68768e-07
3.21931e-07
8.47655e-07
3.42992e-07
8.23596e-07
3.63358e-07
7.96063e-07
3.82832e-07
7.64542e-07
4.01082e-07
7.28714e-07
4.17569e-07
6.88625e-07
4.31508e-07
6.45275e-07
4.42311e-07
5.99811e-07
4.49685e-07
5.5381e-07
4.53654e-07
5.08395e-07
4.54465e-07
4.64385e-07
4.52547e-07
4.22288e-07
4.48412e-07
3.82368e-07
4.42546e-07
3.44688e-07
4.35362e-07
3.09198e-07
4.27195e-07
2.75776e-07
4.18311e-07
2.4428e-07
4.08926e-07
2.14561e-07
3.99223e-07
1.86418e-07
3.8938e-07
1.599e-07
3.79513e-07
1.34805e-07
3.69693e-07
1.11007e-07
3.60055e-07
8.84193e-08
3.50685e-07
6.68958e-08
3.41634e-07
4.65093e-08
3.32893e-07
2.71337e-08
3.24468e-07
8.6783e-09
3.16378e-07
-8.93706e-09
3.08668e-07
-2.57756e-08
3.01345e-07
-4.18989e-08
2.94415e-07
-5.7367e-08
2.87876e-07
-7.22391e-08
2.81723e-07
-8.65737e-08
2.75948e-07
-1.00429e-07
2.70538e-07
-1.13861e-07
2.65478e-07
-1.26928e-07
2.60754e-07
-1.39686e-07
2.56351e-07
-1.52193e-07
2.52255e-07
-1.64509e-07
2.48462e-07
-1.76697e-07
2.44982e-07
-1.88824e-07
2.4185e-07
-2.00963e-07
2.39151e-07
-2.13198e-07
2.37089e-07
-2.25642e-07
2.35982e-07
-2.38421e-07
2.36361e-07
-2.51727e-07
2.39484e-07
-2.65943e-07
2.47992e-07
-2.81684e-07
2.61154e-07
-2.99407e-07
2.77507e-07
-3.19514e-07
2.96251e-07
-3.42401e-07
3.169e-07
-3.68486e-07
3.39133e-07
-3.98221e-07
3.62697e-07
-4.32106e-07
3.87339e-07
-4.70655e-07
4.12722e-07
-5.14361e-07
4.38311e-07
-5.64339e-07
4.64138e-07
-6.22157e-07
4.91164e-07
-6.87769e-07
5.17968e-07
-7.61514e-07
5.43184e-07
-8.43067e-07
5.65496e-07
-9.31117e-07
5.8344e-07
-1.02317e-06
5.95629e-07
-1.11566e-06
6.01042e-07
-1.20454e-06
5.99282e-07
-1.28595e-06
5.90274e-07
-1.35805e-06
5.75054e-07
-1.42056e-06
5.55482e-07
-1.47417e-06
5.32861e-07
-1.52003e-06
5.08027e-07
-1.55939e-06
4.81481e-07
-1.59337e-06
4.53563e-07
-1.6229e-06
4.24535e-07
-1.6487e-06
3.9462e-07
-1.67129e-06
3.64009e-07
-1.69109e-06
3.32873e-07
-1.70836e-06
3.01358e-07
-1.72335e-06
2.69586e-07
-1.7362e-06
2.37654e-07
-1.74707e-06
2.05642e-07
-1.75606e-06
1.73612e-07
-1.76327e-06
1.41624e-07
-1.76878e-06
1.09767e-07
-1.77266e-06
7.81663e-08
-1.77496e-06
4.68867e-08
1.57165e-08
9.87332e-07
1.33726e-08
9.85943e-07
3.96821e-08
9.83621e-07
6.57102e-08
9.80329e-07
9.16162e-08
9.76013e-07
1.17391e-07
9.70607e-07
1.42985e-07
9.64033e-07
1.68371e-07
9.56198e-07
1.93538e-07
9.46998e-07
2.18471e-07
9.36313e-07
2.43149e-07
9.24008e-07
2.67536e-07
9.09927e-07
2.91581e-07
8.93884e-07
3.15217e-07
8.75632e-07
3.38373e-07
8.54728e-07
3.61031e-07
8.3073e-07
3.83064e-07
8.03077e-07
4.04206e-07
7.7127e-07
4.24071e-07
7.34989e-07
4.42054e-07
6.94288e-07
4.57298e-07
6.50076e-07
4.69131e-07
6.04059e-07
4.77319e-07
5.57468e-07
4.8174e-07
5.11423e-07
4.82673e-07
4.66819e-07
4.80618e-07
4.24212e-07
4.76146e-07
3.83862e-07
4.69791e-07
3.45828e-07
4.62003e-07
3.10046e-07
4.5315e-07
2.76405e-07
4.43524e-07
2.44772e-07
4.3336e-07
2.15022e-07
4.2285e-07
1.86969e-07
4.12167e-07
1.60497e-07
4.01487e-07
1.35545e-07
3.90889e-07
1.11989e-07
3.80469e-07
8.97112e-08
3.70336e-07
6.85877e-08
3.60536e-07
4.85346e-08
3.51082e-07
2.95123e-08
3.42015e-07
1.15067e-08
3.3334e-07
-5.64777e-09
3.25046e-07
-2.19913e-08
3.17181e-07
-3.75832e-08
3.0975e-07
-5.24858e-08
3.02753e-07
-6.67615e-08
2.96183e-07
-8.04709e-08
2.90032e-07
-9.36734e-08
2.84287e-07
-1.06427e-07
2.78933e-07
-1.1879e-07
2.73956e-07
-1.3082e-07
2.69341e-07
-1.42577e-07
2.65078e-07
-1.54125e-07
2.61164e-07
-1.65532e-07
2.57612e-07
-1.76876e-07
2.54462e-07
-1.88242e-07
2.51804e-07
-1.99719e-07
2.49836e-07
-2.11458e-07
2.48903e-07
-2.23623e-07
2.49515e-07
-2.36401e-07
2.52874e-07
-2.50133e-07
2.61538e-07
-2.65484e-07
2.75538e-07
-2.82924e-07
2.93106e-07
-3.02854e-07
3.13318e-07
-3.25664e-07
3.35614e-07
-3.51764e-07
3.59634e-07
-3.81597e-07
3.851e-07
-4.15653e-07
4.11748e-07
-4.54455e-07
4.39237e-07
-4.98523e-07
4.67026e-07
-5.4883e-07
4.95033e-07
-6.07051e-07
5.2426e-07
-6.73348e-07
5.5357e-07
-7.48135e-07
5.81267e-07
-8.31166e-07
6.05915e-07
-9.21189e-07
6.25879e-07
-1.01571e-06
6.39575e-07
-1.11106e-06
6.45784e-07
-1.20299e-06
6.43977e-07
-1.28733e-06
6.33978e-07
-1.36205e-06
6.16995e-07
-1.42673e-06
5.9511e-07
-1.48192e-06
5.69842e-07
-1.52881e-06
5.422e-07
-1.56873e-06
5.12802e-07
-1.60292e-06
4.82122e-07
-1.63241e-06
4.50435e-07
-1.65791e-06
4.17874e-07
-1.67993e-06
3.84677e-07
-1.69892e-06
3.5106e-07
-1.71523e-06
3.17198e-07
-1.72913e-06
2.83227e-07
-1.74087e-06
2.4925e-07
-1.75064e-06
2.15341e-07
-1.75862e-06
1.81553e-07
-1.76495e-06
1.47931e-07
-1.76973e-06
1.14547e-07
-1.77308e-06
8.15116e-08
-1.77507e-06
4.88724e-08
1.6379e-08
9.87504e-07
1.36692e-08
9.86551e-07
4.06346e-08
9.84876e-07
6.73834e-08
9.82443e-07
9.40445e-08
9.79186e-07
1.20638e-07
9.75018e-07
1.47133e-07
9.69833e-07
1.73518e-07
9.63503e-07
1.99794e-07
9.55881e-07
2.2596e-07
9.46799e-07
2.51998e-07
9.36062e-07
2.77873e-07
9.23444e-07
3.03525e-07
9.08674e-07
3.2888e-07
8.91421e-07
3.53849e-07
8.71351e-07
3.78373e-07
8.47927e-07
4.0231e-07
8.20599e-07
4.25406e-07
7.88797e-07
4.47226e-07
7.52149e-07
4.67085e-07
7.10701e-07
4.8402e-07
6.6559e-07
4.97225e-07
6.17809e-07
5.06352e-07
5.69157e-07
5.11308e-07
5.21052e-07
5.12397e-07
4.74515e-07
5.10171e-07
4.30153e-07
5.05265e-07
3.88252e-07
4.98279e-07
3.48887e-07
4.89724e-07
3.11998e-07
4.80012e-07
2.77462e-07
4.6947e-07
2.45129e-07
4.58358e-07
2.14841e-07
4.46893e-07
1.86457e-07
4.35252e-07
1.59798e-07
4.23597e-07
1.34758e-07
4.12085e-07
1.11223e-07
4.00789e-07
8.9098e-08
3.89802e-07
6.82754e-08
3.79183e-07
4.86456e-08
3.68939e-07
3.00892e-08
3.59112e-07
1.24675e-08
3.49746e-07
-4.11778e-09
3.40857e-07
-1.98736e-08
3.3243e-07
-3.48548e-08
3.24478e-07
-4.91244e-08
3.17001e-07
-6.2744e-08
3.09993e-07
-7.57728e-08
3.03443e-07
-8.8267e-08
2.97337e-07
-1.0028e-07
2.91658e-07
-1.11863e-07
2.86389e-07
-1.23067e-07
2.81517e-07
-1.33942e-07
2.77031e-07
-1.44544e-07
2.72931e-07
-1.54934e-07
2.69237e-07
-1.65185e-07
2.65999e-07
-1.75396e-07
2.63319e-07
-1.85662e-07
2.61414e-07
-1.9619e-07
2.60663e-07
-2.07203e-07
2.61593e-07
-2.19016e-07
2.65382e-07
-2.32032e-07
2.74504e-07
-2.46862e-07
2.89573e-07
-2.63947e-07
3.08558e-07
-2.83675e-07
3.30425e-07
-3.06425e-07
3.54549e-07
-3.32627e-07
3.80561e-07
-3.6278e-07
4.08193e-07
-3.97458e-07
4.37189e-07
-4.37298e-07
4.67224e-07
-4.82943e-07
4.97752e-07
-5.35297e-07
5.28535e-07
-5.96021e-07
5.60509e-07
-6.65472e-07
5.92879e-07
-7.44114e-07
6.23587e-07
-8.31687e-07
6.51005e-07
-9.26823e-07
6.73262e-07
-1.02676e-06
6.88491e-07
-1.12742e-06
6.95212e-07
-1.22406e-06
6.9275e-07
-1.31211e-06
6.8088e-07
-1.38939e-06
6.61113e-07
-1.45541e-06
6.35912e-07
-1.51099e-06
6.07141e-07
-1.55753e-06
5.75981e-07
-1.59645e-06
5.43166e-07
-1.62911e-06
5.09157e-07
-1.65651e-06
4.74261e-07
-1.67956e-06
4.38692e-07
-1.69894e-06
4.02708e-07
-1.71522e-06
3.66537e-07
-1.72884e-06
3.3036e-07
-1.74018e-06
2.94304e-07
-1.74953e-06
2.58461e-07
-1.75715e-06
2.22887e-07
-1.76325e-06
1.87611e-07
-1.76799e-06
1.52655e-07
-1.77152e-06
1.18066e-07
-1.77393e-06
8.39259e-08
-1.7753e-06
5.02415e-08
1.68061e-08
9.87492e-07
9.86726e-07
9.85507e-07
9.83774e-07
9.81443e-07
9.7841e-07
9.74544e-07
9.69684e-07
9.63631e-07
9.56143e-07
9.46921e-07
9.35595e-07
9.21717e-07
9.0477e-07
8.84355e-07
8.6002e-07
8.31244e-07
7.9756e-07
7.58747e-07
7.15053e-07
6.677e-07
6.18138e-07
5.67992e-07
5.18691e-07
4.71251e-07
4.26269e-07
3.83999e-07
3.44466e-07
3.07564e-07
2.73131e-07
2.40988e-07
2.10956e-07
1.82869e-07
1.56587e-07
1.31957e-07
1.08849e-07
8.71748e-08
6.68131e-08
4.76508e-08
2.95896e-08
1.2559e-08
-3.59398e-09
-1.88793e-08
-3.33861e-08
-4.71829e-08
-6.03305e-08
-7.28843e-08
-8.48953e-08
-9.64103e-08
-1.07473e-07
-1.18126e-07
-1.28409e-07
-1.38365e-07
-1.4804e-07
-1.57493e-07
-1.66805e-07
-1.76078e-07
-1.85515e-07
-1.95416e-07
-2.06257e-07
-2.18626e-07
-2.33014e-07
-2.49751e-07
-2.69052e-07
-2.9126e-07
-3.16817e-07
-3.46256e-07
-3.802e-07
-4.19347e-07
-4.64433e-07
-5.16424e-07
-5.76866e-07
-6.46366e-07
-7.25517e-07
-8.14275e-07
-9.11544e-07
-1.0148e-06
-1.12005e-06
-1.2223e-06
-1.31638e-06
-1.39935e-06
-1.4703e-06
-1.52977e-06
-1.57894e-06
-1.61927e-06
-1.65197e-06
-1.67823e-06
-1.69932e-06
-1.71628e-06
-1.72994e-06
-1.74092e-06
-1.74974e-06
-1.75678e-06
-1.76235e-06
-1.7667e-06
-1.77004e-06
-1.77251e-06
-1.77423e-06
-1.77531e-06
)
;

boundaryField
{
    fuel
    {
        type            calculated;
        value           nonuniform List<scalar> 
40
(
-9.878e-07
-9.87801e-07
-9.87801e-07
-9.87801e-07
-9.87801e-07
-9.87801e-07
-9.87801e-07
-9.87801e-07
-9.87801e-07
-9.87801e-07
-9.87801e-07
-9.87801e-07
-9.87801e-07
-9.87801e-07
-9.87801e-07
-9.87801e-07
-9.87801e-07
-9.87801e-07
-9.87801e-07
-9.87801e-07
-9.87801e-07
-9.87801e-07
-9.87801e-07
-9.87801e-07
-9.87801e-07
-9.87801e-07
-9.87801e-07
-9.87801e-07
-9.87801e-07
-9.87801e-07
-9.87801e-07
-9.87801e-07
-9.87801e-07
-9.87801e-07
-9.87801e-07
-9.87801e-07
-9.87801e-07
-9.87801e-07
-9.87801e-07
-9.878e-07
)
;
    }
    air
    {
        type            calculated;
        value           nonuniform List<scalar> 
40
(
-1.77573e-06
-1.77573e-06
-1.77573e-06
-1.77573e-06
-1.77573e-06
-1.77573e-06
-1.77573e-06
-1.77573e-06
-1.77573e-06
-1.77573e-06
-1.77573e-06
-1.77573e-06
-1.77573e-06
-1.77573e-06
-1.77573e-06
-1.77573e-06
-1.77573e-06
-1.77573e-06
-1.77573e-06
-1.77573e-06
-1.77573e-06
-1.77573e-06
-1.77573e-06
-1.77573e-06
-1.77573e-06
-1.77573e-06
-1.77573e-06
-1.77573e-06
-1.77573e-06
-1.77573e-06
-1.77573e-06
-1.77573e-06
-1.77573e-06
-1.77573e-06
-1.77573e-06
-1.77573e-06
-1.77573e-06
-1.77573e-06
-1.77573e-06
-1.77573e-06
)
;
    }
    outlet
    {
        type            calculated;
        value           nonuniform List<scalar> 
200
(
1.39757e-08
4.13904e-08
6.85813e-08
9.57451e-08
1.2292e-07
1.50095e-07
1.77283e-07
2.04507e-07
2.31792e-07
2.59151e-07
2.8658e-07
3.14053e-07
3.41522e-07
3.68894e-07
3.95895e-07
4.2231e-07
4.47864e-07
4.72033e-07
4.93994e-07
5.12616e-07
5.27007e-07
5.3682e-07
5.41994e-07
5.42914e-07
5.40224e-07
5.34642e-07
5.26839e-07
5.17375e-07
5.06696e-07
4.95157e-07
4.8304e-07
4.70575e-07
4.57954e-07
4.45336e-07
4.32866e-07
4.2067e-07
4.08805e-07
3.97356e-07
3.86336e-07
3.75786e-07
3.65734e-07
3.56209e-07
3.47236e-07
3.38778e-07
3.30833e-07
3.23393e-07
3.16446e-07
3.09973e-07
3.03957e-07
2.98377e-07
2.93219e-07
2.8847e-07
2.84132e-07
2.80228e-07
2.76815e-07
2.74013e-07
2.72067e-07
2.71383e-07
2.72572e-07
2.76904e-07
2.86745e-07
3.0303e-07
3.23518e-07
3.47001e-07
3.7285e-07
4.00772e-07
4.30532e-07
4.61898e-07
4.94568e-07
5.28022e-07
5.61855e-07
5.96822e-07
6.32602e-07
6.66716e-07
6.97419e-07
7.2264e-07
7.40238e-07
7.48403e-07
7.4612e-07
7.32977e-07
7.10461e-07
6.81476e-07
6.48334e-07
6.12548e-07
5.75077e-07
5.36451e-07
4.97156e-07
4.57757e-07
4.185e-07
3.7955e-07
3.41019e-07
3.02975e-07
2.65454e-07
2.28464e-07
1.91991e-07
1.56021e-07
1.20566e-07
8.56765e-08
5.13325e-08
1.72371e-08
1.39776e-08
4.14003e-08
6.86001e-08
9.57735e-08
1.22958e-07
1.50146e-07
1.77346e-07
2.04584e-07
2.31884e-07
2.59259e-07
2.86703e-07
3.14194e-07
3.4168e-07
3.69069e-07
3.96085e-07
4.22513e-07
4.48077e-07
4.72251e-07
4.94206e-07
5.12811e-07
5.27184e-07
5.36966e-07
5.42106e-07
5.42998e-07
5.40285e-07
5.3469e-07
5.26881e-07
5.17412e-07
5.0673e-07
4.95187e-07
4.83065e-07
4.70594e-07
4.57967e-07
4.45343e-07
4.32865e-07
4.20663e-07
4.08793e-07
3.97338e-07
3.86313e-07
3.75759e-07
3.65704e-07
3.56168e-07
3.47188e-07
3.38725e-07
3.30775e-07
3.23332e-07
3.16381e-07
3.09906e-07
3.03888e-07
2.98306e-07
2.93147e-07
2.88398e-07
2.8406e-07
2.80156e-07
2.76746e-07
2.7395e-07
2.72015e-07
2.71349e-07
2.72569e-07
2.76956e-07
2.86898e-07
3.03274e-07
3.23803e-07
3.47282e-07
3.73157e-07
4.01103e-07
4.3088e-07
4.62259e-07
4.94936e-07
5.28384e-07
5.62219e-07
5.97188e-07
6.32942e-07
6.67017e-07
6.97662e-07
7.22807e-07
7.40314e-07
7.4838e-07
7.46004e-07
7.32775e-07
7.10206e-07
6.81195e-07
6.48048e-07
6.12268e-07
5.74811e-07
5.36202e-07
4.96929e-07
4.57553e-07
4.18319e-07
3.79392e-07
3.40883e-07
3.0286e-07
2.65358e-07
2.28384e-07
1.91927e-07
1.5597e-07
1.20526e-07
8.56478e-08
5.13154e-08
1.72319e-08
)
;
    }
    frontAndBack
    {
        type            empty;
    }
}


// ************************************************************************* //
