/*--------------------------------*- C++ -*----------------------------------*\
  =========                 |
  \\      /  F ield         | OpenFOAM: The Open Source CFD Toolbox
   \\    /   O peration     | Website:  https://openfoam.org
    \\  /    A nd           | Version:  11
     \\/     M anipulation  |
\*---------------------------------------------------------------------------*/
FoamFile
{
    format      ascii;
    class       volVectorField;
    location    "0.05";
    object      U;
}
// * * * * * * * * * * * * * * * * * * * * * * * * * * * * * * * * * * * * * //

dimensions      [0 1 -1 0 0 0 0];

internalField   nonuniform List<vector> 
4000
(
(0.149991 -0.00527875 0)
(0.14991 -0.0156788 0)
(0.149764 -0.0259957 0)
(0.149544 -0.0363003 0)
(0.149241 -0.0466073 0)
(0.148844 -0.0569138 0)
(0.148336 -0.0672248 0)
(0.147698 -0.0775525 0)
(0.146909 -0.0879109 0)
(0.145944 -0.0983132 0)
(0.144778 -0.108774 0)
(0.143383 -0.119311 0)
(0.141731 -0.129955 0)
(0.139801 -0.140749 0)
(0.137587 -0.151717 0)
(0.135124 -0.162974 0)
(0.132461 -0.174708 0)
(0.129652 -0.187117 0)
(0.126759 -0.200381 0)
(0.123827 -0.214591 0)
(0.12086 -0.22968 0)
(0.117803 -0.245397 0)
(0.114558 -0.261348 0)
(0.111033 -0.277054 0)
(0.107145 -0.292046 0)
(0.102843 -0.305931 0)
(0.0981107 -0.31844 0)
(0.092965 -0.329426 0)
(0.0874472 -0.338856 0)
(0.0816102 -0.346781 0)
(0.0755109 -0.353312 0)
(0.0692038 -0.358599 0)
(0.062739 -0.362805 0)
(0.0561595 -0.366099 0)
(0.0494953 -0.368642 0)
(0.0427705 -0.370575 0)
(0.0360125 -0.372034 0)
(0.0292419 -0.373158 0)
(0.0224665 -0.374059 0)
(0.015689 -0.374829 0)
(0.00890793 -0.375547 0)
(0.00211474 -0.37628 0)
(-0.00469133 -0.377077 0)
(-0.0115085 -0.377978 0)
(-0.0183445 -0.379018 0)
(-0.025206 -0.38022 0)
(-0.0320971 -0.381601 0)
(-0.0390219 -0.383169 0)
(-0.045983 -0.384927 0)
(-0.0529825 -0.386872 0)
(-0.0600205 -0.388994 0)
(-0.0670952 -0.391283 0)
(-0.074201 -0.393726 0)
(-0.0813273 -0.396311 0)
(-0.0884531 -0.39903 0)
(-0.095539 -0.401882 0)
(-0.102511 -0.404874 0)
(-0.109251 -0.408012 0)
(-0.115488 -0.411287 0)
(-0.12062 -0.414558 0)
(-0.123908 -0.417338 0)
(-0.125213 -0.418856 0)
(-0.125283 -0.418673 0)
(-0.124798 -0.416535 0)
(-0.124109 -0.412425 0)
(-0.123379 -0.406372 0)
(-0.122692 -0.398412 0)
(-0.122107 -0.388572 0)
(-0.121671 -0.376895 0)
(-0.12139 -0.363449 0)
(-0.121166 -0.348292 0)
(-0.12089 -0.331517 0)
(-0.120577 -0.313324 0)
(-0.120349 -0.293993 0)
(-0.120338 -0.27394 0)
(-0.120631 -0.253678 0)
(-0.121295 -0.233772 0)
(-0.122375 -0.214781 0)
(-0.123908 -0.197171 0)
(-0.125884 -0.18125 0)
(-0.128199 -0.167101 0)
(-0.130689 -0.154575 0)
(-0.133207 -0.143368 0)
(-0.135645 -0.133136 0)
(-0.13793 -0.123572 0)
(-0.14 -0.114424 0)
(-0.141815 -0.105551 0)
(-0.143378 -0.0969083 0)
(-0.144709 -0.088446 0)
(-0.14583 -0.0801349 0)
(-0.146765 -0.0719603 0)
(-0.147538 -0.0639143 0)
(-0.148169 -0.0559915 0)
(-0.148679 -0.0481862 0)
(-0.149084 -0.0404923 0)
(-0.149401 -0.0329045 0)
(-0.149642 -0.0254245 0)
(-0.149816 -0.0180626 0)
(-0.149931 -0.0108142 0)
(-0.149994 -0.00361959 0)
(0.149997 -0.00513501 0)
(0.149903 -0.0152524 0)
(0.149711 -0.0252736 0)
(0.149405 -0.0352523 0)
(0.148979 -0.0451879 0)
(0.148424 -0.0550632 0)
(0.147729 -0.064869 0)
(0.146878 -0.0746023 0)
(0.145858 -0.084261 0)
(0.144652 -0.0938409 0)
(0.143248 -0.103337 0)
(0.141638 -0.112748 0)
(0.139817 -0.122084 0)
(0.13779 -0.131388 0)
(0.135585 -0.140814 0)
(0.133229 -0.1505 0)
(0.130754 -0.160583 0)
(0.128207 -0.171253 0)
(0.125633 -0.182704 0)
(0.123055 -0.195065 0)
(0.120448 -0.208322 0)
(0.117726 -0.222294 0)
(0.114779 -0.236642 0)
(0.111521 -0.250942 0)
(0.107867 -0.264762 0)
(0.103763 -0.27773 0)
(0.0991893 -0.289574 0)
(0.0941606 -0.300133 0)
(0.0887195 -0.309348 0)
(0.0829227 -0.31724 0)
(0.0768314 -0.32389 0)
(0.0705055 -0.329416 0)
(0.0639968 -0.333957 0)
(0.0573421 -0.337663 0)
(0.0505762 -0.340682 0)
(0.0437335 -0.343157 0)
(0.0368401 -0.345211 0)
(0.0299166 -0.346931 0)
(0.0229727 -0.348409 0)
(0.0160023 -0.349727 0)
(0.00899879 -0.350957 0)
(0.00198389 -0.352155 0)
(-0.0050368 -0.353372 0)
(-0.0120857 -0.354653 0)
(-0.0191693 -0.356032 0)
(-0.0262893 -0.357535 0)
(-0.0334515 -0.359178 0)
(-0.0406619 -0.360974 0)
(-0.0479266 -0.362926 0)
(-0.0552512 -0.365031 0)
(-0.0626403 -0.367283 0)
(-0.0700975 -0.369668 0)
(-0.0776238 -0.372165 0)
(-0.0852156 -0.374747 0)
(-0.0928594 -0.377379 0)
(-0.100519 -0.380015 0)
(-0.108119 -0.38259 0)
(-0.115516 -0.385009 0)
(-0.122363 -0.387134 0)
(-0.127868 -0.388725 0)
(-0.131097 -0.389416 0)
(-0.132107 -0.388869 0)
(-0.131733 -0.386829 0)
(-0.130768 -0.383167 0)
(-0.129637 -0.377802 0)
(-0.128506 -0.3707 0)
(-0.127447 -0.361854 0)
(-0.126502 -0.351288 0)
(-0.125706 -0.339066 0)
(-0.125046 -0.325309 0)
(-0.124396 -0.310204 0)
(-0.123676 -0.29391 0)
(-0.122947 -0.276601 0)
(-0.122331 -0.258586 0)
(-0.121951 -0.240263 0)
(-0.121887 -0.2221 0)
(-0.122191 -0.204586 0)
(-0.122893 -0.18818 0)
(-0.124019 -0.173235 0)
(-0.125561 -0.159934 0)
(-0.127441 -0.148259 0)
(-0.129533 -0.138004 0)
(-0.131714 -0.128859 0)
(-0.1339 -0.1205 0)
(-0.136025 -0.112656 0)
(-0.138043 -0.105141 0)
(-0.139918 -0.0977916 0)
(-0.14162 -0.0904581 0)
(-0.14314 -0.0831064 0)
(-0.144477 -0.0757355 0)
(-0.145636 -0.068356 0)
(-0.146628 -0.0609819 0)
(-0.147465 -0.0536266 0)
(-0.14816 -0.0463012 0)
(-0.148726 -0.0390138 0)
(-0.149177 -0.0317723 0)
(-0.149521 -0.0245903 0)
(-0.149768 -0.0174893 0)
(-0.149922 -0.0104771 0)
(-0.149998 -0.00350669 0)
(0.149991 -0.00498856 0)
(0.149851 -0.0148125 0)
(0.149578 -0.0245355 0)
(0.149157 -0.0342058 0)
(0.148585 -0.0438181 0)
(0.147855 -0.0533523 0)
(0.14696 -0.0627979 0)
(0.145889 -0.0721529 0)
(0.144634 -0.0814185 0)
(0.143187 -0.0905978 0)
(0.141543 -0.0996977 0)
(0.139703 -0.108733 0)
(0.137678 -0.117731 0)
(0.135486 -0.126738 0)
(0.133146 -0.135822 0)
(0.130685 -0.145096 0)
(0.128141 -0.154721 0)
(0.125554 -0.164896 0)
(0.122974 -0.175811 0)
(0.120429 -0.18759 0)
(0.117897 -0.200223 0)
(0.115314 -0.213535 0)
(0.112582 -0.227202 0)
(0.109584 -0.240826 0)
(0.106215 -0.253996 0)
(0.102405 -0.266359 0)
(0.0981233 -0.277661 0)
(0.0933782 -0.28775 0)
(0.0882022 -0.29657 0)
(0.0826437 -0.304141 0)
(0.0767594 -0.310541 0)
(0.0706037 -0.315881 0)
(0.0642175 -0.320297 0)
(0.0576438 -0.323925 0)
(0.0509266 -0.326895 0)
(0.044095 -0.329337 0)
(0.0371666 -0.331367 0)
(0.0301476 -0.33309 0)
(0.0230474 -0.334595 0)
(0.0158879 -0.335958 0)
(0.00869036 -0.337238 0)
(0.00144681 -0.338488 0)
(-0.00585712 -0.339758 0)
(-0.0132187 -0.341086 0)
(-0.020639 -0.342501 0)
(-0.0281234 -0.344023 0)
(-0.0356784 -0.345667 0)
(-0.043312 -0.347442 0)
(-0.0510329 -0.349349 0)
(-0.0588504 -0.351381 0)
(-0.0667739 -0.353527 0)
(-0.0748117 -0.355766 0)
(-0.08297 -0.35807 0)
(-0.0912485 -0.360401 0)
(-0.0996324 -0.362709 0)
(-0.108075 -0.364927 0)
(-0.116476 -0.366971 0)
(-0.124639 -0.36873 0)
(-0.132084 -0.370051 0)
(-0.137805 -0.370712 0)
(-0.140752 -0.370416 0)
(-0.141213 -0.368909 0)
(-0.140145 -0.366084 0)
(-0.138441 -0.361866 0)
(-0.136537 -0.356201 0)
(-0.134615 -0.349055 0)
(-0.132754 -0.340419 0)
(-0.130998 -0.330308 0)
(-0.129382 -0.318769 0)
(-0.127881 -0.305877 0)
(-0.126375 -0.291728 0)
(-0.124841 -0.27646 0)
(-0.123383 -0.260286 0)
(-0.122125 -0.243503 0)
(-0.121186 -0.226473 0)
(-0.120649 -0.209613 0)
(-0.120564 -0.193362 0)
(-0.120954 -0.178134 0)
(-0.121835 -0.164247 0)
(-0.123193 -0.151872 0)
(-0.124952 -0.140993 0)
(-0.126985 -0.131423 0)
(-0.129165 -0.122874 0)
(-0.131396 -0.115036 0)
(-0.133606 -0.107642 0)
(-0.135747 -0.100495 0)
(-0.137782 -0.0934695 0)
(-0.139681 -0.0864923 0)
(-0.141419 -0.0795233 0)
(-0.142985 -0.0725451 0)
(-0.144374 -0.0655546 0)
(-0.145589 -0.0585563 0)
(-0.146636 -0.0515579 0)
(-0.147524 -0.0445677 0)
(-0.148261 -0.0375934 0)
(-0.148859 -0.0306439 0)
(-0.149324 -0.0237348 0)
(-0.149663 -0.0168909 0)
(-0.149882 -0.0101235 0)
(-0.149993 -0.00339012 0)
(0.14999 -0.00479716 0)
(0.149827 -0.0142384 0)
(0.149511 -0.0235719 0)
(0.149025 -0.0328398 0)
(0.148369 -0.0420322 0)
(0.147542 -0.051125 0)
(0.146541 -0.0601038 0)
(0.14536 -0.0689629 0)
(0.143997 -0.0777001 0)
(0.142449 -0.0863151 0)
(0.140717 -0.0948114 0)
(0.138803 -0.1032 0)
(0.136717 -0.111506 0)
(0.134472 -0.119776 0)
(0.132093 -0.128091 0)
(0.129612 -0.136572 0)
(0.127069 -0.145383 0)
(0.12452 -0.154717 0)
(0.122017 -0.164759 0)
(0.119562 -0.175631 0)
(0.117124 -0.187326 0)
(0.114634 -0.199686 0)
(0.111977 -0.21242 0)
(0.109055 -0.225157 0)
(0.105781 -0.237526 0)
(0.102071 -0.249194 0)
(0.0978809 -0.259912 0)
(0.0932146 -0.269533 0)
(0.0881046 -0.277997 0)
(0.0825988 -0.285318 0)
(0.0767461 -0.291561 0)
(0.0705915 -0.296831 0)
(0.0641868 -0.301245 0)
(0.0575803 -0.304926 0)
(0.0507991 -0.308001 0)
(0.0438651 -0.31059 0)
(0.0368029 -0.312796 0)
(0.0296324 -0.314705 0)
(0.0223731 -0.316396 0)
(0.0150371 -0.317936 0)
(0.00762486 -0.319387 0)
(0.000133366 -0.320804 0)
(-0.00744115 -0.322226 0)
(-0.0151016 -0.323684 0)
(-0.0228511 -0.325204 0)
(-0.0306951 -0.326804 0)
(-0.0386406 -0.328494 0)
(-0.0466953 -0.330281 0)
(-0.0548679 -0.33216 0)
(-0.0631676 -0.334123 0)
(-0.0716029 -0.336151 0)
(-0.0801811 -0.338217 0)
(-0.0889052 -0.340287 0)
(-0.0977688 -0.342313 0)
(-0.106745 -0.344234 0)
(-0.115767 -0.345974 0)
(-0.124706 -0.347438 0)
(-0.133317 -0.348512 0)
(-0.140994 -0.349044 0)
(-0.146545 -0.348832 0)
(-0.148992 -0.347637 0)
(-0.148786 -0.345264 0)
(-0.147053 -0.341701 0)
(-0.144685 -0.336912 0)
(-0.142115 -0.330864 0)
(-0.139535 -0.323531 0)
(-0.13704 -0.314905 0)
(-0.134691 -0.304999 0)
(-0.132531 -0.293857 0)
(-0.130522 -0.281546 0)
(-0.128541 -0.268156 0)
(-0.126586 -0.253819 0)
(-0.124771 -0.238735 0)
(-0.123201 -0.22318 0)
(-0.121981 -0.207484 0)
(-0.12119 -0.192025 0)
(-0.120875 -0.1772 0)
(-0.121055 -0.163373 0)
(-0.121742 -0.150825 0)
(-0.122923 -0.139692 0)
(-0.124523 -0.129946 0)
(-0.126421 -0.121401 0)
(-0.128493 -0.113783 0)
(-0.130648 -0.106803 0)
(-0.132813 -0.100212 0)
(-0.134933 -0.0938222 0)
(-0.136967 -0.0875059 0)
(-0.138883 -0.0811877 0)
(-0.14066 -0.0748299 0)
(-0.142286 -0.0684191 0)
(-0.143751 -0.061956 0)
(-0.145054 -0.055448 0)
(-0.146195 -0.0489059 0)
(-0.147177 -0.042341 0)
(-0.148005 -0.035764 0)
(-0.148683 -0.0291869 0)
(-0.149217 -0.0226286 0)
(-0.149609 -0.0161168 0)
(-0.149863 -0.00966613 0)
(-0.149993 -0.00323893 0)
(0.149989 -0.00457935 0)
(0.149806 -0.0135888 0)
(0.149451 -0.0224899 0)
(0.148909 -0.031321 0)
(0.148181 -0.0400703 0)
(0.147267 -0.0487128 0)
(0.146167 -0.0572334 0)
(0.144878 -0.0656263 0)
(0.143399 -0.0738896 0)
(0.141732 -0.0820245 0)
(0.139879 -0.0900363 0)
(0.137847 -0.0979384 0)
(0.13565 -0.105757 0)
(0.133306 -0.11354 0)
(0.130842 -0.121364 0)
(0.128293 -0.129342 0)
(0.125709 -0.137629 0)
(0.123142 -0.146408 0)
(0.120641 -0.155854 0)
(0.118221 -0.16608 0)
(0.115843 -0.177069 0)
(0.113432 -0.18867 0)
(0.11088 -0.200608 0)
(0.108053 -0.212536 0)
(0.10485 -0.224107 0)
(0.10122 -0.235029 0)
(0.0971201 -0.245079 0)
(0.0925461 -0.254122 0)
(0.0875234 -0.262106 0)
(0.082088 -0.269039 0)
(0.0762831 -0.274985 0)
(0.0701594 -0.280038 0)
(0.0637649 -0.284304 0)
(0.0571298 -0.287897 0)
(0.0502764 -0.290927 0)
(0.0432503 -0.293492 0)
(0.0360943 -0.295689 0)
(0.0288193 -0.297605 0)
(0.0214249 -0.299315 0)
(0.0139155 -0.300887 0)
(0.00629487 -0.302376 0)
(-0.00143597 -0.303828 0)
(-0.00927648 -0.305277 0)
(-0.0172288 -0.306752 0)
(-0.0252964 -0.308272 0)
(-0.033484 -0.309852 0)
(-0.0417975 -0.311499 0)
(-0.0502441 -0.313213 0)
(-0.0588312 -0.314986 0)
(-0.0675661 -0.316807 0)
(-0.0764551 -0.318652 0)
(-0.0855012 -0.320491 0)
(-0.0947015 -0.322286 0)
(-0.104041 -0.323984 0)
(-0.113477 -0.325525 0)
(-0.122922 -0.32683 0)
(-0.132217 -0.327806 0)
(-0.141069 -0.328341 0)
(-0.148772 -0.3283 0)
(-0.153978 -0.3275 0)
(-0.155869 -0.325727 0)
(-0.15504 -0.322877 0)
(-0.152753 -0.318964 0)
(-0.14986 -0.313975 0)
(-0.146766 -0.307887 0)
(-0.143665 -0.300683 0)
(-0.14066 -0.292355 0)
(-0.137821 -0.282916 0)
(-0.13519 -0.272398 0)
(-0.132718 -0.260862 0)
(-0.130282 -0.248391 0)
(-0.127911 -0.235097 0)
(-0.125738 -0.22115 0)
(-0.123854 -0.206807 0)
(-0.122356 -0.192371 0)
(-0.121321 -0.178181 0)
(-0.120795 -0.164589 0)
(-0.120795 -0.15192 0)
(-0.121329 -0.140419 0)
(-0.122381 -0.130206 0)
(-0.123878 -0.121253 0)
(-0.125696 -0.113391 0)
(-0.127713 -0.106371 0)
(-0.129837 -0.0999294 0)
(-0.131998 -0.0938381 0)
(-0.134136 -0.0879242 0)
(-0.136207 -0.0820718 0)
(-0.138177 -0.0762113 0)
(-0.140019 -0.0703065 0)
(-0.141717 -0.0643433 0)
(-0.14326 -0.0583201 0)
(-0.144643 -0.0522428 0)
(-0.145862 -0.0461205 0)
(-0.146919 -0.0399634 0)
(-0.147815 -0.0337821 0)
(-0.148554 -0.0275886 0)
(-0.149138 -0.0214023 0)
(-0.149569 -0.0152512 0)
(-0.149849 -0.00915132 0)
(-0.149992 -0.00306793 0)
(0.149988 -0.00434016 0)
(0.149791 -0.0128765 0)
(0.14941 -0.0213053 0)
(0.148828 -0.0296615 0)
(0.148049 -0.0379318 0)
(0.147074 -0.0460903 0)
(0.145907 -0.0541208 0)
(0.144546 -0.0620163 0)
(0.142994 -0.069774 0)
(0.141253 -0.0773938 0)
(0.13933 -0.0848803 0)
(0.137234 -0.0922459 0)
(0.134978 -0.0995157 0)
(0.132584 -0.106735 0)
(0.130081 -0.113978 0)
(0.127507 -0.121354 0)
(0.124906 -0.129013 0)
(0.122329 -0.137131 0)
(0.119827 -0.14588 0)
(0.117414 -0.155368 0)
(0.115052 -0.165591 0)
(0.112664 -0.176409 0)
(0.110137 -0.187568 0)
(0.107353 -0.198745 0)
(0.104193 -0.209606 0)
(0.100578 -0.219868 0)
(0.0964801 -0.229323 0)
(0.0918983 -0.237843 0)
(0.0868716 -0.245375 0)
(0.081431 -0.251935 0)
(0.0756043 -0.257587 0)
(0.0694428 -0.262415 0)
(0.0629994 -0.266518 0)
(0.0563197 -0.270004 0)
(0.0494456 -0.272965 0)
(0.0423893 -0.275492 0)
(0.0351538 -0.277677 0)
(0.0277579 -0.279601 0)
(0.0202145 -0.281333 0)
(0.0125303 -0.282932 0)
(0.0047118 -0.284446 0)
(-0.00323607 -0.285918 0)
(-0.0113134 -0.287377 0)
(-0.0195239 -0.288848 0)
(-0.0278699 -0.290347 0)
(-0.0363553 -0.291884 0)
(-0.0449851 -0.293464 0)
(-0.0537645 -0.295084 0)
(-0.0626985 -0.296734 0)
(-0.0717916 -0.298398 0)
(-0.081046 -0.300052 0)
(-0.0904598 -0.301663 0)
(-0.100023 -0.303191 0)
(-0.109712 -0.304585 0)
(-0.11947 -0.305782 0)
(-0.129188 -0.30671 0)
(-0.138684 -0.30728 0)
(-0.147619 -0.307387 0)
(-0.155202 -0.306899 0)
(-0.15999 -0.305664 0)
(-0.161324 -0.303496 0)
(-0.159952 -0.300368 0)
(-0.15721 -0.296286 0)
(-0.153899 -0.291246 0)
(-0.150401 -0.285232 0)
(-0.146904 -0.278231 0)
(-0.143515 -0.270239 0)
(-0.140309 -0.261266 0)
(-0.137336 -0.251343 0)
(-0.134547 -0.240522 0)
(-0.131811 -0.228883 0)
(-0.129135 -0.216526 0)
(-0.126691 -0.203597 0)
(-0.124605 -0.190333 0)
(-0.122943 -0.177018 0)
(-0.121768 -0.163964 0)
(-0.121123 -0.151494 0)
(-0.121018 -0.139902 0)
(-0.121458 -0.129409 0)
(-0.122423 -0.120116 0)
(-0.123837 -0.111986 0)
(-0.12558 -0.104857 0)
(-0.127531 -0.0984915 0)
(-0.129601 -0.0926462 0)
(-0.131719 -0.0871089 0)
(-0.133828 -0.0817194 0)
(-0.135884 -0.0763702 0)
(-0.137852 -0.0709972 0)
(-0.139705 -0.0655673 0)
(-0.141424 -0.0600676 0)
(-0.142996 -0.0544973 0)
(-0.144414 -0.0488626 0)
(-0.145672 -0.0431728 0)
(-0.146768 -0.0374382 0)
(-0.147702 -0.0316696 0)
(-0.148476 -0.0258794 0)
(-0.149091 -0.0200872 0)
(-0.149545 -0.0143208 0)
(-0.14984 -0.00859686 0)
(-0.149991 -0.00288342 0)
(0.149988 -0.00408509 0)
(0.149779 -0.0121179 0)
(0.149376 -0.0200464 0)
(0.148762 -0.0279025 0)
(0.147941 -0.0356725 0)
(0.146917 -0.0433307 0)
(0.145693 -0.0508609 0)
(0.144271 -0.0582559 0)
(0.142653 -0.0655129 0)
(0.140844 -0.0726319 0)
(0.138853 -0.0796178 0)
(0.13669 -0.0864827 0)
(0.13437 -0.0932515 0)
(0.131917 -0.0999678 0)
(0.129361 -0.106702 0)
(0.12674 -0.113559 0)
(0.124105 -0.120681 0)
(0.121505 -0.128233 0)
(0.118991 -0.136373 0)
(0.116575 -0.145204 0)
(0.114218 -0.154718 0)
(0.11184 -0.164786 0)
(0.109324 -0.175171 0)
(0.10655 -0.185576 0)
(0.103412 -0.195698 0)
(0.0998311 -0.205269 0)
(0.0957749 -0.214093 0)
(0.091247 -0.222049 0)
(0.086247 -0.229092 0)
(0.0807875 -0.235247 0)
(0.0749252 -0.240558 0)
(0.0687208 -0.245095 0)
(0.0622171 -0.248951 0)
(0.0554659 -0.252228 0)
(0.0485046 -0.255027 0)
(0.0413468 -0.257445 0)
(0.0340096 -0.259564 0)
(0.0265078 -0.261452 0)
(0.0188446 -0.263165 0)
(0.0110197 -0.264748 0)
(0.00303525 -0.266245 0)
(-0.00510004 -0.267691 0)
(-0.0133829 -0.269116 0)
(-0.0218162 -0.270541 0)
(-0.0304008 -0.27198 0)
(-0.039139 -0.27344 0)
(-0.0480341 -0.274923 0)
(-0.0570891 -0.276424 0)
(-0.0663067 -0.277932 0)
(-0.0756877 -0.279429 0)
(-0.0852302 -0.280891 0)
(-0.0949273 -0.282285 0)
(-0.104763 -0.28357 0)
(-0.114704 -0.284698 0)
(-0.124686 -0.285609 0)
(-0.13458 -0.286236 0)
(-0.14418 -0.286496 0)
(-0.153093 -0.286295 0)
(-0.160447 -0.285501 0)
(-0.164801 -0.283983 0)
(-0.165665 -0.281594 0)
(-0.16388 -0.278355 0)
(-0.160784 -0.274268 0)
(-0.157148 -0.269324 0)
(-0.153339 -0.263514 0)
(-0.149541 -0.256825 0)
(-0.145863 -0.249257 0)
(-0.142383 -0.240819 0)
(-0.139151 -0.23154 0)
(-0.136115 -0.221467 0)
(-0.133142 -0.210665 0)
(-0.130233 -0.199232 0)
(-0.127575 -0.187308 0)
(-0.125314 -0.175104 0)
(-0.123509 -0.162874 0)
(-0.122212 -0.150906 0)
(-0.121459 -0.139492 0)
(-0.121259 -0.128896 0)
(-0.121614 -0.119313 0)
(-0.122502 -0.110829 0)
(-0.123848 -0.103407 0)
(-0.125532 -0.0968944 0)
(-0.127433 -0.0910745 0)
(-0.129463 -0.0857238 0)
(-0.131552 -0.0806491 0)
(-0.133642 -0.0757041 0)
(-0.135689 -0.0707905 0)
(-0.137655 -0.0658491 0)
(-0.139515 -0.0608491 0)
(-0.141246 -0.0557784 0)
(-0.142836 -0.0506358 0)
(-0.144275 -0.0454266 0)
(-0.145556 -0.0401593 0)
(-0.146676 -0.0348436 0)
(-0.147633 -0.0294895 0)
(-0.148428 -0.0241089 0)
(-0.149061 -0.0187207 0)
(-0.149529 -0.0133517 0)
(-0.149834 -0.00801826 0)
(-0.149991 -0.0026905 0)
(0.149987 -0.00381727 0)
(0.14977 -0.0113225 0)
(0.14935 -0.0187276 0)
(0.148711 -0.0260621 0)
(0.147858 -0.0333122 0)
(0.146795 -0.0404527 0)
(0.145527 -0.0474677 0)
(0.144057 -0.0543497 0)
(0.142389 -0.0610956 0)
(0.140528 -0.0677053 0)
(0.138485 -0.0741828 0)
(0.136272 -0.0805398 0)
(0.133905 -0.0867996 0)
(0.131408 -0.0930035 0)
(0.128813 -0.0992179 0)
(0.126159 -0.105541 0)
(0.123494 -0.112107 0)
(0.120871 -0.119072 0)
(0.118339 -0.126584 0)
(0.115908 -0.134741 0)
(0.113541 -0.143538 0)
(0.111154 -0.152854 0)
(0.108632 -0.162471 0)
(0.105853 -0.172111 0)
(0.102709 -0.181492 0)
(0.0991256 -0.190371 0)
(0.095068 -0.198565 0)
(0.090523 -0.205971 0)
(0.0854781 -0.212555 0)
(0.0799919 -0.218316 0)
(0.0741381 -0.223293 0)
(0.0679433 -0.227558 0)
(0.061436 -0.231194 0)
(0.0546403 -0.234293 0)
(0.0475876 -0.236947 0)
(0.0403082 -0.239241 0)
(0.0328269 -0.241247 0)
(0.0251788 -0.243035 0)
(0.0173827 -0.244667 0)
(0.00943209 -0.246189 0)
(0.00131451 -0.247634 0)
(-0.00697379 -0.249026 0)
(-0.0154279 -0.250392 0)
(-0.0240453 -0.251748 0)
(-0.0328266 -0.253106 0)
(-0.0417724 -0.254472 0)
(-0.0508837 -0.255845 0)
(-0.0601612 -0.257219 0)
(-0.0696049 -0.258583 0)
(-0.0792124 -0.259919 0)
(-0.0889782 -0.261202 0)
(-0.0988908 -0.262401 0)
(-0.108928 -0.263477 0)
(-0.11905 -0.264385 0)
(-0.129183 -0.26507 0)
(-0.139183 -0.265468 0)
(-0.148828 -0.265505 0)
(-0.157661 -0.265093 0)
(-0.164723 -0.26411 0)
(-0.168637 -0.26245 0)
(-0.169096 -0.259972 0)
(-0.166993 -0.256723 0)
(-0.163624 -0.252712 0)
(-0.159736 -0.247936 0)
(-0.155688 -0.242385 0)
(-0.151662 -0.236054 0)
(-0.147766 -0.228938 0)
(-0.144082 -0.221049 0)
(-0.140657 -0.212412 0)
(-0.13743 -0.203068 0)
(-0.134273 -0.193074 0)
(-0.131195 -0.182522 0)
(-0.128381 -0.171547 0)
(-0.125991 -0.160337 0)
(-0.124081 -0.149125 0)
(-0.122698 -0.138173 0)
(-0.121871 -0.127746 0)
(-0.121606 -0.118085 0)
(-0.121902 -0.109362 0)
(-0.122736 -0.101651 0)
(-0.124029 -0.0949101 0)
(-0.125662 -0.0889953 0)
(-0.127517 -0.083707 0)
(-0.129505 -0.0788399 0)
(-0.131558 -0.0742174 0)
(-0.13362 -0.0697065 0)
(-0.135644 -0.0652176 0)
(-0.137595 -0.0606971 0)
(-0.139446 -0.0561169 0)
(-0.141174 -0.051466 0)
(-0.142766 -0.0467435 0)
(-0.14421 -0.0419542 0)
(-0.145499 -0.0371062 0)
(-0.146629 -0.0322083 0)
(-0.147597 -0.0272701 0)
(-0.148403 -0.0223028 0)
(-0.149045 -0.0173242 0)
(-0.149521 -0.0123598 0)
(-0.149831 -0.00742519 0)
(-0.149991 -0.00249242 0)
(0.149987 -0.00353937 0)
(0.149762 -0.0104974 0)
(0.149328 -0.0173609 0)
(0.148669 -0.024157 0)
(0.147789 -0.0308721 0)
(0.146695 -0.0374822 0)
(0.145391 -0.0439719 0)
(0.14388 -0.0503338 0)
(0.142169 -0.0565647 0)
(0.140264 -0.0626643 0)
(0.138175 -0.0686367 0)
(0.135916 -0.0744927 0)
(0.133504 -0.0802542 0)
(0.130965 -0.0859601 0)
(0.12833 -0.0916725 0)
(0.125641 -0.0974836 0)
(0.122945 -0.103517 0)
(0.120296 -0.109917 0)
(0.117743 -0.116824 0)
(0.115298 -0.124326 0)
(0.112919 -0.132418 0)
(0.110521 -0.14099 0)
(0.107989 -0.14984 0)
(0.105201 -0.158713 0)
(0.102049 -0.167351 0)
(0.0984567 -0.17553 0)
(0.0943832 -0.183086 0)
(0.0897939 -0.189926 0)
(0.0847232 -0.196006 0)
(0.0792309 -0.201324 0)
(0.0733408 -0.205932 0)
(0.067092 -0.209896 0)
(0.060527 -0.213296 0)
(0.0536783 -0.21621 0)
(0.0465757 -0.218714 0)
(0.0392508 -0.22088 0)
(0.0317202 -0.222775 0)
(0.0239788 -0.224457 0)
(0.0160348 -0.225984 0)
(0.00792348 -0.227406 0)
(-0.000338567 -0.228759 0)
(-0.0087655 -0.230065 0)
(-0.0173666 -0.231343 0)
(-0.0261406 -0.232606 0)
(-0.0350858 -0.233864 0)
(-0.0442024 -0.235121 0)
(-0.05349 -0.236374 0)
(-0.0629474 -0.237617 0)
(-0.0725722 -0.238838 0)
(-0.0823593 -0.240018 0)
(-0.0923002 -0.241136 0)
(-0.10238 -0.24216 0)
(-0.112571 -0.243056 0)
(-0.122827 -0.243781 0)
(-0.133065 -0.244285 0)
(-0.143133 -0.244508 0)
(-0.15278 -0.244385 0)
(-0.161503 -0.243833 0)
(-0.168282 -0.242748 0)
(-0.171773 -0.241048 0)
(-0.171838 -0.238586 0)
(-0.169445 -0.235421 0)
(-0.165857 -0.231568 0)
(-0.161783 -0.227028 0)
(-0.157563 -0.221797 0)
(-0.153372 -0.215869 0)
(-0.14932 -0.209242 0)
(-0.145488 -0.201925 0)
(-0.141921 -0.193942 0)
(-0.138547 -0.185329 0)
(-0.135247 -0.176139 0)
(-0.13204 -0.166456 0)
(-0.12911 -0.156406 0)
(-0.126619 -0.146161 0)
(-0.124627 -0.135932 0)
(-0.123174 -0.125956 0)
(-0.122286 -0.116473 0)
(-0.121968 -0.1077 0)
(-0.122215 -0.0997873 0)
(-0.123003 -0.0927981 0)
(-0.124252 -0.0866898 0)
(-0.125843 -0.0813287 0)
(-0.127658 -0.0765315 0)
(-0.129611 -0.0721118 0)
(-0.131633 -0.0679096 0)
(-0.133668 -0.0638047 0)
(-0.13567 -0.0597162 0)
(-0.137604 -0.0555955 0)
(-0.139441 -0.0514174 0)
(-0.141161 -0.0471716 0)
(-0.142747 -0.0428573 0)
(-0.144189 -0.038479 0)
(-0.145478 -0.0340436 0)
(-0.14661 -0.0295595 0)
(-0.147582 -0.0250351 0)
(-0.148391 -0.020481 0)
(-0.149037 -0.0159136 0)
(-0.149517 -0.0113566 0)
(-0.14983 -0.00682459 0)
(-0.149991 -0.0022915 0)
(0.149986 -0.00325318 0)
(0.149756 -0.00964841 0)
(0.149311 -0.0159555 0)
(0.148635 -0.0221991 0)
(0.147733 -0.0283664 0)
(0.146613 -0.0344345 0)
(0.145278 -0.0403889 0)
(0.143734 -0.0462224 0)
(0.141987 -0.051932 0)
(0.140045 -0.0575171 0)
(0.137918 -0.0629812 0)
(0.13562 -0.0683344 0)
(0.13317 -0.073597 0)
(0.130594 -0.0788047 0)
(0.127925 -0.0840152 0)
(0.125205 -0.0893137 0)
(0.122481 -0.0948138 0)
(0.119807 -0.10065 0)
(0.117233 -0.10695 0)
(0.114769 -0.113796 0)
(0.112373 -0.121185 0)
(0.10996 -0.129014 0)
(0.107412 -0.1371 0)
(0.104607 -0.145209 0)
(0.101437 -0.153105 0)
(0.0978239 -0.160584 0)
(0.0937148 -0.167498 0)
(0.0891046 -0.173763 0)
(0.0840215 -0.17933 0)
(0.0784931 -0.18421 0)
(0.07256 -0.188445 0)
(0.0662657 -0.192092 0)
(0.0596484 -0.195223 0)
(0.052743 -0.197912 0)
(0.0455789 -0.200228 0)
(0.0381813 -0.202241 0)
(0.0305682 -0.204014 0)
(0.022751 -0.205598 0)
(0.0147361 -0.207035 0)
(0.00652323 -0.208361 0)
(-0.00186767 -0.209613 0)
(-0.0104224 -0.210818 0)
(-0.0191529 -0.211995 0)
(-0.0280618 -0.213155 0)
(-0.0371461 -0.214305 0)
(-0.046405 -0.215446 0)
(-0.0558369 -0.216576 0)
(-0.0654394 -0.217688 0)
(-0.0752084 -0.21877 0)
(-0.0851366 -0.219804 0)
(-0.0952129 -0.22077 0)
(-0.105419 -0.221639 0)
(-0.115725 -0.222378 0)
(-0.126078 -0.222949 0)
(-0.136385 -0.223305 0)
(-0.146488 -0.223393 0)
(-0.156118 -0.223154 0)
(-0.164727 -0.222515 0)
(-0.171237 -0.221385 0)
(-0.174346 -0.219708 0)
(-0.174073 -0.217332 0)
(-0.171437 -0.214324 0)
(-0.167667 -0.210698 0)
(-0.16344 -0.206455 0)
(-0.159083 -0.201593 0)
(-0.154766 -0.196105 0)
(-0.150595 -0.189994 0)
(-0.146651 -0.183267 0)
(-0.142972 -0.175945 0)
(-0.139485 -0.168061 0)
(-0.136077 -0.159666 0)
(-0.132772 -0.150837 0)
(-0.129756 -0.14169 0)
(-0.127189 -0.132381 0)
(-0.125133 -0.123101 0)
(-0.123628 -0.114065 0)
(-0.122695 -0.105489 0)
(-0.122336 -0.0975648 0)
(-0.122546 -0.0904278 0)
(-0.123299 -0.0841292 0)
(-0.124513 -0.0786267 0)
(-0.126068 -0.0737962 0)
(-0.127849 -0.0694707 0)
(-0.129769 -0.0654816 0)
(-0.131761 -0.0616849 0)
(-0.133768 -0.0579724 0)
(-0.135747 -0.0542718 0)
(-0.137661 -0.0505396 0)
(-0.139481 -0.0467531 0)
(-0.141188 -0.0429032 0)
(-0.142763 -0.0389891 0)
(-0.144198 -0.0350147 0)
(-0.145482 -0.0309864 0)
(-0.146611 -0.0269117 0)
(-0.147581 -0.0227984 0)
(-0.14839 -0.0186557 0)
(-0.149036 -0.0144987 0)
(-0.149516 -0.0103494 0)
(-0.149829 -0.00622101 0)
(-0.149991 -0.00208931 0)
(0.149986 -0.00296023 0)
(0.14975 -0.00877944 0)
(0.149296 -0.0145176 0)
(0.148607 -0.0201971 0)
(0.147687 -0.0258058 0)
(0.146544 -0.0313225 0)
(0.145184 -0.0367335 0)
(0.143612 -0.0420322 0)
(0.141835 -0.0472153 0)
(0.13986 -0.0522824 0)
(0.137699 -0.0572367 0)
(0.135367 -0.0620872 0)
(0.132884 -0.0668526 0)
(0.130275 -0.0715656 0)
(0.127574 -0.0762787 0)
(0.124824 -0.0810696 0)
(0.122073 -0.086043 0)
(0.119375 -0.0913206 0)
(0.11678 -0.0970196 0)
(0.114298 -0.103214 0)
(0.111886 -0.109901 0)
(0.109457 -0.116989 0)
(0.106893 -0.12431 0)
(0.104071 -0.131653 0)
(0.100885 -0.138803 0)
(0.0972504 -0.145579 0)
(0.0931086 -0.151849 0)
(0.0884635 -0.157525 0)
(0.0833486 -0.162576 0)
(0.0777892 -0.167009 0)
(0.0718207 -0.170859 0)
(0.0654847 -0.174179 0)
(0.0588203 -0.177033 0)
(0.0518618 -0.179486 0)
(0.0446378 -0.181605 0)
(0.0371727 -0.183448 0)
(0.0294855 -0.185072 0)
(0.0215883 -0.186523 0)
(0.0134911 -0.187843 0)
(0.0052019 -0.189065 0)
(-0.00327458 -0.190216 0)
(-0.0119363 -0.19132 0)
(-0.0207798 -0.192395 0)
(-0.0298014 -0.193448 0)
(-0.0390005 -0.194486 0)
(-0.0483757 -0.19551 0)
(-0.0579245 -0.196518 0)
(-0.0676435 -0.197503 0)
(-0.0775268 -0.198453 0)
(-0.0875659 -0.199352 0)
(-0.0977471 -0.200181 0)
(-0.10805 -0.200913 0)
(-0.118441 -0.20152 0)
(-0.128864 -0.201965 0)
(-0.139217 -0.202207 0)
(-0.149335 -0.202199 0)
(-0.158937 -0.201886 0)
(-0.167438 -0.201206 0)
(-0.173699 -0.200083 0)
(-0.176473 -0.198479 0)
(-0.175911 -0.196238 0)
(-0.17307 -0.193431 0)
(-0.16915 -0.190072 0)
(-0.1648 -0.186163 0)
(-0.160333 -0.181701 0)
(-0.155916 -0.176682 0)
(-0.151652 -0.171107 0)
(-0.147621 -0.164985 0)
(-0.143853 -0.158335 0)
(-0.140274 -0.151186 0)
(-0.136782 -0.143584 0)
(-0.133405 -0.135602 0)
(-0.130323 -0.127346 0)
(-0.127698 -0.118955 0)
(-0.125593 -0.110603 0)
(-0.124047 -0.10248 0)
(-0.123078 -0.0947824 0)
(-0.122687 -0.087679 0)
(-0.122868 -0.0812877 0)
(-0.123592 -0.0756514 0)
(-0.124777 -0.0707287 0)
(-0.126302 -0.0664058 0)
(-0.128054 -0.0625322 0)
(-0.129945 -0.0589564 0)
(-0.13191 -0.05555 0)
(-0.133893 -0.0522167 0)
(-0.135849 -0.0488921 0)
(-0.137742 -0.0455376 0)
(-0.139545 -0.042133 0)
(-0.141236 -0.0386702 0)
(-0.142799 -0.0351486 0)
(-0.144223 -0.0315716 0)
(-0.1455 -0.0279448 0)
(-0.146622 -0.0242749 0)
(-0.147588 -0.0205687 0)
(-0.148394 -0.0168346 0)
(-0.149038 -0.0130861 0)
(-0.149516 -0.00934309 0)
(-0.149829 -0.00561744 0)
(-0.149991 -0.00188693 0)
(0.149986 -0.00266163 0)
(0.149746 -0.00789404 0)
(0.149284 -0.013053 0)
(0.148583 -0.0181585 0)
(0.147647 -0.0231993 0)
(0.146486 -0.0281562 0)
(0.145105 -0.0330165 0)
(0.143509 -0.037774 0)
(0.141705 -0.0424257 0)
(0.139703 -0.046971 0)
(0.137513 -0.0514127 0)
(0.135152 -0.0557589 0)
(0.132639 -0.0600265 0)
(0.130001 -0.0642449 0)
(0.127272 -0.0684616 0)
(0.124495 -0.0727467 0)
(0.121719 -0.0771942 0)
(0.118999 -0.0819145 0)
(0.116383 -0.0870128 0)
(0.113884 -0.0925562 0)
(0.111455 -0.0985419 0)
(0.10901 -0.104888 0)
(0.106429 -0.111443 0)
(0.10359 -0.11802 0)
(0.100384 -0.124426 0)
(0.0967142 -0.1305 0)
(0.0925464 -0.13612 0)
(0.0878866 -0.141208 0)
(0.0827429 -0.145736 0)
(0.0771462 -0.149713 0)
(0.0711385 -0.153171 0)
(0.0647606 -0.156156 0)
(0.058051 -0.158725 0)
(0.0510436 -0.160936 0)
(0.0437673 -0.162848 0)
(0.0362458 -0.164514 0)
(0.0284991 -0.165982 0)
(0.0205386 -0.167295 0)
(0.0123719 -0.168489 0)
(0.00399898 -0.169594 0)
(-0.00456814 -0.170635 0)
(-0.0133169 -0.171631 0)
(-0.0222472 -0.172594 0)
(-0.0313575 -0.173535 0)
(-0.0406484 -0.174459 0)
(-0.050117 -0.175366 0)
(-0.0597599 -0.176254 0)
(-0.0695724 -0.177117 0)
(-0.079547 -0.177942 0)
(-0.0896736 -0.178717 0)
(-0.099937 -0.179423 0)
(-0.110314 -0.180036 0)
(-0.12077 -0.180531 0)
(-0.131243 -0.180875 0)
(-0.141627 -0.181031 0)
(-0.151749 -0.180957 0)
(-0.161318 -0.180606 0)
(-0.169721 -0.179921 0)
(-0.175755 -0.178844 0)
(-0.178237 -0.177353 0)
(-0.177427 -0.17528 0)
(-0.174413 -0.172707 0)
(-0.170369 -0.169644 0)
(-0.165918 -0.166095 0)
(-0.161364 -0.162056 0)
(-0.156867 -0.157525 0)
(-0.15253 -0.152502 0)
(-0.148431 -0.146997 0)
(-0.144591 -0.141026 0)
(-0.140938 -0.134617 0)
(-0.13738 -0.127809 0)
(-0.133948 -0.120669 0)
(-0.130816 -0.113293 0)
(-0.128146 -0.105807 0)
(-0.126003 -0.0983647 0)
(-0.124425 -0.0911362 0)
(-0.123429 -0.0842939 0)
(-0.123013 -0.0779873 0)
(-0.123171 -0.0723186 0)
(-0.123873 -0.067323 0)
(-0.125034 -0.0629608 0)
(-0.126534 -0.0591291 0)
(-0.12826 -0.0556932 0)
(-0.130127 -0.0525189 0)
(-0.132067 -0.0494925 0)
(-0.134027 -0.0465291 0)
(-0.135961 -0.043572 0)
(-0.137835 -0.0405874 0)
(-0.13962 -0.0375574 0)
(-0.141296 -0.034475 0)
(-0.142846 -0.0313396 0)
(-0.144258 -0.0281541 0)
(-0.145525 -0.0249236 0)
(-0.14664 -0.0216538 0)
(-0.1476 -0.0183508 0)
(-0.148401 -0.015022 0)
(-0.149042 -0.0116792 0)
(-0.149518 -0.0083403 0)
(-0.14983 -0.00501563 0)
(-0.149991 -0.00168505 0)
(0.149985 -0.00235837 0)
(0.149743 -0.00699479 0)
(0.149274 -0.0115658 0)
(0.148563 -0.0160889 0)
(0.147615 -0.0205541 0)
(0.146438 -0.0249439 0)
(0.145038 -0.0292471 0)
(0.143422 -0.0334579 0)
(0.141596 -0.0375735 0)
(0.13957 -0.0415935 0)
(0.137355 -0.0455201 0)
(0.134968 -0.0493605 0)
(0.132429 -0.0531297 0)
(0.129765 -0.0568539 0)
(0.127011 -0.0605751 0)
(0.12421 -0.0643558 0)
(0.121412 -0.0682795 0)
(0.118671 -0.0724439 0)
(0.116037 -0.0769429 0)
(0.113521 -0.0818357 0)
(0.111076 -0.08712 0)
(0.108615 -0.0927233 0)
(0.106018 -0.0985123 0)
(0.10316 -0.10432 0)
(0.099927 -0.109978 0)
(0.0962388 -0.115345 0)
(0.0920552 -0.120307 0)
(0.0873683 -0.124802 0)
(0.0821946 -0.128807 0)
(0.0765662 -0.132326 0)
(0.0705231 -0.135386 0)
(0.0641068 -0.13803 0)
(0.0573557 -0.140308 0)
(0.0503034 -0.142269 0)
(0.0429783 -0.143967 0)
(0.0354042 -0.145447 0)
(0.0276002 -0.146754 0)
(0.0195792 -0.147923 0)
(0.0113501 -0.148988 0)
(0.00291898 -0.149973 0)
(-0.00570804 -0.150897 0)
(-0.0145253 -0.151777 0)
(-0.0235293 -0.152626 0)
(-0.0327172 -0.153452 0)
(-0.0420862 -0.154261 0)
(-0.0516328 -0.155053 0)
(-0.061353 -0.155825 0)
(-0.0712409 -0.156571 0)
(-0.0812886 -0.15728 0)
(-0.0914846 -0.157941 0)
(-0.101813 -0.158536 0)
(-0.112248 -0.159045 0)
(-0.122753 -0.159446 0)
(-0.133264 -0.159709 0)
(-0.143668 -0.159802 0)
(-0.153788 -0.159689 0)
(-0.163324 -0.159327 0)
(-0.171638 -0.158668 0)
(-0.177471 -0.157666 0)
(-0.179698 -0.156312 0)
(-0.178677 -0.154433 0)
(-0.175519 -0.152118 0)
(-0.171373 -0.149375 0)
(-0.166841 -0.146206 0)
(-0.162216 -0.142608 0)
(-0.157656 -0.138581 0)
(-0.15326 -0.134124 0)
(-0.149106 -0.129245 0)
(-0.145214 -0.123961 0)
(-0.141499 -0.118297 0)
(-0.137883 -0.112284 0)
(-0.134408 -0.105983 0)
(-0.131239 -0.0994823 0)
(-0.128534 -0.0928915 0)
(-0.126362 -0.086346 0)
(-0.124759 -0.0799959 0)
(-0.123741 -0.0739916 0)
(-0.123306 -0.0684631 0)
(-0.123446 -0.0634981 0)
(-0.12413 -0.0591253 0)
(-0.125272 -0.0553075 0)
(-0.126751 -0.0519531 0)
(-0.128455 -0.0489434 0)
(-0.130301 -0.0461607 0)
(-0.13222 -0.0435057 0)
(-0.134159 -0.0409046 0)
(-0.136074 -0.0383082 0)
(-0.137929 -0.035687 0)
(-0.139698 -0.0330256 0)
(-0.141358 -0.0303178 0)
(-0.142895 -0.0275631 0)
(-0.144296 -0.0247641 0)
(-0.145553 -0.0219251 0)
(-0.146661 -0.0190511 0)
(-0.147614 -0.0161473 0)
(-0.14841 -0.0132202 0)
(-0.149047 -0.01028 0)
(-0.149521 -0.00734243 0)
(-0.149831 -0.00441645 0)
(-0.149991 -0.00148404 0)
(0.149985 -0.00205119 0)
(0.14974 -0.00608392 0)
(0.149266 -0.0100595 0)
(0.148546 -0.0139932 0)
(0.147587 -0.0178761 0)
(0.146397 -0.0216929 0)
(0.144982 -0.0254335 0)
(0.143348 -0.0290928 0)
(0.141503 -0.0326684 0)
(0.139457 -0.0361596 0)
(0.137221 -0.0395685 0)
(0.134812 -0.0429013 0)
(0.13225 -0.0461711 0)
(0.129564 -0.0494005 0)
(0.126788 -0.0526263 0)
(0.123966 -0.0559031 0)
(0.121148 -0.0593034 0)
(0.118389 -0.0629125 0)
(0.115739 -0.0668122 0)
(0.113207 -0.0710542 0)
(0.110748 -0.0756362 0)
(0.108272 -0.0804954 0)
(0.10566 -0.0855159 0)
(0.102787 -0.090553 0)
(0.0995335 -0.0954613 0)
(0.0958229 -0.100114 0)
(0.09162 -0.104419 0)
(0.0869098 -0.108321 0)
(0.0817088 -0.111798 0)
(0.0760515 -0.114854 0)
(0.0699777 -0.117513 0)
(0.0635284 -0.119811 0)
(0.0567416 -0.121792 0)
(0.0496507 -0.123499 0)
(0.042284 -0.124978 0)
(0.0346654 -0.126267 0)
(0.0268137 -0.127405 0)
(0.0187416 -0.128423 0)
(0.0104577 -0.129349 0)
(0.00197086 -0.130205 0)
(-0.00670896 -0.131009 0)
(-0.0155799 -0.131774 0)
(-0.0246428 -0.132511 0)
(-0.0338932 -0.133226 0)
(-0.0433254 -0.133924 0)
(-0.0529352 -0.134604 0)
(-0.0627178 -0.135264 0)
(-0.0726665 -0.135899 0)
(-0.0827725 -0.136499 0)
(-0.0930235 -0.137055 0)
(-0.103402 -0.137551 0)
(-0.113883 -0.137969 0)
(-0.124426 -0.13829 0)
(-0.134964 -0.138489 0)
(-0.145382 -0.138539 0)
(-0.155497 -0.138406 0)
(-0.165002 -0.138056 0)
(-0.173237 -0.137447 0)
(-0.178895 -0.136544 0)
(-0.180911 -0.135341 0)
(-0.179708 -0.133678 0)
(-0.17643 -0.131639 0)
(-0.172199 -0.129233 0)
(-0.167601 -0.12646 0)
(-0.162919 -0.123318 0)
(-0.158307 -0.119806 0)
(-0.153864 -0.115925 0)
(-0.149668 -0.111682 0)
(-0.145735 -0.10709 0)
(-0.141969 -0.102173 0)
(-0.138303 -0.0969568 0)
(-0.134795 -0.0914959 0)
(-0.131598 -0.0858656 0)
(-0.128867 -0.0801632 0)
(-0.126671 -0.0745053 0)
(-0.125049 -0.0690217 0)
(-0.124015 -0.0638417 0)
(-0.123564 -0.0590765 0)
(-0.12369 -0.0548003 0)
(-0.12436 -0.051036 0)
(-0.125485 -0.04775 0)
(-0.126947 -0.044862 0)
(-0.128634 -0.0422694 0)
(-0.130461 -0.0398707 0)
(-0.132362 -0.0375807 0)
(-0.134283 -0.0353362 0)
(-0.13618 -0.0330951 0)
(-0.138019 -0.0308321 0)
(-0.139773 -0.0285344 0)
(-0.141419 -0.0261964 0)
(-0.142944 -0.0238179 0)
(-0.144334 -0.0214009 0)
(-0.145582 -0.0189492 0)
(-0.146681 -0.016467 0)
(-0.147628 -0.0139587 0)
(-0.148419 -0.0114297 0)
(-0.149052 -0.00888904 0)
(-0.149523 -0.00634995 0)
(-0.149831 -0.00382023 0)
(-0.149991 -0.00128404 0)
(0.149985 -0.00174078 0)
(0.149737 -0.00516366 0)
(0.149259 -0.00853775 0)
(0.148533 -0.0118761 0)
(0.147565 -0.015171 0)
(0.146363 -0.0184093 0)
(0.144936 -0.0215825 0)
(0.143288 -0.0246861 0)
(0.141427 -0.0277179 0)
(0.139363 -0.0306775 0)
(0.137109 -0.0335663 0)
(0.134682 -0.0363899 0)
(0.132101 -0.0391591 0)
(0.129396 -0.0418934 0)
(0.126601 -0.044624 0)
(0.123761 -0.047397 0)
(0.120926 -0.0502745 0)
(0.118151 -0.0533288 0)
(0.115486 -0.0566293 0)
(0.112941 -0.06022 0)
(0.110469 -0.0640989 0)
(0.10798 -0.0682127 0)
(0.105354 -0.072463 0)
(0.102463 -0.076728 0)
(0.0991949 -0.0808851 0)
(0.0954705 -0.0848242 0)
(0.0912465 -0.0884694 0)
(0.0865141 -0.091774 0)
(0.0812905 -0.094719 0)
(0.0756085 -0.0973082 0)
(0.0695079 -0.099562 0)
(0.0630296 -0.101511 0)
(0.0562116 -0.103191 0)
(0.0490873 -0.10464 0)
(0.0416853 -0.105895 0)
(0.0340294 -0.106991 0)
(0.0261384 -0.107957 0)
(0.0180254 -0.108821 0)
(0.0096992 -0.109606 0)
(0.00116815 -0.110331 0)
(-0.00756047 -0.111011 0)
(-0.0164819 -0.111659 0)
(-0.0255938 -0.112283 0)
(-0.034893 -0.112888 0)
(-0.0443749 -0.113476 0)
(-0.0540346 -0.114047 0)
(-0.0638664 -0.1146 0)
(-0.0738631 -0.115129 0)
(-0.0840151 -0.115627 0)
(-0.0943095 -0.116085 0)
(-0.104728 -0.11649 0)
(-0.115244 -0.116829 0)
(-0.125816 -0.117082 0)
(-0.136375 -0.117231 0)
(-0.146802 -0.117251 0)
(-0.15691 -0.117115 0)
(-0.166387 -0.116794 0)
(-0.174556 -0.116253 0)
(-0.180064 -0.115467 0)
(-0.181907 -0.114426 0)
(-0.18055 -0.112995 0)
(-0.177172 -0.111249 0)
(-0.172873 -0.109192 0)
(-0.168221 -0.106828 0)
(-0.163493 -0.104153 0)
(-0.158839 -0.101167 0)
(-0.154359 -0.0978698 0)
(-0.150129 -0.0942683 0)
(-0.146162 -0.0903742 0)
(-0.142357 -0.0862062 0)
(-0.138653 -0.0817893 0)
(-0.135117 -0.0771677 0)
(-0.131897 -0.0724061 0)
(-0.129145 -0.0675873 0)
(-0.126932 -0.0628102 0)
(-0.125295 -0.0581839 0)
(-0.124247 -0.0538174 0)
(-0.123785 -0.0498036 0)
(-0.1239 -0.0462041 0)
(-0.124558 -0.0430369 0)
(-0.125671 -0.0402723 0)
(-0.127119 -0.0378421 0)
(-0.128791 -0.0356593 0)
(-0.130602 -0.0336386 0)
(-0.132488 -0.0317085 0)
(-0.134393 -0.029816 0)
(-0.136276 -0.027926 0)
(-0.138101 -0.0260174 0)
(-0.139841 -0.0240793 0)
(-0.141475 -0.0221074 0)
(-0.142988 -0.0201011 0)
(-0.144369 -0.0180623 0)
(-0.145608 -0.0159942 0)
(-0.1467 -0.0139002 0)
(-0.147641 -0.011784 0)
(-0.148427 -0.00965008 0)
(-0.149056 -0.0075059 0)
(-0.149525 -0.00536268 0)
(-0.149832 -0.00322688 0)
(-0.149991 -0.001085 0)
(0.149985 -0.00142785 0)
(0.149735 -0.00423531 0)
(0.149253 -0.00700276 0)
(0.148522 -0.00974079 0)
(0.147546 -0.012443 0)
(0.146336 -0.0150987 0)
(0.144898 -0.0177005 0)
(0.143238 -0.0202449 0)
(0.141364 -0.0227299 0)
(0.139287 -0.0251552 0)
(0.137018 -0.0275221 0)
(0.134575 -0.0298348 0)
(0.131978 -0.0321025 0)
(0.129257 -0.034341 0)
(0.126447 -0.036576 0)
(0.123592 -0.0388454 0)
(0.120742 -0.0412001 0)
(0.117954 -0.0436996 0)
(0.115277 -0.0464009 0)
(0.11272 -0.04934 0)
(0.110238 -0.0525152 0)
(0.107739 -0.0558825 0)
(0.105101 -0.0593618 0)
(0.102196 -0.0628536 0)
(0.0989129 -0.0662551 0)
(0.0951747 -0.0694796 0)
(0.0909349 -0.0724635 0)
(0.0861847 -0.0751686 0)
(0.0809415 -0.0775797 0)
(0.0752382 -0.0797 0)
(0.069115 -0.0815461 0)
(0.0626125 -0.083143 0)
(0.0557688 -0.0845201 0)
(0.0486173 -0.0857081 0)
(0.0411865 -0.0867372 0)
(0.0335 -0.0876354 0)
(0.025577 -0.0884281 0)
(0.0174304 -0.0891372 0)
(0.00906968 -0.0897815 0)
(0.000503174 -0.0903762 0)
(-0.00826346 -0.0909335 0)
(-0.0172269 -0.0914631 0)
(-0.0263814 -0.0919724 0)
(-0.0357206 -0.0924653 0)
(-0.0452415 -0.0929436 0)
(-0.0549399 -0.0934075 0)
(-0.0648098 -0.093855 0)
(-0.0748437 -0.0942821 0)
(-0.0850315 -0.094683 0)
(-0.0953594 -0.0950496 0)
(-0.105808 -0.095372 0)
(-0.116351 -0.0956382 0)
(-0.126945 -0.0958339 0)
(-0.13752 -0.0959424 0)
(-0.147953 -0.0959446 0)
(-0.158054 -0.0958183 0)
(-0.167507 -0.0955393 0)
(-0.17562 -0.0950804 0)
(-0.181006 -0.0944223 0)
(-0.182708 -0.0935563 0)
(-0.181225 -0.0923705 0)
(-0.177766 -0.0909275 0)
(-0.173413 -0.0892323 0)
(-0.168718 -0.0872858 0)
(-0.163953 -0.0850865 0)
(-0.159267 -0.0826332 0)
(-0.154757 -0.079927 0)
(-0.1505 -0.0769729 0)
(-0.146506 -0.0737807 0)
(-0.142669 -0.0703658 0)
(-0.138935 -0.0667493 0)
(-0.135377 -0.0629673 0)
(-0.13214 -0.0590731 0)
(-0.129372 -0.0551347 0)
(-0.127146 -0.0512329 0)
(-0.125497 -0.0474569 0)
(-0.124439 -0.0438954 0)
(-0.123968 -0.0406236 0)
(-0.124074 -0.0376911 0)
(-0.124724 -0.0351117 0)
(-0.125827 -0.0328604 0)
(-0.127264 -0.030881 0)
(-0.128923 -0.0291024 0)
(-0.130723 -0.0274551 0)
(-0.132595 -0.0258809 0)
(-0.134488 -0.0243371 0)
(-0.136358 -0.0227949 0)
(-0.138171 -0.0212375 0)
(-0.1399 -0.019656 0)
(-0.141524 -0.0180468 0)
(-0.143028 -0.0164097 0)
(-0.144399 -0.014746 0)
(-0.145631 -0.0130583 0)
(-0.146717 -0.0113494 0)
(-0.147652 -0.00962227 0)
(-0.148434 -0.00788047 0)
(-0.149061 -0.00613009 0)
(-0.149527 -0.00438023 0)
(-0.149833 -0.00263614 0)
(-0.149991 -0.000886695 0)
(0.149985 -0.0011128 0)
(0.149734 -0.00330077 0)
(0.149249 -0.00545759 0)
(0.148513 -0.0075915 0)
(0.147532 -0.00969739 0)
(0.146315 -0.0117667 0)
(0.144868 -0.0137939 0)
(0.143199 -0.0157761 0)
(0.141315 -0.0177118 0)
(0.139227 -0.0196006 0)
(0.136946 -0.0214436 0)
(0.134491 -0.0232442 0)
(0.131882 -0.0250094 0)
(0.129148 -0.0267515 0)
(0.126326 -0.0284907 0)
(0.123458 -0.0302565 0)
(0.120597 -0.0320886 0)
(0.117798 -0.0340334 0)
(0.115111 -0.0361352 0)
(0.112545 -0.038422 0)
(0.110054 -0.0408926 0)
(0.107546 -0.0435128 0)
(0.104897 -0.0462206 0)
(0.101982 -0.0489373 0)
(0.09869 -0.0515829 0)
(0.0949388 -0.0540907 0)
(0.0906849 -0.0564116 0)
(0.0859197 -0.0585157 0)
(0.0806605 -0.0603912 0)
(0.0749402 -0.0620406 0)
(0.0687988 -0.0634769 0)
(0.062277 -0.0647194 0)
(0.0554128 -0.0657912 0)
(0.0482395 -0.0667161 0)
(0.0407856 -0.0675175 0)
(0.0330749 -0.0682173 0)
(0.0251263 -0.0688349 0)
(0.0169529 -0.0693876 0)
(0.00856425 -0.0698899 0)
(-3.10764e-05 -0.0703536 0)
(-0.00882669 -0.0707882 0)
(-0.0178187 -0.0712006 0)
(-0.0270023 -0.0715956 0)
(-0.0363721 -0.0719769 0)
(-0.0459241 -0.0723467 0)
(-0.0556532 -0.0727048 0)
(-0.0655532 -0.0730497 0)
(-0.075616 -0.0733782 0)
(-0.0858312 -0.0736856 0)
(-0.0961848 -0.0739657 0)
(-0.106657 -0.0742108 0)
(-0.11722 -0.0744114 0)
(-0.127831 -0.0745565 0)
(-0.138417 -0.0746331 0)
(-0.148853 -0.0746264 0)
(-0.158948 -0.0745191 0)
(-0.168382 -0.0742925 0)
(-0.176451 -0.0739256 0)
(-0.181739 -0.0734052 0)
(-0.18333 -0.0727229 0)
(-0.181748 -0.0717919 0)
(-0.178227 -0.0706612 0)
(-0.173831 -0.069335 0)
(-0.169103 -0.0678139 0)
(-0.16431 -0.0660966 0)
(-0.159599 -0.0641825 0)
(-0.155067 -0.0620723 0)
(-0.150789 -0.0597701 0)
(-0.146773 -0.0572835 0)
(-0.142912 -0.0546244 0)
(-0.139155 -0.0518098 0)
(-0.13558 -0.0488679 0)
(-0.13233 -0.04584 0)
(-0.129551 -0.0427794 0)
(-0.127314 -0.0397487 0)
(-0.125656 -0.0368175 0)
(-0.124591 -0.0340542 0)
(-0.124113 -0.031517 0)
(-0.124213 -0.0292438 0)
(-0.124856 -0.0272448 0)
(-0.125952 -0.0255005 0)
(-0.12738 -0.0239665 0)
(-0.129031 -0.0225878 0)
(-0.13082 -0.0213103 0)
(-0.132682 -0.0200892 0)
(-0.134565 -0.0188913 0)
(-0.136425 -0.0176946 0)
(-0.138229 -0.016486 0)
(-0.139948 -0.0152587 0)
(-0.141564 -0.0140099 0)
(-0.14306 -0.0127393 0)
(-0.144425 -0.0114482 0)
(-0.14565 -0.0101384 0)
(-0.146731 -0.00881207 0)
(-0.147662 -0.00747148 0)
(-0.14844 -0.00611941 0)
(-0.149064 -0.00476054 0)
(-0.149529 -0.00340191 0)
(-0.149833 -0.00204759 0)
(-0.149991 -0.000688882 0)
(0.149985 -0.000796085 0)
(0.149732 -0.0023615 0)
(0.149245 -0.0039046 0)
(0.148506 -0.00543133 0)
(0.147521 -0.00693795 0)
(0.146299 -0.0084183 0)
(0.144846 -0.00986836 0)
(0.14317 -0.0112861 0)
(0.141278 -0.0126705 0)
(0.139181 -0.0140212 0)
(0.136892 -0.015339 0)
(0.134427 -0.0166263 0)
(0.131809 -0.0178882 0)
(0.129066 -0.0191336 0)
(0.126234 -0.0203766 0)
(0.123358 -0.0216387 0)
(0.120489 -0.022948 0)
(0.117681 -0.0243379 0)
(0.114987 -0.0258401 0)
(0.112415 -0.0274744 0)
(0.109917 -0.0292402 0)
(0.1074 -0.0311128 0)
(0.104744 -0.0330473 0)
(0.101822 -0.0349871 0)
(0.098522 -0.0368763 0)
(0.0947614 -0.0386669 0)
(0.0904971 -0.0403236 0)
(0.0857207 -0.0418253 0)
(0.0804494 -0.0431637 0)
(0.0747164 -0.0443407 0)
(0.0685613 -0.0453657 0)
(0.0620249 -0.0462524 0)
(0.0551452 -0.0470174 0)
(0.0479555 -0.0476776 0)
(0.0404843 -0.0482497 0)
(0.0327554 -0.0487494 0)
(0.0247879 -0.0491905 0)
(0.0165946 -0.0495853 0)
(0.00818528 -0.049944 0)
(-0.000431429 -0.0502752 0)
(-0.00924871 -0.0505855 0)
(-0.0182618 -0.0508799 0)
(-0.0274666 -0.0511618 0)
(-0.0368585 -0.0514339 0)
(-0.0464328 -0.0516974 0)
(-0.056184 -0.0519523 0)
(-0.0661056 -0.0521974 0)
(-0.0761892 -0.0524304 0)
(-0.0864243 -0.052648 0)
(-0.0967962 -0.0528458 0)
(-0.107285 -0.0530182 0)
(-0.117863 -0.0531584 0)
(-0.128485 -0.0532585 0)
(-0.139079 -0.0533094 0)
(-0.149518 -0.0533004 0)
(-0.159608 -0.0532192 0)
(-0.169027 -0.0530525 0)
(-0.177064 -0.0527854 0)
(-0.182279 -0.0524094 0)
(-0.183788 -0.0519177 0)
(-0.182133 -0.0512481 0)
(-0.178565 -0.0504363 0)
(-0.174137 -0.049485 0)
(-0.169385 -0.0483947 0)
(-0.164571 -0.0471645 0)
(-0.159842 -0.0457941 0)
(-0.155293 -0.0442839 0)
(-0.151 -0.0426369 0)
(-0.146969 -0.0408587 0)
(-0.14309 -0.0389577 0)
(-0.139317 -0.0369461 0)
(-0.13573 -0.0348443 0)
(-0.13247 -0.0326819 0)
(-0.129683 -0.0304969 0)
(-0.127439 -0.0283344 0)
(-0.125775 -0.0262439 0)
(-0.124704 -0.0242743 0)
(-0.124221 -0.0224664 0)
(-0.124316 -0.0208461 0)
(-0.124955 -0.0194219 0)
(-0.126046 -0.0181796 0)
(-0.127468 -0.0170872 0)
(-0.129111 -0.0161051 0)
(-0.130893 -0.015195 0)
(-0.132748 -0.0143249 0)
(-0.134624 -0.0134711 0)
(-0.136477 -0.0126181 0)
(-0.138273 -0.0117565 0)
(-0.139985 -0.0108816 0)
(-0.141594 -0.00999135 0)
(-0.143084 -0.00908558 0)
(-0.144444 -0.0081651 0)
(-0.145665 -0.00723124 0)
(-0.146741 -0.00628555 0)
(-0.147669 -0.0053296 0)
(-0.148445 -0.00436536 0)
(-0.149066 -0.00339616 0)
(-0.14953 -0.00242703 0)
(-0.149834 -0.00146085 0)
(-0.149991 -0.000491404 0)
(0.149985 -0.000478303 0)
(0.149732 -0.00141875 0)
(0.149243 -0.00234589 0)
(0.148502 -0.00326319 0)
(0.147514 -0.00416837 0)
(0.146288 -0.00505776 0)
(0.144832 -0.00592895 0)
(0.143151 -0.0067807 0)
(0.141254 -0.0076124 0)
(0.139152 -0.00842385 0)
(0.136857 -0.0092155 0)
(0.134386 -0.00998882 0)
(0.131762 -0.0107468 0)
(0.129013 -0.0114949 0)
(0.126174 -0.0122416 0)
(0.123292 -0.0129997 0)
(0.120417 -0.0137863 0)
(0.117604 -0.0146212 0)
(0.114904 -0.0155234 0)
(0.112327 -0.0165049 0)
(0.109824 -0.017565 0)
(0.107303 -0.0186886 0)
(0.104643 -0.0198485 0)
(0.101716 -0.0210113 0)
(0.0984093 -0.0221433 0)
(0.0946421 -0.0232157 0)
(0.0903707 -0.0242076 0)
(0.0855865 -0.0251063 0)
(0.0803071 -0.0259071 0)
(0.0745653 -0.0266111 0)
(0.068401 -0.0272241 0)
(0.061855 -0.0277544 0)
(0.0549652 -0.0282119 0)
(0.0477648 -0.0286067 0)
(0.0402823 -0.0289489 0)
(0.0325416 -0.0292479 0)
(0.0245615 -0.0295118 0)
(0.0163552 -0.0297481 0)
(0.0079323 -0.0299629 0)
(-0.000698203 -0.0301612 0)
(-0.00952946 -0.030347 0)
(-0.0185567 -0.0305234 0)
(-0.0277758 -0.0306925 0)
(-0.0371825 -0.0308559 0)
(-0.0467715 -0.031014 0)
(-0.0565372 -0.0311669 0)
(-0.0664729 -0.0313139 0)
(-0.0765701 -0.0314536 0)
(-0.086818 -0.0315839 0)
(-0.0972019 -0.0317021 0)
(-0.107702 -0.031805 0)
(-0.118288 -0.0318884 0)
(-0.128918 -0.0319476 0)
(-0.139517 -0.0319771 0)
(-0.149957 -0.0319705 0)
(-0.160044 -0.0319205 0)
(-0.169453 -0.0318189 0)
(-0.177467 -0.0316569 0)
(-0.182634 -0.0314298 0)
(-0.184089 -0.0311331 0)
(-0.182385 -0.0307295 0)
(-0.178787 -0.0302406 0)
(-0.174339 -0.029668 0)
(-0.16957 -0.0290121 0)
(-0.164743 -0.0282724 0)
(-0.160002 -0.0274486 0)
(-0.155443 -0.0265411 0)
(-0.15114 -0.0255516 0)
(-0.147098 -0.0244838 0)
(-0.143207 -0.0233424 0)
(-0.139424 -0.0221349 0)
(-0.135829 -0.0208736 0)
(-0.132563 -0.0195764 0)
(-0.129771 -0.018266 0)
(-0.127522 -0.0169698 0)
(-0.125855 -0.0157181 0)
(-0.124782 -0.0145402 0)
(-0.124295 -0.0134565 0)
(-0.124385 -0.0124819 0)
(-0.125021 -0.0116285 0)
(-0.126108 -0.0108855 0)
(-0.127526 -0.0102325 0)
(-0.129165 -0.00964539 0)
(-0.130943 -0.00910105 0)
(-0.132793 -0.00858044 0)
(-0.134663 -0.0080695 0)
(-0.136511 -0.00755892 0)
(-0.138302 -0.00704317 0)
(-0.14001 -0.00651936 0)
(-0.141615 -0.00598633 0)
(-0.143101 -0.00544398 0)
(-0.144457 -0.00489277 0)
(-0.145675 -0.00433349 0)
(-0.146749 -0.00376704 0)
(-0.147674 -0.00319434 0)
(-0.148448 -0.00261656 0)
(-0.149069 -0.00203569 0)
(-0.149531 -0.00145477 0)
(-0.149834 -0.00087555 0)
(-0.149991 -0.000294292 0)
(0.149985 -0.000159878 0)
(0.149731 -0.000473915 0)
(0.149242 -0.000783743 0)
(0.1485 -0.00109029 0)
(0.147511 -0.00139283 0)
(0.146283 -0.00169012 0)
(0.144825 -0.00198137 0)
(0.143141 -0.00226617 0)
(0.141242 -0.00254433 0)
(0.139137 -0.0028158 0)
(0.136839 -0.00308073 0)
(0.134365 -0.00333962 0)
(0.131738 -0.0035935 0)
(0.128985 -0.00384415 0)
(0.126144 -0.00409446 0)
(0.123258 -0.00434868 0)
(0.12038 -0.00461244 0)
(0.117565 -0.00489231 0)
(0.114863 -0.00519447 0)
(0.112283 -0.00552265 0)
(0.109778 -0.00587637 0)
(0.107255 -0.00625043 0)
(0.104592 -0.00663579 0)
(0.101662 -0.00702123 0)
(0.098352 -0.00739559 0)
(0.0945812 -0.00774945 0)
(0.0903058 -0.008076 0)
(0.0855176 -0.00837127 0)
(0.0802338 -0.00863381 0)
(0.0744875 -0.00886421 0)
(0.0683185 -0.00906447 0)
(0.0617675 -0.0092375 0)
(0.0548725 -0.00938666 0)
(0.0476668 -0.00951538 0)
(0.0401787 -0.00962702 0)
(0.0324322 -0.00972465 0)
(0.0244461 -0.00981102 0)
(0.0162335 -0.00988852 0)
(0.00780406 -0.00995917 0)
(-0.000833247 -0.0100246 -2.4351e-29)
(-0.00967164 -0.0100862 0)
(-0.0187064 -0.0101449 0)
(-0.0279331 -0.0102016 -2.35745e-29)
(-0.037347 -0.0102564 0)
(-0.0469432 -0.0103096 0)
(-0.056716 -0.0103612 2.29441e-29)
(-0.0666586 -0.0104109 0)
(-0.0767625 -0.0104582 0)
(-0.0870167 -0.0105024 0)
(-0.0974065 -0.0105426 0)
(-0.107912 -0.0105777 0)
(-0.118503 -0.0106064 0)
(-0.129136 -0.0106269 0)
(-0.139738 -0.0106376 0)
(-0.150178 -0.0106362 0)
(-0.160263 -0.0106203 0)
(-0.169666 -0.0105871 0)
(-0.177669 -0.0105336 0)
(-0.182812 -0.0104583 0)
(-0.184238 -0.0103594 0)
(-0.182511 -0.0102245 -1.06984e-29)
(-0.178897 -0.010061 0)
(-0.174438 -0.00986952 -1.06719e-29)
(-0.169661 -0.00965018 0)
(-0.164828 -0.00940288 0)
(-0.160081 -0.00912754 -1.06217e-29)
(-0.155516 -0.00882433 2.11595e-29)
(-0.151209 -0.00849387 0)
(-0.147162 -0.00813734 -1.04207e-29)
(-0.143266 -0.00775637 2.0584e-29)
(-0.139478 -0.00735345 0)
(-0.135879 -0.00693263 0)
(-0.132611 -0.00649976 0)
(-0.129816 -0.00606219 -9.28503e-30)
(-0.127565 -0.00562872 0)
(-0.125895 -0.0052086 0)
(-0.124804 -0.00481367 -7.9852e-30)
(-0.124352 -0.00448697 0)
(-0.124422 -0.004148 7.59919e-30)
(-0.125059 -0.00385845 0)
(-0.126144 -0.00361081 0)
(-0.127559 -0.00339463 0)
(-0.129194 -0.00320054 1.39557e-29)
(-0.130969 -0.00302058 0)
(-0.132816 -0.00284838 -1.37432e-29)
(-0.134683 -0.00267929 0)
(-0.136528 -0.00251024 0)
(-0.138317 -0.0023394 1.36258e-29)
(-0.140023 -0.00216582 0)
(-0.141625 -0.00198912 0)
(-0.14311 -0.00180927 0)
(-0.144464 -0.00162641 0)
(-0.14568 -0.0014408 0)
(-0.146753 -0.00125273 6.79559e-30)
(-0.147677 -0.00106249 0)
(-0.14845 -0.000870442 0)
(-0.14907 -0.00067727 1.35902e-29)
(-0.149532 -0.000484001 0)
(-0.149834 -0.000291227 1.35902e-29)
(-0.149991 -9.76427e-05 0)
(0.149985 0.000158874 0)
(0.149731 0.000471414 0)
(0.149242 0.000779164 0)
(0.1485 0.0010836 0)
(0.14751 0.00138402 0)
(0.146283 0.00167917 0)
(0.144824 0.0019682 0)
(0.143141 0.00225067 0)
(0.141242 0.00252635 0)
(0.139137 0.00279516 0)
(0.136839 0.00305722 0)
(0.134365 0.00331301 0)
(0.131738 0.0035635 0)
(0.128985 0.00381044 0)
(0.126144 0.0040567 0)
(0.123258 0.00430654 0)
(0.12038 0.00456571 0)
(0.117564 0.00484102 0)
(0.114862 0.00513908 0)
(0.112282 0.00546427 0)
(0.109777 0.00581678 0)
(0.107254 0.00619202 0)
(0.10459 0.00658123 0)
(0.10166 0.00697324 0)
(0.0983502 0.00735664 0)
(0.094579 0.00772147 0)
(0.0903032 0.00806024 0)
(0.0855146 0.00836846 0)
(0.0802305 0.0086442 0)
(0.0744839 0.00888757 0)
(0.0683147 0.00910017 0)
(0.0617636 0.0092846 0)
(0.0548684 0.00944397 0)
(0.0476626 0.00958162 0)
(0.0401744 0.00970084 0)
(0.0324278 0.00980474 0)
(0.0244416 0.00989613 0)
(0.0162289 0.00997752 0)
(0.00779947 0.010051 0)
(-0.000837926 0.0101183 2.43509e-29)
(-0.00967645 0.0101809 0)
(-0.0187114 0.0102396 0)
(-0.0279382 0.0102955 2.35744e-29)
(-0.0373522 0.0103491 0)
(-0.0469484 0.0104006 0)
(-0.0567212 0.0104501 -2.2944e-29)
(-0.0666638 0.0104974 0)
(-0.0767678 0.010542 0)
(-0.0870221 0.0105833 0)
(-0.0974119 0.0106205 0)
(-0.107917 0.0106524 0)
(-0.118508 0.0106777 0)
(-0.129142 0.0106948 0)
(-0.139743 0.010702 0)
(-0.150183 0.0106972 0)
(-0.160268 0.0106779 0)
(-0.169671 0.0106416 0)
(-0.177674 0.0105854 0)
(-0.182815 0.010508 0)
(-0.18424 0.0104082 0)
(-0.182511 0.0102737 1.06983e-29)
(-0.178897 0.0101112 0)
(-0.174438 0.0099211 1.06719e-29)
(-0.169661 0.00970339 0)
(-0.164827 0.00945785 0)
(-0.16008 0.00918434 1.06217e-29)
(-0.155516 0.00888296 -2.11594e-29)
(-0.151209 0.00855423 0)
(-0.147162 0.00819928 1.04207e-29)
(-0.143266 0.0078197 -2.05839e-29)
(-0.139477 0.00741794 0)
(-0.135879 0.0069979 0)
(-0.132611 0.00656531 0)
(-0.129816 0.00612742 9.28493e-30)
(-0.127566 0.005693 0)
(-0.125896 0.00527127 0)
(-0.124805 0.00487384 7.99041e-30)
(-0.124352 0.00454349 0)
(-0.124422 0.00420064 -7.59913e-30)
(-0.12506 0.0039075 0)
(-0.126144 0.00365599 0)
(-0.127559 0.00343589 0)
(-0.129195 0.003238 -1.39556e-29)
(-0.130969 0.00305443 0)
(-0.132816 0.00287882 1.37432e-29)
(-0.134683 0.00270653 0)
(-0.136528 0.00253445 0)
(-0.138317 0.00236074 -1.36258e-29)
(-0.140023 0.00218444 0)
(-0.141625 0.00200517 0)
(-0.143109 0.00182289 0)
(-0.144464 0.00163775 0)
(-0.14568 0.00145005 0)
(-0.146753 0.00126008 -6.79559e-30)
(-0.147677 0.0010682 0)
(-0.14845 0.000874791 0)
(-0.14907 0.000680508 -1.35902e-29)
(-0.149532 0.000486314 0)
(-0.149834 0.000292764 -1.35902e-29)
(-0.149991 9.86534e-05 0)
(0.149985 0.00047754 0)
(0.149732 0.0014161 0)
(0.149243 0.00234123 0)
(0.148502 0.00325654 0)
(0.147514 0.0041598 0)
(0.146288 0.00504726 0)
(0.144831 0.00591641 0)
(0.14315 0.00676596 0)
(0.141254 0.00759527 0)
(0.139151 0.00840413 0)
(0.136856 0.00919298 0)
(0.134385 0.00996324 0)
(0.131761 0.0107179 0)
(0.129011 0.0114624 0)
(0.126173 0.0122051 0)
(0.12329 0.012959 0)
(0.120415 0.0137411 0)
(0.117602 0.0145715 0)
(0.114902 0.0154698 0)
(0.112325 0.0164483 0)
(0.109821 0.017507 0)
(0.1073 0.0186314 0)
(0.10464 0.0197951 0)
(0.101712 0.0209645 0)
(0.0984043 0.0221054 0)
(0.0946356 0.0231884 0)
(0.0903625 0.0241924 0)
(0.0855772 0.0251041 0)
(0.080297 0.0259181 0)
(0.0745545 0.026635 0)
(0.0683896 0.0272601 0)
(0.061843 0.0278015 0)
(0.0549526 0.0282689 0)
(0.0477518 0.0286725 0)
(0.040269 0.0290221 0)
(0.032528 0.0293272 0)
(0.0245478 0.029596 0)
(0.0163414 0.0298361 0)
(0.00791844 0.0300536 0)
(-0.000712357 0.0302537 0)
(-0.00954428 0.0304405 0)
(-0.0185724 0.0306169 0)
(-0.0277921 0.0307854 0)
(-0.0371989 0.0309474 0)
(-0.0467879 0.0311038 0)
(-0.0565537 0.0312546 0)
(-0.0664896 0.031399 0)
(-0.076587 0.0315358 0)
(-0.0868351 0.0316631 0)
(-0.0972192 0.031778 0)
(-0.107719 0.0318775 0)
(-0.118306 0.0319575 0)
(-0.128936 0.0320132 0)
(-0.139535 0.0320392 0)
(-0.149974 0.0320292 0)
(-0.16006 0.0319759 0)
(-0.169468 0.0318712 0)
(-0.17748 0.0317065 0)
(-0.182643 0.0314775 0)
(-0.184093 0.03118 0)
(-0.182386 0.0307768 0)
(-0.178786 0.030289 0)
(-0.174337 0.0297179 0)
(-0.169568 0.0290636 0)
(-0.164741 0.0283257 0)
(-0.16 0.0275038 0)
(-0.155441 0.0265982 0)
(-0.151138 0.0256106 0)
(-0.147097 0.0245444 0)
(-0.143207 0.0234044 0)
(-0.139423 0.0221982 0)
(-0.135829 0.0209377 0)
(-0.132563 0.0196407 0)
(-0.129771 0.01833 0)
(-0.127523 0.0170328 0)
(-0.125856 0.0157793 0)
(-0.124783 0.0145987 0)
(-0.124297 0.0135119 0)
(-0.124386 0.0125338 0)
(-0.125022 0.0116766 0)
(-0.12611 0.0109297 0)
(-0.127528 0.0102728 0)
(-0.129166 0.0096819 0)
(-0.130944 0.00913404 0)
(-0.132793 0.0086101 0)
(-0.134663 0.00809603 0)
(-0.136511 0.0075825 0)
(-0.138302 0.00706395 0)
(-0.14001 0.0065375 0)
(-0.141615 0.006002 0)
(-0.143101 0.00545732 0)
(-0.144457 0.00490394 0)
(-0.145675 0.00434267 0)
(-0.146749 0.00377443 0)
(-0.147674 0.00320018 0)
(-0.148449 0.00262109 0)
(-0.149069 0.00203913 0)
(-0.149531 0.00145724 0)
(-0.149834 0.000877105 0)
(-0.149991 0.000294942 0)
(0.149985 0.000795582 0)
(0.149732 0.00235883 0)
(0.149245 0.00389988 0)
(0.148506 0.00542453 0)
(0.14752 0.00692908 0)
(0.146298 0.00840738 0)
(0.144845 0.00985535 0)
(0.143169 0.0112709 0)
(0.141277 0.012653 0)
(0.13918 0.0140012 0)
(0.136891 0.0153163 0)
(0.134426 0.0166007 0)
(0.131808 0.0178594 0)
(0.129064 0.0191012 0)
(0.126232 0.0203405 0)
(0.123355 0.0215984 0)
(0.120485 0.0229035 0)
(0.117678 0.0242893 0)
(0.114983 0.0257878 0)
(0.11241 0.0274196 0)
(0.109911 0.0291844 0)
(0.107395 0.0310579 0)
(0.104739 0.0329957 0)
(0.101816 0.0349418 0)
(0.0985131 0.0368397 0)
(0.0947505 0.0386411 0)
(0.090485 0.0403101 0)
(0.0857072 0.0418248 0)
(0.0804343 0.0431763 0)
(0.0746996 0.0443661 0)
(0.0685432 0.045403 0)
(0.0620057 0.0463007 0)
(0.0551251 0.0470754 0)
(0.0479346 0.0477442 0)
(0.0404627 0.0483236 0)
(0.0327333 0.0488293 0)
(0.0247651 0.0492751 0)
(0.0165714 0.0496735 0)
(0.0081617 0.0500347 0)
(-0.000455213 0.0503673 0)
(-0.00927333 0.050678 0)
(-0.0182877 0.0509725 0)
(-0.0274932 0.0512543 0)
(-0.0368855 0.0515257 0)
(-0.0464602 0.0517879 0)
(-0.0562117 0.0520411 0)
(-0.0661337 0.0522841 0)
(-0.0762177 0.0525147 0)
(-0.086453 0.0527296 0)
(-0.0968251 0.0529244 0)
(-0.107314 0.0530936 0)
(-0.117892 0.0532305 0)
(-0.128514 0.0533271 0)
(-0.139107 0.0533745 0)
(-0.149545 0.0533619 0)
(-0.159634 0.0532771 0)
(-0.169051 0.0531069 0)
(-0.177084 0.0528366 0)
(-0.182294 0.0524582 0)
(-0.183795 0.0519652 0)
(-0.182135 0.0512956 0)
(-0.178564 0.0504845 0)
(-0.174135 0.0495343 0)
(-0.169382 0.0484455 0)
(-0.164568 0.047217 0)
(-0.159839 0.0458483 0)
(-0.155291 0.04434 0)
(-0.150998 0.0426947 0)
(-0.146967 0.0409182 0)
(-0.143088 0.0390186 0)
(-0.139316 0.0370083 0)
(-0.135729 0.0349072 0)
(-0.13247 0.0327451 0)
(-0.129683 0.0305597 0)
(-0.127439 0.0283961 0)
(-0.125775 0.0263037 0)
(-0.124705 0.0243315 0)
(-0.124222 0.0225204 0)
(-0.124318 0.0208965 0)
(-0.124957 0.0194685 0)
(-0.126047 0.0182223 0)
(-0.127469 0.0171261 0)
(-0.129113 0.0161405 0)
(-0.130895 0.0152269 0)
(-0.132749 0.0143536 0)
(-0.134625 0.0134969 0)
(-0.136477 0.0126411 0)
(-0.138273 0.0117769 0)
(-0.139986 0.0108995 0)
(-0.141595 0.010007 0)
(-0.143085 0.00909907 0)
(-0.144444 0.00817664 0)
(-0.145665 0.00724099 0)
(-0.146742 0.00629366 0)
(-0.147669 0.00533622 0)
(-0.148445 0.00437059 0)
(-0.149067 0.00340009 0)
(-0.14953 0.00242969 0)
(-0.149834 0.00146227 0)
(-0.149991 0.000491585 0)
(0.149985 0.00111244 0)
(0.149734 0.00329849 0)
(0.149249 0.00545333 0)
(0.148512 0.0075853 0)
(0.147531 0.00968928 0)
(0.146314 0.0117567 0)
(0.144867 0.0137818 0)
(0.143198 0.0157618 0)
(0.141313 0.0176952 0)
(0.139224 0.0195816 0)
(0.136943 0.0214219 0)
(0.134488 0.0232196 0)
(0.131879 0.0249816 0)
(0.129145 0.0267203 0)
(0.126322 0.0284558 0)
(0.123454 0.0302177 0)
(0.120593 0.0320458 0)
(0.117793 0.0339867 0)
(0.115106 0.0360854 0)
(0.11254 0.0383703 0)
(0.110047 0.0408407 0)
(0.107537 0.0434628 0)
(0.104888 0.0461744 0)
(0.101973 0.0488972 0)
(0.0986793 0.051552 0)
(0.0949266 0.0540703 0)
(0.0906704 0.0564028 0)
(0.0859027 0.058519 0)
(0.0806412 0.0604068 0)
(0.0749188 0.0620683 0)
(0.0687754 0.063516 0)
(0.0622519 0.064769 0)
(0.0553862 0.0658502 0)
(0.0482115 0.0667833 0)
(0.0407563 0.0675918 0)
(0.0330443 0.0682973 0)
(0.0250945 0.0689195 0)
(0.0169199 0.0694756 0)
(0.00852998 0.0699801 0)
(-6.66994e-05 0.070445 0)
(-0.00886292 0.0708797 0)
(-0.0178544 0.071292 0)
(-0.0270377 0.0716871 0)
(-0.036408 0.0720682 0)
(-0.0459607 0.072437 0)
(-0.0556905 0.0727935 0)
(-0.0655911 0.0731363 0)
(-0.0756545 0.0734622 0)
(-0.0858702 0.0737666 0)
(-0.0962242 0.0740435 0)
(-0.106697 0.074285 0)
(-0.11726 0.0744819 0)
(-0.127871 0.0746232 0)
(-0.138457 0.0746959 0)
(-0.148893 0.0746854 0)
(-0.158987 0.0745743 0)
(-0.168418 0.0743441 0)
(-0.176483 0.073974 0)
(-0.181762 0.0734511 0)
(-0.183342 0.0727676 0)
(-0.181752 0.0718365 0)
(-0.178227 0.0707068 0)
(-0.173828 0.0693818 0)
(-0.169099 0.0678622 0)
(-0.164305 0.0661466 0)
(-0.159594 0.0642343 0)
(-0.155062 0.062126 0)
(-0.150785 0.0598255 0)
(-0.146769 0.0573406 0)
(-0.142908 0.0546829 0)
(-0.139152 0.0518694 0)
(-0.135577 0.0489282 0)
(-0.132328 0.0459006 0)
(-0.129549 0.0428394 0)
(-0.127313 0.0398077 0)
(-0.125656 0.0368746 0)
(-0.124592 0.0341087 0)
(-0.124114 0.0315685 0)
(-0.124214 0.0292917 0)
(-0.124858 0.0272891 0)
(-0.125954 0.025541 0)
(-0.127382 0.0240035 0)
(-0.129033 0.0226213 0)
(-0.130822 0.0213406 0)
(-0.132684 0.0201165 0)
(-0.134567 0.0189159 0)
(-0.136427 0.0177166 0)
(-0.13823 0.0165055 0)
(-0.139949 0.0152759 0)
(-0.141565 0.014025 0)
(-0.143061 0.0127525 0)
(-0.144425 0.0114595 0)
(-0.145651 0.010148 0)
(-0.146731 0.00882006 0)
(-0.147662 0.00747797 0)
(-0.148441 0.00612448 0)
(-0.149064 0.00476424 0)
(-0.149529 0.0034043 0)
(-0.149833 0.00204871 0)
(-0.149991 0.000688778 0)
(0.149985 0.00142759 0)
(0.149735 0.0042332 0)
(0.149253 0.00699882 0)
(0.148521 0.00973518 0)
(0.147546 0.0124357 0)
(0.146335 0.0150896 0)
(0.144897 0.0176894 0)
(0.143236 0.0202317 0)
(0.141362 0.0227144 0)
(0.139284 0.0251373 0)
(0.137015 0.0275015 0)
(0.134571 0.0298114 0)
(0.131974 0.032076 0)
(0.129253 0.0343112 0)
(0.126442 0.0365427 0)
(0.123586 0.0388085 0)
(0.120737 0.0411595 0)
(0.117948 0.0436556 0)
(0.11527 0.0463541 0)
(0.112714 0.0492915 0)
(0.11023 0.0524668 0)
(0.10773 0.0558365 0)
(0.10509 0.0593204 0)
(0.102185 0.0628182 0)
(0.0989007 0.0662281 0)
(0.0951582 0.069463 0)
(0.0909162 0.0724584 0)
(0.0861636 0.0751755 0)
(0.0809179 0.0775987 0)
(0.0752122 0.0797308 0)
(0.0690866 0.0815881 0)
(0.0625819 0.0831952 0)
(0.0557362 0.0845814 0)
(0.0485828 0.0857774 0)
(0.04115 0.0868133 0)
(0.0334617 0.0877173 0)
(0.0255368 0.0885146 0)
(0.0173883 0.0892276 0)
(0.00902548 0.0898749 0)
(0.000456935 0.0904719 0)
(-0.00831052 0.0910309 0)
(-0.0172726 0.0915611 0)
(-0.0264258 0.0920695 0)
(-0.0357658 0.0925607 0)
(-0.0452883 0.0930368 0)
(-0.0549883 0.0934981 0)
(-0.0648597 0.0939426 0)
(-0.0748948 0.0943666 0)
(-0.0850835 0.094764 0)
(-0.095412 0.095127 0)
(-0.105861 0.0954456 0)
(-0.116404 0.0957078 0)
(-0.126998 0.0958994 0)
(-0.137572 0.0960037 0)
(-0.148003 0.0960018 0)
(-0.158102 0.0958715 0)
(-0.167552 0.0955887 0)
(-0.17566 0.0951263 0)
(-0.181034 0.0944657 0)
(-0.182723 0.0935982 0)
(-0.181229 0.0924123 0)
(-0.177765 0.09097 0)
(-0.173409 0.0892759 0)
(-0.168713 0.0873308 0)
(-0.163947 0.0851329 0)
(-0.159261 0.0826812 0)
(-0.154752 0.0799766 0)
(-0.150495 0.0770241 0)
(-0.146501 0.0738334 0)
(-0.142664 0.0704197 0)
(-0.13893 0.0668044 0)
(-0.135372 0.0630233 0)
(-0.132136 0.0591293 0)
(-0.12937 0.0551906 0)
(-0.127144 0.051288 0)
(-0.125496 0.0475105 0)
(-0.124439 0.0439468 0)
(-0.123969 0.0406724 0)
(-0.124076 0.0377367 0)
(-0.124726 0.035154 0)
(-0.12583 0.0328993 0)
(-0.127267 0.0309165 0)
(-0.128926 0.0291347 0)
(-0.130725 0.0274843 0)
(-0.132598 0.0259073 0)
(-0.13449 0.0243608 0)
(-0.13636 0.0228162 0)
(-0.138173 0.0212565 0)
(-0.139902 0.0196728 0)
(-0.141525 0.0180616 0)
(-0.143029 0.0164225 0)
(-0.1444 0.014757 0)
(-0.145632 0.0130676 0)
(-0.146717 0.011357 0)
(-0.147652 0.00962836 0)
(-0.148434 0.00788515 0)
(-0.149061 0.00613346 0)
(-0.149527 0.00438238 0)
(-0.149833 0.00263712 0)
(-0.149991 0.000886536 0)
(0.149985 0.00174065 0)
(0.149737 0.0051617 0)
(0.149258 0.00853413 0)
(0.148532 0.011871 0)
(0.147564 0.0151644 0)
(0.146362 0.0184011 0)
(0.144934 0.0215724 0)
(0.143286 0.024674 0)
(0.141424 0.0277036 0)
(0.13936 0.0306607 0)
(0.137106 0.033547 0)
(0.134677 0.0363678 0)
(0.132096 0.039134 0)
(0.129391 0.0418651 0)
(0.126595 0.0445923 0)
(0.123754 0.0473618 0)
(0.120919 0.0502359 0)
(0.118143 0.0532871 0)
(0.115478 0.0565854 0)
(0.112932 0.0601751 0)
(0.110459 0.0640548 0)
(0.107969 0.0681714 0)
(0.10534 0.072427 0)
(0.102447 0.0766988 0)
(0.0991794 0.080863 0)
(0.0954538 0.0848135 0)
(0.091227 0.0884705 0)
(0.0864915 0.0917868 0)
(0.0812648 0.0947435 0)
(0.0755797 0.097344 0)
(0.0694761 0.0996086 0)
(0.0629949 0.101567 0)
(0.0561741 0.103257 0)
(0.0490473 0.104714 0)
(0.0416429 0.105975 0)
(0.0339848 0.107076 0)
(0.0260921 0.108047 0)
(0.0179775 0.108916 0)
(0.00965016 0.109705 0)
(0.00111785 0.110432 0)
(-0.007613 0.111114 0)
(-0.0165377 0.111762 0)
(-0.0256525 0.112384 0)
(-0.0349536 0.112986 0)
(-0.0444365 0.113571 0)
(-0.0540969 0.114139 0)
(-0.0639293 0.114688 0)
(-0.0739265 0.115214 0)
(-0.084079 0.115708 0)
(-0.0943738 0.116162 0)
(-0.104793 0.116564 0)
(-0.115309 0.116898 0)
(-0.125881 0.117147 0)
(-0.136439 0.117291 0)
(-0.146865 0.117306 0)
(-0.156971 0.117166 0)
(-0.166444 0.116841 0)
(-0.174605 0.116297 0)
(-0.180099 0.115507 0)
(-0.181926 0.114465 0)
(-0.180555 0.113033 0)
(-0.177171 0.111287 0)
(-0.172869 0.109231 0)
(-0.168215 0.106868 0)
(-0.163486 0.104194 0)
(-0.158832 0.101209 0)
(-0.154352 0.0979134 0)
(-0.150123 0.0943132 0)
(-0.146156 0.0904204 0)
(-0.14235 0.0862536 0)
(-0.138647 0.0818378 0)
(-0.135111 0.0772171 0)
(-0.131892 0.072456 0)
(-0.129142 0.0676373 0)
(-0.12693 0.0628598 0)
(-0.125294 0.0582326 0)
(-0.124248 0.0538645 0)
(-0.123787 0.0498487 0)
(-0.123903 0.0462467 0)
(-0.124562 0.0430766 0)
(-0.125675 0.040309 0)
(-0.127123 0.0378757 0)
(-0.128795 0.0356899 0)
(-0.130606 0.0336664 0)
(-0.132491 0.0317336 0)
(-0.134397 0.0298386 0)
(-0.136279 0.0279463 0)
(-0.138103 0.0260355 0)
(-0.139843 0.0240953 0)
(-0.141477 0.0221214 0)
(-0.14299 0.0201133 0)
(-0.14437 0.0180728 0)
(-0.145609 0.016003 0)
(-0.146701 0.0139074 0)
(-0.147641 0.0117898 0)
(-0.148427 0.00965453 0)
(-0.149056 0.00750912 0)
(-0.149525 0.00536474 0)
(-0.149832 0.00322789 0)
(-0.149991 0.00108496 0)
(0.149985 0.00205108 0)
(0.14974 0.00608234 0)
(0.149266 0.0100564 0)
(0.148546 0.0139888 0)
(0.147587 0.0178704 0)
(0.146396 0.0216857 0)
(0.144981 0.0254246 0)
(0.143346 0.0290821 0)
(0.141501 0.0326556 0)
(0.139453 0.0361446 0)
(0.137217 0.039551 0)
(0.134807 0.0428812 0)
(0.132245 0.046148 0)
(0.129558 0.0493743 0)
(0.126781 0.0525969 0)
(0.123958 0.0558703 0)
(0.12114 0.0592675 0)
(0.11838 0.062874 0)
(0.115729 0.0667719 0)
(0.113197 0.0710135 0)
(0.110737 0.075597 0)
(0.10826 0.0804598 0)
(0.105645 0.0854864 0)
(0.102767 0.0905321 0)
(0.0995143 0.0954503 0)
(0.0958052 0.100114 0)
(0.0915967 0.104429 0)
(0.0868821 0.108342 0)
(0.0816781 0.11183 0)
(0.0760178 0.114896 0)
(0.0699411 0.117566 0)
(0.0634888 0.119873 0)
(0.056699 0.121862 0)
(0.0496053 0.123577 0)
(0.0422362 0.125062 0)
(0.0346152 0.126357 0)
(0.0267614 0.127499 0)
(0.0186873 0.128521 0)
(0.0104019 0.129448 0)
(0.00191323 0.130305 0)
(-0.0067724 0.13111 0)
(-0.0156502 0.131874 0)
(-0.0247161 0.13261 0)
(-0.0339669 0.133323 0)
(-0.0433995 0.134018 0)
(-0.05301 0.134696 0)
(-0.0627935 0.135353 0)
(-0.0727432 0.135984 0)
(-0.0828502 0.13658 0)
(-0.0931019 0.137132 0)
(-0.103481 0.137623 0)
(-0.113961 0.138037 0)
(-0.124503 0.138353 0)
(-0.135041 0.138548 0)
(-0.145457 0.138592 0)
(-0.155568 0.138455 0)
(-0.165068 0.1381 0)
(-0.173294 0.137487 0)
(-0.178936 0.136581 0)
(-0.180933 0.135375 0)
(-0.179714 0.133711 0)
(-0.176428 0.131672 0)
(-0.172194 0.129266 0)
(-0.167593 0.126493 0)
(-0.162911 0.123353 0)
(-0.158299 0.119842 0)
(-0.153856 0.115962 0)
(-0.149661 0.11172 0)
(-0.145728 0.107129 0)
(-0.141962 0.102213 0)
(-0.138297 0.0969977 0)
(-0.13479 0.0915376 0)
(-0.131594 0.0859079 0)
(-0.128865 0.0802058 0)
(-0.126671 0.074548 0)
(-0.12505 0.069064 0)
(-0.124017 0.0638831 0)
(-0.123568 0.0591165 0)
(-0.123694 0.0548385 0)
(-0.124365 0.0510721 0)
(-0.125491 0.0477836 0)
(-0.126953 0.044893 0)
(-0.12864 0.0422977 0)
(-0.130466 0.0398964 0)
(-0.132367 0.0376039 0)
(-0.134287 0.035357 0)
(-0.136184 0.0331137 0)
(-0.138023 0.0308486 0)
(-0.139776 0.0285489 0)
(-0.141422 0.0262091 0)
(-0.142946 0.0238288 0)
(-0.144335 0.0214102 0)
(-0.145583 0.0189569 0)
(-0.146681 0.0164733 0)
(-0.147628 0.0139637 0)
(-0.148419 0.0114336 0)
(-0.149052 0.00889181 0)
(-0.149523 0.00635175 0)
(-0.149831 0.00382121 0)
(-0.149991 0.0012843 0)
(0.149985 0.00235821 0)
(0.149743 0.00699348 0)
(0.149274 0.0115632 0)
(0.148563 0.0160852 0)
(0.147614 0.0205492 0)
(0.146437 0.0249378 0)
(0.145037 0.0292395 0)
(0.14342 0.0334486 0)
(0.141593 0.0375623 0)
(0.139566 0.0415801 0)
(0.13735 0.0455043 0)
(0.134962 0.0493423 0)
(0.132423 0.0531087 0)
(0.129758 0.05683 0)
(0.127003 0.0605482 0)
(0.124201 0.0643258 0)
(0.121402 0.0682466 0)
(0.11866 0.0724087 0)
(0.116026 0.0769064 0)
(0.113509 0.0817993 0)
(0.111064 0.0870855 0)
(0.108601 0.0926926 0)
(0.106002 0.0984876 0)
(0.103143 0.104303 0)
(0.0999091 0.109971 0)
(0.0962141 0.115345 0)
(0.0920239 0.120319 0)
(0.0873365 0.124828 0)
(0.0821598 0.128844 0)
(0.0765274 0.132374 0)
(0.0704812 0.135444 0)
(0.0640618 0.138098 0)
(0.0573079 0.140383 0)
(0.0502526 0.142352 0)
(0.0429244 0.144055 0)
(0.035347 0.145539 0)
(0.0275397 0.146848 0)
(0.0195144 0.148018 0)
(0.0112816 0.149081 0)
(0.00284925 0.150064 0)
(-0.0057809 0.150986 0)
(-0.0146041 0.151867 0)
(-0.0236118 0.152718 0)
(-0.0328013 0.153545 0)
(-0.0421718 0.154353 0)
(-0.0517196 0.155144 0)
(-0.0614408 0.155913 0)
(-0.0713295 0.156655 0)
(-0.0813779 0.15736 0)
(-0.0915745 0.158017 0)
(-0.101903 0.158607 0)
(-0.112339 0.159112 0)
(-0.122843 0.159507 0)
(-0.133353 0.159765 0)
(-0.143756 0.159854 0)
(-0.153872 0.159735 0)
(-0.163402 0.159367 0)
(-0.171706 0.158704 0)
(-0.17752 0.157698 0)
(-0.179725 0.156342 0)
(-0.178685 0.154461 0)
(-0.175518 0.152145 0)
(-0.171367 0.149402 0)
(-0.166833 0.146233 0)
(-0.162207 0.142636 0)
(-0.157646 0.138609 0)
(-0.153251 0.134153 0)
(-0.149098 0.129275 0)
(-0.145207 0.123992 0)
(-0.141492 0.118329 0)
(-0.137876 0.112317 0)
(-0.134404 0.106017 0)
(-0.131236 0.099517 0)
(-0.128533 0.0929269 0)
(-0.126363 0.0863817 0)
(-0.124762 0.0800317 0)
(-0.123745 0.0740271 0)
(-0.123311 0.0684979 0)
(-0.123452 0.0635318 0)
(-0.124137 0.0591574 0)
(-0.125279 0.0553378 0)
(-0.126758 0.0519812 0)
(-0.128463 0.0489692 0)
(-0.130307 0.0461842 0)
(-0.132226 0.0435269 0)
(-0.134164 0.0409236 0)
(-0.136079 0.038325 0)
(-0.137933 0.0357018 0)
(-0.139701 0.0330385 0)
(-0.141361 0.0303289 0)
(-0.142897 0.0275726 0)
(-0.144298 0.024772 0)
(-0.145555 0.0219317 0)
(-0.146661 0.0190564 0)
(-0.147614 0.0161516 0)
(-0.14841 0.0132234 0)
(-0.149047 0.0102825 0)
(-0.149521 0.00734409 0)
(-0.149831 0.00441745 0)
(-0.149991 0.00148457 0)
(0.149986 0.00266149 0)
(0.149746 0.00789308 0)
(0.149284 0.0130512 0)
(0.148582 0.0181558 0)
(0.147647 0.0231958 0)
(0.146485 0.0281517 0)
(0.145103 0.0330108 0)
(0.143506 0.0377668 0)
(0.141702 0.0424168 0)
(0.139698 0.0469601 0)
(0.137508 0.0513996 0)
(0.135146 0.0557435 0)
(0.132632 0.0600085 0)
(0.129993 0.0642241 0)
(0.127263 0.068438 0)
(0.124484 0.0727203 0)
(0.121708 0.0771654 0)
(0.118986 0.0818838 0)
(0.11637 0.0869814 0)
(0.11387 0.0925256 0)
(0.111439 0.0985139 0)
(0.108992 0.104865 0)
(0.106409 0.111427 0)
(0.103564 0.118012 0)
(0.100349 0.124428 0)
(0.0966847 0.130512 0)
(0.0925223 0.136144 0)
(0.0878541 0.141243 0)
(0.0827043 0.145783 0)
(0.0771041 0.149771 0)
(0.0710923 0.153239 0)
(0.06471 0.156233 0)
(0.0579955 0.158809 0)
(0.0509832 0.161027 0)
(0.0437013 0.162943 0)
(0.0361738 0.164613 0)
(0.0284204 0.166084 0)
(0.0204535 0.1674 0)
(0.0122807 0.168597 0)
(0.00390636 0.169704 0)
(-0.00465294 0.170742 0)
(-0.0133945 0.171733 0)
(-0.0223267 0.172695 0)
(-0.0314426 0.173633 0)
(-0.0407382 0.174554 0)
(-0.0502108 0.175458 0)
(-0.0598571 0.176342 0)
(-0.0696721 0.1772 0)
(-0.0796488 0.178021 0)
(-0.0897766 0.178791 0)
(-0.100041 0.179492 0)
(-0.110418 0.1801 0)
(-0.120873 0.180589 0)
(-0.131344 0.180927 0)
(-0.141726 0.181078 0)
(-0.151844 0.180998 0)
(-0.161407 0.180641 0)
(-0.169798 0.179951 0)
(-0.175811 0.17887 0)
(-0.178267 0.177375 0)
(-0.177437 0.1753 0)
(-0.174413 0.172726 0)
(-0.170363 0.169663 0)
(-0.16591 0.166114 0)
(-0.161355 0.162075 0)
(-0.156858 0.157544 0)
(-0.152522 0.152523 0)
(-0.148423 0.147018 0)
(-0.144584 0.141049 0)
(-0.140931 0.13464 0)
(-0.137374 0.127833 0)
(-0.133943 0.120694 0)
(-0.130813 0.113319 0)
(-0.128145 0.105834 0)
(-0.126004 0.0983922 0)
(-0.124428 0.0911643 0)
(-0.123433 0.0843222 0)
(-0.123019 0.0780156 0)
(-0.123178 0.0723464 0)
(-0.123881 0.06735 0)
(-0.125042 0.0629865 0)
(-0.126542 0.0591531 0)
(-0.128268 0.0557154 0)
(-0.130135 0.0525391 0)
(-0.132074 0.0495106 0)
(-0.134033 0.0465452 0)
(-0.135967 0.0435862 0)
(-0.13784 0.0405998 0)
(-0.139624 0.0375681 0)
(-0.141299 0.0344842 0)
(-0.142848 0.0313473 0)
(-0.14426 0.0281606 0)
(-0.145526 0.024929 0)
(-0.146641 0.0216582 0)
(-0.1476 0.0183543 0)
(-0.148401 0.0150248 0)
(-0.149042 0.0116814 0)
(-0.149518 0.00834186 0)
(-0.14983 0.00501663 0)
(-0.149991 0.00168566 0)
(0.149986 0.00296017 0)
(0.14975 0.00877881 0)
(0.149296 0.0145163 0)
(0.148606 0.0201952 0)
(0.147686 0.0258031 0)
(0.146542 0.031319 0)
(0.145182 0.036729 0)
(0.143609 0.0420265 0)
(0.141831 0.0472082 0)
(0.139855 0.0522738 0)
(0.137693 0.0572262 0)
(0.13536 0.0620747 0)
(0.132876 0.0668378 0)
(0.130266 0.0715483 0)
(0.127564 0.0762588 0)
(0.124812 0.0810474 0)
(0.12206 0.0860185 0)
(0.119361 0.0912946 0)
(0.116765 0.0969933 0)
(0.114282 0.103189 0)
(0.111869 0.10988 0)
(0.109439 0.116973 0)
(0.106873 0.124302 0)
(0.104049 0.131654 0)
(0.100857 0.138818 0)
(0.097217 0.145607 0)
(0.0930711 0.151888 0)
(0.0884229 0.157578 0)
(0.0833054 0.162639 0)
(0.0777396 0.167081 0)
(0.0717643 0.170939 0)
(0.0654232 0.174267 0)
(0.0587544 0.177127 0)
(0.0517919 0.179587 0)
(0.0445645 0.18171 0)
(0.0370965 0.183558 0)
(0.0294062 0.185187 0)
(0.0215088 0.186642 0)
(0.0134103 0.187965 0)
(0.00510585 0.189186 0)
(-0.00338522 0.190337 0)
(-0.0120467 0.191438 0)
(-0.0208873 0.192507 0)
(-0.0299093 0.193555 0)
(-0.0391094 0.194588 0)
(-0.0484859 0.195607 0)
(-0.0580363 0.19661 0)
(-0.0677567 0.197589 0)
(-0.0776414 0.198534 0)
(-0.0876815 0.199427 0)
(-0.0978636 0.20025 0)
(-0.108167 0.200976 0)
(-0.118558 0.201577 0)
(-0.128979 0.202015 0)
(-0.13933 0.202251 0)
(-0.149443 0.202236 0)
(-0.159038 0.201917 0)
(-0.167527 0.20123 0)
(-0.173764 0.200102 0)
(-0.176509 0.198495 0)
(-0.175924 0.19625 0)
(-0.173071 0.193442 0)
(-0.169144 0.190082 0)
(-0.164791 0.186172 0)
(-0.160323 0.18171 0)
(-0.155906 0.176691 0)
(-0.151642 0.171117 0)
(-0.147613 0.164996 0)
(-0.143845 0.158346 0)
(-0.140267 0.151198 0)
(-0.136776 0.143597 0)
(-0.133401 0.135617 0)
(-0.130321 0.127361 0)
(-0.127697 0.118972 0)
(-0.125595 0.11062 0)
(-0.124051 0.102499 0)
(-0.123084 0.0948023 0)
(-0.122695 0.0876996 0)
(-0.122877 0.0813086 0)
(-0.123603 0.0756723 0)
(-0.124788 0.0707491 0)
(-0.126313 0.0664252 0)
(-0.128063 0.0625502 0)
(-0.129955 0.0589729 0)
(-0.131919 0.0555648 0)
(-0.1339 0.0522298 0)
(-0.135855 0.0489036 0)
(-0.137747 0.0455475 0)
(-0.139549 0.0421415 0)
(-0.14124 0.0386775 0)
(-0.142802 0.0351547 0)
(-0.144226 0.0315766 0)
(-0.145501 0.0279489 0)
(-0.146624 0.0242781 0)
(-0.147589 0.0205713 0)
(-0.148394 0.0168367 0)
(-0.149038 0.0130877 0)
(-0.149517 0.00934434 0)
(-0.149829 0.00561832 0)
(-0.149991 0.0018875 0)
(0.149986 0.00325327 0)
(0.149756 0.00964818 0)
(0.149311 0.015955 0)
(0.148634 0.0221983 0)
(0.147732 0.0283651 0)
(0.146611 0.0344327 0)
(0.145276 0.0403864 0)
(0.143731 0.0462191 0)
(0.141983 0.0519275 0)
(0.14004 0.0575113 0)
(0.137911 0.0629739 0)
(0.135612 0.0683253 0)
(0.133161 0.0735859 0)
(0.130584 0.0787915 0)
(0.127914 0.0839996 0)
(0.125192 0.0892958 0)
(0.122466 0.0947942 0)
(0.119791 0.100629 0)
(0.117215 0.10693 0)
(0.114751 0.113778 0)
(0.112354 0.12117 0)
(0.109939 0.129006 0)
(0.107389 0.137099 0)
(0.104582 0.145217 0)
(0.101407 0.153123 0)
(0.0977888 0.160613 0)
(0.0936831 0.167538 0)
(0.0890625 0.173814 0)
(0.0839605 0.179397 0)
(0.0784285 0.184287 0)
(0.0724919 0.188531 0)
(0.0661924 0.192187 0)
(0.0595712 0.195325 0)
(0.0526619 0.198018 0)
(0.0454953 0.200339 0)
(0.0380948 0.202356 0)
(0.0304772 0.204131 0)
(0.0226538 0.205711 0)
(0.0146249 0.207139 0)
(0.0064066 0.208462 0)
(-0.00197922 0.209718 0)
(-0.0105361 0.210926 0)
(-0.0192703 0.212102 0)
(-0.0281811 0.21326 0)
(-0.0372675 0.214406 0)
(-0.0465286 0.215543 0)
(-0.0559628 0.216669 0)
(-0.0655674 0.217775 0)
(-0.0753379 0.218851 0)
(-0.0852672 0.21988 0)
(-0.095344 0.220839 0)
(-0.10555 0.221701 0)
(-0.115855 0.222433 0)
(-0.126207 0.222997 0)
(-0.136511 0.223346 0)
(-0.146609 0.223426 0)
(-0.156231 0.223179 0)
(-0.164827 0.222533 0)
(-0.171311 0.221397 0)
(-0.174389 0.219715 0)
(-0.174091 0.217335 0)
(-0.171441 0.214325 0)
(-0.167664 0.210696 0)
(-0.163433 0.206453 0)
(-0.159075 0.201589 0)
(-0.154757 0.196102 0)
(-0.150586 0.189991 0)
(-0.146643 0.183264 0)
(-0.142965 0.175943 0)
(-0.139478 0.16806 0)
(-0.136071 0.159666 0)
(-0.132768 0.150838 0)
(-0.129754 0.141693 0)
(-0.127189 0.132385 0)
(-0.125136 0.123107 0)
(-0.123633 0.114073 0)
(-0.122702 0.105499 0)
(-0.122345 0.0975768 0)
(-0.122557 0.0904412 0)
(-0.123311 0.0841436 0)
(-0.124525 0.0786414 0)
(-0.12608 0.0738105 0)
(-0.12786 0.0694842 0)
(-0.129779 0.065494 0)
(-0.13177 0.0616959 0)
(-0.133777 0.0579821 0)
(-0.135754 0.0542801 0)
(-0.137667 0.0505467 0)
(-0.139487 0.046759 0)
(-0.141192 0.042908 0)
(-0.142767 0.038993 0)
(-0.1442 0.0350179 0)
(-0.145484 0.030989 0)
(-0.146612 0.0269138 0)
(-0.147582 0.0228 0)
(-0.148391 0.0186571 0)
(-0.149036 0.0144999 0)
(-0.149516 0.0103503 0)
(-0.149829 0.00622165 0)
(-0.149991 0.00208971 0)
(0.149987 0.00353959 0)
(0.149762 0.0104976 0)
(0.149328 0.0173612 0)
(0.148669 0.0241572 0)
(0.147788 0.0308721 0)
(0.146693 0.0374819 0)
(0.145388 0.0439711 0)
(0.143876 0.0503324 0)
(0.142164 0.0565626 0)
(0.140258 0.0626614 0)
(0.138168 0.0686326 0)
(0.135907 0.0744872 0)
(0.133494 0.0802472 0)
(0.130953 0.0859513 0)
(0.128316 0.0916618 0)
(0.125625 0.0974711 0)
(0.122929 0.103503 0)
(0.120278 0.109903 0)
(0.117724 0.116811 0)
(0.115276 0.124316 0)
(0.112895 0.132413 0)
(0.110495 0.140992 0)
(0.10796 0.14985 0)
(0.105167 0.158732 0)
(0.102008 0.16738 0)
(0.0984076 0.175569 0)
(0.0943272 0.183135 0)
(0.0897498 0.189978 0)
(0.0846762 0.196068 0)
(0.0791615 0.201401 0)
(0.0732636 0.206024 0)
(0.067011 0.210003 0)
(0.0604385 0.213409 0)
(0.0535823 0.216323 0)
(0.0464799 0.218825 0)
(0.0391526 0.220987 0)
(0.0316022 0.222875 0)
(0.0238397 0.224557 0)
(0.0159002 0.226089 0)
(0.00780785 0.227517 0)
(-0.000449331 0.228873 0)
(-0.0088829 0.230179 0)
(-0.0174902 0.231454 0)
(-0.0262686 0.232714 0)
(-0.035218 0.233969 0)
(-0.044338 0.23522 0)
(-0.0536285 0.236468 0)
(-0.0630883 0.237705 0)
(-0.072715 0.238919 0)
(-0.0825035 0.240092 0)
(-0.0924453 0.241203 0)
(-0.102525 0.24222 0)
(-0.112716 0.243108 0)
(-0.122972 0.243825 0)
(-0.133207 0.24432 0)
(-0.14327 0.244535 0)
(-0.152909 0.244404 0)
(-0.161617 0.243843 0)
(-0.168368 0.24275 0)
(-0.171823 0.241044 0)
(-0.17186 0.238578 0)
(-0.169452 0.235409 0)
(-0.165856 0.231553 0)
(-0.161777 0.227013 0)
(-0.157554 0.221781 0)
(-0.153363 0.215852 0)
(-0.149311 0.209225 0)
(-0.145481 0.201909 0)
(-0.141914 0.193926 0)
(-0.138542 0.185313 0)
(-0.135243 0.176125 0)
(-0.132037 0.166443 0)
(-0.129109 0.156395 0)
(-0.12662 0.146152 0)
(-0.124631 0.135925 0)
(-0.12318 0.125952 0)
(-0.122295 0.116473 0)
(-0.121978 0.107702 0)
(-0.122228 0.099792 0)
(-0.123017 0.0928047 0)
(-0.124267 0.0866976 0)
(-0.125857 0.0813369 0)
(-0.127671 0.0765395 0)
(-0.129623 0.0721192 0)
(-0.131644 0.0679161 0)
(-0.133677 0.0638102 0)
(-0.135678 0.0597208 0)
(-0.137611 0.0555993 0)
(-0.139447 0.0514204 0)
(-0.141166 0.047174 0)
(-0.142751 0.0428592 0)
(-0.144192 0.0384804 0)
(-0.145481 0.0340447 0)
(-0.146612 0.0295603 0)
(-0.147583 0.0250358 0)
(-0.148392 0.0204816 0)
(-0.149038 0.0159141 0)
(-0.149517 0.011357 0)
(-0.14983 0.0068249 0)
(-0.149991 0.00229165 0)
(0.149987 0.00381757 0)
(0.14977 0.0113231 0)
(0.149349 0.0187286 0)
(0.14871 0.0260634 0)
(0.147856 0.0333136 0)
(0.146793 0.0404541 0)
(0.145524 0.047469 0)
(0.144053 0.0543509 0)
(0.142384 0.0610966 0)
(0.140522 0.0677058 0)
(0.138478 0.0741827 0)
(0.136262 0.0805389 0)
(0.133894 0.0867977 0)
(0.131395 0.0930004 0)
(0.128798 0.0992136 0)
(0.126142 0.105536 0)
(0.123475 0.112102 0)
(0.120851 0.119066 0)
(0.118316 0.126581 0)
(0.115884 0.134742 0)
(0.113514 0.143544 0)
(0.111123 0.152868 0)
(0.108595 0.162494 0)
(0.105811 0.172145 0)
(0.102662 0.181537 0)
(0.0990689 0.190428 0)
(0.0949963 0.198639 0)
(0.0904418 0.206059 0)
(0.0854092 0.212641 0)
(0.0799371 0.218403 0)
(0.0740801 0.223381 0)
(0.0678608 0.227644 0)
(0.0613195 0.231283 0)
(0.0545059 0.23439 0)
(0.0474427 0.237053 0)
(0.0401562 0.239352 0)
(0.0326891 0.241364 0)
(0.0250638 0.243162 0)
(0.0172773 0.244803 0)
(0.00932153 0.246327 0)
(0.00119244 0.247767 0)
(-0.00710453 0.249154 0)
(-0.0155647 0.250514 0)
(-0.0241876 0.251864 0)
(-0.0329734 0.253216 0)
(-0.0419229 0.254575 0)
(-0.0510373 0.255941 0)
(-0.0603175 0.257309 0)
(-0.0697631 0.258665 0)
(-0.0793721 0.259993 0)
(-0.0891388 0.261268 0)
(-0.0990517 0.262458 0)
(-0.109089 0.263526 0)
(-0.11921 0.264425 0)
(-0.12934 0.265101 0)
(-0.139335 0.265489 0)
(-0.148972 0.265517 0)
(-0.157789 0.265095 0)
(-0.164821 0.264103 0)
(-0.168696 0.262435 0)
(-0.169125 0.259951 0)
(-0.167004 0.256697 0)
(-0.163625 0.252683 0)
(-0.159732 0.247905 0)
(-0.155681 0.242354 0)
(-0.151654 0.236021 0)
(-0.147758 0.228906 0)
(-0.144076 0.221017 0)
(-0.140653 0.21238 0)
(-0.137426 0.203037 0)
(-0.13427 0.193044 0)
(-0.131193 0.182494 0)
(-0.128382 0.171521 0)
(-0.125994 0.160314 0)
(-0.124087 0.149105 0)
(-0.122706 0.138156 0)
(-0.121882 0.127734 0)
(-0.121619 0.118077 0)
(-0.121917 0.109357 0)
(-0.122752 0.101649 0)
(-0.124046 0.09491 0)
(-0.125678 0.0889965 0)
(-0.127532 0.0837087 0)
(-0.129519 0.0788416 0)
(-0.131571 0.0742189 0)
(-0.133631 0.0697075 0)
(-0.135654 0.0652182 0)
(-0.137604 0.0606972 0)
(-0.139453 0.0561167 0)
(-0.14118 0.0514655 0)
(-0.14277 0.0467429 0)
(-0.144213 0.0419536 0)
(-0.145501 0.0371055 0)
(-0.146631 0.0322077 0)
(-0.147598 0.0272696 0)
(-0.148404 0.0223024 0)
(-0.149045 0.0173239 0)
(-0.149521 0.0123597 0)
(-0.149831 0.00742516 0)
(-0.149991 0.00249236 0)
(0.149988 0.00408539 0)
(0.149779 0.0121192 0)
(0.149376 0.0200486 0)
(0.148762 0.0279053 0)
(0.14794 0.0356758 0)
(0.146915 0.0433343 0)
(0.14569 0.0508649 0)
(0.144267 0.0582602 0)
(0.142647 0.0655173 0)
(0.140837 0.0726365 0)
(0.138844 0.0796222 0)
(0.136679 0.0864868 0)
(0.134358 0.0932552 0)
(0.131903 0.0999711 0)
(0.129344 0.106705 0)
(0.126722 0.113562 0)
(0.124084 0.120684 0)
(0.121481 0.128237 0)
(0.118965 0.13638 0)
(0.116547 0.145216 0)
(0.114188 0.154736 0)
(0.111805 0.164814 0)
(0.109283 0.175211 0)
(0.106504 0.185628 0)
(0.10336 0.195757 0)
(0.0997777 0.205336 0)
(0.0957181 0.214167 0)
(0.0911584 0.222133 0)
(0.0861264 0.22919 0)
(0.0806544 0.235352 0)
(0.0747833 0.240665 0)
(0.0685845 0.245205 0)
(0.0621035 0.249071 0)
(0.0553657 0.25236 0)
(0.0484017 0.25517 0)
(0.0412408 0.257599 0)
(0.0339013 0.259726 0)
(0.0263927 0.261613 0)
(0.0187177 0.263319 0)
(0.0108804 0.264895 0)
(0.00288808 0.266384 0)
(-0.00525251 0.267823 0)
(-0.0135399 0.269241 0)
(-0.0219768 0.270659 0)
(-0.0305646 0.272091 0)
(-0.0393057 0.273544 0)
(-0.0482034 0.275019 0)
(-0.0572609 0.276513 0)
(-0.0664804 0.278013 0)
(-0.0758629 0.279502 0)
(-0.0854064 0.280956 0)
(-0.0951042 0.282341 0)
(-0.10494 0.283617 0)
(-0.114881 0.284735 0)
(-0.12486 0.285637 0)
(-0.134749 0.286253 0)
(-0.144341 0.286503 0)
(-0.153239 0.286291 0)
(-0.160561 0.285485 0)
(-0.164873 0.283956 0)
(-0.165699 0.281559 0)
(-0.163894 0.278315 0)
(-0.160787 0.274224 0)
(-0.157145 0.269279 0)
(-0.153333 0.263466 0)
(-0.149535 0.256776 0)
(-0.145856 0.249208 0)
(-0.142378 0.24077 0)
(-0.139148 0.231491 0)
(-0.136113 0.221418 0)
(-0.133142 0.210618 0)
(-0.130234 0.199186 0)
(-0.127577 0.187266 0)
(-0.125318 0.175064 0)
(-0.123516 0.162839 0)
(-0.122222 0.150875 0)
(-0.121472 0.139465 0)
(-0.121274 0.128874 0)
(-0.121631 0.119296 0)
(-0.122521 0.110817 0)
(-0.123867 0.103398 0)
(-0.12555 0.0968877 0)
(-0.12745 0.0910692 0)
(-0.129479 0.0857193 0)
(-0.131566 0.0806448 0)
(-0.133655 0.0757 0)
(-0.1357 0.0707863 0)
(-0.137665 0.0658449 0)
(-0.139522 0.0608451 0)
(-0.141253 0.0557745 0)
(-0.142841 0.0506322 0)
(-0.144278 0.0454234 0)
(-0.145558 0.0401565 0)
(-0.146678 0.0348412 0)
(-0.147635 0.0294875 0)
(-0.148429 0.0241075 0)
(-0.149061 0.0187196 0)
(-0.14953 0.0133511 0)
(-0.149834 0.00801793 0)
(-0.149991 0.0026903 0)
(0.149988 0.00434045 0)
(0.149791 0.012878 0)
(0.14941 0.0213082 0)
(0.148827 0.0296654 0)
(0.148047 0.0379366 0)
(0.147072 0.0460959 0)
(0.145903 0.0541273 0)
(0.144542 0.0620236 0)
(0.142988 0.069782 0)
(0.141246 0.0774025 0)
(0.139321 0.0848896 0)
(0.137222 0.0922554 0)
(0.134965 0.0995254 0)
(0.13257 0.106745 0)
(0.130064 0.113988 0)
(0.127485 0.121365 0)
(0.124881 0.129025 0)
(0.122303 0.137145 0)
(0.119799 0.145898 0)
(0.117382 0.155391 0)
(0.115019 0.165622 0)
(0.112628 0.176449 0)
(0.110096 0.18762 0)
(0.107292 0.198802 0)
(0.10411 0.209669 0)
(0.100484 0.219939 0)
(0.0963766 0.229401 0)
(0.0918024 0.237928 0)
(0.0867824 0.245476 0)
(0.0813345 0.252054 0)
(0.0755 0.257724 0)
(0.0693352 0.262568 0)
(0.0628877 0.26668 0)
(0.0562001 0.270169 0)
(0.0493171 0.273133 0)
(0.0422523 0.275659 0)
(0.0350084 0.277839 0)
(0.0276048 0.279755 0)
(0.0200556 0.281482 0)
(0.0123675 0.283076 0)
(0.00454541 0.284586 0)
(-0.0034058 0.286052 0)
(-0.0114863 0.287504 0)
(-0.0196998 0.288968 0)
(-0.0280487 0.290459 0)
(-0.0365366 0.291989 0)
(-0.0451685 0.293561 0)
(-0.0539496 0.295173 0)
(-0.0628852 0.296814 0)
(-0.0719796 0.298469 0)
(-0.0812351 0.300114 0)
(-0.0906497 0.301717 0)
(-0.100214 0.303235 0)
(-0.109902 0.30462 0)
(-0.119659 0.305808 0)
(-0.129373 0.306727 0)
(-0.138863 0.307287 0)
(-0.147784 0.307384 0)
(-0.15534 0.306885 0)
(-0.160082 0.305638 0)
(-0.161369 0.303458 0)
(-0.15997 0.300321 0)
(-0.157215 0.296233 0)
(-0.153898 0.291188 0)
(-0.150397 0.28517 0)
(-0.146899 0.278167 0)
(-0.143511 0.270172 0)
(-0.140306 0.261198 0)
(-0.137335 0.251274 0)
(-0.134548 0.240455 0)
(-0.131812 0.228816 0)
(-0.129137 0.216462 0)
(-0.126694 0.203536 0)
(-0.12461 0.190276 0)
(-0.122952 0.176965 0)
(-0.12178 0.163917 0)
(-0.121138 0.151452 0)
(-0.121036 0.139867 0)
(-0.121477 0.12938 0)
(-0.122443 0.120093 0)
(-0.123858 0.111968 0)
(-0.1256 0.104841 0)
(-0.12755 0.0984786 0)
(-0.129618 0.0926348 0)
(-0.131734 0.0870984 0)
(-0.133842 0.0817095 0)
(-0.135896 0.0763609 0)
(-0.137862 0.0709884 0)
(-0.139713 0.065559 0)
(-0.141431 0.0600599 0)
(-0.143002 0.0544904 0)
(-0.144418 0.0488565 0)
(-0.145675 0.0431674 0)
(-0.14677 0.0374337 0)
(-0.147704 0.0316659 0)
(-0.148477 0.0258766 0)
(-0.149091 0.0200852 0)
(-0.149545 0.0143195 0)
(-0.14984 0.00859621 0)
(-0.149991 0.00288312 0)
(0.149989 0.00457963 0)
(0.149806 0.013591 0)
(0.149451 0.0224939 0)
(0.148909 0.0313265 0)
(0.148179 0.0400771 0)
(0.147265 0.0487209 0)
(0.146163 0.0572429 0)
(0.144873 0.065637 0)
(0.143393 0.0739017 0)
(0.141724 0.0820379 0)
(0.139869 0.0900508 0)
(0.137834 0.097954 0)
(0.135634 0.105774 0)
(0.133287 0.113558 0)
(0.130821 0.121382 0)
(0.128272 0.129362 0)
(0.125683 0.137652 0)
(0.12311 0.146436 0)
(0.120605 0.155889 0)
(0.118182 0.166119 0)
(0.115801 0.177115 0)
(0.113386 0.188724 0)
(0.110811 0.200668 0)
(0.107964 0.212608 0)
(0.104763 0.2242 0)
(0.10113 0.235141 0)
(0.0970261 0.245209 0)
(0.092449 0.254267 0)
(0.087422 0.262258 0)
(0.0819812 0.269197 0)
(0.0761686 0.275147 0)
(0.0700332 0.280202 0)
(0.0636357 0.28447 0)
(0.0570028 0.28806 0)
(0.05014 0.291087 0)
(0.0430976 0.293652 0)
(0.0359298 0.295849 0)
(0.0286544 0.297765 0)
(0.0212613 0.299471 0)
(0.0137447 0.301036 0)
(0.00611564 0.302518 0)
(-0.00162058 0.303963 0)
(-0.00946505 0.305405 0)
(-0.0174206 0.306872 0)
(-0.0254908 0.308384 0)
(-0.0336805 0.309956 0)
(-0.0419961 0.311594 0)
(-0.0504444 0.313299 0)
(-0.0590327 0.315064 0)
(-0.0677683 0.316876 0)
(-0.0766573 0.318712 0)
(-0.0857032 0.320542 0)
(-0.0949029 0.322328 0)
(-0.104241 0.324017 0)
(-0.113676 0.325549 0)
(-0.123116 0.326845 0)
(-0.132404 0.327812 0)
(-0.141243 0.328338 0)
(-0.148921 0.328287 0)
(-0.154086 0.327476 0)
(-0.155934 0.325688 0)
(-0.155073 0.322826 0)
(-0.15277 0.318904 0)
(-0.149868 0.313906 0)
(-0.14677 0.307812 0)
(-0.143667 0.300603 0)
(-0.140662 0.292271 0)
(-0.137823 0.282829 0)
(-0.135193 0.27231 0)
(-0.132722 0.260774 0)
(-0.130285 0.248303 0)
(-0.127912 0.235011 0)
(-0.125742 0.221068 0)
(-0.123862 0.206729 0)
(-0.122367 0.192298 0)
(-0.121336 0.178114 0)
(-0.120813 0.164529 0)
(-0.120815 0.151868 0)
(-0.121351 0.140375 0)
(-0.122405 0.13017 0)
(-0.123901 0.121223 0)
(-0.125718 0.113366 0)
(-0.127734 0.106349 0)
(-0.129857 0.0999098 0)
(-0.132015 0.0938202 0)
(-0.134151 0.0879077 0)
(-0.136221 0.0820565 0)
(-0.138188 0.0761971 0)
(-0.140029 0.0702935 0)
(-0.141725 0.0643314 0)
(-0.143267 0.0583095 0)
(-0.144648 0.0522334 0)
(-0.145866 0.0461124 0)
(-0.146922 0.0399567 0)
(-0.147817 0.0337767 0)
(-0.148555 0.0275844 0)
(-0.149139 0.0213993 0)
(-0.149569 0.0152492 0)
(-0.149849 0.00915026 0)
(-0.149992 0.00306755 0)
(0.14999 0.0047975 0)
(0.149827 0.014241 0)
(0.14951 0.0235768 0)
(0.149024 0.0328467 0)
(0.148367 0.042041 0)
(0.14754 0.0511357 0)
(0.146537 0.0601165 0)
(0.145355 0.0689777 0)
(0.14399 0.0777169 0)
(0.14244 0.0863338 0)
(0.140706 0.0948318 0)
(0.13879 0.103222 0)
(0.136701 0.111529 0)
(0.134454 0.119801 0)
(0.132071 0.128118 0)
(0.129587 0.1366 0)
(0.127046 0.145412 0)
(0.124492 0.154749 0)
(0.121973 0.164799 0)
(0.119506 0.175683 0)
(0.117062 0.187393 0)
(0.114563 0.199766 0)
(0.111911 0.212514 0)
(0.109002 0.225275 0)
(0.105724 0.237665 0)
(0.101996 0.249349 0)
(0.0977868 0.260082 0)
(0.0931047 0.269714 0)
(0.0879821 0.278186 0)
(0.0824655 0.285511 0)
(0.0766055 0.291757 0)
(0.070447 0.297027 0)
(0.0640292 0.301442 0)
(0.0574098 0.30512 0)
(0.0506305 0.308187 0)
(0.0437028 0.31077 0)
(0.0366392 0.312971 0)
(0.029453 0.314876 0)
(0.0221774 0.316559 0)
(0.0148367 0.318091 0)
(0.00742387 0.319534 0)
(-6.93943e-05 0.320943 0)
(-0.00764574 0.322355 0)
(-0.0153077 0.323805 0)
(-0.0230587 0.325316 0)
(-0.030904 0.326906 0)
(-0.0388504 0.328588 0)
(-0.0469057 0.330365 0)
(-0.0550788 0.332235 0)
(-0.0633787 0.334189 0)
(-0.0718141 0.336207 0)
(-0.0803922 0.338265 0)
(-0.0891158 0.340325 0)
(-0.0979783 0.342342 0)
(-0.106952 0.344254 0)
(-0.11597 0.345985 0)
(-0.124902 0.34744 0)
(-0.133502 0.348503 0)
(-0.141158 0.349024 0)
(-0.146671 0.3488 0)
(-0.149074 0.347591 0)
(-0.148834 0.345205 0)
(-0.147083 0.341631 0)
(-0.144706 0.336832 0)
(-0.142129 0.330775 0)
(-0.139546 0.323434 0)
(-0.13705 0.314801 0)
(-0.134701 0.304892 0)
(-0.132541 0.293746 0)
(-0.130531 0.281434 0)
(-0.128548 0.268045 0)
(-0.126592 0.253709 0)
(-0.124779 0.238628 0)
(-0.123212 0.223077 0)
(-0.121996 0.207388 0)
(-0.121208 0.191937 0)
(-0.120896 0.177121 0)
(-0.121078 0.163304 0)
(-0.121766 0.150766 0)
(-0.122948 0.139643 0)
(-0.124549 0.129905 0)
(-0.126446 0.121366 0)
(-0.128516 0.113753 0)
(-0.130669 0.106776 0)
(-0.132832 0.100187 0)
(-0.13495 0.0937993 0)
(-0.136981 0.0874847 0)
(-0.138895 0.0811681 0)
(-0.14067 0.074812 0)
(-0.142294 0.0684029 0)
(-0.143758 0.0619415 0)
(-0.14506 0.0554354 0)
(-0.1462 0.0488951 0)
(-0.147181 0.0423319 0)
(-0.148007 0.0357566 0)
(-0.148685 0.0291811 0)
(-0.149218 0.0226243 0)
(-0.14961 0.0161138 0)
(-0.149863 0.0096645 0)
(-0.149993 0.00323842 0)
(0.149991 0.004989 0)
(0.149851 0.0148154 0)
(0.149578 0.0245411 0)
(0.149157 0.034214 0)
(0.148584 0.0438288 0)
(0.147853 0.0533658 0)
(0.146956 0.0628142 0)
(0.145884 0.0721721 0)
(0.144627 0.0814407 0)
(0.143177 0.0906231 0)
(0.14153 0.0997261 0)
(0.139688 0.108764 0)
(0.137659 0.117765 0)
(0.135462 0.126775 0)
(0.133117 0.135863 0)
(0.13065 0.145141 0)
(0.128099 0.15477 0)
(0.125511 0.164949 0)
(0.122936 0.175874 0)
(0.120394 0.187669 0)
(0.11785 0.200319 0)
(0.115255 0.21365 0)
(0.112523 0.227338 0)
(0.10952 0.240976 0)
(0.106138 0.254157 0)
(0.102312 0.26653 0)
(0.0980166 0.277841 0)
(0.0932577 0.287938 0)
(0.0880685 0.296764 0)
(0.0824974 0.30434 0)
(0.0766019 0.310742 0)
(0.0704377 0.316084 0)
(0.0640443 0.320498 0)
(0.0574603 0.324124 0)
(0.050734 0.327092 0)
(0.0438976 0.329527 0)
(0.0369662 0.331547 0)
(0.0299453 0.333259 0)
(0.0228426 0.334757 0)
(0.0156789 0.336113 0)
(0.00847594 0.337385 0)
(0.00122801 0.338625 0)
(-0.00607821 0.339886 0)
(-0.013441 0.341204 0)
(-0.020862 0.342608 0)
(-0.0283467 0.34412 0)
(-0.0359019 0.345755 0)
(-0.0435354 0.34752 0)
(-0.051256 0.349416 0)
(-0.0590729 0.351439 0)
(-0.0669953 0.353576 0)
(-0.0750316 0.355806 0)
(-0.083188 0.358102 0)
(-0.0914642 0.360424 0)
(-0.0998449 0.362723 0)
(-0.108283 0.364933 0)
(-0.116678 0.366968 0)
(-0.124832 0.368717 0)
(-0.132258 0.370028 0)
(-0.137945 0.370676 0)
(-0.14085 0.370366 0)
(-0.141278 0.368844 0)
(-0.140191 0.366005 0)
(-0.138477 0.361775 0)
(-0.136566 0.356098 0)
(-0.134639 0.348942 0)
(-0.132775 0.340297 0)
(-0.131017 0.330179 0)
(-0.1294 0.318635 0)
(-0.127897 0.30574 0)
(-0.126388 0.291589 0)
(-0.124852 0.276321 0)
(-0.123396 0.26015 0)
(-0.122141 0.243371 0)
(-0.121206 0.226348 0)
(-0.120672 0.209497 0)
(-0.120589 0.193258 0)
(-0.12098 0.178041 0)
(-0.121863 0.164167 0)
(-0.123222 0.151804 0)
(-0.124981 0.140935 0)
(-0.127012 0.131373 0)
(-0.12919 0.12283 0)
(-0.131419 0.114997 0)
(-0.133627 0.107607 0)
(-0.135765 0.100463 0)
(-0.137797 0.0934401 0)
(-0.139694 0.0864656 0)
(-0.14143 0.0794992 0)
(-0.142994 0.0725236 0)
(-0.144381 0.0655357 0)
(-0.145595 0.0585399 0)
(-0.146641 0.051544 0)
(-0.147527 0.0445561 0)
(-0.148264 0.037584 0)
(-0.14886 0.0306364 0)
(-0.149325 0.0237292 0)
(-0.149664 0.0168869 0)
(-0.149882 0.0101212 0)
(-0.149993 0.00338943 0)
(0.149997 0.00513554 0)
(0.149903 0.0152558 0)
(0.14971 0.02528 0)
(0.149404 0.0352617 0)
(0.148978 0.0452004 0)
(0.148422 0.055079 0)
(0.147726 0.0648882 0)
(0.146874 0.0746251 0)
(0.145852 0.0842875 0)
(0.144644 0.093871 0)
(0.143238 0.103371 0)
(0.141624 0.112785 0)
(0.1398 0.122125 0)
(0.137769 0.131433 0)
(0.135559 0.140866 0)
(0.133198 0.150559 0)
(0.130718 0.160651 0)
(0.128167 0.171332 0)
(0.125589 0.182797 0)
(0.123004 0.195171 0)
(0.120393 0.208442 0)
(0.117665 0.222433 0)
(0.114707 0.236799 0)
(0.111437 0.251112 0)
(0.107772 0.264942 0)
(0.103655 0.277919 0)
(0.0990658 0.28977 0)
(0.0940223 0.300334 0)
(0.0885677 0.309551 0)
(0.0827588 0.317444 0)
(0.0766569 0.324094 0)
(0.0703218 0.329618 0)
(0.0638044 0.334157 0)
(0.0571413 0.337859 0)
(0.050368 0.340873 0)
(0.0435193 0.343343 0)
(0.0366216 0.345389 0)
(0.0296942 0.347101 0)
(0.0227472 0.348569 0)
(0.0157745 0.349877 0)
(0.00876735 0.351096 0)
(0.0017493 0.352284 0)
(-0.00527234 0.353492 0)
(-0.0123213 0.354763 0)
(-0.0194045 0.356132 0)
(-0.0265237 0.357625 0)
(-0.0336848 0.359258 0)
(-0.0408939 0.361044 0)
(-0.048157 0.362986 0)
(-0.0554795 0.365082 0)
(-0.0628662 0.367325 0)
(-0.0703208 0.369701 0)
(-0.0778444 0.372189 0)
(-0.0854333 0.374763 0)
(-0.0930739 0.377388 0)
(-0.10073 0.380016 0)
(-0.108323 0.382582 0)
(-0.115712 0.384994 0)
(-0.122544 0.38711 0)
(-0.128021 0.388691 0)
(-0.131213 0.389369 0)
(-0.132192 0.388809 0)
(-0.131794 0.386753 0)
(-0.130817 0.383071 0)
(-0.129681 0.377688 0)
(-0.128546 0.37057 0)
(-0.127483 0.361712 0)
(-0.126535 0.351135 0)
(-0.125737 0.338906 0)
(-0.125075 0.325145 0)
(-0.124421 0.310039 0)
(-0.123698 0.293745 0)
(-0.122969 0.276439 0)
(-0.122354 0.258429 0)
(-0.121976 0.240114 0)
(-0.121914 0.221962 0)
(-0.12222 0.204461 0)
(-0.122923 0.18807 0)
(-0.12405 0.173139 0)
(-0.125592 0.159853 0)
(-0.127472 0.14819 0)
(-0.129561 0.137944 0)
(-0.13174 0.128806 0)
(-0.133923 0.120453 0)
(-0.136046 0.112614 0)
(-0.138061 0.105104 0)
(-0.139933 0.0977573 0)
(-0.141632 0.0904267 0)
(-0.14315 0.083078 0)
(-0.144485 0.0757101 0)
(-0.145643 0.0683338 0)
(-0.146633 0.0609627 0)
(-0.147469 0.0536103 0)
(-0.148163 0.0462876 0)
(-0.148728 0.0390027 0)
(-0.149178 0.0317634 0)
(-0.149522 0.0245834 0)
(-0.149768 0.0174844 0)
(-0.149922 0.0104742 0)
(-0.149998 0.00350582 0)
(0.149991 0.00527941 0)
(0.14991 0.0156825 0)
(0.149764 0.0260028 0)
(0.149543 0.0363109 0)
(0.14924 0.0466219 0)
(0.148842 0.0569329 0)
(0.148333 0.0672486 0)
(0.147694 0.0775815 0)
(0.146903 0.0879454 0)
(0.145936 0.0983538 0)
(0.144767 0.108821 0)
(0.143369 0.119365 0)
(0.141713 0.130016 0)
(0.139778 0.140818 0)
(0.137558 0.151794 0)
(0.13509 0.163062 0)
(0.132421 0.174808 0)
(0.129607 0.187232 0)
(0.126708 0.200513 0)
(0.12377 0.214742 0)
(0.120796 0.229852 0)
(0.117729 0.245587 0)
(0.114471 0.261553 0)
(0.110932 0.277272 0)
(0.10703 0.292273 0)
(0.102713 0.306164 0)
(0.0979669 0.318674 0)
(0.0928084 0.32966 0)
(0.0872783 0.339086 0)
(0.0814298 0.347006 0)
(0.07532 0.353531 0)
(0.0690038 0.35881 0)
(0.0625306 0.363007 0)
(0.0559427 0.366291 0)
(0.0492714 0.368824 0)
(0.0425416 0.370747 0)
(0.03578 0.372195 0)
(0.0290067 0.373309 0)
(0.0222287 0.374199 0)
(0.0154492 0.374958 0)
(0.00866813 0.375665 0)
(0.00187534 0.376388 0)
(-0.00493143 0.377175 0)
(-0.0117492 0.378066 0)
(-0.018585 0.379096 0)
(-0.0254459 0.380288 0)
(-0.0323362 0.381659 0)
(-0.0392595 0.383217 0)
(-0.0462189 0.384966 0)
(-0.0532163 0.386901 0)
(-0.0602518 0.389015 0)
(-0.0673236 0.391296 0)
(-0.0744264 0.393731 0)
(-0.0815492 0.396308 0)
(-0.0886711 0.399021 0)
(-0.0957518 0.401868 0)
(-0.102717 0.404856 0)
(-0.109447 0.407992 0)
(-0.115669 0.411267 0)
(-0.12077 0.414535 0)
(-0.124016 0.417309 0)
(-0.125303 0.418811 0)
(-0.125375 0.418603 0)
(-0.124879 0.416443 0)
(-0.124173 0.412312 0)
(-0.123432 0.406244 0)
(-0.122738 0.398268 0)
(-0.122148 0.388414 0)
(-0.12171 0.376726 0)
(-0.121427 0.36327 0)
(-0.121199 0.348104 0)
(-0.120919 0.331323 0)
(-0.120606 0.313127 0)
(-0.120378 0.293796 0)
(-0.120368 0.273748 0)
(-0.120662 0.253495 0)
(-0.121328 0.233603 0)
(-0.12241 0.214628 0)
(-0.123944 0.197034 0)
(-0.125921 0.18113 0)
(-0.128235 0.166998 0)
(-0.130723 0.154486 0)
(-0.133237 0.14329 0)
(-0.135671 0.133067 0)
(-0.137953 0.12351 0)
(-0.140018 0.114369 0)
(-0.14183 0.105501 0)
(-0.14339 0.0968646 0)
(-0.144718 0.0884076 0)
(-0.145837 0.0801016 0)
(-0.146771 0.0719318 0)
(-0.147542 0.0638902 0)
(-0.148172 0.0559713 0)
(-0.148681 0.0481696 0)
(-0.149086 0.0404788 0)
(-0.149402 0.0328937 0)
(-0.149642 0.0254162 0)
(-0.149816 0.0180566 0)
(-0.149931 0.0108106 0)
(-0.149994 0.00361852 0)
)
;

boundaryField
{
    fuel
    {
        type            fixedValue;
        value           uniform (0.15 0 0);
    }
    air
    {
        type            fixedValue;
        value           uniform (-0.15 0 0);
    }
    outlet
    {
        type            pressureInletOutletVelocity;
        value           nonuniform List<vector> 
200
(
(0.149991 -0.00527875 0)
(0.14991 -0.0156788 0)
(0.149764 -0.0259957 0)
(0.149544 -0.0363003 0)
(0.149241 -0.0466073 0)
(0.148844 -0.0569138 0)
(0.148336 -0.0672248 0)
(0.147698 -0.0775525 0)
(0.146909 -0.0879109 0)
(0.145944 -0.0983132 0)
(0.144778 -0.108774 0)
(0.143383 -0.119311 0)
(0.141731 -0.129955 0)
(0.139801 -0.140749 0)
(0.137587 -0.151717 0)
(0.135124 -0.162974 0)
(0.132461 -0.174708 0)
(0.129652 -0.187117 0)
(0.126759 -0.200381 0)
(0.123827 -0.214591 0)
(0.12086 -0.22968 0)
(0.117803 -0.245397 0)
(0.114558 -0.261348 0)
(0.111033 -0.277054 0)
(0.107145 -0.292046 0)
(0.102843 -0.305931 0)
(0.0981107 -0.31844 0)
(0.092965 -0.329426 0)
(0.0874472 -0.338856 0)
(0.0816102 -0.346781 0)
(0.0755109 -0.353312 0)
(0.0692038 -0.358599 0)
(0.062739 -0.362805 0)
(0.0561595 -0.366099 0)
(0.0494953 -0.368642 0)
(0.0427705 -0.370575 0)
(0.0360125 -0.372034 0)
(0.0292419 -0.373158 0)
(0.0224665 -0.374059 0)
(0.015689 -0.374829 0)
(0.00890793 -0.375547 0)
(0.00211474 -0.37628 0)
(-0.00469133 -0.377077 0)
(-0.0115085 -0.377978 0)
(-0.0183445 -0.379018 0)
(-0.025206 -0.38022 0)
(-0.0320971 -0.381601 0)
(-0.0390219 -0.383169 0)
(-0.045983 -0.384927 0)
(-0.0529825 -0.386872 0)
(-0.0600205 -0.388994 0)
(-0.0670952 -0.391283 0)
(-0.074201 -0.393726 0)
(-0.0813273 -0.396311 0)
(-0.0884531 -0.39903 0)
(-0.095539 -0.401882 0)
(-0.102511 -0.404874 0)
(-0.109251 -0.408012 0)
(-0.115488 -0.411287 0)
(-0.12062 -0.414558 0)
(-0.123908 -0.417338 0)
(-0.125213 -0.418856 0)
(-0.125283 -0.418673 0)
(-0.124798 -0.416535 0)
(-0.124109 -0.412425 0)
(-0.123379 -0.406372 0)
(-0.122692 -0.398412 0)
(-0.122107 -0.388572 0)
(-0.121671 -0.376895 0)
(-0.12139 -0.363449 0)
(-0.121166 -0.348292 0)
(-0.12089 -0.331517 0)
(-0.120577 -0.313324 0)
(-0.120349 -0.293993 0)
(-0.120338 -0.27394 0)
(-0.120631 -0.253678 0)
(-0.121295 -0.233772 0)
(-0.122375 -0.214781 0)
(-0.123908 -0.197171 0)
(-0.125884 -0.18125 0)
(-0.128199 -0.167101 0)
(-0.130689 -0.154575 0)
(-0.133207 -0.143368 0)
(-0.135645 -0.133136 0)
(-0.13793 -0.123572 0)
(-0.14 -0.114424 0)
(-0.141815 -0.105551 0)
(-0.143378 -0.0969083 0)
(-0.144709 -0.088446 0)
(-0.14583 -0.0801349 0)
(-0.146765 -0.0719603 0)
(-0.147538 -0.0639143 0)
(-0.148169 -0.0559915 0)
(-0.148679 -0.0481862 0)
(-0.149084 -0.0404923 0)
(-0.149401 -0.0329045 0)
(-0.149642 -0.0254245 0)
(-0.149816 -0.0180626 0)
(-0.149931 -0.0108142 0)
(-0.149994 -0.00361959 0)
(0.149991 0.00527941 0)
(0.14991 0.0156825 0)
(0.149764 0.0260028 0)
(0.149543 0.0363109 0)
(0.14924 0.0466219 0)
(0.148842 0.0569329 0)
(0.148333 0.0672486 0)
(0.147694 0.0775815 0)
(0.146903 0.0879454 0)
(0.145936 0.0983538 0)
(0.144767 0.108821 0)
(0.143369 0.119365 0)
(0.141713 0.130016 0)
(0.139778 0.140818 0)
(0.137558 0.151794 0)
(0.13509 0.163062 0)
(0.132421 0.174808 0)
(0.129607 0.187232 0)
(0.126708 0.200513 0)
(0.12377 0.214742 0)
(0.120796 0.229852 0)
(0.117729 0.245587 0)
(0.114471 0.261553 0)
(0.110932 0.277272 0)
(0.10703 0.292273 0)
(0.102713 0.306164 0)
(0.0979669 0.318674 0)
(0.0928084 0.32966 0)
(0.0872783 0.339086 0)
(0.0814298 0.347006 0)
(0.07532 0.353531 0)
(0.0690038 0.35881 0)
(0.0625306 0.363007 0)
(0.0559427 0.366291 0)
(0.0492714 0.368824 0)
(0.0425416 0.370747 0)
(0.03578 0.372195 0)
(0.0290067 0.373309 0)
(0.0222287 0.374199 0)
(0.0154492 0.374958 0)
(0.00866813 0.375665 0)
(0.00187534 0.376388 0)
(-0.00493143 0.377175 0)
(-0.0117492 0.378066 0)
(-0.018585 0.379096 0)
(-0.0254459 0.380288 0)
(-0.0323362 0.381659 0)
(-0.0392595 0.383217 0)
(-0.0462189 0.384966 0)
(-0.0532163 0.386901 0)
(-0.0602518 0.389015 0)
(-0.0673236 0.391296 0)
(-0.0744264 0.393731 0)
(-0.0815492 0.396308 0)
(-0.0886711 0.399021 0)
(-0.0957518 0.401868 0)
(-0.102717 0.404856 0)
(-0.109447 0.407992 0)
(-0.115669 0.411267 0)
(-0.12077 0.414535 0)
(-0.124016 0.417309 0)
(-0.125303 0.418811 0)
(-0.125375 0.418603 0)
(-0.124879 0.416443 0)
(-0.124173 0.412312 0)
(-0.123432 0.406244 0)
(-0.122738 0.398268 0)
(-0.122148 0.388414 0)
(-0.12171 0.376726 0)
(-0.121427 0.36327 0)
(-0.121199 0.348104 0)
(-0.120919 0.331323 0)
(-0.120606 0.313127 0)
(-0.120378 0.293796 0)
(-0.120368 0.273748 0)
(-0.120662 0.253495 0)
(-0.121328 0.233603 0)
(-0.12241 0.214628 0)
(-0.123944 0.197034 0)
(-0.125921 0.18113 0)
(-0.128235 0.166998 0)
(-0.130723 0.154486 0)
(-0.133237 0.14329 0)
(-0.135671 0.133067 0)
(-0.137953 0.12351 0)
(-0.140018 0.114369 0)
(-0.14183 0.105501 0)
(-0.14339 0.0968646 0)
(-0.144718 0.0884076 0)
(-0.145837 0.0801016 0)
(-0.146771 0.0719318 0)
(-0.147542 0.0638902 0)
(-0.148172 0.0559713 0)
(-0.148681 0.0481696 0)
(-0.149086 0.0404788 0)
(-0.149402 0.0328937 0)
(-0.149642 0.0254162 0)
(-0.149816 0.0180566 0)
(-0.149931 0.0108106 0)
(-0.149994 0.00361852 0)
)
;
    }
    frontAndBack
    {
        type            empty;
    }
}


// ************************************************************************* //
