/*--------------------------------*- C++ -*----------------------------------*\
  =========                 |
  \\      /  F ield         | OpenFOAM: The Open Source CFD Toolbox
   \\    /   O peration     | Website:  https://openfoam.org
    \\  /    A nd           | Version:  11
     \\/     M anipulation  |
\*---------------------------------------------------------------------------*/
FoamFile
{
    format      ascii;
    class       surfaceScalarField;
    location    "0.1";
    object      phi;
}
// * * * * * * * * * * * * * * * * * * * * * * * * * * * * * * * * * * * * * //

dimensions      [1 0 -1 0 0 0 0];

internalField   nonuniform List<scalar> 
7860
(
3.27676e-07
-1.01232e-08
3.24453e-07
-3.12203e-08
3.19949e-07
-5.26681e-08
3.14126e-07
-7.41764e-08
3.06942e-07
-9.55441e-08
2.98371e-07
-1.16428e-07
2.88435e-07
-1.36377e-07
2.7722e-07
-1.54879e-07
2.64879e-07
-1.71432e-07
2.51623e-07
-1.85616e-07
2.37698e-07
-1.97144e-07
2.23361e-07
-2.05898e-07
2.08858e-07
-2.11921e-07
1.94404e-07
-2.15392e-07
1.80177e-07
-2.16581e-07
1.66316e-07
-2.15808e-07
1.52923e-07
-2.13407e-07
1.40073e-07
-2.09702e-07
1.27819e-07
-2.04993e-07
1.16187e-07
-1.99541e-07
1.05183e-07
-1.93575e-07
9.47987e-08
-1.87287e-07
8.50211e-08
-1.80835e-07
7.583e-08
-1.74349e-07
6.72019e-08
-1.67929e-07
5.91116e-08
-1.61655e-07
5.15324e-08
-1.55584e-07
4.44375e-08
-1.49761e-07
3.77994e-08
-1.44213e-07
3.15914e-08
-1.3896e-07
2.57867e-08
-1.34012e-07
2.03593e-08
-1.29371e-07
1.52837e-08
-1.25036e-07
1.05337e-08
-1.21009e-07
6.08718e-09
-1.17268e-07
1.92055e-09
-1.13809e-07
-1.98861e-09
-1.10621e-07
-5.6614e-09
-1.07692e-07
-9.11783e-09
-1.05007e-07
-1.23772e-08
-1.02553e-07
-1.5458e-08
-1.00321e-07
-1.8378e-08
-9.82995e-08
-2.11541e-08
-9.64796e-08
-2.38024e-08
-9.48514e-08
-2.63383e-08
-9.34062e-08
-2.87762e-08
-9.21361e-08
-3.11299e-08
-9.10336e-08
-3.3412e-08
-9.00921e-08
-3.56347e-08
-8.93053e-08
-3.78093e-08
-8.86671e-08
-3.99468e-08
-8.81728e-08
-4.20573e-08
-8.78184e-08
-4.41507e-08
-8.7601e-08
-4.62363e-08
-8.75187e-08
-4.83231e-08
-8.75715e-08
-5.04179e-08
-8.77624e-08
-5.25293e-08
-8.80947e-08
-5.46588e-08
-8.858e-08
-5.68222e-08
-8.92347e-08
-5.90279e-08
-9.00582e-08
-6.12876e-08
-9.10922e-08
-6.36156e-08
-9.23811e-08
-6.60285e-08
-9.39925e-08
-6.85514e-08
-9.60274e-08
-7.12148e-08
-9.86281e-08
-7.40484e-08
-1.02036e-07
-7.70436e-08
-1.06654e-07
-8.03389e-08
-1.12567e-07
-8.40117e-08
-1.19534e-07
-8.8126e-08
-1.27414e-07
-9.27453e-08
-1.36131e-07
-9.79357e-08
-1.45639e-07
-1.03768e-07
-1.55914e-07
-1.10319e-07
-1.66937e-07
-1.17673e-07
-1.78694e-07
-1.25909e-07
-1.91173e-07
-1.3514e-07
-2.04326e-07
-1.45499e-07
-2.18119e-07
-1.57092e-07
-2.32486e-07
-1.70058e-07
-2.47317e-07
-1.84531e-07
-2.62462e-07
-2.00684e-07
-2.77807e-07
-2.1867e-07
-2.93009e-07
-2.38629e-07
-3.07663e-07
-2.60667e-07
-3.21229e-07
-2.8482e-07
-3.33028e-07
-3.11035e-07
-3.42244e-07
-3.39127e-07
-3.47952e-07
-3.68576e-07
-3.4917e-07
-3.98797e-07
-3.44945e-07
-4.28986e-07
-3.34536e-07
-4.58359e-07
-3.17585e-07
-4.86039e-07
-2.94181e-07
-5.11257e-07
-2.6488e-07
-5.33445e-07
-2.30614e-07
-5.52265e-07
-1.92504e-07
-5.6759e-07
-1.51666e-07
-5.79427e-07
-1.09043e-07
-5.87823e-07
-6.52838e-08
-2.12941e-08
3.28782e-07
-9.68106e-09
3.26855e-07
-2.94591e-08
3.23378e-07
-4.95266e-08
3.18397e-07
-6.97518e-08
3.11903e-07
-8.98792e-08
3.03893e-07
-1.0956e-07
2.94399e-07
-1.28357e-07
2.83509e-07
-1.45789e-07
2.71378e-07
-1.61385e-07
2.58216e-07
-1.74753e-07
2.44275e-07
-1.85628e-07
2.29822e-07
-1.93899e-07
2.15118e-07
-1.99608e-07
2.00394e-07
-2.02921e-07
1.85847e-07
-2.04091e-07
1.71633e-07
-2.03415e-07
1.57867e-07
-2.01206e-07
1.44634e-07
-1.97769e-07
1.31992e-07
-1.93386e-07
1.19972e-07
-1.88303e-07
1.08588e-07
-1.82732e-07
9.78405e-08
-1.76854e-07
8.77175e-08
-1.70817e-07
7.82017e-08
-1.64745e-07
6.92709e-08
-1.58733e-07
6.08998e-08
-1.52856e-07
5.30609e-08
-1.4717e-07
4.57262e-08
-1.41717e-07
3.88669e-08
-1.36523e-07
3.24544e-08
-1.31607e-07
2.64605e-08
-1.26977e-07
2.08577e-08
-1.22638e-07
1.56191e-08
-1.18587e-07
1.07142e-08
-1.14823e-07
6.12282e-09
-1.11333e-07
1.81972e-09
-1.08106e-07
-2.21893e-09
-1.05135e-07
-6.01569e-09
-1.02406e-07
-9.59134e-09
-9.99045e-08
-1.2966e-08
-9.76212e-08
-1.61589e-08
-9.55455e-08
-1.91885e-08
-9.36674e-08
-2.20722e-08
-9.19776e-08
-2.48271e-08
-9.0467e-08
-2.74693e-08
-8.91276e-08
-3.00145e-08
-8.79515e-08
-3.2477e-08
-8.69322e-08
-3.48678e-08
-8.60647e-08
-3.72e-08
-8.53418e-08
-3.94861e-08
-8.47579e-08
-4.17381e-08
-8.43086e-08
-4.39676e-08
-8.39905e-08
-4.61858e-08
-8.38007e-08
-4.84048e-08
-8.37374e-08
-5.06407e-08
-8.37995e-08
-5.28915e-08
-8.39868e-08
-5.51726e-08
-8.43043e-08
-5.74866e-08
-8.47628e-08
-5.98557e-08
-8.5377e-08
-6.22928e-08
-8.61422e-08
-6.48125e-08
-8.70956e-08
-6.74318e-08
-8.82752e-08
-7.01665e-08
-8.97407e-08
-7.30367e-08
-9.1582e-08
-7.60531e-08
-9.39314e-08
-7.91994e-08
-9.70239e-08
-8.24116e-08
-1.01262e-07
-8.58715e-08
-1.06698e-07
-8.96954e-08
-1.13124e-07
-9.39713e-08
-1.20415e-07
-9.87756e-08
-1.28496e-07
-1.04182e-07
-1.37322e-07
-1.10266e-07
-1.46864e-07
-1.17107e-07
-1.57101e-07
-1.24794e-07
-1.68012e-07
-1.33434e-07
-1.79568e-07
-1.43116e-07
-1.91747e-07
-1.53942e-07
-2.04508e-07
-1.66046e-07
-2.17758e-07
-1.79564e-07
-2.31399e-07
-1.9461e-07
-2.45288e-07
-2.11349e-07
-2.59314e-07
-2.29919e-07
-2.73155e-07
-2.50441e-07
-2.8643e-07
-2.72993e-07
-2.98647e-07
-2.97628e-07
-3.09192e-07
-3.24267e-07
-3.17324e-07
-3.52481e-07
-3.22184e-07
-3.81903e-07
-3.22909e-07
-4.11937e-07
-3.18641e-07
-4.41923e-07
-3.08731e-07
-4.70921e-07
-2.92841e-07
-4.98057e-07
-2.71065e-07
-5.22552e-07
-2.43913e-07
-5.43806e-07
-2.12233e-07
-5.6142e-07
-1.77049e-07
-5.7517e-07
-1.39397e-07
-5.84916e-07
-1.00197e-07
-5.90436e-07
-6.02082e-08
-1.99312e-08
3.28567e-07
-9.02638e-09
3.26515e-07
-2.7583e-08
3.2307e-07
-4.64375e-08
3.18174e-07
-6.54457e-08
3.11794e-07
-8.43767e-08
3.03926e-07
-1.02898e-07
2.94609e-07
-1.20596e-07
2.83933e-07
-1.3701e-07
2.7205e-07
-1.51698e-07
2.59165e-07
-1.64289e-07
2.45516e-07
-1.74534e-07
2.31358e-07
-1.8233e-07
2.16936e-07
-1.87717e-07
2.02472e-07
-1.90852e-07
1.88153e-07
-1.91971e-07
1.7413e-07
-1.91355e-07
1.60515e-07
-1.89297e-07
1.47388e-07
-1.86082e-07
1.348e-07
-1.81974e-07
1.22783e-07
-1.77205e-07
1.11357e-07
-1.7198e-07
1.00525e-07
-1.66467e-07
9.02836e-08
-1.60809e-07
8.06223e-08
-1.5512e-07
7.15242e-08
-1.49491e-07
6.29686e-08
-1.43992e-07
5.49325e-08
-1.38675e-07
4.73909e-08
-1.33579e-07
4.0318e-08
-1.28729e-07
3.36874e-08
-1.24142e-07
2.74725e-08
-1.19826e-07
2.16471e-08
-1.15783e-07
1.61853e-08
-1.12013e-07
1.10582e-08
-1.08509e-07
6.24363e-09
-1.05266e-07
1.71998e-09
-1.02271e-07
-2.5377e-09
-9.95138e-08
-6.55232e-09
-9.69827e-08
-1.03446e-08
-9.4665e-08
-1.39347e-08
-9.25507e-08
-1.73419e-08
-9.063e-08
-2.05846e-08
-8.88936e-08
-2.36807e-08
-8.73326e-08
-2.66473e-08
-8.59385e-08
-2.95018e-08
-8.47035e-08
-3.2262e-08
-8.36205e-08
-3.49498e-08
-8.26824e-08
-3.75593e-08
-8.18825e-08
-4.01116e-08
-8.12157e-08
-4.26224e-08
-8.06776e-08
-4.51054e-08
-8.02636e-08
-4.75734e-08
-7.99702e-08
-5.00377e-08
-7.97943e-08
-5.25081e-08
-7.97336e-08
-5.49895e-08
-7.97872e-08
-5.75223e-08
-7.99585e-08
-6.01068e-08
-8.02479e-08
-6.27437e-08
-8.06622e-08
-6.54562e-08
-8.12158e-08
-6.82587e-08
-8.19006e-08
-7.11658e-08
-8.27517e-08
-7.41915e-08
-8.38034e-08
-7.73446e-08
-8.51128e-08
-8.06339e-08
-8.67627e-08
-8.40529e-08
-8.88821e-08
-8.75666e-08
-9.17028e-08
-9.11028e-08
-9.56199e-08
-9.48483e-08
-1.00632e-07
-9.89341e-08
-1.06556e-07
-1.03456e-07
-1.13283e-07
-1.08501e-07
-1.20746e-07
-1.14151e-07
-1.28903e-07
-1.20482e-07
-1.37725e-07
-1.27575e-07
-1.47189e-07
-1.3551e-07
-1.57276e-07
-1.44375e-07
-1.67956e-07
-1.54259e-07
-1.79207e-07
-1.65271e-07
-1.9098e-07
-1.77507e-07
-2.03197e-07
-1.91078e-07
-2.15756e-07
-2.06084e-07
-2.28526e-07
-2.2265e-07
-2.41401e-07
-2.4089e-07
-2.54081e-07
-2.60923e-07
-2.66219e-07
-2.82855e-07
-2.77356e-07
-3.06621e-07
-2.86889e-07
-3.31959e-07
-2.94106e-07
-3.58792e-07
-2.98266e-07
-3.86821e-07
-2.98547e-07
-4.15544e-07
-2.94199e-07
-4.44243e-07
-2.84643e-07
-4.72082e-07
-2.69599e-07
-4.98261e-07
-2.49179e-07
-5.22039e-07
-2.23874e-07
-5.4282e-07
-1.94479e-07
-5.60185e-07
-1.6195e-07
-5.73877e-07
-1.27253e-07
-5.83762e-07
-9.12516e-08
-5.89801e-07
-5.46321e-08
-1.79379e-08
3.28675e-07
-8.48286e-09
3.26787e-07
-2.58827e-08
3.23525e-07
-4.35549e-08
3.18829e-07
-6.1378e-08
3.12653e-07
-7.91336e-08
3.04984e-07
-9.65083e-08
2.9585e-07
-1.13109e-07
2.85338e-07
-1.28504e-07
2.73597e-07
-1.42275e-07
2.60829e-07
-1.54076e-07
2.47272e-07
-1.63674e-07
2.33181e-07
-1.70977e-07
2.18804e-07
-1.76023e-07
2.04363e-07
-1.78961e-07
1.90048e-07
-1.80012e-07
1.76011e-07
-1.79438e-07
1.62366e-07
-1.77515e-07
1.49196e-07
-1.74509e-07
1.36557e-07
-1.70665e-07
1.2448e-07
-1.66203e-07
1.12985e-07
-1.61313e-07
1.02074e-07
-1.56155e-07
9.17425e-08
-1.50862e-07
8.19787e-08
-1.45542e-07
7.27653e-08
-1.40281e-07
6.40818e-08
-1.35144e-07
5.59055e-08
-1.30181e-07
4.82119e-08
-1.25427e-07
4.0976e-08
-1.20907e-07
3.41721e-08
-1.16636e-07
2.77746e-08
-1.12621e-07
2.17581e-08
-1.08864e-07
1.60969e-08
-1.05363e-07
1.07658e-08
-1.02113e-07
5.73686e-09
-9.9106e-08
1.00205e-09
-9.63317e-08
-3.47397e-09
-9.37814e-08
-7.71221e-09
-9.14414e-08
-1.17323e-08
-8.93003e-08
-1.55536e-08
-8.73487e-08
-1.9195e-08
-8.5577e-08
-2.26748e-08
-8.39763e-08
-2.60106e-08
-8.25381e-08
-2.92193e-08
-8.12545e-08
-3.23176e-08
-8.01181e-08
-3.53223e-08
-7.9122e-08
-3.82518e-08
-7.8259e-08
-4.11123e-08
-7.75207e-08
-4.39212e-08
-7.69044e-08
-4.66934e-08
-7.64061e-08
-4.94423e-08
-7.60212e-08
-5.21809e-08
-7.57462e-08
-5.49217e-08
-7.55779e-08
-5.76772e-08
-7.55138e-08
-6.04587e-08
-7.55535e-08
-6.33002e-08
-7.56969e-08
-6.6195e-08
-7.59426e-08
-6.9151e-08
-7.62986e-08
-7.21921e-08
-7.67798e-08
-7.5331e-08
-7.73753e-08
-7.85791e-08
-7.81189e-08
-8.19453e-08
-7.90432e-08
-8.54325e-08
-8.02045e-08
-8.90422e-08
-8.168e-08
-9.27605e-08
-8.35963e-08
-9.65471e-08
-8.6181e-08
-1.0034e-07
-8.98169e-08
-1.04319e-07
-9.44468e-08
-1.08618e-07
-9.991e-08
-1.13342e-07
-1.06112e-07
-1.18571e-07
-1.12992e-07
-1.24381e-07
-1.20512e-07
-1.30854e-07
-1.28648e-07
-1.38068e-07
-1.37379e-07
-1.46106e-07
-1.46684e-07
-1.5505e-07
-1.56535e-07
-1.64989e-07
-1.66912e-07
-1.76017e-07
-1.77761e-07
-1.88233e-07
-1.89012e-07
-2.01743e-07
-2.00569e-07
-2.16655e-07
-2.12308e-07
-2.33117e-07
-2.24134e-07
-2.51247e-07
-2.3575e-07
-2.71109e-07
-2.46808e-07
-2.92624e-07
-2.5686e-07
-3.15833e-07
-2.65395e-07
-3.40769e-07
-2.71788e-07
-3.67199e-07
-2.75306e-07
-3.94754e-07
-2.75217e-07
-4.2285e-07
-2.70839e-07
-4.5079e-07
-2.6167e-07
-4.77825e-07
-2.47486e-07
-5.03154e-07
-2.28406e-07
-5.26062e-07
-2.04904e-07
-5.45972e-07
-1.77725e-07
-5.62507e-07
-1.4776e-07
-5.75442e-07
-1.15918e-07
-5.84667e-07
-8.29959e-08
-5.90145e-07
-4.96333e-08
-1.62935e-08
3.28655e-07
-7.92262e-09
3.26763e-07
-2.41912e-08
3.23523e-07
-4.07199e-08
3.18868e-07
-5.73924e-08
3.1275e-07
-7.40053e-08
3.05148e-07
-9.0263e-08
2.96091e-07
-1.05795e-07
2.85664e-07
-1.20194e-07
2.74012e-07
-1.33067e-07
2.61335e-07
-1.4409e-07
2.47869e-07
-1.53049e-07
2.33865e-07
-1.59859e-07
2.19566e-07
-1.64559e-07
2.05191e-07
-1.67289e-07
1.90927e-07
-1.68259e-07
1.76925e-07
-1.67714e-07
1.63298e-07
-1.6591e-07
1.5013e-07
-1.63096e-07
1.37476e-07
-1.59501e-07
1.2537e-07
-1.55331e-07
1.13831e-07
-1.50762e-07
1.02863e-07
-1.45945e-07
9.24614e-08
-1.41003e-07
8.26148e-08
-1.36039e-07
7.33062e-08
-1.31132e-07
6.45153e-08
-1.26344e-07
5.62196e-08
-1.21721e-07
4.83951e-08
-1.17296e-07
4.1017e-08
-1.13093e-07
3.40602e-08
-1.09124e-07
2.74996e-08
-1.05397e-07
2.13102e-08
-1.01912e-07
1.54675e-08
-9.86689e-08
9.94734e-09
-9.56605e-08
4.7265e-09
-9.28796e-08
-2.16399e-10
-9.03175e-08
-4.90495e-09
-8.79634e-08
-9.36047e-09
-8.58048e-08
-1.36029e-08
-8.38314e-08
-1.76515e-08
-8.20337e-08
-2.15251e-08
-8.04026e-08
-2.52417e-08
-7.89294e-08
-2.88186e-08
-7.76057e-08
-3.22726e-08
-7.6424e-08
-3.56187e-08
-7.53768e-08
-3.88695e-08
-7.44575e-08
-4.20308e-08
-7.36602e-08
-4.51433e-08
-7.29815e-08
-4.82113e-08
-7.24139e-08
-5.1246e-08
-7.19523e-08
-5.42604e-08
-7.15925e-08
-5.72683e-08
-7.13311e-08
-6.02836e-08
-7.11649e-08
-6.33206e-08
-7.10916e-08
-6.6395e-08
-7.11093e-08
-6.94894e-08
-7.12145e-08
-7.26621e-08
-7.1415e-08
-7.58992e-08
-7.17137e-08
-7.92202e-08
-7.21241e-08
-8.26346e-08
-7.26342e-08
-8.61509e-08
-7.32771e-08
-8.9775e-08
-7.40844e-08
-9.35058e-08
-7.51127e-08
-9.73427e-08
-7.6433e-08
-1.01269e-07
-7.81697e-08
-1.05247e-07
-8.05452e-08
-1.09236e-07
-8.39237e-08
-1.13405e-07
-8.82017e-08
-1.17876e-07
-9.32388e-08
-1.22752e-07
-9.89522e-08
-1.28124e-07
-1.0529e-07
-1.34073e-07
-1.1222e-07
-1.4067e-07
-1.19716e-07
-1.47989e-07
-1.27759e-07
-1.56106e-07
-1.36332e-07
-1.65101e-07
-1.45412e-07
-1.7507e-07
-1.54971e-07
-1.8611e-07
-1.64961e-07
-1.98322e-07
-1.75315e-07
-2.11805e-07
-1.85936e-07
-2.26665e-07
-1.96701e-07
-2.42975e-07
-2.07508e-07
-2.60791e-07
-2.18078e-07
-2.80218e-07
-2.28114e-07
-3.01384e-07
-2.37224e-07
-3.24255e-07
-2.44894e-07
-3.48736e-07
-2.50538e-07
-3.7461e-07
-2.535e-07
-4.01463e-07
-2.53101e-07
-4.28756e-07
-2.48737e-07
-4.55859e-07
-2.39965e-07
-4.8202e-07
-2.26602e-07
-5.06481e-07
-2.08786e-07
-5.28545e-07
-1.86973e-07
-5.47694e-07
-1.61874e-07
-5.63596e-07
-1.34334e-07
-5.76022e-07
-1.05186e-07
-5.84883e-07
-7.5165e-08
-5.90168e-07
-4.48529e-08
-1.46776e-08
3.28674e-07
-7.38445e-09
3.26816e-07
-2.25463e-08
3.23617e-07
-3.7952e-08
3.1901e-07
-5.34947e-08
3.12939e-07
-6.8983e-08
3.05382e-07
-8.41385e-08
2.96363e-07
-9.86124e-08
2.85966e-07
-1.12022e-07
2.74336e-07
-1.24002e-07
2.61673e-07
-1.34251e-07
2.48215e-07
-1.42571e-07
2.34213e-07
-1.48887e-07
2.1991e-07
-1.53238e-07
2.05528e-07
-1.55759e-07
1.91252e-07
-1.56644e-07
1.77231e-07
-1.56122e-07
1.6358e-07
-1.54433e-07
1.50381e-07
-1.51806e-07
1.37689e-07
-1.48455e-07
1.2554e-07
-1.44571e-07
1.1395e-07
-1.40317e-07
1.02924e-07
-1.35834e-07
9.24567e-08
-1.31237e-07
8.25362e-08
-1.2662e-07
7.31453e-08
-1.22059e-07
6.42632e-08
-1.1761e-07
5.5867e-08
-1.13316e-07
4.79326e-08
-1.0921e-07
4.04351e-08
-1.05312e-07
3.33493e-08
-1.01634e-07
2.66503e-08
-9.81826e-08
2.03135e-08
-9.49594e-08
1.43147e-08
-9.19615e-08
8.63038e-09
-8.91836e-08
3.23758e-09
-8.66184e-08
-1.88587e-09
-8.42572e-08
-6.76207e-09
-8.2089e-08
-1.14116e-08
-8.01021e-08
-1.58539e-08
-7.8287e-08
-2.01077e-08
-7.66345e-08
-2.41909e-08
-7.5136e-08
-2.8121e-08
-7.3783e-08
-3.19144e-08
-7.25678e-08
-3.55874e-08
-7.14829e-08
-3.91554e-08
-7.05216e-08
-4.26344e-08
-6.96774e-08
-4.60428e-08
-6.89442e-08
-4.93877e-08
-6.83152e-08
-5.26867e-08
-6.77867e-08
-5.5954e-08
-6.73543e-08
-5.92028e-08
-6.70138e-08
-6.24458e-08
-6.67616e-08
-6.56956e-08
-6.65943e-08
-6.89644e-08
-6.65093e-08
-7.2264e-08
-6.65047e-08
-7.5601e-08
-6.65805e-08
-7.89998e-08
-6.67376e-08
-8.24556e-08
-6.69799e-08
-8.59872e-08
-6.73237e-08
-8.96029e-08
-6.77557e-08
-9.33096e-08
-6.8308e-08
-9.71115e-08
-6.90113e-08
-1.01007e-07
-6.99213e-08
-1.04993e-07
-7.11038e-08
-1.09053e-07
-7.26796e-08
-1.1315e-07
-7.48642e-08
-1.17283e-07
-7.79982e-08
-1.21602e-07
-8.19449e-08
-1.26221e-07
-8.65808e-08
-1.31233e-07
-9.18332e-08
-1.36725e-07
-9.76574e-08
-1.42771e-07
-1.04024e-07
-1.4945e-07
-1.10912e-07
-1.5684e-07
-1.18307e-07
-1.65021e-07
-1.26189e-07
-1.74071e-07
-1.34534e-07
-1.84077e-07
-1.43312e-07
-1.95127e-07
-1.52473e-07
-2.07309e-07
-1.61954e-07
-2.207e-07
-1.71662e-07
-2.35393e-07
-1.81488e-07
-2.51526e-07
-1.91353e-07
-2.69227e-07
-2.00996e-07
-2.88553e-07
-2.1012e-07
-3.09547e-07
-2.18348e-07
-3.32188e-07
-2.25219e-07
-3.56362e-07
-2.30187e-07
-3.81801e-07
-2.32649e-07
-4.08121e-07
-2.31998e-07
-4.34826e-07
-2.27695e-07
-4.61255e-07
-2.1935e-07
-4.86672e-07
-2.06819e-07
-5.10325e-07
-1.9025e-07
-5.31603e-07
-1.70087e-07
-5.50013e-07
-1.46999e-07
-5.65196e-07
-1.21764e-07
-5.76994e-07
-9.51635e-08
-5.85356e-07
-6.78762e-08
-5.90306e-07
-4.04313e-08
-1.32058e-08
3.28675e-07
-6.85065e-09
3.26823e-07
-2.09207e-08
3.23635e-07
-3.52192e-08
3.19038e-07
-4.96466e-08
3.12974e-07
-6.40233e-08
3.05418e-07
-7.8088e-08
2.96393e-07
-9.15139e-08
2.85984e-07
-1.03944e-07
2.74338e-07
-1.15038e-07
2.61657e-07
-1.24519e-07
2.4818e-07
-1.32205e-07
2.34158e-07
-1.38031e-07
2.19837e-07
-1.42036e-07
2.05434e-07
-1.44347e-07
1.91134e-07
-1.45146e-07
1.77086e-07
-1.44646e-07
1.63404e-07
-1.43068e-07
1.50169e-07
-1.40625e-07
1.37435e-07
-1.37515e-07
1.25238e-07
-1.33912e-07
1.13595e-07
-1.29969e-07
1.0251e-07
-1.25815e-07
9.19775e-08
-1.21557e-07
8.19854e-08
-1.17283e-07
7.25163e-08
-1.1306e-07
6.35493e-08
-1.08943e-07
5.50613e-08
-1.04972e-07
4.70279e-08
-1.01176e-07
3.94239e-08
-9.75743e-08
3.22241e-08
-9.41783e-08
2.54036e-08
-9.09939e-08
1.89377e-08
-8.80221e-08
1.28023e-08
-8.52603e-08
6.97425e-09
-8.27032e-08
1.43074e-09
-8.03439e-08
-3.85026e-09
-7.81739e-08
-8.89051e-09
-7.61823e-08
-1.37099e-08
-7.43582e-08
-1.83274e-08
-7.26929e-08
-2.27611e-08
-7.11775e-08
-2.70288e-08
-6.98036e-08
-3.11474e-08
-6.85633e-08
-3.51333e-08
-6.74489e-08
-3.9002e-08
-6.64535e-08
-4.27681e-08
-6.55704e-08
-4.64448e-08
-6.47935e-08
-5.00429e-08
-6.41172e-08
-5.35875e-08
-6.35369e-08
-5.70884e-08
-6.3047e-08
-6.05569e-08
-6.26431e-08
-6.40051e-08
-6.23213e-08
-6.74453e-08
-6.2078e-08
-7.08895e-08
-6.191e-08
-7.43498e-08
-6.1815e-08
-7.78383e-08
-6.17914e-08
-8.13681e-08
-6.18381e-08
-8.4921e-08
-6.19538e-08
-8.85395e-08
-6.21482e-08
-9.22242e-08
-6.24344e-08
-9.59815e-08
-6.27992e-08
-9.98175e-08
-6.32735e-08
-1.03735e-07
-6.38873e-08
-1.07734e-07
-6.46946e-08
-1.11811e-07
-6.57563e-08
-1.15952e-07
-6.71897e-08
-1.20134e-07
-6.91989e-08
-1.24373e-07
-7.20938e-08
-1.2881e-07
-7.57211e-08
-1.3355e-07
-7.99736e-08
-1.3868e-07
-8.47872e-08
-1.4428e-07
-9.01221e-08
-1.5043e-07
-9.59528e-08
-1.57205e-07
-1.0226e-07
-1.64673e-07
-1.09028e-07
-1.72911e-07
-1.16239e-07
-1.81996e-07
-1.23873e-07
-1.92014e-07
-1.31899e-07
-2.03053e-07
-1.40274e-07
-2.15209e-07
-1.4894e-07
-2.28591e-07
-1.57812e-07
-2.43282e-07
-1.6678e-07
-2.59393e-07
-1.75767e-07
-2.77024e-07
-1.84526e-07
-2.96244e-07
-1.92784e-07
-3.17082e-07
-2.00191e-07
-3.39494e-07
-2.06317e-07
-3.63334e-07
-2.10664e-07
-3.8836e-07
-2.12688e-07
-4.14215e-07
-2.11846e-07
-4.40368e-07
-2.0765e-07
-4.66164e-07
-1.99762e-07
-4.90881e-07
-1.88067e-07
-5.13799e-07
-1.72722e-07
-5.34343e-07
-1.54156e-07
-5.52028e-07
-1.32994e-07
-5.66557e-07
-1.09962e-07
-5.77796e-07
-8.5779e-08
-5.85725e-07
-6.10681e-08
-5.90399e-07
-3.63082e-08
-1.18331e-08
3.28679e-07
-6.32384e-09
3.26833e-07
-1.93126e-08
3.23648e-07
-3.25132e-08
3.19048e-07
-4.58334e-08
3.12973e-07
-5.91053e-08
3.05396e-07
-7.20851e-08
2.9634e-07
-8.44684e-08
2.85892e-07
-9.59241e-08
2.74201e-07
-1.06138e-07
2.61473e-07
-1.14855e-07
2.4795e-07
-1.21913e-07
2.33884e-07
-1.27254e-07
2.1952e-07
-1.30917e-07
2.05076e-07
-1.33022e-07
1.90736e-07
-1.33737e-07
1.76648e-07
-1.3326e-07
1.62924e-07
-1.31793e-07
1.49644e-07
-1.29534e-07
1.36864e-07
-1.26662e-07
1.24616e-07
-1.23339e-07
1.12917e-07
-1.19705e-07
1.01772e-07
-1.15878e-07
9.11758e-08
-1.11956e-07
8.11149e-08
-1.08019e-07
7.1572e-08
-1.04131e-07
6.2526e-08
-1.00342e-07
5.39536e-08
-9.66881e-08
4.58302e-08
-9.31964e-08
3.81306e-08
-8.98846e-08
3.08294e-08
-8.67637e-08
2.39016e-08
-8.38389e-08
1.73225e-08
-8.1111e-08
1.10681e-08
-7.85774e-08
5.11527e-09
-7.62333e-08
-5.58581e-10
-7.4072e-08
-5.97549e-09
-7.20852e-08
-1.11568e-08
-7.02624e-08
-1.6122e-08
-6.85937e-08
-2.08896e-08
-6.70709e-08
-2.54775e-08
-6.56855e-08
-2.99029e-08
-6.44297e-08
-3.41823e-08
-6.32958e-08
-3.83314e-08
-6.22766e-08
-4.23652e-08
-6.13653e-08
-4.62977e-08
-6.05557e-08
-5.01414e-08
-5.98419e-08
-5.39055e-08
-5.92192e-08
-5.76174e-08
-5.86845e-08
-6.12845e-08
-5.82314e-08
-6.49173e-08
-5.7855e-08
-6.85269e-08
-5.75516e-08
-7.21243e-08
-5.73179e-08
-7.57207e-08
-5.71512e-08
-7.93268e-08
-5.70492e-08
-8.29533e-08
-5.70104e-08
-8.66117e-08
-5.70344e-08
-9.03124e-08
-5.7122e-08
-9.4042e-08
-5.72741e-08
-9.78283e-08
-5.75081e-08
-1.0168e-07
-5.78134e-08
-1.05603e-07
-5.82182e-08
-1.09595e-07
-5.87539e-08
-1.13657e-07
-5.94691e-08
-1.17787e-07
-6.04218e-08
-1.21973e-07
-6.17239e-08
-1.26193e-07
-6.35667e-08
-1.3051e-07
-6.62263e-08
-1.35043e-07
-6.9546e-08
-1.39888e-07
-7.34314e-08
-1.45126e-07
-7.78259e-08
-1.50831e-07
-8.26943e-08
-1.57075e-07
-8.80135e-08
-1.63929e-07
-9.37675e-08
-1.71468e-07
-9.99421e-08
-1.7977e-07
-1.06522e-07
-1.88916e-07
-1.13486e-07
-1.9899e-07
-1.20806e-07
-2.1008e-07
-1.2844e-07
-2.2228e-07
-1.36331e-07
-2.35683e-07
-1.44397e-07
-2.5038e-07
-1.52536e-07
-2.66479e-07
-1.60676e-07
-2.84064e-07
-1.68587e-07
-3.03194e-07
-1.76015e-07
-3.23882e-07
-1.82641e-07
-3.46074e-07
-1.88073e-07
-3.69651e-07
-1.91863e-07
-3.94367e-07
-1.93516e-07
-4.19828e-07
-1.92538e-07
-4.455e-07
-1.88496e-07
-4.70739e-07
-1.81096e-07
-4.9481e-07
-1.7025e-07
-5.171e-07
-1.56126e-07
-5.36963e-07
-1.39119e-07
-5.53976e-07
-1.19817e-07
-5.67885e-07
-9.88916e-08
-5.78588e-07
-7.7005e-08
-5.86098e-07
-5.47244e-08
-5.905e-07
-3.24807e-08
-1.05665e-08
3.28679e-07
-5.80004e-09
3.26831e-07
-1.77133e-08
3.23639e-07
-2.98214e-08
3.19023e-07
-4.20386e-08
3.12922e-07
-5.42093e-08
3.05306e-07
-6.61073e-08
2.96202e-07
-7.74515e-08
2.85698e-07
-8.7937e-08
2.73948e-07
-9.7276e-08
2.61161e-07
-1.05237e-07
2.4758e-07
-1.11673e-07
2.3346e-07
-1.16535e-07
2.19047e-07
-1.19862e-07
2.04556e-07
-1.21764e-07
1.90173e-07
-1.22399e-07
1.76041e-07
-1.21947e-07
1.62273e-07
-1.20593e-07
1.48948e-07
-1.18517e-07
1.36119e-07
-1.15884e-07
1.23819e-07
-1.1284e-07
1.12066e-07
-1.09513e-07
1.00863e-07
-1.0601e-07
9.02037e-08
-1.02422e-07
8.00764e-08
-9.88204e-08
7.04632e-08
-9.52647e-08
6.13427e-08
-9.17996e-08
5.26918e-08
-8.84591e-08
4.44856e-08
-8.52675e-08
3.66988e-08
-8.22414e-08
2.93061e-08
-7.93906e-08
2.22823e-08
-7.672e-08
1.56028e-08
-7.42302e-08
9.24369e-09
-7.1919e-08
3.1817e-09
-6.97818e-08
-2.60553e-09
-6.78123e-08
-8.14003e-09
-6.60025e-08
-1.34428e-08
-6.43423e-08
-1.85327e-08
-6.28233e-08
-2.34279e-08
-6.14374e-08
-2.81458e-08
-6.01771e-08
-3.27032e-08
-5.90348e-08
-3.71159e-08
-5.80032e-08
-4.13996e-08
-5.70758e-08
-4.5569e-08
-5.62463e-08
-4.96391e-08
-5.55087e-08
-5.36247e-08
-5.48578e-08
-5.75428e-08
-5.42887e-08
-6.13934e-08
-5.37956e-08
-6.51932e-08
-5.33752e-08
-6.89555e-08
-5.30234e-08
-7.26919e-08
-5.27366e-08
-7.64133e-08
-5.25116e-08
-8.01299e-08
-5.23456e-08
-8.38512e-08
-5.22365e-08
-8.75857e-08
-5.21828e-08
-9.13402e-08
-5.21841e-08
-9.51178e-08
-5.22408e-08
-9.89088e-08
-5.23567e-08
-1.02734e-07
-5.25508e-08
-1.06688e-07
-5.28259e-08
-1.10679e-07
-5.31756e-08
-1.1472e-07
-5.36418e-08
-1.1882e-07
-5.42732e-08
-1.22979e-07
-5.51245e-08
-1.27188e-07
-5.63016e-08
-1.31429e-07
-5.79841e-08
-1.35805e-07
-6.04102e-08
-1.40419e-07
-6.34317e-08
-1.45355e-07
-6.69639e-08
-1.5069e-07
-7.09559e-08
-1.56494e-07
-7.53763e-08
-1.62835e-07
-8.02043e-08
-1.69786e-07
-8.54251e-08
-1.77417e-07
-9.10257e-08
-1.85801e-07
-9.69912e-08
-1.9502e-07
-1.03303e-07
-2.05157e-07
-1.09934e-07
-2.16299e-07
-1.16844e-07
-2.28538e-07
-1.23981e-07
-2.41963e-07
-1.31267e-07
-2.56665e-07
-1.38609e-07
-2.72748e-07
-1.45942e-07
-2.90291e-07
-1.53052e-07
-3.09348e-07
-1.59708e-07
-3.2993e-07
-1.65618e-07
-3.51985e-07
-1.70426e-07
-3.75364e-07
-1.73722e-07
-3.99803e-07
-1.75059e-07
-4.24905e-07
-1.73996e-07
-4.50138e-07
-1.70152e-07
-4.74859e-07
-1.63272e-07
-4.98403e-07
-1.53292e-07
-5.20074e-07
-1.4037e-07
-5.39315e-07
-1.24887e-07
-5.55724e-07
-1.07386e-07
-5.69073e-07
-8.84836e-08
-5.79294e-07
-6.87835e-08
-5.86428e-07
-4.87996e-08
-5.90586e-07
-2.89174e-08
-9.39176e-09
3.28678e-07
-5.27809e-09
3.26825e-07
-1.61185e-08
3.23619e-07
-2.71361e-08
3.18981e-07
-3.82517e-08
3.12844e-07
-4.93222e-08
3.05183e-07
-6.01399e-08
2.96023e-07
-7.04471e-08
2.85455e-07
-7.99659e-08
2.73639e-07
-8.8435e-08
2.60786e-07
-9.56455e-08
2.47142e-07
-1.01467e-07
2.32965e-07
-1.05857e-07
2.18499e-07
-1.08854e-07
2.0396e-07
-1.1056e-07
1.89532e-07
-1.11119e-07
1.75357e-07
-1.10694e-07
1.61545e-07
-1.09455e-07
1.48175e-07
-1.07564e-07
1.353e-07
-1.05169e-07
1.22951e-07
-1.02404e-07
1.11146e-07
-9.93824e-08
9.9887e-08
-9.62029e-08
8.9169e-08
-9.29462e-08
7.89792e-08
-8.96785e-08
6.92998e-08
-8.64525e-08
6.01098e-08
-8.33091e-08
5.13859e-08
-8.02791e-08
4.31033e-08
-7.73846e-08
3.52367e-08
-7.46406e-08
2.77608e-08
-7.20562e-08
2.06505e-08
-6.96358e-08
1.38812e-08
-6.738e-08
7.42892e-09
-6.52868e-08
1.27067e-09
-6.33518e-08
-4.61577e-09
-6.15695e-08
-1.02526e-08
-5.99319e-08
-1.56602e-08
-5.84299e-08
-2.08573e-08
-5.7056e-08
-2.58619e-08
-5.58028e-08
-3.0691e-08
-5.46633e-08
-3.53609e-08
-5.36304e-08
-3.98873e-08
-5.26977e-08
-4.42851e-08
-5.18587e-08
-4.85688e-08
-5.11078e-08
-5.27527e-08
-5.04394e-08
-5.68512e-08
-4.98483e-08
-6.08791e-08
-4.93297e-08
-6.48395e-08
-4.88792e-08
-6.87466e-08
-4.84928e-08
-7.26125e-08
-4.81671e-08
-7.64482e-08
-4.7899e-08
-8.02636e-08
-4.76856e-08
-8.40682e-08
-4.75246e-08
-8.78706e-08
-4.7414e-08
-9.16792e-08
-4.73528e-08
-9.5502e-08
-4.73407e-08
-9.93477e-08
-4.73791e-08
-1.03227e-07
-4.74713e-08
-1.07127e-07
-4.7628e-08
-1.11083e-07
-4.78555e-08
-1.15091e-07
-4.81546e-08
-1.19154e-07
-4.85612e-08
-1.23273e-07
-4.91179e-08
-1.2745e-07
-4.98768e-08
-1.3168e-07
-5.09366e-08
-1.3595e-07
-5.24644e-08
-1.40382e-07
-5.46598e-08
-1.45066e-07
-5.73896e-08
-1.50084e-07
-6.05778e-08
-1.55505e-07
-6.41791e-08
-1.61397e-07
-6.81654e-08
-1.67829e-07
-7.2518e-08
-1.74867e-07
-7.72236e-08
-1.82583e-07
-8.22698e-08
-1.91051e-07
-8.76431e-08
-2.00348e-07
-9.33254e-08
-2.10558e-07
-9.92914e-08
-2.21765e-07
-1.05505e-07
-2.34059e-07
-1.11917e-07
-2.47525e-07
-1.18455e-07
-2.62252e-07
-1.25033e-07
-2.78343e-07
-1.31595e-07
-2.9587e-07
-1.37943e-07
-3.14882e-07
-1.43867e-07
-3.35381e-07
-1.49101e-07
-3.57303e-07
-1.53326e-07
-3.80494e-07
-1.56171e-07
-4.04682e-07
-1.57238e-07
-4.29465e-07
-1.56135e-07
-4.54314e-07
-1.52524e-07
-4.78576e-07
-1.46188e-07
-5.01606e-07
-1.37082e-07
-5.22737e-07
-1.25361e-07
-5.41425e-07
-1.11377e-07
-5.57293e-07
-9.56261e-08
-5.70141e-07
-7.86715e-08
-5.79928e-07
-6.10594e-08
-5.86723e-07
-4.32519e-08
-5.90664e-07
-2.55916e-08
-8.29927e-09
3.28676e-07
-4.75654e-09
3.26814e-07
-1.45245e-08
3.23592e-07
-2.44511e-08
3.18926e-07
-3.44646e-08
3.12751e-07
-4.44345e-08
3.05039e-07
-5.41721e-08
2.95819e-07
-6.3444e-08
2.85187e-07
-7.19995e-08
2.73304e-07
-7.96036e-08
2.60386e-07
-8.60702e-08
2.46682e-07
-9.12842e-08
2.32449e-07
-9.52096e-08
2.17933e-07
-9.78833e-08
2.03349e-07
-9.93988e-08
1.88878e-07
-9.98857e-08
1.74663e-07
-9.94922e-08
1.60811e-07
-9.83698e-08
1.474e-07
-9.66638e-08
1.34482e-07
-9.45078e-08
1.22088e-07
-9.20203e-08
1.10234e-07
-8.93042e-08
9.89237e-08
-8.64467e-08
8.81507e-08
-8.35204e-08
7.79025e-08
-8.05846e-08
6.81616e-08
-7.76864e-08
5.89069e-08
-7.48627e-08
5.01153e-08
-7.21409e-08
4.17622e-08
-6.95412e-08
3.38225e-08
-6.70768e-08
2.62709e-08
-6.47562e-08
1.90824e-08
-6.25831e-08
1.22325e-08
-6.05583e-08
5.69741e-09
-5.86798e-08
-5.45899e-10
-5.69437e-08
-6.51975e-09
-5.53449e-08
-1.22462e-08
-5.3876e-08
-1.77451e-08
-5.2529e-08
-2.3035e-08
-5.12969e-08
-2.81335e-08
-5.01733e-08
-3.30573e-08
-4.91516e-08
-3.78225e-08
-4.82255e-08
-4.24444e-08
-4.7389e-08
-4.69375e-08
-4.66363e-08
-5.13158e-08
-4.59621e-08
-5.55928e-08
-4.53614e-08
-5.9782e-08
-4.48297e-08
-6.38982e-08
-4.4362e-08
-6.79452e-08
-4.39531e-08
-7.19368e-08
-4.36007e-08
-7.58843e-08
-4.33022e-08
-7.97978e-08
-4.30546e-08
-8.36869e-08
-4.2855e-08
-8.75607e-08
-4.27014e-08
-9.14279e-08
-4.2592e-08
-9.52966e-08
-4.25258e-08
-9.91746e-08
-4.25026e-08
-1.03069e-07
-4.25236e-08
-1.06986e-07
-4.25913e-08
-1.10912e-07
-4.27163e-08
-1.14883e-07
-4.2908e-08
-1.18906e-07
-4.31655e-08
-1.22979e-07
-4.35211e-08
-1.27108e-07
-4.40119e-08
-1.31295e-07
-4.46858e-08
-1.35543e-07
-4.56338e-08
-1.39852e-07
-4.70092e-08
-1.44337e-07
-4.89774e-08
-1.49087e-07
-5.1421e-08
-1.54177e-07
-5.42731e-08
-1.59676e-07
-5.74932e-08
-1.65649e-07
-6.10562e-08
-1.72161e-07
-6.49455e-08
-1.79282e-07
-6.91487e-08
-1.87079e-07
-7.36549e-08
-1.95627e-07
-7.84514e-08
-2.05001e-07
-8.35216e-08
-2.15282e-07
-8.88423e-08
-2.26554e-07
-9.43799e-08
-2.38904e-07
-1.0009e-07
-2.52412e-07
-1.05906e-07
-2.67173e-07
-1.11749e-07
-2.83278e-07
-1.1757e-07
-3.00799e-07
-1.23189e-07
-3.19777e-07
-1.28417e-07
-3.40205e-07
-1.33017e-07
-3.62013e-07
-1.36702e-07
-3.85037e-07
-1.39142e-07
-4.09001e-07
-1.39985e-07
-4.33499e-07
-1.38883e-07
-4.57999e-07
-1.35545e-07
-4.81883e-07
-1.2978e-07
-5.04462e-07
-1.21557e-07
-5.25107e-07
-1.11027e-07
-5.433e-07
-9.85129e-08
-5.58684e-07
-8.44651e-08
-5.71086e-07
-6.93901e-08
-5.80488e-07
-5.37775e-08
-5.86983e-07
-3.80388e-08
-5.90731e-07
-2.24758e-08
-7.27837e-09
3.28674e-07
-4.23448e-09
3.26802e-07
-1.29285e-08
3.23562e-07
-2.17627e-08
3.18866e-07
-3.06724e-08
3.12651e-07
-3.95404e-08
3.04889e-07
-4.81976e-08
2.95612e-07
-5.64354e-08
2.84918e-07
-6.40305e-08
2.72971e-07
-7.07746e-08
2.59992e-07
-7.65036e-08
2.46231e-07
-8.11171e-08
2.31948e-07
-8.45851e-08
2.17386e-07
-8.69422e-08
2.02762e-07
-8.82725e-08
1.88254e-07
-8.86922e-08
1.74003e-07
-8.83329e-08
1.60116e-07
-8.7329e-08
1.46669e-07
-8.58094e-08
1.33713e-07
-8.38922e-08
1.21278e-07
-8.16822e-08
1.0938e-07
-7.92703e-08
9.80229e-08
-7.67336e-08
8.71996e-08
-7.41363e-08
7.68981e-08
-7.15308e-08
6.71009e-08
-6.89589e-08
5.77871e-08
-6.64531e-08
4.89337e-08
-6.40379e-08
4.05164e-08
-6.1731e-08
3.25101e-08
-5.95443e-08
2.48898e-08
-5.74853e-08
1.76305e-08
-5.55574e-08
1.07081e-08
-5.37613e-08
4.09887e-09
-5.20952e-08
-2.21993e-09
-5.05558e-08
-8.27268e-09
-4.91384e-08
-1.40772e-08
-4.78357e-08
-1.96551e-08
-4.66412e-08
-2.50249e-08
-4.55487e-08
-3.02038e-08
-4.45524e-08
-3.52086e-08
-4.36463e-08
-4.00552e-08
-4.28247e-08
-4.47585e-08
-4.20822e-08
-4.93328e-08
-4.14136e-08
-5.37915e-08
-4.0814e-08
-5.81469e-08
-4.02789e-08
-6.24095e-08
-3.98042e-08
-6.65866e-08
-3.93858e-08
-7.07023e-08
-3.90212e-08
-7.47623e-08
-3.8706e-08
-7.87754e-08
-3.84375e-08
-8.27507e-08
-3.8213e-08
-8.6697e-08
-3.80304e-08
-9.06231e-08
-3.78878e-08
-9.45373e-08
-3.77837e-08
-9.84474e-08
-3.77172e-08
-1.02361e-07
-3.76885e-08
-1.06286e-07
-3.76986e-08
-1.10229e-07
-3.77502e-08
-1.14187e-07
-3.78516e-08
-1.18174e-07
-3.80116e-08
-1.22205e-07
-3.82301e-08
-1.26281e-07
-3.85365e-08
-1.30411e-07
-3.89638e-08
-1.34603e-07
-3.95558e-08
-1.38866e-07
-4.03946e-08
-1.43211e-07
-4.16176e-08
-1.47746e-07
-4.33614e-08
-1.52555e-07
-4.55234e-08
-1.57711e-07
-4.8045e-08
-1.6328e-07
-5.08908e-08
-1.69327e-07
-5.40387e-08
-1.75916e-07
-5.7474e-08
-1.83113e-07
-6.11858e-08
-1.90986e-07
-6.5164e-08
-1.99608e-07
-6.93971e-08
-2.09053e-07
-7.38701e-08
-2.194e-07
-7.85615e-08
-2.30733e-07
-8.34411e-08
-2.43137e-07
-8.8469e-08
-2.56687e-07
-9.35848e-08
-2.71481e-07
-9.87168e-08
-2.87605e-07
-1.03823e-07
-3.05122e-07
-1.08744e-07
-3.2407e-07
-1.1331e-07
-3.44438e-07
-1.17311e-07
-3.66146e-07
-1.20494e-07
-3.89027e-07
-1.22568e-07
-4.12798e-07
-1.23223e-07
-4.37049e-07
-1.22158e-07
-4.61238e-07
-1.19117e-07
-4.84764e-07
-1.13945e-07
-5.06951e-07
-1.06619e-07
-5.27177e-07
-9.72772e-08
-5.44939e-07
-8.62125e-08
-5.59902e-07
-7.38276e-08
-5.71913e-07
-6.05734e-08
-5.80977e-07
-4.68831e-08
-5.87211e-07
-3.3119e-08
-5.9079e-07
-1.9544e-08
-6.31997e-09
3.28671e-07
-3.71119e-09
3.26789e-07
-1.13288e-08
3.23529e-07
-1.90682e-08
3.18805e-07
-2.6872e-08
3.12552e-07
-3.46366e-08
3.04743e-07
-4.22131e-08
2.95412e-07
-4.94181e-08
2.84661e-07
-5.60558e-08
2.72658e-07
-6.19445e-08
2.59624e-07
-6.69419e-08
2.45814e-07
-7.09614e-08
2.31486e-07
-7.39787e-08
2.16886e-07
-7.60253e-08
2.02227e-07
-7.71757e-08
1.87687e-07
-7.75322e-08
1.73406e-07
-7.72099e-08
1.59489e-07
-7.63263e-08
1.46011e-07
-7.49939e-08
1.33021e-07
-7.33155e-08
1.20551e-07
-7.13823e-08
1.08614e-07
-6.92736e-08
9.7215e-08
-6.70565e-08
8.63467e-08
-6.47867e-08
7.5997e-08
-6.251e-08
6.61487e-08
-6.02628e-08
5.67811e-08
-5.80733e-08
4.78714e-08
-5.59631e-08
3.93957e-08
-5.39474e-08
3.13291e-08
-5.2037e-08
2.36468e-08
-5.02381e-08
1.63242e-08
-4.85538e-08
9.33705e-09
-4.69848e-08
2.66196e-09
-4.55295e-08
-3.72385e-09
-4.4185e-08
-9.84264e-09
-4.29469e-08
-1.57161e-08
-4.1809e-08
-2.13633e-08
-4.07655e-08
-2.68026e-08
-3.98112e-08
-3.2051e-08
-3.89409e-08
-3.7125e-08
-3.81493e-08
-4.20399e-08
-3.74314e-08
-4.68105e-08
-3.67824e-08
-5.14505e-08
-3.61977e-08
-5.59731e-08
-3.5673e-08
-6.03907e-08
-3.52044e-08
-6.47148e-08
-3.47881e-08
-6.89567e-08
-3.44209e-08
-7.31293e-08
-3.40994e-08
-7.72424e-08
-3.3821e-08
-8.13054e-08
-3.3583e-08
-8.53272e-08
-3.33832e-08
-8.93166e-08
-3.32193e-08
-9.3282e-08
-3.30899e-08
-9.72316e-08
-3.29936e-08
-1.01173e-07
-3.29298e-08
-1.05114e-07
-3.28985e-08
-1.09061e-07
-3.29008e-08
-1.13022e-07
-3.2939e-08
-1.16992e-07
-3.30197e-08
-1.20991e-07
-3.31528e-08
-1.25023e-07
-3.3337e-08
-1.29102e-07
-3.35999e-08
-1.33234e-07
-3.39684e-08
-1.37432e-07
-3.44819e-08
-1.41709e-07
-3.52132e-08
-1.46088e-07
-3.62833e-08
-1.50669e-07
-3.78053e-08
-1.55533e-07
-3.96898e-08
-1.60749e-07
-4.18862e-08
-1.66383e-07
-4.43641e-08
-1.72496e-07
-4.71043e-08
-1.79153e-07
-5.0094e-08
-1.86418e-07
-5.33234e-08
-1.94359e-07
-5.67836e-08
-2.03048e-07
-6.04642e-08
-2.12557e-07
-6.43518e-08
-2.22967e-07
-6.84272e-08
-2.34357e-07
-7.26638e-08
-2.46811e-07
-7.70262e-08
-2.60401e-07
-8.14611e-08
-2.75224e-07
-8.59043e-08
-2.91361e-07
-9.03212e-08
-3.08876e-07
-9.45696e-08
-3.27798e-07
-9.85026e-08
-3.48111e-07
-1.01937e-07
-3.69732e-07
-1.04651e-07
-3.92485e-07
-1.06394e-07
-4.16083e-07
-1.06897e-07
-4.40118e-07
-1.05901e-07
-4.6406e-07
-1.03189e-07
-4.87276e-07
-9.86255e-08
-5.09117e-07
-9.22e-08
-5.28974e-07
-8.40395e-08
-5.4636e-07
-7.44032e-08
-5.60956e-07
-6.3645e-08
-5.72629e-07
-5.21594e-08
-5.81402e-07
-4.03241e-08
-5.87408e-07
-2.84528e-08
-5.90841e-07
-1.67714e-08
-5.41607e-09
3.28668e-07
-3.18629e-09
3.26776e-07
-9.72463e-09
3.23498e-07
-1.63664e-08
3.18747e-07
-2.30619e-08
3.12458e-07
-2.97216e-08
3.04607e-07
-3.6217e-08
2.95229e-07
-4.23903e-08
2.84427e-07
-4.80735e-08
2.72374e-07
-5.31114e-08
2.59294e-07
-5.73826e-08
2.45441e-07
-6.08145e-08
2.31076e-07
-6.33871e-08
2.16443e-07
-6.51287e-08
2.01756e-07
-6.61039e-08
1.8719e-07
-6.64007e-08
1.72884e-07
-6.61178e-08
1.58942e-07
-6.5356e-08
1.45438e-07
-6.42112e-08
1.3242e-07
-6.27714e-08
1.19919e-07
-6.11145e-08
1.07949e-07
-5.93079e-08
9.65132e-08
-5.7409e-08
8.56054e-08
-5.54654e-08
7.52134e-08
-5.35161e-08
6.532e-08
-5.15921e-08
5.59049e-08
-4.97176e-08
4.69455e-08
-4.79109e-08
3.8418e-08
-4.61853e-08
3.0298e-08
-4.45497e-08
2.25607e-08
-4.30096e-08
1.51817e-08
-4.15677e-08
8.13715e-09
-4.02245e-08
1.40371e-09
-3.89788e-08
-5.04098e-09
-3.7828e-08
-1.12192e-08
-3.67683e-08
-1.71523e-08
-3.57942e-08
-2.28591e-08
-3.4901e-08
-2.83576e-08
-3.40841e-08
-3.36648e-08
-3.3339e-08
-3.87969e-08
-3.26613e-08
-4.37693e-08
-3.20464e-08
-4.85965e-08
-3.14903e-08
-5.32923e-08
-3.0989e-08
-5.78694e-08
-3.05389e-08
-6.23399e-08
-3.01364e-08
-6.67146e-08
-2.97784e-08
-7.1003e-08
-2.94621e-08
-7.52219e-08
-2.91856e-08
-7.93789e-08
-2.89458e-08
-8.34829e-08
-2.87401e-08
-8.75426e-08
-2.85666e-08
-9.15664e-08
-2.84235e-08
-9.55626e-08
-2.83095e-08
-9.95389e-08
-2.82237e-08
-1.03503e-07
-2.81654e-08
-1.07462e-07
-2.81346e-08
-1.11424e-07
-2.81324e-08
-1.15396e-07
-2.81607e-08
-1.19375e-07
-2.82251e-08
-1.23381e-07
-2.8335e-08
-1.27417e-07
-2.84882e-08
-1.31494e-07
-2.8709e-08
-1.35628e-07
-2.90209e-08
-1.3983e-07
-2.94579e-08
-1.44121e-07
-3.00832e-08
-1.48531e-07
-3.1e-08
-1.53153e-07
-3.23023e-08
-1.58065e-07
-3.39129e-08
-1.63334e-07
-3.57887e-08
-1.69024e-07
-3.7904e-08
-1.75196e-07
-4.02424e-08
-1.81913e-07
-4.27929e-08
-1.89239e-07
-4.55473e-08
-1.97241e-07
-4.84977e-08
-2.0599e-07
-5.16353e-08
-2.15558e-07
-5.49482e-08
-2.26022e-07
-5.84198e-08
-2.37462e-07
-6.2027e-08
-2.49959e-07
-6.57389e-08
-2.63584e-07
-6.95096e-08
-2.78432e-07
-7.32827e-08
-2.94582e-07
-7.70302e-08
-3.12093e-07
-8.06292e-08
-3.30992e-07
-8.39539e-08
-3.5126e-07
-8.68473e-08
-3.72805e-07
-8.91212e-08
-3.9545e-07
-9.05616e-08
-4.18903e-07
-9.09411e-08
-4.4275e-07
-9.00399e-08
-4.6646e-07
-8.76752e-08
-4.89413e-07
-8.37378e-08
-5.10961e-07
-7.82211e-08
-5.30505e-07
-7.12378e-08
-5.4757e-07
-6.30126e-08
-5.61854e-07
-5.38502e-08
-5.73239e-07
-4.40887e-08
-5.81763e-07
-3.40505e-08
-5.87576e-07
-2.40023e-08
-5.90885e-07
-1.41343e-08
-4.55935e-09
3.28665e-07
-2.65941e-09
3.26763e-07
-8.11571e-09
3.23469e-07
-1.36573e-08
3.18695e-07
-1.92423e-08
3.12375e-07
-2.47956e-08
3.04487e-07
-3.02094e-08
2.95068e-07
-3.53521e-08
2.84224e-07
-4.00835e-08
2.72128e-07
-4.42745e-08
2.59009e-07
-4.78246e-08
2.45121e-07
-5.06742e-08
2.30726e-07
-5.28076e-08
2.16067e-07
-5.42491e-08
2.01357e-07
-5.50531e-08
1.8677e-07
-5.52932e-08
1.72444e-07
-5.50518e-08
1.58482e-07
-5.44128e-08
1.44956e-07
-5.34561e-08
1.31915e-07
-5.22546e-08
1.19389e-07
-5.0873e-08
1.07391e-07
-4.93675e-08
9.59234e-08
-4.77856e-08
8.49816e-08
-4.61668e-08
7.45528e-08
-4.45434e-08
6.462e-08
-4.29412e-08
5.51633e-08
-4.13804e-08
4.61603e-08
-3.98761e-08
3.75874e-08
-3.84393e-08
2.94206e-08
-3.70776e-08
2.16353e-08
-3.57954e-08
1.42075e-08
-3.45951e-08
7.11353e-09
-3.3477e-08
3.30228e-10
-3.24401e-08
-6.16491e-09
-3.14821e-08
-1.23939e-08
-3.06001e-08
-1.83777e-08
-2.97893e-08
-2.41351e-08
-2.90458e-08
-2.96838e-08
-2.83659e-08
-3.50408e-08
-2.77457e-08
-4.0222e-08
-2.71815e-08
-4.52425e-08
-2.66698e-08
-5.01165e-08
-2.62069e-08
-5.48576e-08
-2.57895e-08
-5.94787e-08
-2.54147e-08
-6.3992e-08
-2.50794e-08
-6.84093e-08
-2.47811e-08
-7.27421e-08
-2.45175e-08
-7.70002e-08
-2.42863e-08
-8.11919e-08
-2.4085e-08
-8.53273e-08
-2.3912e-08
-8.94154e-08
-2.37657e-08
-9.34649e-08
-2.36447e-08
-9.74839e-08
-2.35476e-08
-1.0148e-07
-2.34738e-08
-1.05462e-07
-2.34227e-08
-1.09435e-07
-2.33943e-08
-1.13408e-07
-2.33894e-08
-1.17387e-07
-2.341e-08
-1.21371e-07
-2.34602e-08
-1.25378e-07
-2.35484e-08
-1.29414e-07
-2.36732e-08
-1.33492e-07
-2.3855e-08
-1.37627e-07
-2.41129e-08
-1.41834e-07
-2.44757e-08
-1.46137e-07
-2.49963e-08
-1.50573e-07
-2.57601e-08
-1.55231e-07
-2.68431e-08
-1.60185e-07
-2.81829e-08
-1.655e-07
-2.97417e-08
-1.71239e-07
-3.14984e-08
-1.77463e-07
-3.34398e-08
-1.84233e-07
-3.55568e-08
-1.91612e-07
-3.78425e-08
-1.99667e-07
-4.02904e-08
-2.08467e-07
-4.28929e-08
-2.18084e-07
-4.56401e-08
-2.28594e-07
-4.85179e-08
-2.40076e-07
-5.15069e-08
-2.5261e-07
-5.4581e-08
-2.66265e-07
-5.77017e-08
-2.81133e-07
-6.08208e-08
-2.97294e-07
-6.39164e-08
-3.14804e-07
-6.68853e-08
-3.33684e-07
-6.9623e-08
-3.53912e-07
-7.19989e-08
-3.75394e-07
-7.38568e-08
-3.97947e-07
-7.50195e-08
-4.21275e-07
-7.52989e-08
-4.44961e-07
-7.45142e-08
-4.68479e-07
-7.25169e-08
-4.91209e-07
-6.92178e-08
-5.12508e-07
-6.46146e-08
-5.31788e-07
-5.88038e-08
-5.48583e-07
-5.19742e-08
-5.62605e-07
-4.43809e-08
-5.73749e-07
-3.63053e-08
-5.82066e-07
-2.80153e-08
-5.87718e-07
-1.97316e-08
-5.90923e-07
-1.16104e-08
-3.74313e-09
3.28662e-07
-2.13085e-09
3.26752e-07
-6.50213e-09
3.23444e-07
-1.09409e-08
3.18649e-07
-1.54134e-08
3.12303e-07
-1.98591e-08
3.04384e-07
-2.41914e-08
2.94931e-07
-2.83045e-08
2.84052e-07
-3.20864e-08
2.71922e-07
-3.5434e-08
2.58771e-07
-3.82674e-08
2.44856e-07
-4.05394e-08
2.30436e-07
-4.22382e-08
2.15757e-07
-4.33836e-08
2.01029e-07
-4.40197e-08
1.86426e-07
-4.42056e-08
1.72085e-07
-4.40073e-08
1.58107e-07
-4.3492e-08
1.44564e-07
-4.27233e-08
1.31504e-07
-4.17598e-08
1.18957e-07
-4.06529e-08
1.06935e-07
-3.94474e-08
9.5442e-08
-3.81812e-08
8.44718e-08
-3.68859e-08
7.40122e-08
-3.55872e-08
6.40465e-08
-3.43056e-08
5.45549e-08
-3.30573e-08
4.55152e-08
-3.18544e-08
3.69041e-08
-3.07055e-08
2.86977e-08
-2.96168e-08
2.08719e-08
-2.85917e-08
1.34028e-08
-2.76323e-08
6.26673e-09
-2.67386e-08
-5.59085e-10
-2.59099e-08
-7.09673e-09
-2.51445e-08
-1.33685e-08
-2.44397e-08
-1.9395e-08
-2.37919e-08
-2.51947e-08
-2.31979e-08
-3.07852e-08
-2.26548e-08
-3.61832e-08
-2.21595e-08
-4.14045e-08
-2.1709e-08
-4.64643e-08
-2.13004e-08
-5.13768e-08
-2.09308e-08
-5.61553e-08
-2.05976e-08
-6.08126e-08
-2.02983e-08
-6.53611e-08
-2.00307e-08
-6.98124e-08
-1.97925e-08
-7.41785e-08
-1.95818e-08
-7.84639e-08
-1.93963e-08
-8.26822e-08
-1.92348e-08
-8.68426e-08
-1.90958e-08
-9.09538e-08
-1.8978e-08
-9.50241e-08
-1.88802e-08
-9.90615e-08
-1.88016e-08
-1.03074e-07
-1.87414e-08
-1.07068e-07
-1.86994e-08
-1.11051e-07
-1.86755e-08
-1.1503e-07
-1.86703e-08
-1.19013e-07
-1.86853e-08
-1.22999e-07
-1.87237e-08
-1.27007e-07
-1.87929e-08
-1.31044e-07
-1.88915e-08
-1.35123e-07
-1.90358e-08
-1.39258e-07
-1.92411e-08
-1.43468e-07
-1.95305e-08
-1.47781e-07
-1.99467e-08
-1.52237e-07
-2.05577e-08
-1.56925e-07
-2.14215e-08
-1.61915e-07
-2.24927e-08
-1.6727e-07
-2.37377e-08
-1.73051e-07
-2.51397e-08
-1.79319e-07
-2.66885e-08
-1.86133e-07
-2.83768e-08
-1.93558e-07
-3.01993e-08
-2.01658e-07
-3.21506e-08
-2.10501e-07
-3.42247e-08
-2.20161e-07
-3.64133e-08
-2.3071e-07
-3.87053e-08
-2.42228e-07
-4.10847e-08
-2.54793e-07
-4.35308e-08
-2.68472e-07
-4.60126e-08
-2.83357e-07
-4.8491e-08
-2.99528e-07
-5.09491e-08
-3.17035e-07
-5.33041e-08
-3.359e-07
-5.54725e-08
-3.56094e-07
-5.73498e-08
-3.77521e-07
-5.88116e-08
-3.99995e-07
-5.97168e-08
-4.23219e-07
-5.99163e-08
-4.46775e-07
-5.92669e-08
-4.70133e-07
-5.76511e-08
-4.92678e-07
-5.50002e-08
-5.13772e-07
-5.1314e-08
-5.32834e-07
-4.66714e-08
-5.49408e-07
-4.12246e-08
-5.63216e-07
-3.5178e-08
-5.74162e-07
-2.87567e-08
-5.8231e-07
-2.21746e-08
-5.87832e-07
-1.56071e-08
-5.90953e-07
-9.17807e-09
-2.95888e-09
3.2866e-07
-1.60119e-09
3.26744e-07
-4.88471e-09
3.23424e-07
-8.2184e-09
3.18612e-07
-1.15766e-08
3.12245e-07
-1.49136e-08
3.04301e-07
-1.81642e-08
2.94821e-07
-2.12489e-08
2.83914e-07
-2.40834e-08
2.71758e-07
-2.65906e-08
2.58582e-07
-2.87108e-08
2.44645e-07
-3.0409e-08
2.30208e-07
-3.16767e-08
2.15513e-07
-3.25294e-08
2.00771e-07
-3.30002e-08
1.86157e-07
-3.31338e-08
1.71804e-07
-3.29799e-08
1.57814e-07
-3.25887e-08
1.44258e-07
-3.20083e-08
1.31184e-07
-3.12822e-08
1.1862e-07
-3.04492e-08
1.06579e-07
-2.95428e-08
9.50655e-08
-2.85913e-08
8.40724e-08
-2.76183e-08
7.35879e-08
-2.66432e-08
6.35953e-08
-2.56813e-08
5.40752e-08
-2.47445e-08
4.50055e-08
-2.3842e-08
3.63633e-08
-2.29803e-08
2.81248e-08
-2.21639e-08
2.0266e-08
-2.13955e-08
1.27633e-08
-2.06763e-08
5.59332e-09
-2.00066e-08
-1.26669e-09
-1.93858e-08
-7.83865e-09
-1.88126e-08
-1.41449e-08
-1.82849e-08
-2.02055e-08
-1.77999e-08
-2.60391e-08
-1.73554e-08
-3.1663e-08
-1.69491e-08
-3.7094e-08
-1.65786e-08
-4.23478e-08
-1.62418e-08
-4.74392e-08
-1.59363e-08
-5.23823e-08
-1.56602e-08
-5.71905e-08
-1.54113e-08
-6.18763e-08
-1.51878e-08
-6.64518e-08
-1.49879e-08
-7.09283e-08
-1.481e-08
-7.53164e-08
-1.46526e-08
-7.96255e-08
-1.45141e-08
-8.38656e-08
-1.43935e-08
-8.80456e-08
-1.42897e-08
-9.21743e-08
-1.42017e-08
-9.62599e-08
-1.41287e-08
-1.0031e-07
-1.40699e-08
-1.04333e-07
-1.40248e-08
-1.08336e-07
-1.39932e-08
-1.12325e-07
-1.39751e-08
-1.16309e-07
-1.3971e-08
-1.20295e-07
-1.39819e-08
-1.24283e-07
-1.40104e-08
-1.28291e-07
-1.4062e-08
-1.32328e-07
-1.41357e-08
-1.36406e-07
-1.42439e-08
-1.40542e-07
-1.43978e-08
-1.44754e-07
-1.46149e-08
-1.49075e-07
-1.49274e-08
-1.53547e-07
-1.53859e-08
-1.58258e-07
-1.60317e-08
-1.63275e-07
-1.68349e-08
-1.68662e-07
-1.77677e-08
-1.74477e-07
-1.88176e-08
-1.8078e-07
-1.99768e-08
-1.87631e-07
-2.124e-08
-1.95093e-07
-2.26032e-08
-2.03229e-07
-2.40623e-08
-2.12109e-07
-2.56129e-08
-2.21803e-07
-2.72488e-08
-2.32385e-07
-2.89614e-08
-2.43932e-07
-3.07388e-08
-2.56522e-07
-3.25654e-08
-2.70222e-07
-3.44179e-08
-2.85119e-07
-3.62663e-08
-3.01297e-07
-3.80984e-08
-3.18802e-07
-3.98523e-08
-3.37653e-07
-4.14653e-08
-3.57819e-07
-4.2859e-08
-3.79202e-07
-4.39405e-08
-4.01614e-07
-4.46044e-08
-4.24755e-07
-4.47395e-08
-4.48206e-07
-4.42393e-08
-4.71437e-07
-4.3017e-08
-4.93835e-07
-4.1022e-08
-5.14767e-07
-3.82556e-08
-5.33656e-07
-3.47777e-08
-5.50055e-07
-3.07031e-08
-5.63693e-07
-2.61853e-08
-5.74483e-07
-2.13933e-08
-5.82499e-07
-1.6487e-08
-5.87918e-07
-1.15974e-08
-5.90974e-07
-6.81678e-09
-2.19697e-09
3.28658e-07
-1.0701e-09
3.26736e-07
-3.26399e-09
3.23407e-07
-5.49093e-09
3.18583e-07
-7.73355e-09
3.122e-07
-9.96119e-09
3.04237e-07
-1.21301e-08
2.94737e-07
-1.4187e-08
2.83809e-07
-1.60757e-08
2.71634e-07
-1.77447e-08
2.5844e-07
-1.91544e-08
2.44488e-07
-2.02816e-08
2.30037e-07
-2.11212e-08
2.15331e-07
-2.16835e-08
2.0058e-07
-2.1991e-08
1.85957e-07
-2.20737e-08
1.71595e-07
-2.1965e-08
1.57597e-07
-2.16984e-08
1.44031e-07
-2.13061e-08
1.30946e-07
-2.08172e-08
1.1837e-07
-2.02575e-08
1.06315e-07
-1.96494e-08
9.4786e-08
-1.90118e-08
8.37756e-08
-1.83603e-08
7.32723e-08
-1.77079e-08
6.32595e-08
-1.70647e-08
5.37178e-08
-1.64388e-08
4.46254e-08
-1.58361e-08
3.59595e-08
-1.52609e-08
2.76965e-08
-1.47163e-08
1.98126e-08
-1.4204e-08
1.22843e-08
-1.37248e-08
5.08842e-09
-1.32789e-08
-1.79764e-09
-1.28657e-08
-8.39569e-09
-1.24845e-08
-1.4728e-08
-1.21338e-08
-2.08146e-08
-1.18117e-08
-2.66736e-08
-1.15167e-08
-3.23226e-08
-1.12472e-08
-3.77781e-08
-1.10017e-08
-4.30557e-08
-1.07787e-08
-4.81704e-08
-1.05767e-08
-5.3136e-08
-1.03941e-08
-5.79659e-08
-1.02297e-08
-6.26727e-08
-1.00822e-08
-6.72681e-08
-9.95045e-09
-7.17631e-08
-9.83329e-09
-7.61683e-08
-9.72974e-09
-8.04938e-08
-9.63893e-09
-8.47489e-08
-9.55996e-09
-8.89427e-08
-9.4921e-09
-9.30838e-08
-9.43469e-09
-9.71804e-08
-9.38714e-09
-1.0124e-07
-9.349e-09
-1.05271e-07
-9.31993e-09
-1.0928e-07
-9.29979e-09
-1.13275e-07
-9.28861e-09
-1.17262e-07
-9.28671e-09
-1.2125e-07
-9.29486e-09
-1.25238e-07
-9.31463e-09
-1.29246e-07
-9.34992e-09
-1.33282e-07
-9.39993e-09
-1.3736e-07
-9.47284e-09
-1.41494e-07
-9.57599e-09
-1.45709e-07
-9.72137e-09
-1.50035e-07
-9.93028e-09
-1.5452e-07
-1.02362e-08
-1.59246e-07
-1.0666e-08
-1.64284e-07
-1.12012e-08
-1.69695e-07
-1.18225e-08
-1.75536e-07
-1.25216e-08
-1.81866e-07
-1.32932e-08
-1.88746e-07
-1.41338e-08
-1.96236e-07
-1.50408e-08
-2.04401e-07
-1.60114e-08
-2.13308e-07
-1.70425e-08
-2.23028e-07
-1.81301e-08
-2.33634e-07
-1.92685e-08
-2.45203e-07
-2.04496e-08
-2.57811e-07
-2.1663e-08
-2.71525e-07
-2.2893e-08
-2.8643e-07
-2.41196e-08
-3.02614e-07
-2.53347e-08
-3.20118e-07
-2.64971e-08
-3.38959e-07
-2.75651e-08
-3.59104e-07
-2.84864e-08
-3.80454e-07
-2.91993e-08
-4.02818e-07
-2.96338e-08
-4.25896e-07
-2.97161e-08
-4.49269e-07
-2.93758e-08
-4.72404e-07
-2.85555e-08
-4.94692e-07
-2.72222e-08
-5.15503e-07
-2.53772e-08
-5.34264e-07
-2.30612e-08
-5.50532e-07
-2.03509e-08
-5.64044e-07
-1.73487e-08
-5.74719e-07
-1.41673e-08
-5.82635e-07
-1.09128e-08
-5.87979e-07
-7.67239e-09
-5.90988e-07
-4.50706e-09
-1.45006e-09
3.28657e-07
-5.37964e-10
3.26731e-07
-1.6409e-09
3.23396e-07
-2.75995e-09
3.18563e-07
-3.88618e-09
3.12169e-07
-5.00395e-09
3.04194e-07
-6.09111e-09
2.9468e-07
-7.12082e-09
2.83739e-07
-8.06478e-09
2.71551e-07
-8.89717e-09
2.58346e-07
-9.59821e-09
2.44383e-07
-1.01565e-08
2.29924e-07
-1.05696e-08
2.1521e-07
-1.08432e-08
2.00453e-07
-1.09887e-08
1.85824e-07
-1.10214e-08
1.71457e-07
-1.09584e-08
1.57452e-07
-1.08166e-08
1.4388e-07
-1.06124e-08
1.30788e-07
-1.03603e-08
1.18203e-07
-1.00734e-08
1.06139e-07
-9.76307e-09
9.45992e-08
-9.43866e-09
8.35769e-08
-9.1081e-09
7.30606e-08
-8.77781e-09
6.30338e-08
-8.45287e-09
5.34773e-08
-8.13726e-09
4.43694e-08
-7.83393e-09
3.56874e-08
-7.54501e-09
2.74078e-08
-7.27191e-09
1.95071e-08
-7.01548e-09
1.19616e-08
-6.77609e-09
4.74837e-09
-6.55375e-09
-2.15511e-09
-6.34817e-09
-8.77059e-09
-6.15886e-09
-1.51204e-08
-5.98507e-09
-2.12242e-08
-5.82582e-09
-2.71004e-08
-5.68032e-09
-3.27662e-08
-5.54776e-09
-3.82383e-08
-5.42733e-09
-4.35321e-08
-5.31822e-09
-4.86624e-08
-5.21967e-09
-5.36433e-08
-5.13095e-09
-5.84877e-08
-5.05135e-09
-6.32083e-08
-4.98024e-09
-6.78166e-08
-4.917e-09
-7.2324e-08
-4.86106e-09
-7.67409e-08
-4.8119e-09
-8.1077e-08
-4.76902e-09
-8.53419e-08
-4.732e-09
-8.95446e-08
-4.70049e-09
-9.36938e-08
-4.67414e-09
-9.77974e-08
-4.65267e-09
-1.01863e-07
-4.63583e-09
-1.05899e-07
-4.62348e-09
-1.09912e-07
-4.61553e-09
-1.13909e-07
-4.61198e-09
-1.17898e-07
-4.61299e-09
-1.21886e-07
-4.61892e-09
-1.25875e-07
-4.63055e-09
-1.29882e-07
-4.64983e-09
-1.33917e-07
-4.67632e-09
-1.37994e-07
-4.71422e-09
-1.42129e-07
-4.76715e-09
-1.46346e-07
-4.84102e-09
-1.50676e-07
-4.94648e-09
-1.5517e-07
-5.10004e-09
-1.59907e-07
-5.31526e-09
-1.64959e-07
-5.58294e-09
-1.70384e-07
-5.89353e-09
-1.76242e-07
-6.24282e-09
-1.82591e-07
-6.62822e-09
-1.89488e-07
-7.04794e-09
-1.96997e-07
-7.50059e-09
-2.0518e-07
-7.98485e-09
-2.14105e-07
-8.49914e-09
-2.23842e-07
-9.0414e-09
-2.34464e-07
-9.60875e-09
-2.46047e-07
-1.01972e-08
-2.58668e-07
-1.08014e-08
-2.7239e-07
-1.14137e-08
-2.87301e-07
-1.20238e-08
-3.0349e-07
-1.26279e-08
-3.20994e-07
-1.32053e-08
-3.39828e-07
-1.37351e-08
-3.5996e-07
-1.41915e-08
-3.81287e-07
-1.45436e-08
-4.0362e-07
-1.47566e-08
-4.26656e-07
-1.47939e-08
-4.49976e-07
-1.46205e-08
-4.73048e-07
-1.42081e-08
-4.95263e-07
-1.35403e-08
-5.15993e-07
-1.26182e-08
-5.34669e-07
-1.14622e-08
-5.50851e-07
-1.01108e-08
-5.64279e-07
-8.61529e-09
-5.74878e-07
-7.03192e-09
-5.82729e-07
-5.41363e-09
-5.88022e-07
-3.80356e-09
-5.90999e-07
-2.23208e-09
-7.15532e-10
3.28657e-07
-5.75865e-12
3.26729e-07
-1.67034e-11
3.23391e-07
-2.70295e-11
3.18553e-07
-3.63046e-11
3.12154e-07
-4.395e-11
3.04172e-07
-4.94274e-11
2.94651e-07
-5.22487e-11
2.83703e-07
-5.20276e-11
2.71508e-07
-4.8542e-11
2.58297e-07
-4.17901e-11
2.44329e-07
-3.19986e-11
2.29865e-07
-1.95888e-11
2.15148e-07
-5.12287e-12
2.00387e-07
1.08153e-11
1.85755e-07
2.75955e-11
1.71385e-07
4.46658e-11
1.57377e-07
6.15409e-11
1.43801e-07
7.78176e-11
1.30705e-07
9.31771e-11
1.18115e-07
1.07378e-10
1.06046e-07
1.20252e-10
9.45003e-08
1.31689e-10
8.34717e-08
1.41633e-10
7.29486e-08
1.50072e-10
6.29146e-08
1.57029e-10
5.33503e-08
1.62553e-10
4.42343e-08
1.66717e-10
3.55439e-08
1.69607e-10
2.72556e-08
1.71322e-10
1.9346e-08
1.71967e-10
1.17916e-08
1.71646e-10
4.56928e-09
1.70465e-10
-2.34327e-09
1.68528e-10
-8.96781e-09
1.6593e-10
-1.53266e-08
1.62759e-10
-2.14394e-08
1.59091e-10
-2.73243e-08
1.55001e-10
-3.29987e-08
1.50559e-10
-3.8479e-08
1.4583e-10
-4.37808e-08
1.4087e-10
-4.89188e-08
1.35735e-10
-5.39069e-08
1.30472e-10
-5.87584e-08
1.25125e-10
-6.34855e-08
1.19732e-10
-6.81002e-08
1.14323e-10
-7.26135e-08
1.08923e-10
-7.70358e-08
1.03557e-10
-8.13771e-08
9.82555e-11
-8.56468e-08
9.30372e-11
-8.98538e-08
8.79159e-11
-9.40067e-08
8.28991e-11
-9.81135e-08
7.79994e-11
-1.02182e-07
7.32264e-11
-1.0622e-07
6.85889e-11
-1.10234e-07
6.40934e-11
-1.14233e-07
5.97482e-11
-1.18223e-07
5.55633e-11
-1.22211e-07
5.15519e-11
-1.262e-07
4.77321e-11
-1.30207e-07
4.41335e-11
-1.34241e-07
4.07574e-11
-1.38319e-07
3.76412e-11
-1.42454e-07
3.48009e-11
-1.46671e-07
3.22751e-11
-1.51003e-07
3.01462e-11
-1.55501e-07
2.85841e-11
-1.60244e-07
2.75729e-11
-1.65302e-07
2.6912e-11
-1.70735e-07
2.65872e-11
-1.76601e-07
2.65356e-11
-1.82958e-07
2.67526e-11
-1.89864e-07
2.72317e-11
-1.97382e-07
2.79852e-11
-2.05574e-07
2.90288e-11
-2.14508e-07
3.0385e-11
-2.24253e-07
3.20758e-11
-2.34884e-07
3.4122e-11
-2.46474e-07
3.65457e-11
-2.59101e-07
3.93736e-11
-2.72828e-07
4.26173e-11
-2.87741e-07
4.62876e-11
-3.03932e-07
5.03894e-11
-3.21436e-07
5.48689e-11
-3.40266e-07
5.96387e-11
-3.6039e-07
6.45452e-11
-3.81707e-07
6.94085e-11
-4.04024e-07
7.39895e-11
-4.27039e-07
7.79938e-11
-4.50333e-07
8.10963e-11
-4.73374e-07
8.29884e-11
-4.95553e-07
8.34071e-11
-5.16243e-07
8.2149e-11
-5.34877e-07
7.90713e-11
-5.51016e-07
7.41064e-11
-5.64403e-07
6.72512e-11
-5.74963e-07
5.85727e-11
-5.82782e-07
4.82096e-11
-5.88049e-07
3.63639e-11
-5.91008e-07
2.35854e-11
9.69919e-12
3.28657e-07
5.26313e-10
3.26729e-07
1.60771e-09
3.2339e-07
2.70633e-09
3.18552e-07
3.81419e-09
3.12151e-07
4.91675e-09
3.04169e-07
5.99299e-09
2.94647e-07
7.01704e-09
2.83699e-07
7.96142e-09
2.71503e-07
8.80075e-09
2.58291e-07
9.51525e-09
2.44322e-07
1.00931e-08
2.29857e-07
1.0531e-08
2.1514e-07
1.08335e-08
2.00378e-07
1.10108e-08
1.85745e-07
1.10772e-08
1.71375e-07
1.10483e-08
1.57366e-07
1.09403e-08
1.4379e-07
1.07686e-08
1.30693e-07
1.05473e-08
1.18103e-07
1.02888e-08
1.06033e-07
1.00042e-08
9.44865e-08
9.70273e-09
8.34572e-08
9.39207e-09
7.29333e-08
9.07864e-09
6.28985e-08
8.7676e-09
5.33335e-08
8.463e-09
4.42168e-08
8.16795e-09
3.55257e-08
7.88476e-09
2.72369e-08
7.61502e-09
1.93267e-08
7.35981e-09
1.17718e-08
7.11971e-09
4.54912e-09
6.89492e-09
-2.36376e-09
6.68539e-09
-8.98855e-09
6.49081e-09
-1.53475e-08
6.3106e-09
-2.14604e-08
6.14395e-09
-2.73454e-08
5.99022e-09
-3.30198e-08
5.84874e-09
-3.85001e-08
5.71883e-09
-4.38019e-08
5.59981e-09
-4.894e-08
5.49099e-09
-5.39281e-08
5.39174e-09
-5.87796e-08
5.30144e-09
-6.35067e-08
5.21951e-09
-6.81213e-08
5.1454e-09
-7.26344e-08
5.07861e-09
-7.70565e-08
5.01868e-09
-8.13975e-08
4.96518e-09
-8.5667e-08
4.91775e-09
-8.98738e-08
4.87601e-09
-9.40265e-08
4.83962e-09
-9.81332e-08
4.80834e-09
-1.02202e-07
4.78193e-09
-1.06239e-07
4.76026e-09
-1.10253e-07
4.74327e-09
-1.14251e-07
4.73098e-09
-1.18241e-07
4.72356e-09
-1.22229e-07
4.72143e-09
-1.26217e-07
4.72538e-09
-1.30223e-07
4.73742e-09
-1.34257e-07
4.75714e-09
-1.38334e-07
4.78878e-09
-1.42469e-07
4.836e-09
-1.46686e-07
4.9048e-09
-1.51018e-07
5.006e-09
-1.55515e-07
5.15647e-09
-1.60258e-07
5.36971e-09
-1.65316e-07
5.63612e-09
-1.70749e-07
5.9461e-09
-1.76615e-07
6.29533e-09
-1.82971e-07
6.68119e-09
-1.89878e-07
7.10189e-09
-1.97395e-07
7.55606e-09
-2.05588e-07
8.0424e-09
-2.14521e-07
8.5594e-09
-2.24267e-07
9.10505e-09
-2.34898e-07
9.6765e-09
-2.46488e-07
1.02698e-08
-2.59115e-07
1.08796e-08
-2.72842e-07
1.14983e-08
-2.87755e-07
1.21157e-08
-3.03946e-07
1.27279e-08
-3.21449e-07
1.33142e-08
-3.40279e-07
1.38535e-08
-3.60402e-07
1.43196e-08
-3.81719e-07
1.46814e-08
-4.04035e-07
1.49036e-08
-4.2705e-07
1.4949e-08
-4.50343e-07
1.47819e-08
-4.73383e-07
1.43733e-08
-4.95562e-07
1.37065e-08
-5.16252e-07
1.27819e-08
-5.34885e-07
1.16197e-08
-5.51023e-07
1.02584e-08
-5.64409e-07
8.74909e-09
-5.74969e-07
7.14823e-09
-5.82787e-07
5.5091e-09
-5.88053e-07
3.87519e-09
-5.9101e-07
2.27766e-09
7.33137e-10
3.28657e-07
1.05843e-09
3.2673e-07
3.23151e-09
3.23394e-07
5.43857e-09
3.18559e-07
7.66325e-09
3.12163e-07
9.87592e-09
3.04185e-07
1.2034e-08
2.94669e-07
1.40853e-08
2.83725e-07
1.59744e-08
2.71534e-07
1.76503e-08
2.58327e-07
1.90734e-08
2.44362e-07
2.02202e-08
2.299e-07
2.10845e-08
2.15185e-07
2.16756e-08
2.00426e-07
2.2015e-08
1.85795e-07
2.21313e-08
1.71426e-07
2.20567e-08
1.57419e-07
2.18239e-08
1.43846e-07
2.14642e-08
1.30751e-07
2.1006e-08
1.18164e-07
2.04748e-08
1.06099e-07
1.98924e-08
9.45565e-08
1.92776e-08
8.35322e-08
1.8646e-08
7.30139e-08
1.80104e-08
6.29853e-08
1.73811e-08
5.34269e-08
1.6766e-08
4.43172e-08
1.61715e-08
3.56335e-08
1.5602e-08
2.73522e-08
1.50606e-08
1.94499e-08
1.45494e-08
1.1903e-08
1.40694e-08
4.68847e-09
1.36209e-08
-2.21618e-09
1.32036e-08
-8.8327e-09
1.2817e-08
-1.51834e-08
1.24597e-08
-2.1288e-08
1.213e-08
-2.71647e-08
1.18266e-08
-3.2831e-08
1.15481e-08
-3.83034e-08
1.1293e-08
-4.35973e-08
1.10599e-08
-4.87277e-08
1.08474e-08
-5.37084e-08
1.06542e-08
-5.85526e-08
1.04791e-08
-6.32728e-08
1.03207e-08
-6.78807e-08
1.0178e-08
-7.23874e-08
1.005e-08
-7.68035e-08
9.9357e-09
-8.11386e-08
9.83423e-09
-8.54027e-08
9.7447e-09
-8.96046e-08
9.66648e-09
-9.37529e-08
9.59892e-09
-9.78555e-08
9.54147e-09
-1.0192e-07
9.49369e-09
-1.05955e-07
9.45527e-09
-1.09967e-07
9.42608e-09
-1.13963e-07
9.40617e-09
-1.1795e-07
9.39586e-09
-1.21937e-07
9.39592e-09
-1.25925e-07
9.40797e-09
-1.29931e-07
9.43591e-09
-1.33964e-07
9.47893e-09
-1.38041e-07
9.54547e-09
-1.42176e-07
9.64283e-09
-1.46391e-07
9.78301e-09
-1.50721e-07
9.98752e-09
-1.55214e-07
1.02903e-08
-1.59951e-07
1.07181e-08
-1.65002e-07
1.12521e-08
-1.70427e-07
1.18729e-08
-1.76285e-07
1.25719e-08
-1.82633e-07
1.33441e-08
-1.8953e-07
1.41857e-08
-1.97038e-07
1.50941e-08
-2.05221e-07
1.60667e-08
-2.14145e-07
1.71005e-08
-2.23882e-07
1.81913e-08
-2.34505e-07
1.93337e-08
-2.46087e-07
2.05196e-08
-2.58708e-07
2.17386e-08
-2.7243e-07
2.29752e-08
-2.8734e-07
2.42092e-08
-3.03528e-07
2.54326e-08
-3.21031e-07
2.66039e-08
-3.39864e-07
2.76813e-08
-3.59994e-07
2.86123e-08
-3.81321e-07
2.93347e-08
-4.03652e-07
2.97782e-08
-4.26687e-07
2.98683e-08
-4.50006e-07
2.95345e-08
-4.73076e-07
2.87183e-08
-4.9529e-07
2.73862e-08
-5.16018e-07
2.5539e-08
-5.34692e-07
2.32169e-08
-5.50872e-07
2.04966e-08
-5.64298e-07
1.74806e-08
-5.74894e-07
1.42814e-08
-5.82743e-07
1.10057e-08
-5.88032e-07
7.74079e-09
-5.91005e-07
4.54799e-09
1.46242e-09
3.28658e-07
1.59023e-09
3.26734e-07
4.85367e-09
3.23403e-07
8.16809e-09
3.18575e-07
1.15088e-08
3.12189e-07
1.48313e-08
3.04222e-07
1.80714e-08
2.94717e-07
2.11506e-08
2.83786e-07
2.39856e-08
2.71606e-07
2.64996e-08
2.58408e-07
2.86331e-08
2.44452e-07
3.03507e-08
2.29998e-07
3.16431e-08
2.15288e-07
3.25245e-08
2.00534e-07
3.30272e-08
1.85907e-07
3.31943e-08
1.71543e-07
3.30745e-08
1.57541e-07
3.27172e-08
1.43973e-07
3.21694e-08
1.30884e-07
3.14741e-08
1.18305e-07
3.06695e-08
1.06247e-07
2.97889e-08
9.47142e-08
2.88602e-08
8.37004e-08
2.7907e-08
7.31937e-08
2.69486e-08
6.31776e-08
2.60003e-08
5.36327e-08
2.50743e-08
4.45373e-08
2.41798e-08
3.58685e-08
2.33235e-08
2.76028e-08
2.25101e-08
1.97165e-08
2.17425e-08
1.2186e-08
2.10222e-08
4.98815e-09
2.03497e-08
-1.89965e-09
1.97246e-08
-8.49922e-09
1.91457e-08
-1.48329e-08
1.86111e-08
-2.09205e-08
1.81184e-08
-2.67805e-08
1.76653e-08
-3.24302e-08
1.72497e-08
-3.78863e-08
1.68694e-08
-4.31643e-08
1.65224e-08
-4.82792e-08
1.62064e-08
-5.32448e-08
1.59194e-08
-5.80746e-08
1.56595e-08
-6.27809e-08
1.54249e-08
-6.73755e-08
1.52139e-08
-7.18696e-08
1.50249e-08
-7.62738e-08
1.48564e-08
-8.05981e-08
1.47071e-08
-8.48519e-08
1.4576e-08
-8.90443e-08
1.44619e-08
-9.31839e-08
1.43637e-08
-9.7279e-08
1.42807e-08
-1.01337e-07
1.42122e-08
-1.05366e-07
1.41576e-08
-1.09373e-07
1.41169e-08
-1.13366e-07
1.40901e-08
-1.17352e-07
1.40775e-08
-1.21337e-07
1.40804e-08
-1.25323e-07
1.41012e-08
-1.29329e-07
1.41456e-08
-1.33362e-07
1.42125e-08
-1.37439e-07
1.43143e-08
-1.41573e-07
1.44622e-08
-1.45787e-07
1.46739e-08
-1.50111e-07
1.4982e-08
-1.54595e-07
1.54375e-08
-1.59321e-07
1.60813e-08
-1.64358e-07
1.68832e-08
-1.69768e-07
1.78152e-08
-1.75609e-07
1.88647e-08
-1.81939e-07
2.00242e-08
-1.88818e-07
2.12882e-08
-1.96308e-07
2.26527e-08
-2.04472e-07
2.41138e-08
-2.13378e-07
2.5667e-08
-2.23097e-07
2.73062e-08
-2.33702e-07
2.90229e-08
-2.45269e-07
3.08053e-08
-2.57876e-07
3.26378e-08
-2.71588e-07
3.4497e-08
-2.86492e-07
3.63529e-08
-3.02675e-07
3.81932e-08
-3.20178e-07
3.9956e-08
-3.39018e-07
4.15783e-08
-3.59162e-07
4.29816e-08
-3.80511e-07
4.40726e-08
-4.02873e-07
4.47454e-08
-4.25947e-07
4.48884e-08
-4.49317e-07
4.43943e-08
-4.7245e-07
4.31758e-08
-4.94734e-07
4.11817e-08
-5.1554e-07
3.84128e-08
-5.34296e-07
3.49288e-08
-5.5056e-07
3.08442e-08
-5.64066e-07
2.63126e-08
-5.74736e-07
2.1503e-08
-5.82648e-07
1.65755e-08
-5.87987e-07
1.16617e-08
-5.90992e-07
6.8535e-09
2.20529e-09
3.28659e-07
2.12098e-09
3.2674e-07
6.47305e-09
3.23417e-07
1.08934e-08
3.18601e-07
1.53492e-08
3.12229e-07
1.97809e-08
3.0428e-07
2.41032e-08
2.94793e-07
2.82111e-08
2.8388e-07
3.19937e-08
2.71718e-07
3.53482e-08
2.58536e-07
3.81948e-08
2.44593e-07
4.0486e-08
2.30151e-07
4.22092e-08
2.15451e-07
4.33833e-08
2.00704e-07
4.40511e-08
1.86085e-07
4.42704e-08
1.71728e-07
4.41062e-08
1.57733e-07
4.36247e-08
1.44173e-07
4.28887e-08
1.31094e-07
4.19559e-08
1.18526e-07
4.08775e-08
1.06481e-07
3.96977e-08
9.49622e-08
3.84542e-08
8.39645e-08
3.71786e-08
7.34754e-08
3.58964e-08
6.34785e-08
3.46283e-08
5.3954e-08
3.33905e-08
4.48803e-08
3.21953e-08
3.62342e-08
3.10515e-08
2.79921e-08
2.99655e-08
2.01299e-08
2.8941e-08
1.26241e-08
2.79801e-08
5.45128e-09
2.70833e-08
-1.41121e-09
2.62498e-08
-7.98535e-09
2.54784e-08
-1.42934e-08
2.47664e-08
-2.03557e-08
2.41105e-08
-2.61905e-08
2.35077e-08
-3.18154e-08
2.2955e-08
-3.7247e-08
2.24496e-08
-4.25011e-08
2.19886e-08
-4.75926e-08
2.15691e-08
-5.25356e-08
2.11885e-08
-5.73434e-08
2.08442e-08
-6.20287e-08
2.05337e-08
-6.66033e-08
2.02549e-08
-7.10784e-08
2.00055e-08
-7.54644e-08
1.97836e-08
-7.97707e-08
1.95873e-08
-8.40088e-08
1.94151e-08
-8.8187e-08
1.92655e-08
-9.23139e-08
1.91373e-08
-9.63977e-08
1.90294e-08
-1.00446e-07
1.8941e-08
-1.04467e-07
1.88713e-08
-1.08467e-07
1.882e-08
-1.12455e-07
1.87871e-08
-1.16437e-07
1.87734e-08
-1.2042e-07
1.87802e-08
-1.24405e-07
1.88109e-08
-1.2841e-07
1.88729e-08
-1.32445e-07
1.89647e-08
-1.36522e-07
1.91028e-08
-1.40657e-07
1.93021e-08
-1.44867e-07
1.95865e-08
-1.49184e-07
1.99993e-08
-1.53654e-07
2.0608e-08
-1.58363e-07
2.14701e-08
-1.63379e-07
2.25401e-08
-1.68764e-07
2.37844e-08
-1.74579e-07
2.5186e-08
-1.80881e-07
2.6735e-08
-1.87731e-07
2.8424e-08
-1.95192e-07
3.02477e-08
-2.03328e-07
3.22008e-08
-2.12207e-07
3.42773e-08
-2.219e-07
3.64691e-08
-2.3248e-07
3.87651e-08
-2.44025e-07
4.11494e-08
-2.56613e-07
4.36009e-08
-2.7031e-07
4.60886e-08
-2.85207e-07
4.85738e-08
-3.01383e-07
5.10395e-08
-3.18886e-07
5.34029e-08
-3.37735e-07
5.55801e-08
-3.57899e-07
5.74667e-08
-3.79279e-07
5.89378e-08
-4.01687e-07
5.98518e-08
-4.24824e-07
6.0059e-08
-4.48271e-07
5.94158e-08
-4.71497e-07
5.78035e-08
-4.93889e-07
5.51531e-08
-5.14814e-07
5.14642e-08
-5.33695e-07
4.68152e-08
-5.50086e-07
4.13583e-08
-5.63716e-07
3.52978e-08
-5.74498e-07
2.88594e-08
-5.82507e-07
2.2257e-08
-5.87921e-07
1.56665e-08
-5.90974e-07
9.21219e-09
2.96709e-09
3.28661e-07
2.65017e-09
3.26749e-07
8.0888e-09
3.23437e-07
1.36134e-08
3.18636e-07
1.91828e-08
3.12283e-07
2.47231e-08
3.04357e-07
3.01276e-08
2.94895e-07
3.52655e-08
2.84007e-07
3.99977e-08
2.71869e-07
4.41956e-08
2.5871e-07
4.77588e-08
2.44787e-07
5.06274e-08
2.3036e-07
5.2785e-08
2.15674e-07
5.42549e-08
2.00939e-07
5.50903e-08
1.86331e-07
5.53636e-08
1.71984e-07
5.51563e-08
1.58e-07
5.4551e-08
1.44452e-07
5.36268e-08
1.31386e-07
5.24561e-08
1.18833e-07
5.11029e-08
1.06805e-07
4.9623e-08
9.53066e-08
4.80637e-08
8.43306e-08
4.64644e-08
7.38652e-08
4.48573e-08
6.38939e-08
4.32684e-08
5.43967e-08
4.17178e-08
4.53518e-08
4.02209e-08
3.67358e-08
3.87888e-08
2.85248e-08
3.74294e-08
2.06948e-08
3.61473e-08
1.32217e-08
3.49452e-08
6.08206e-09
3.38236e-08
-7.47144e-10
3.27817e-08
-7.28716e-09
3.18167e-08
-1.35612e-08
3.09272e-08
-1.95895e-08
3.0108e-08
-2.53907e-08
2.93552e-08
-3.09824e-08
2.86654e-08
-3.63813e-08
2.80348e-08
-4.16033e-08
2.74598e-08
-4.66634e-08
2.6937e-08
-5.15758e-08
2.64628e-08
-5.63539e-08
2.60342e-08
-6.10105e-08
2.5648e-08
-6.55577e-08
2.53016e-08
-7.00068e-08
2.49923e-08
-7.43688e-08
2.47178e-08
-7.86525e-08
2.44751e-08
-8.2869e-08
2.42624e-08
-8.70274e-08
2.40784e-08
-9.11362e-08
2.39213e-08
-9.52039e-08
2.37898e-08
-9.92383e-08
2.36827e-08
-1.03247e-07
2.35991e-08
-1.07238e-07
2.35386e-08
-1.11218e-07
2.35012e-08
-1.15194e-07
2.34878e-08
-1.19174e-07
2.35001e-08
-1.23157e-07
2.35424e-08
-1.27162e-07
2.36235e-08
-1.31197e-07
2.37417e-08
-1.35275e-07
2.39172e-08
-1.39408e-07
2.41696e-08
-1.43614e-07
2.45283e-08
-1.47925e-07
2.50459e-08
-1.52379e-07
2.58085e-08
-1.57065e-07
2.68909e-08
-1.62052e-07
2.82303e-08
-1.67404e-07
2.97889e-08
-1.73183e-07
3.15457e-08
-1.79449e-07
3.34874e-08
-1.86262e-07
3.56051e-08
-1.93684e-07
3.78919e-08
-2.01782e-07
4.03413e-08
-2.10624e-07
4.29458e-08
-2.20281e-07
4.56955e-08
-2.30829e-07
4.85763e-08
-2.42345e-07
5.15687e-08
-2.54911e-07
5.4647e-08
-2.68589e-07
5.77729e-08
-2.83473e-07
6.08983e-08
-2.99641e-07
6.40009e-08
-3.17146e-07
6.69777e-08
-3.36007e-07
6.97237e-08
-3.56197e-07
7.21083e-08
-3.7762e-07
7.39747e-08
-4.00089e-07
7.51453e-08
-4.23307e-07
7.54315e-08
-4.46859e-07
7.46518e-08
-4.70209e-07
7.26578e-08
-4.92744e-07
6.93594e-08
-5.13828e-07
6.47536e-08
-5.32878e-07
5.89367e-08
-5.49441e-07
5.20975e-08
-5.63238e-07
4.44911e-08
-5.74175e-07
3.63995e-08
-5.82316e-07
2.80908e-08
-5.87832e-07
1.97861e-08
-5.90951e-07
1.16429e-08
3.75316e-09
3.28664e-07
3.17771e-09
3.2676e-07
9.70033e-09
3.23461e-07
1.63269e-08
3.18679e-07
2.30084e-08
3.12351e-07
2.96564e-08
3.04453e-07
3.61433e-08
2.95023e-07
4.23125e-08
2.84167e-07
4.79969e-08
2.72061e-07
5.30417e-08
2.58931e-07
5.73259e-08
2.45033e-07
6.07764e-08
2.30628e-07
6.33728e-08
2.1596e-07
6.51424e-08
2.01241e-07
6.61486e-08
1.86647e-07
6.64783e-08
1.72314e-07
6.62292e-08
1.58345e-07
6.55009e-08
1.44812e-07
6.43885e-08
1.31764e-07
6.29793e-08
1.19231e-07
6.13506e-08
1.07225e-07
5.95695e-08
9.57515e-08
5.7693e-08
8.48029e-08
5.57687e-08
7.43674e-08
5.38354e-08
6.44282e-08
5.19242e-08
5.49652e-08
5.00596e-08
4.59562e-08
4.82599e-08
3.73778e-08
4.65385e-08
2.92057e-08
4.49047e-08
2.14156e-08
4.33643e-08
1.39834e-08
4.192e-08
6.88565e-09
4.05726e-08
9.93063e-11
3.93211e-08
-6.39961e-09
3.8164e-08
-1.26316e-08
3.7096e-08
-1.86178e-08
3.61128e-08
-2.43769e-08
3.52097e-08
-2.99269e-08
3.43823e-08
-3.52845e-08
3.36263e-08
-4.04658e-08
3.29372e-08
-4.54859e-08
3.23108e-08
-5.03591e-08
3.1743e-08
-5.5099e-08
3.12298e-08
-5.97185e-08
3.07677e-08
-6.42301e-08
3.03532e-08
-6.86459e-08
2.99833e-08
-7.29792e-08
2.96553e-08
-7.72355e-08
2.93675e-08
-8.14241e-08
2.91169e-08
-8.5556e-08
2.89005e-08
-8.96406e-08
2.87165e-08
-9.36866e-08
2.85632e-08
-9.7702e-08
2.84392e-08
-1.01695e-07
2.83436e-08
-1.05672e-07
2.82758e-08
-1.09642e-07
2.82359e-08
-1.1361e-07
2.82247e-08
-1.17585e-07
2.82445e-08
-1.21564e-07
2.83006e-08
-1.25568e-07
2.84025e-08
-1.29603e-07
2.85487e-08
-1.33678e-07
2.87635e-08
-1.37806e-07
2.90709e-08
-1.42008e-07
2.95042e-08
-1.46308e-07
3.0127e-08
-1.50741e-07
3.10431e-08
-1.55398e-07
3.23448e-08
-1.6035e-07
3.3955e-08
-1.65664e-07
3.58305e-08
-1.71402e-07
3.79455e-08
-1.77624e-07
4.0284e-08
-1.84392e-07
4.28349e-08
-1.91769e-07
4.55901e-08
-1.99822e-07
4.85417e-08
-2.08621e-07
5.1681e-08
-2.18236e-07
5.49962e-08
-2.28745e-07
5.84708e-08
-2.40226e-07
6.20817e-08
-2.52758e-07
6.57983e-08
-2.6641e-07
6.95745e-08
-2.81276e-07
7.33538e-08
-2.97435e-07
7.71082e-08
-3.14941e-07
8.07146e-08
-3.33819e-07
8.40472e-08
-3.54043e-07
8.69485e-08
-3.7552e-07
8.92302e-08
-3.98067e-07
9.06778e-08
-4.21388e-07
9.10633e-08
-4.45063e-07
9.01663e-08
-4.6857e-07
8.7804e-08
-4.91288e-07
8.38663e-08
-5.12574e-07
7.83465e-08
-5.31839e-07
7.13572e-08
-5.48621e-07
6.3123e-08
-5.6263e-07
5.39488e-08
-5.73763e-07
4.41731e-08
-5.82072e-07
3.41185e-08
-5.8772e-07
2.4052e-08
-5.90922e-07
1.4165e-08
4.5702e-09
3.28667e-07
3.70383e-09
3.26771e-07
1.13077e-08
3.23487e-07
1.90338e-08
3.18728e-07
2.68255e-08
3.12429e-07
3.45801e-08
3.04566e-07
4.21494e-08
2.95174e-07
4.93513e-08
2.84358e-07
5.59907e-08
2.72291e-07
6.18866e-08
2.59197e-07
6.68967e-08
2.45331e-07
7.09345e-08
2.30954e-07
7.3975e-08
2.1631e-07
7.60489e-08
2.01612e-07
7.72299e-08
1.87037e-07
7.76187e-08
1.72722e-07
7.73297e-08
1.58771e-07
7.64792e-08
1.45258e-07
7.51789e-08
1.32233e-07
7.35307e-08
1.19724e-07
7.16255e-08
1.07746e-07
6.9542e-08
9.63021e-08
6.73469e-08
8.53866e-08
6.50961e-08
7.4987e-08
6.28351e-08
6.50861e-08
6.06004e-08
5.56639e-08
5.84203e-08
4.66977e-08
5.63165e-08
3.81637e-08
5.43046e-08
3.00377e-08
5.23954e-08
2.22949e-08
5.05955e-08
1.4911e-08
4.89083e-08
7.86198e-09
4.73345e-08
1.12449e-09
4.5873e-08
-5.32308e-09
4.45209e-08
-1.15039e-08
4.32742e-08
-1.74391e-08
4.21267e-08
-2.31476e-08
4.10729e-08
-2.86473e-08
4.01076e-08
-3.39553e-08
3.92258e-08
-3.90877e-08
3.84224e-08
-4.40599e-08
3.76925e-08
-4.88865e-08
3.70313e-08
-5.35812e-08
3.64343e-08
-5.81568e-08
3.58973e-08
-6.26253e-08
3.54164e-08
-6.69976e-08
3.4988e-08
-7.12827e-08
3.46087e-08
-7.54986e-08
3.4276e-08
-7.96525e-08
3.39865e-08
-8.37531e-08
3.37377e-08
-8.7809e-08
3.35272e-08
-9.1829e-08
3.3353e-08
-9.58212e-08
3.32135e-08
-9.97936e-08
3.31077e-08
-1.03754e-07
3.30346e-08
-1.0771e-07
3.29944e-08
-1.11668e-07
3.29882e-08
-1.15635e-07
3.30185e-08
-1.19609e-07
3.30917e-08
-1.23609e-07
3.3218e-08
-1.27639e-07
3.3395e-08
-1.31708e-07
3.36517e-08
-1.35837e-07
3.40149e-08
-1.40035e-07
3.45243e-08
-1.44322e-07
3.52531e-08
-1.48729e-07
3.6323e-08
-1.53349e-07
3.78446e-08
-1.58259e-07
3.97287e-08
-1.63527e-07
4.19248e-08
-1.69215e-07
4.44025e-08
-1.75386e-07
4.71428e-08
-1.82102e-07
5.01327e-08
-1.89427e-07
5.33627e-08
-1.97428e-07
5.68239e-08
-2.06174e-07
6.05061e-08
-2.1574e-07
6.43959e-08
-2.26201e-07
6.84743e-08
-2.37637e-07
7.27144e-08
-2.50131e-07
7.7081e-08
-2.63753e-07
8.15207e-08
-2.78598e-07
8.59696e-08
-2.94746e-07
9.03927e-08
-3.12255e-07
9.46477e-08
-3.31151e-07
9.85877e-08
-3.51414e-07
1.02028e-07
-3.72954e-07
1.04749e-07
-3.95592e-07
1.06498e-07
-4.19036e-07
1.07006e-07
-4.42869e-07
1.06013e-07
-4.66566e-07
1.03302e-07
-4.89504e-07
9.87374e-08
-5.11036e-07
9.23086e-08
-5.30564e-07
8.41426e-08
-5.47613e-07
7.44985e-08
-5.61883e-07
6.37305e-08
-5.73256e-07
5.22332e-08
-5.81772e-07
4.03843e-08
-5.8758e-07
2.84978e-08
-5.90886e-07
1.67997e-08
5.42639e-09
3.28669e-07
4.22882e-09
3.26783e-07
1.29113e-08
3.23516e-07
2.17346e-08
3.18782e-07
3.06344e-08
3.12516e-07
3.94944e-08
3.04692e-07
4.81462e-08
2.95345e-07
5.63822e-08
2.84576e-07
6.39797e-08
2.72555e-07
7.07312e-08
2.59504e-07
7.64728e-08
2.45678e-07
8.1104e-08
2.31335e-07
8.45944e-08
2.16721e-07
8.6978e-08
2.02049e-07
8.8338e-08
1.87498e-07
8.87893e-08
1.73206e-07
8.84625e-08
1.59279e-07
8.74911e-08
1.45791e-07
8.6003e-08
1.32792e-07
8.41156e-08
1.20313e-07
8.19331e-08
1.08368e-07
7.95459e-08
9.69597e-08
7.70309e-08
8.6083e-08
7.4452e-08
7.57251e-08
7.18617e-08
6.58689e-08
6.93018e-08
5.64938e-08
6.68048e-08
4.7577e-08
6.43955e-08
3.90946e-08
6.20917e-08
3.10217e-08
5.99057e-08
2.33337e-08
5.7845e-08
1.60058e-08
5.59135e-08
9.014e-09
5.4112e-08
2.33484e-09
5.2439e-08
-4.05438e-09
5.08914e-08
-1.01758e-08
4.94645e-08
-1.60513e-08
4.81517e-08
-2.17001e-08
4.69462e-08
-2.71403e-08
4.58422e-08
-3.23891e-08
4.4834e-08
-3.7463e-08
4.39157e-08
-4.23775e-08
4.30817e-08
-4.71473e-08
4.23268e-08
-5.17864e-08
4.16459e-08
-5.63079e-08
4.10342e-08
-6.07238e-08
4.04873e-08
-6.50444e-08
4.00011e-08
-6.92775e-08
3.95714e-08
-7.3446e-08
3.91942e-08
-7.75559e-08
3.88667e-08
-8.16157e-08
3.85865e-08
-8.56338e-08
3.83509e-08
-8.96192e-08
3.81575e-08
-9.35801e-08
3.80045e-08
-9.75249e-08
3.78904e-08
-1.01461e-07
3.78145e-08
-1.05397e-07
3.77767e-08
-1.09339e-07
3.77782e-08
-1.13294e-07
3.78218e-08
-1.1726e-07
3.79157e-08
-1.21257e-07
3.80687e-08
-1.2528e-07
3.82809e-08
-1.2935e-07
3.8582e-08
-1.33476e-07
3.90043e-08
-1.37669e-07
3.95924e-08
-1.41942e-07
4.04291e-08
-1.46318e-07
4.16528e-08
-1.50897e-07
4.33966e-08
-1.55759e-07
4.55583e-08
-1.60973e-07
4.80795e-08
-1.66605e-07
5.0925e-08
-1.72716e-07
5.40728e-08
-1.79371e-07
5.75084e-08
-1.86634e-07
6.12207e-08
-1.94573e-07
6.51998e-08
-2.0326e-07
6.94343e-08
-2.12767e-07
7.3909e-08
-2.23174e-07
7.86026e-08
-2.34561e-07
8.3485e-08
-2.47011e-07
8.85164e-08
-2.60598e-07
9.36362e-08
-2.75417e-07
9.87734e-08
-2.91551e-07
1.03886e-07
-3.09061e-07
1.08812e-07
-3.27979e-07
1.13384e-07
-3.48287e-07
1.17392e-07
-3.69902e-07
1.20579e-07
-3.92647e-07
1.22658e-07
-4.16236e-07
1.23316e-07
-4.40258e-07
1.22252e-07
-4.64186e-07
1.19212e-07
-4.87385e-07
1.14038e-07
-5.09207e-07
1.06708e-07
-5.29046e-07
9.73618e-08
-5.46413e-07
8.62909e-08
-5.60993e-07
7.38984e-08
-5.72653e-07
6.0635e-08
-5.81415e-07
4.69339e-08
-5.87414e-07
3.31575e-08
-5.90843e-07
1.95682e-08
6.32853e-09
3.28672e-07
4.75281e-09
3.26795e-07
1.45119e-08
3.23546e-07
2.44304e-08
3.18838e-07
3.44367e-08
3.12608e-07
4.4401e-08
3.04829e-07
5.41353e-08
2.95531e-07
6.34069e-08
2.84816e-07
7.19658e-08
2.72848e-07
7.95777e-08
2.59847e-07
8.60567e-08
2.46067e-07
9.12878e-08
2.31765e-07
9.52347e-08
2.17187e-07
9.79338e-08
2.02547e-07
9.94777e-08
1.88025e-07
9.99952e-08
1.73762e-07
9.96332e-08
1.59863e-07
9.85423e-08
1.46405e-07
9.6867e-08
1.33438e-07
9.474e-08
1.20993e-07
9.22793e-08
1.09086e-07
8.95872e-08
9.77189e-08
8.67508e-08
8.68866e-08
8.38424e-08
7.65764e-08
8.09211e-08
6.67708e-08
7.80343e-08
5.74491e-08
7.52187e-08
4.85882e-08
7.25022e-08
4.01639e-08
6.99048e-08
3.21513e-08
6.74404e-08
2.45252e-08
6.51174e-08
1.72609e-08
6.29399e-08
1.0334e-08
6.0909e-08
3.72102e-09
5.90229e-08
-2.60099e-09
5.72779e-08
-8.6541e-09
5.56692e-08
-1.44606e-08
5.41894e-08
-2.00399e-08
5.28307e-08
-2.54102e-08
5.15865e-08
-3.05891e-08
5.04503e-08
-3.55933e-08
4.94158e-08
-4.04385e-08
4.84767e-08
-4.51396e-08
4.76271e-08
-4.9711e-08
4.68612e-08
-5.41659e-08
4.61739e-08
-5.85171e-08
4.55602e-08
-6.27763e-08
4.50155e-08
-6.69545e-08
4.45352e-08
-7.10661e-08
4.41149e-08
-7.51208e-08
4.37514e-08
-7.91282e-08
4.34419e-08
-8.30977e-08
4.31834e-08
-8.70382e-08
4.29733e-08
-9.09583e-08
4.28094e-08
-9.48666e-08
4.26901e-08
-9.87707e-08
4.26144e-08
-1.02678e-07
4.25821e-08
-1.06597e-07
4.25945e-08
-1.10534e-07
4.26543e-08
-1.14488e-07
4.2772e-08
-1.1847e-07
4.29566e-08
-1.22493e-07
4.32077e-08
-1.26563e-07
4.35576e-08
-1.30686e-07
4.40437e-08
-1.34872e-07
4.47142e-08
-1.3913e-07
4.56609e-08
-1.4347e-07
4.7038e-08
-1.48002e-07
4.90069e-08
-1.52809e-07
5.14506e-08
-1.57963e-07
5.43024e-08
-1.63531e-07
5.75221e-08
-1.69576e-07
6.10847e-08
-1.76162e-07
6.49737e-08
-1.83357e-07
6.9177e-08
-1.91228e-07
7.36837e-08
-1.99847e-07
7.84812e-08
-2.09289e-07
8.3553e-08
-2.19635e-07
8.88757e-08
-2.30965e-07
9.44159e-08
-2.43366e-07
1.00129e-07
-2.56913e-07
1.05949e-07
-2.71703e-07
1.11796e-07
-2.87821e-07
1.17621e-07
-3.05334e-07
1.23246e-07
-3.24277e-07
1.28479e-07
-3.44638e-07
1.33084e-07
-3.66339e-07
1.36773e-07
-3.89211e-07
1.39217e-07
-4.12971e-07
1.40061e-07
-4.3721e-07
1.3896e-07
-4.61384e-07
1.3562e-07
-4.84892e-07
1.29853e-07
-5.07059e-07
1.21626e-07
-5.27264e-07
1.11092e-07
-5.45005e-07
9.85723e-08
-5.59949e-07
8.45186e-08
-5.71944e-07
6.9437e-08
-5.80995e-07
5.38166e-08
-5.87219e-07
3.80687e-08
-5.90792e-07
2.24946e-08
7.28442e-09
3.28674e-07
5.27635e-09
3.26806e-07
1.61113e-08
3.23574e-07
2.71239e-08
3.18894e-07
3.82355e-08
3.12701e-07
4.93035e-08
3.04968e-07
6.01204e-08
2.95724e-07
7.04294e-08
2.85066e-07
7.9953e-08
2.73157e-07
8.84303e-08
2.60213e-07
9.5653e-08
2.46485e-07
1.01491e-07
2.3223e-07
1.05901e-07
2.17693e-07
1.08922e-07
2.03091e-07
1.10655e-07
1.88604e-07
1.11242e-07
1.74374e-07
1.10848e-07
1.60509e-07
1.09639e-07
1.47085e-07
1.07777e-07
1.34155e-07
1.05411e-07
1.21751e-07
1.02671e-07
1.09886e-07
9.96728e-08
9.85658e-08
9.65135e-08
8.77834e-08
9.32738e-08
7.75264e-08
9.00199e-08
6.77773e-08
8.68043e-08
5.85149e-08
8.36683e-08
4.97162e-08
8.06426e-08
4.13567e-08
7.77497e-08
3.34112e-08
7.50048e-08
2.58545e-08
7.24172e-08
1.86615e-08
6.99917e-08
1.18078e-08
6.7729e-08
5.26956e-09
6.56274e-08
-9.76176e-10
6.36828e-08
-6.95165e-09
6.18898e-08
-1.26791e-08
6.02406e-08
-1.81783e-08
5.87263e-08
-2.34678e-08
5.73396e-08
-2.85653e-08
5.60734e-08
-3.34876e-08
5.49206e-08
-3.82508e-08
5.38743e-08
-4.28701e-08
5.29281e-08
-4.73602e-08
5.20758e-08
-5.17351e-08
5.13115e-08
-5.60082e-08
5.06299e-08
-6.0193e-08
5.00258e-08
-6.43035e-08
4.94948e-08
-6.83453e-08
4.90322e-08
-7.23315e-08
4.86343e-08
-7.62734e-08
4.82975e-08
-8.01811e-08
4.80186e-08
-8.40641e-08
4.77946e-08
-8.79316e-08
4.76233e-08
-9.17924e-08
4.75027e-08
-9.56544e-08
4.74318e-08
-9.95254e-08
4.74104e-08
-1.03412e-07
4.74398e-08
-1.07321e-07
4.75233e-08
-1.11243e-07
4.76716e-08
-1.15208e-07
4.7892e-08
-1.19226e-07
4.81854e-08
-1.23292e-07
4.85874e-08
-1.27414e-07
4.91402e-08
-1.31594e-07
4.98963e-08
-1.35836e-07
5.09554e-08
-1.40139e-07
5.24858e-08
-1.4462e-07
5.46825e-08
-1.49367e-07
5.74128e-08
-1.54454e-07
6.06012e-08
-1.5995e-07
6.42024e-08
-1.65921e-07
6.81885e-08
-1.72432e-07
7.25408e-08
-1.79551e-07
7.72461e-08
-1.87346e-07
8.22922e-08
-1.95891e-07
8.76658e-08
-2.05263e-07
9.3349e-08
-2.1554e-07
9.93164e-08
-2.26809e-07
1.05532e-07
-2.39156e-07
1.11947e-07
-2.52662e-07
1.18488e-07
-2.67418e-07
1.2507e-07
-2.8352e-07
1.31636e-07
-3.01037e-07
1.37988e-07
-3.20009e-07
1.43916e-07
-3.40432e-07
1.49155e-07
-3.62234e-07
1.53383e-07
-3.8525e-07
1.56231e-07
-4.09202e-07
1.57298e-07
-4.33686e-07
1.56194e-07
-4.58166e-07
1.52581e-07
-4.82031e-07
1.4624e-07
-5.04588e-07
1.3713e-07
-5.2521e-07
1.25404e-07
-5.4338e-07
1.11415e-07
-5.58742e-07
9.56601e-08
-5.71125e-07
7.87011e-08
-5.8051e-07
6.10841e-08
-5.86994e-07
4.32706e-08
-5.90734e-07
2.56033e-08
8.30241e-09
3.28676e-07
5.80009e-09
3.26816e-07
1.77117e-08
3.23599e-07
2.9819e-08
3.18944e-07
4.20361e-08
3.12787e-07
5.42079e-08
3.051e-07
6.61085e-08
2.95911e-07
7.74567e-08
2.85314e-07
8.79485e-08
2.73466e-07
9.72963e-08
2.60582e-07
1.05269e-07
2.4691e-07
1.1172e-07
2.32706e-07
1.16601e-07
2.18216e-07
1.1995e-07
2.03656e-07
1.21877e-07
1.89208e-07
1.22539e-07
1.75016e-07
1.22115e-07
1.61189e-07
1.20789e-07
1.47805e-07
1.18742e-07
1.34917e-07
1.16135e-07
1.22557e-07
1.13116e-07
1.1074e-07
1.0981e-07
9.94712e-08
1.06327e-07
8.87438e-08
1.02754e-07
7.85452e-08
9.91654e-08
6.88578e-08
9.56191e-08
5.96604e-08
9.21604e-08
5.09299e-08
8.88232e-08
4.26414e-08
8.56323e-08
3.47698e-08
8.26042e-08
2.72897e-08
7.97493e-08
2.01761e-08
7.70725e-08
1.34042e-08
7.4575e-08
6.95023e-09
7.22546e-08
7.91028e-10
7.0107e-08
-5.09578e-09
6.81262e-08
-1.07325e-08
6.63043e-08
-1.61394e-08
6.46313e-08
-2.13352e-08
6.3099e-08
-2.6338e-08
6.16997e-08
-3.11648e-08
6.04257e-08
-3.58319e-08
5.92696e-08
-4.0355e-08
5.82244e-08
-4.47491e-08
5.72834e-08
-4.90284e-08
5.64403e-08
-5.32071e-08
5.56892e-08
-5.7299e-08
5.50246e-08
-6.13196e-08
5.4442e-08
-6.52731e-08
5.39379e-08
-6.91738e-08
5.35066e-08
-7.30337e-08
5.31439e-08
-7.68635e-08
5.28464e-08
-8.06729e-08
5.26109e-08
-8.44714e-08
5.24348e-08
-8.82676e-08
5.23158e-08
-9.20697e-08
5.22527e-08
-9.58859e-08
5.2245e-08
-9.97247e-08
5.22934e-08
-1.03597e-07
5.24015e-08
-1.07488e-07
5.25882e-08
-1.11433e-07
5.28568e-08
-1.15434e-07
5.32003e-08
-1.1949e-07
5.36613e-08
-1.23603e-07
5.42884e-08
-1.27774e-07
5.5137e-08
-1.31997e-07
5.63135e-08
-1.36262e-07
5.79991e-08
-1.40689e-07
6.04271e-08
-1.4537e-07
6.34495e-08
-1.50384e-07
6.69819e-08
-1.55802e-07
7.09736e-08
-1.61692e-07
7.53936e-08
-1.68121e-07
8.02212e-08
-1.75158e-07
8.54419e-08
-1.82872e-07
9.10424e-08
-1.91338e-07
9.7008e-08
-2.00633e-07
1.0332e-07
-2.1084e-07
1.09951e-07
-2.22044e-07
1.16863e-07
-2.34335e-07
1.24002e-07
-2.47798e-07
1.3129e-07
-2.62522e-07
1.38635e-07
-2.78609e-07
1.45972e-07
-2.96133e-07
1.53086e-07
-3.1514e-07
1.59746e-07
-3.35634e-07
1.65658e-07
-3.5755e-07
1.70468e-07
-3.80731e-07
1.73764e-07
-4.04907e-07
1.751e-07
-4.29675e-07
1.74034e-07
-4.54506e-07
1.70185e-07
-4.78745e-07
1.633e-07
-5.0175e-07
1.53315e-07
-5.22854e-07
1.40387e-07
-5.41515e-07
1.24901e-07
-5.57357e-07
1.07397e-07
-5.70182e-07
8.84931e-08
-5.79951e-07
6.87916e-08
-5.86733e-07
4.88061e-08
-5.90665e-07
2.89219e-08
9.39349e-09
3.28677e-07
6.32573e-09
3.26821e-07
1.93173e-08
3.23616e-07
3.25218e-08
3.18982e-07
4.58466e-08
3.12856e-07
5.91239e-08
3.05211e-07
7.21098e-08
2.96074e-07
8.45e-08
2.85535e-07
9.59638e-08
2.73748e-07
1.06187e-07
2.60925e-07
1.14916e-07
2.4731e-07
1.21988e-07
2.33159e-07
1.27345e-07
2.18717e-07
1.31028e-07
2.04201e-07
1.33155e-07
1.89796e-07
1.33894e-07
1.75645e-07
1.33443e-07
1.61859e-07
1.32003e-07
1.48519e-07
1.29769e-07
1.35676e-07
1.26922e-07
1.23364e-07
1.23622e-07
1.116e-07
1.20009e-07
1.00387e-07
1.16199e-07
8.97185e-08
1.12291e-07
7.9583e-08
1.08366e-07
6.99624e-08
1.04486e-07
6.08355e-08
1.00702e-07
5.2179e-08
9.70504e-08
4.39681e-08
9.35582e-08
3.61776e-08
9.02435e-08
2.8782e-08
8.71174e-08
2.17561e-08
8.41855e-08
1.50754e-08
8.14489e-08
8.71591e-09
7.89053e-08
2.65434e-09
7.655e-08
-3.13166e-09
7.43767e-08
-8.66429e-09
7.23772e-08
-1.39645e-08
7.0541e-08
-1.90515e-08
6.88588e-08
-2.39434e-08
6.73222e-08
-2.86578e-08
6.59232e-08
-3.32117e-08
6.4654e-08
-3.76212e-08
6.35069e-08
-4.19017e-08
6.24751e-08
-4.60681e-08
6.15517e-08
-5.01339e-08
6.07307e-08
-5.4111e-08
6.00063e-08
-5.80067e-08
5.93728e-08
-6.1849e-08
5.88243e-08
-6.56441e-08
5.83574e-08
-6.9402e-08
5.7968e-08
-7.31335e-08
5.76525e-08
-7.68493e-08
5.74075e-08
-8.05596e-08
5.72301e-08
-8.42742e-08
5.71181e-08
-8.80016e-08
5.70701e-08
-9.17486e-08
5.70854e-08
-9.55187e-08
5.71649e-08
-9.9302e-08
5.73095e-08
-1.03118e-07
5.75366e-08
-1.07065e-07
5.78355e-08
-1.11048e-07
5.82345e-08
-1.15082e-07
5.87654e-08
-1.19175e-07
5.94769e-08
-1.23327e-07
6.04272e-08
-1.27528e-07
6.17292e-08
-1.31758e-07
6.35751e-08
-1.36127e-07
6.62381e-08
-1.40738e-07
6.95595e-08
-1.45672e-07
7.34455e-08
-1.51005e-07
7.784e-08
-1.56807e-07
8.27078e-08
-1.63148e-07
8.80262e-08
-1.70097e-07
9.37793e-08
-1.77727e-07
9.99531e-08
-1.86109e-07
1.06532e-07
-1.95326e-07
1.13497e-07
-2.05461e-07
1.20817e-07
-2.16602e-07
1.28451e-07
-2.28839e-07
1.36344e-07
-2.42261e-07
1.4441e-07
-2.5696e-07
1.52551e-07
-2.73038e-07
1.60694e-07
-2.90576e-07
1.68607e-07
-3.09628e-07
1.76038e-07
-3.30204e-07
1.82664e-07
-3.52252e-07
1.88098e-07
-3.75623e-07
1.91888e-07
-4.0005e-07
1.93538e-07
-4.25136e-07
1.92554e-07
-4.50348e-07
1.88506e-07
-4.75044e-07
1.81099e-07
-4.9856e-07
1.70247e-07
-5.20203e-07
1.56118e-07
-5.39415e-07
1.39107e-07
-5.55796e-07
1.19803e-07
-5.69121e-07
9.88789e-08
-5.7932e-07
7.69945e-08
-5.86439e-07
5.4717e-08
-5.90589e-07
3.24769e-08
1.05661e-08
3.28677e-07
6.85461e-09
3.26822e-07
2.09326e-08
3.23623e-07
3.52403e-08
3.19002e-07
4.96774e-08
3.12899e-07
6.40644e-08
3.05288e-07
7.81395e-08
2.96194e-07
9.15757e-08
2.85705e-07
1.04016e-07
2.73972e-07
1.15121e-07
2.61203e-07
1.24612e-07
2.4764e-07
1.32311e-07
2.33538e-07
1.38151e-07
2.19142e-07
1.42173e-07
2.04669e-07
1.44503e-07
1.90304e-07
1.45323e-07
1.76195e-07
1.44846e-07
1.62451e-07
1.43291e-07
1.49155e-07
1.40872e-07
1.3636e-07
1.37784e-07
1.24099e-07
1.34202e-07
1.12389e-07
1.30277e-07
1.01234e-07
1.26139e-07
9.06293e-08
1.21894e-07
8.0561e-08
1.17629e-07
7.10118e-08
1.13413e-07
6.19607e-08
1.093e-07
5.33844e-08
1.0533e-07
4.52581e-08
1.01532e-07
3.75566e-08
9.79257e-08
3.02546e-08
9.45234e-08
2.33268e-08
9.13309e-08
1.67486e-08
8.83495e-08
1.04959e-08
8.55768e-08
4.54553e-09
8.30079e-08
-1.12521e-09
8.0636e-08
-6.53842e-09
7.84528e-08
-1.17154e-08
7.64474e-08
-1.66757e-08
7.46094e-08
-2.14377e-08
7.29299e-08
-2.60195e-08
7.14005e-08
-3.04381e-08
7.00128e-08
-3.471e-08
6.8759e-08
-3.88513e-08
6.76315e-08
-4.2877e-08
6.66233e-08
-4.6802e-08
6.5728e-08
-5.06402e-08
6.49396e-08
-5.44055e-08
6.42517e-08
-5.81115e-08
6.36588e-08
-6.17706e-08
6.31566e-08
-6.53947e-08
6.27409e-08
-6.89958e-08
6.2408e-08
-7.2585e-08
6.21541e-08
-7.61731e-08
6.1976e-08
-7.97707e-08
6.18714e-08
-8.33884e-08
6.18386e-08
-8.70378e-08
6.1877e-08
-9.07297e-08
6.19852e-08
-9.44511e-08
6.21728e-08
-9.82299e-08
6.24528e-08
-1.02074e-07
6.2812e-08
-1.0599e-07
6.32813e-08
-1.09974e-07
6.38912e-08
-1.1403e-07
6.46956e-08
-1.18153e-07
6.5756e-08
-1.2233e-07
6.71904e-08
-1.26537e-07
6.92035e-08
-1.30846e-07
7.21029e-08
-1.35375e-07
7.57321e-08
-1.40218e-07
7.99851e-08
-1.45455e-07
8.47984e-08
-1.51159e-07
9.01325e-08
-1.57403e-07
9.59621e-08
-1.64257e-07
1.02269e-07
-1.71796e-07
1.09035e-07
-1.80098e-07
1.16246e-07
-1.89243e-07
1.23879e-07
-1.99315e-07
1.31905e-07
-2.10403e-07
1.4028e-07
-2.226e-07
1.48947e-07
-2.36001e-07
1.57819e-07
-2.50694e-07
1.66789e-07
-2.66788e-07
1.75778e-07
-2.84367e-07
1.84538e-07
-3.03489e-07
1.92797e-07
-3.24169e-07
2.00203e-07
-3.46354e-07
2.06326e-07
-3.69929e-07
2.10667e-07
-3.94634e-07
2.12688e-07
-4.20077e-07
2.11839e-07
-4.45727e-07
2.07636e-07
-4.7094e-07
1.99739e-07
-4.94979e-07
1.88037e-07
-5.17238e-07
1.72684e-07
-5.37069e-07
1.54116e-07
-5.54053e-07
1.32954e-07
-5.67935e-07
1.09926e-07
-5.78616e-07
8.57493e-08
-5.86111e-07
6.10464e-08
-5.90503e-07
3.62955e-08
1.18298e-08
3.28672e-07
7.39076e-09
3.26811e-07
2.25662e-08
3.23607e-07
3.79868e-08
3.18986e-07
5.35452e-08
3.12891e-07
6.90494e-08
3.05297e-07
8.42201e-08
2.96229e-07
9.87081e-08
2.85773e-07
1.12131e-07
2.74079e-07
1.24122e-07
2.61351e-07
1.34381e-07
2.4783e-07
1.42711e-07
2.33768e-07
1.49038e-07
2.19409e-07
1.53404e-07
2.04974e-07
1.55939e-07
1.90646e-07
1.56842e-07
1.76574e-07
1.56339e-07
1.62871e-07
1.5467e-07
1.49618e-07
1.52063e-07
1.3687e-07
1.48732e-07
1.2466e-07
1.44866e-07
1.13006e-07
1.40628e-07
1.01912e-07
1.36158e-07
9.13721e-08
1.31572e-07
8.13741e-08
1.26963e-07
7.19005e-08
1.22406e-07
6.29302e-08
1.17959e-07
5.44401e-08
1.13665e-07
4.64057e-08
1.09556e-07
3.88019e-08
1.05652e-07
3.16034e-08
1.01966e-07
2.47851e-08
9.8506e-08
1.83224e-08
9.52722e-08
1.21912e-08
9.22627e-08
6.36792e-09
8.94723e-08
8.29928e-10
8.6894e-08
-4.44506e-09
8.45193e-08
-9.47878e-09
8.23371e-08
-1.42911e-08
8.0336e-08
-1.8901e-08
7.85065e-08
-2.33266e-08
7.68398e-08
-2.75855e-08
7.53271e-08
-3.16945e-08
7.39601e-08
-3.56701e-08
7.27309e-08
-3.95281e-08
7.16321e-08
-4.32846e-08
7.06569e-08
-4.69561e-08
6.97988e-08
-5.05631e-08
6.90524e-08
-5.41026e-08
6.84136e-08
-5.75942e-08
6.78759e-08
-6.10527e-08
6.74341e-08
-6.44911e-08
6.70843e-08
-6.79218e-08
6.68228e-08
-7.13567e-08
6.66464e-08
-7.48077e-08
6.65527e-08
-7.82861e-08
6.65394e-08
-8.18047e-08
6.66069e-08
-8.53479e-08
6.67576e-08
-8.89581e-08
6.69936e-08
-9.26348e-08
6.73316e-08
-9.63841e-08
6.77583e-08
-1.00212e-07
6.8306e-08
-1.04121e-07
6.90055e-08
-1.08113e-07
6.9913e-08
-1.12181e-07
7.10943e-08
-1.16316e-07
7.26708e-08
-1.20491e-07
7.48593e-08
-1.24725e-07
7.8e-08
-1.29157e-07
8.195e-08
-1.33894e-07
8.65872e-08
-1.39022e-07
9.18396e-08
-1.4462e-07
9.7663e-08
-1.5077e-07
1.04028e-07
-1.57545e-07
1.10915e-07
-1.65013e-07
1.18307e-07
-1.73251e-07
1.26188e-07
-1.82337e-07
1.34532e-07
-1.92354e-07
1.43307e-07
-2.03393e-07
1.52467e-07
-2.15548e-07
1.61948e-07
-2.28928e-07
1.71655e-07
-2.43616e-07
1.81482e-07
-2.59726e-07
1.91348e-07
-2.77355e-07
2.00992e-07
-2.96573e-07
2.10116e-07
-3.17408e-07
2.18344e-07
-3.39807e-07
2.25215e-07
-3.6362e-07
2.30179e-07
-3.88632e-07
2.32632e-07
-4.14471e-07
2.31971e-07
-4.40602e-07
2.27656e-07
-4.66372e-07
2.19301e-07
-4.91061e-07
2.0676e-07
-5.13943e-07
1.90185e-07
-5.34454e-07
1.70019e-07
-5.52109e-07
1.46932e-07
-5.6661e-07
1.21704e-07
-5.77825e-07
9.51135e-08
-5.85738e-07
6.78392e-08
-5.90402e-07
4.04095e-08
1.31997e-08
3.28671e-07
7.9316e-09
3.26802e-07
2.422e-08
3.23585e-07
4.07701e-08
3.18951e-07
5.74648e-08
3.12846e-07
7.40996e-08
3.05247e-07
9.0378e-08
2.96181e-07
1.05928e-07
2.85731e-07
1.20342e-07
2.74048e-07
1.33227e-07
2.61332e-07
1.4426e-07
2.47824e-07
1.53228e-07
2.33776e-07
1.60045e-07
2.19433e-07
1.64755e-07
2.05015e-07
1.67496e-07
1.90708e-07
1.68479e-07
1.76661e-07
1.67949e-07
1.62988e-07
1.6616e-07
1.49771e-07
1.63363e-07
1.37064e-07
1.59784e-07
1.24902e-07
1.55628e-07
1.13303e-07
1.51073e-07
1.02269e-07
1.46266e-07
9.1796e-08
1.41333e-07
8.18716e-08
1.36374e-07
7.24783e-08
1.3147e-07
6.35954e-08
1.26682e-07
5.51999e-08
1.22056e-07
4.72673e-08
1.17627e-07
3.97728e-08
1.13417e-07
3.26911e-08
1.09439e-07
2.59971e-08
1.05702e-07
1.9666e-08
1.02206e-07
1.36737e-08
9.89506e-08
7.99652e-09
9.59292e-08
2.61137e-09
9.31349e-08
-2.50402e-09
9.05591e-08
-7.3719e-09
8.8191e-08
-1.20127e-08
8.60182e-08
-1.6446e-08
8.40305e-08
-2.06904e-08
8.22188e-08
-2.47642e-08
8.05739e-08
-2.86848e-08
7.90872e-08
-3.24693e-08
7.77505e-08
-3.61339e-08
7.6556e-08
-3.96943e-08
7.54966e-08
-4.31658e-08
7.45656e-08
-4.65628e-08
7.37573e-08
-4.99004e-08
7.30675e-08
-5.31924e-08
7.24896e-08
-5.64524e-08
7.20184e-08
-5.96939e-08
7.16497e-08
-6.29297e-08
7.13801e-08
-6.6172e-08
7.12062e-08
-6.94323e-08
7.1126e-08
-7.27203e-08
7.11379e-08
-7.60364e-08
7.12376e-08
-7.94256e-08
7.14298e-08
-8.28741e-08
7.17204e-08
-8.63987e-08
7.2124e-08
-9.00074e-08
7.2628e-08
-9.37069e-08
7.32659e-08
-9.75014e-08
7.40692e-08
-1.01389e-07
7.50949e-08
-1.05368e-07
7.64139e-08
-1.09421e-07
7.81515e-08
-1.13512e-07
8.05313e-08
-1.17641e-07
8.3918e-08
-1.21957e-07
8.82005e-08
-1.26574e-07
9.32395e-08
-1.31585e-07
9.8953e-08
-1.37077e-07
1.0529e-07
-1.43123e-07
1.12218e-07
-1.49802e-07
1.19711e-07
-1.57193e-07
1.27752e-07
-1.65375e-07
1.36322e-07
-1.74425e-07
1.45401e-07
-1.84432e-07
1.54958e-07
-1.95482e-07
1.64945e-07
-2.07663e-07
1.75298e-07
-2.21052e-07
1.85917e-07
-2.35743e-07
1.96683e-07
-2.51872e-07
2.07489e-07
-2.69568e-07
2.18059e-07
-2.88888e-07
2.28094e-07
-3.09875e-07
2.37201e-07
-3.3251e-07
2.44867e-07
-3.56678e-07
2.50504e-07
-3.82095e-07
2.53457e-07
-4.08393e-07
2.53048e-07
-4.35074e-07
2.48671e-07
-4.61475e-07
2.39887e-07
-4.8686e-07
2.26513e-07
-5.10482e-07
2.0869e-07
-5.31725e-07
1.86875e-07
-5.50102e-07
1.61779e-07
-5.65255e-07
1.34248e-07
-5.77028e-07
1.05114e-07
-5.85372e-07
7.51113e-08
-5.9031e-07
4.48207e-08
1.46677e-08
3.28652e-07
8.49489e-09
3.26748e-07
2.59214e-08
3.23488e-07
4.36223e-08
3.18804e-07
6.14747e-08
3.12646e-07
7.92591e-08
3.04998e-07
9.66603e-08
2.95888e-07
1.13284e-07
2.85404e-07
1.28697e-07
2.73693e-07
1.42481e-07
2.60958e-07
1.5429e-07
2.47437e-07
1.63894e-07
2.33383e-07
1.71201e-07
2.19039e-07
1.76252e-07
2.04626e-07
1.79195e-07
1.90329e-07
1.80254e-07
1.763e-07
1.7969e-07
1.62651e-07
1.77778e-07
1.49464e-07
1.74784e-07
1.36795e-07
1.70952e-07
1.24679e-07
1.66501e-07
1.13131e-07
1.6162e-07
1.02157e-07
1.5647e-07
9.17525e-08
1.51182e-07
8.19044e-08
1.45865e-07
7.25962e-08
1.40604e-07
6.38073e-08
1.35465e-07
5.5515e-08
1.30498e-07
4.76952e-08
1.25738e-07
4.0323e-08
1.2121e-07
3.3373e-08
1.16929e-07
2.68201e-08
1.12903e-07
2.06393e-08
1.09135e-07
1.48058e-08
1.05621e-07
9.29568e-09
1.02358e-07
4.08521e-09
9.93369e-08
-8.48218e-10
9.65496e-08
-5.52706e-09
9.39853e-08
-9.97257e-09
9.16312e-08
-1.42048e-08
8.94764e-08
-1.82431e-08
8.75111e-08
-2.21062e-08
8.57261e-08
-2.58124e-08
8.41125e-08
-2.93791e-08
8.26619e-08
-3.28229e-08
8.13663e-08
-3.61594e-08
8.02184e-08
-3.94012e-08
7.92114e-08
-4.25547e-08
7.83382e-08
-4.56589e-08
7.75895e-08
-4.87182e-08
7.69634e-08
-5.17439e-08
7.64559e-08
-5.47488e-08
7.60621e-08
-5.77463e-08
7.57785e-08
-6.07502e-08
7.56018e-08
-6.37749e-08
7.55292e-08
-6.68383e-08
7.55603e-08
-6.99349e-08
7.56969e-08
-7.30983e-08
7.59376e-08
-7.63246e-08
7.62887e-08
-7.96352e-08
7.67651e-08
-8.30402e-08
7.73563e-08
-8.65479e-08
7.8096e-08
-9.01643e-08
7.90173e-08
-9.38881e-08
8.01769e-08
-9.77183e-08
8.16517e-08
-1.01638e-07
8.35692e-08
-1.05608e-07
8.61586e-08
-1.09594e-07
8.98036e-08
-1.1376e-07
9.44385e-08
-1.18231e-07
9.99039e-08
-1.23108e-07
1.06106e-07
-1.28481e-07
1.12985e-07
-1.34433e-07
1.20503e-07
-1.41032e-07
1.28637e-07
-1.48352e-07
1.37365e-07
-1.5647e-07
1.46667e-07
-1.65466e-07
1.56516e-07
-1.75435e-07
1.6689e-07
-1.86476e-07
1.77737e-07
-1.98687e-07
1.88986e-07
-2.12168e-07
2.0054e-07
-2.27026e-07
2.12278e-07
-2.43332e-07
2.24103e-07
-2.61144e-07
2.35717e-07
-2.80566e-07
2.46773e-07
-3.01724e-07
2.56821e-07
-3.24587e-07
2.6535e-07
-3.49058e-07
2.71734e-07
-3.74919e-07
2.75242e-07
-4.01747e-07
2.75139e-07
-4.29015e-07
2.70746e-07
-4.5609e-07
2.61563e-07
-4.82219e-07
2.47366e-07
-5.06645e-07
2.28279e-07
-5.28672e-07
2.04777e-07
-5.47784e-07
1.77604e-07
-5.63654e-07
1.47653e-07
-5.76054e-07
1.15829e-07
-5.84895e-07
8.293e-08
-5.9017e-07
4.95934e-08
1.62816e-08
3.28672e-07
9.04162e-09
3.26771e-07
2.76328e-08
3.23486e-07
4.65238e-08
3.18757e-07
6.55693e-08
3.1254e-07
8.45364e-08
3.04819e-07
1.03091e-07
2.95627e-07
1.20816e-07
2.85053e-07
1.37252e-07
2.73247e-07
1.51953e-07
2.60415e-07
1.64551e-07
2.46798e-07
1.74798e-07
2.32653e-07
1.82594e-07
2.18228e-07
1.8798e-07
2.03746e-07
1.91115e-07
1.89397e-07
1.92236e-07
1.75332e-07
1.91623e-07
1.61666e-07
1.8957e-07
1.48479e-07
1.86362e-07
1.35826e-07
1.8226e-07
1.23741e-07
1.77499e-07
1.12239e-07
1.72279e-07
1.01326e-07
1.66771e-07
9.09939e-08
1.61115e-07
8.12319e-08
1.55426e-07
7.20222e-08
1.49795e-07
6.3344e-08
1.44292e-07
5.51744e-08
1.38969e-07
4.74886e-08
1.33865e-07
4.02615e-08
1.29006e-07
3.34672e-08
1.24408e-07
2.708e-08
1.20081e-07
2.10742e-08
1.16027e-07
1.54248e-08
1.12243e-07
1.01067e-08
1.08727e-07
5.0944e-09
1.0547e-07
3.66434e-10
1.02461e-07
-4.10026e-09
9.96903e-08
-8.32778e-09
9.71458e-08
-1.23366e-08
9.48149e-08
-1.61465e-08
9.26877e-08
-1.97766e-08
9.07545e-08
-2.32449e-08
8.90058e-08
-2.6569e-08
8.74327e-08
-2.9766e-08
8.60269e-08
-3.28527e-08
8.47803e-08
-3.58473e-08
8.36858e-08
-3.87728e-08
8.27368e-08
-4.16234e-08
8.19286e-08
-4.44217e-08
8.12544e-08
-4.71838e-08
8.0709e-08
-4.99237e-08
8.02881e-08
-5.26545e-08
7.99884e-08
-5.5388e-08
7.98069e-08
-5.81343e-08
7.97413e-08
-6.08974e-08
7.97897e-08
-6.37311e-08
7.99527e-08
-6.66205e-08
8.0234e-08
-6.95706e-08
8.06415e-08
-7.26047e-08
8.11893e-08
-7.57357e-08
8.18694e-08
-7.89754e-08
8.27166e-08
-8.23334e-08
8.37656e-08
-8.58127e-08
8.50737e-08
-8.94151e-08
8.67238e-08
-9.31269e-08
8.88453e-08
-9.69078e-08
9.16713e-08
-1.00698e-07
9.55986e-08
-1.04677e-07
1.00616e-07
-1.08976e-07
1.06543e-07
-1.13701e-07
1.1327e-07
-1.18931e-07
1.20732e-07
-1.24743e-07
1.28887e-07
-1.31217e-07
1.37706e-07
-1.38435e-07
1.47168e-07
-1.46476e-07
1.57252e-07
-1.55422e-07
1.67927e-07
-1.65361e-07
1.79176e-07
-1.7639e-07
1.90945e-07
-1.88606e-07
2.03159e-07
-2.02114e-07
2.15716e-07
-2.17025e-07
2.28484e-07
-2.33485e-07
2.41357e-07
-2.5161e-07
2.54035e-07
-2.71466e-07
2.66169e-07
-2.92973e-07
2.773e-07
-3.16173e-07
2.86825e-07
-3.41096e-07
2.94031e-07
-3.67511e-07
2.98177e-07
-3.95049e-07
2.98442e-07
-4.23115e-07
2.94076e-07
-4.51025e-07
2.84502e-07
-4.78027e-07
2.69445e-07
-5.03319e-07
2.49016e-07
-5.2619e-07
2.2371e-07
-5.46067e-07
1.94322e-07
-5.62571e-07
1.61808e-07
-5.7548e-07
1.27135e-07
-5.84686e-07
9.11633e-08
-5.90151e-07
5.45784e-08
1.79207e-08
3.28562e-07
9.70087e-09
3.26495e-07
2.95223e-08
3.23024e-07
4.9635e-08
3.18091e-07
6.99059e-08
3.11664e-07
9.00771e-08
3.03741e-07
1.09797e-07
2.9436e-07
1.28627e-07
2.83616e-07
1.46082e-07
2.71664e-07
1.61693e-07
2.58711e-07
1.75066e-07
2.45e-07
1.85938e-07
2.30785e-07
1.94203e-07
2.16313e-07
1.99905e-07
2.01808e-07
2.03211e-07
1.87456e-07
2.04375e-07
1.73406e-07
2.03695e-07
1.59771e-07
2.01485e-07
1.46628e-07
1.9805e-07
1.3403e-07
1.9367e-07
1.22007e-07
1.88588e-07
1.10577e-07
1.83019e-07
9.97452e-08
1.7714e-07
8.95073e-08
1.71103e-07
7.98513e-08
1.65028e-07
7.07602e-08
1.59012e-07
6.22133e-08
1.53129e-07
5.41871e-08
1.47436e-07
4.66564e-08
1.41973e-07
3.9595e-08
1.3677e-07
3.29765e-08
1.31843e-07
2.67742e-08
1.27202e-07
2.09618e-08
1.2285e-07
1.55133e-08
1.18786e-07
1.04001e-08
1.15009e-07
5.59919e-09
1.11506e-07
1.08758e-09
1.08267e-07
-3.15851e-09
1.05283e-07
-7.16185e-09
1.02541e-07
-1.09431e-08
1.00028e-07
-1.45225e-08
9.77323e-08
-1.79193e-08
9.56451e-08
-2.11521e-08
9.37561e-08
-2.42386e-08
9.20557e-08
-2.71959e-08
9.05352e-08
-3.00406e-08
8.91863e-08
-3.27889e-08
8.80013e-08
-3.54573e-08
8.69735e-08
-3.80553e-08
8.60964e-08
-4.05979e-08
8.53641e-08
-4.30991e-08
8.47713e-08
-4.5572e-08
8.43136e-08
-4.80294e-08
8.39876e-08
-5.04841e-08
8.37905e-08
-5.29492e-08
8.37204e-08
-5.54362e-08
8.3775e-08
-5.79622e-08
8.39571e-08
-6.05368e-08
8.427e-08
-6.31633e-08
8.47241e-08
-6.58659e-08
8.53345e-08
-6.8659e-08
8.60963e-08
-7.15572e-08
8.70471e-08
-7.45745e-08
8.82247e-08
-7.77197e-08
8.96897e-08
-8.10017e-08
9.15315e-08
-8.44143e-08
9.38835e-08
-8.7923e-08
9.6982e-08
-9.14574e-08
1.01231e-07
-9.52036e-08
1.06674e-07
-9.92916e-08
1.13102e-07
-1.03815e-07
1.20394e-07
-1.08863e-07
1.28474e-07
-1.14515e-07
1.37298e-07
-1.20849e-07
1.46837e-07
-1.27944e-07
1.57071e-07
-1.35881e-07
1.67979e-07
-1.44747e-07
1.7953e-07
-1.54634e-07
1.91706e-07
-1.65647e-07
2.04464e-07
-1.77883e-07
2.1771e-07
-1.91453e-07
2.31348e-07
-2.06459e-07
2.45234e-07
-2.23023e-07
2.59257e-07
-2.4126e-07
2.73093e-07
-2.61288e-07
2.86363e-07
-2.83213e-07
2.98573e-07
-3.06969e-07
3.09109e-07
-3.32295e-07
3.17229e-07
-3.59114e-07
3.22072e-07
-3.87126e-07
3.22777e-07
-4.15828e-07
3.18488e-07
-4.44493e-07
3.08557e-07
-4.72296e-07
2.92651e-07
-4.98436e-07
2.70865e-07
-5.22175e-07
2.43713e-07
-5.4292e-07
2.12042e-07
-5.60253e-07
1.76878e-07
-5.73919e-07
1.39254e-07
-5.83782e-07
1.00089e-07
-5.89807e-07
6.01408e-08
1.99084e-08
3.28779e-07
1.01463e-08
3.26836e-07
3.12967e-08
3.23332e-07
5.28001e-08
3.1831e-07
7.43635e-08
3.11766e-07
9.57833e-08
3.03695e-07
1.16714e-07
2.94133e-07
1.367e-07
2.83171e-07
1.55228e-07
2.70964e-07
1.71796e-07
2.5773e-07
1.85982e-07
2.43721e-07
1.97504e-07
2.29208e-07
2.06245e-07
2.14451e-07
2.12253e-07
1.99684e-07
2.15708e-07
1.85104e-07
2.16883e-07
1.70863e-07
2.16099e-07
1.57079e-07
2.1369e-07
1.43834e-07
2.0998e-07
1.31185e-07
2.05266e-07
1.19164e-07
1.99811e-07
1.07782e-07
1.93842e-07
9.70396e-08
1.87551e-07
8.69241e-08
1.81095e-07
7.74178e-08
1.74604e-07
6.8498e-08
1.68178e-07
6.01389e-08
1.61896e-07
5.2313e-08
1.55817e-07
4.49917e-08
1.49984e-07
3.81462e-08
1.44426e-07
3.17477e-08
1.39162e-07
2.57679e-08
1.34202e-07
2.0179e-08
1.29549e-07
1.49543e-08
1.25202e-07
1.00633e-08
1.21162e-07
5.48499e-09
1.17409e-07
1.19453e-09
1.13938e-07
-2.83194e-09
1.10739e-07
-6.61694e-09
1.07799e-07
-1.01811e-08
1.05101e-07
-1.35446e-08
1.02637e-07
-1.67266e-08
1.00394e-07
-1.97456e-08
9.83624e-08
-2.2619e-08
9.65327e-08
-2.53638e-08
9.48951e-08
-2.79961e-08
9.34409e-08
-3.05311e-08
9.2162e-08
-3.29831e-08
9.10509e-08
-3.53633e-08
9.01011e-08
-3.7685e-08
8.9306e-08
-3.99608e-08
8.86599e-08
-4.2203e-08
8.81577e-08
-4.44235e-08
8.77957e-08
-4.66347e-08
8.75708e-08
-4.88513e-08
8.74814e-08
-5.10811e-08
8.75291e-08
-5.33239e-08
8.77156e-08
-5.55959e-08
8.80439e-08
-5.79004e-08
8.85254e-08
-6.02598e-08
8.9177e-08
-6.26874e-08
8.99979e-08
-6.5198e-08
9.103e-08
-6.7809e-08
9.23179e-08
-7.05363e-08
9.39295e-08
-7.34003e-08
9.59659e-08
-7.64117e-08
9.857e-08
-7.95546e-08
1.01985e-07
-8.2766e-08
1.06615e-07
-8.62262e-08
1.12535e-07
-9.00513e-08
1.19504e-07
-9.43296e-08
1.27385e-07
-9.9137e-08
1.36101e-07
-1.04547e-07
1.45608e-07
-1.10634e-07
1.55879e-07
-1.17479e-07
1.66899e-07
-1.25168e-07
1.78652e-07
-1.33812e-07
1.91126e-07
-1.43496e-07
2.04275e-07
-1.54323e-07
2.18064e-07
-1.66428e-07
2.32427e-07
-1.79946e-07
2.47254e-07
-1.94992e-07
2.62396e-07
-2.1173e-07
2.77737e-07
-2.30299e-07
2.92934e-07
-2.50817e-07
3.07581e-07
-2.73364e-07
3.21139e-07
-2.97991e-07
3.32926e-07
-3.24618e-07
3.42127e-07
-3.52816e-07
3.47815e-07
-3.82218e-07
3.4901e-07
-4.12228e-07
3.44761e-07
-4.42183e-07
3.34328e-07
-4.71144e-07
3.17359e-07
-4.98239e-07
2.93944e-07
-5.22693e-07
2.64644e-07
-5.43907e-07
2.30389e-07
-5.61485e-07
1.92302e-07
-5.75207e-07
1.51498e-07
-5.84932e-07
1.08916e-07
-5.90439e-07
6.52056e-08
2.12685e-08
3.27663e-07
3.24415e-07
3.19875e-07
3.14007e-07
3.06767e-07
2.98133e-07
2.88127e-07
2.76838e-07
2.64423e-07
2.51096e-07
2.37106e-07
2.22713e-07
2.08162e-07
1.93669e-07
1.79412e-07
1.65528e-07
1.52121e-07
1.39263e-07
1.27008e-07
1.15378e-07
1.04379e-07
9.40034e-08
8.42357e-08
7.50558e-08
6.644e-08
5.83627e-08
5.07969e-08
4.37156e-08
3.70913e-08
3.08969e-08
2.51059e-08
1.96919e-08
1.46295e-08
9.89243e-09
5.45862e-09
1.30416e-09
-2.59332e-09
-6.25489e-09
-9.70052e-09
-1.29495e-08
-1.60202e-08
-1.89304e-08
-2.16968e-08
-2.43356e-08
-2.68621e-08
-2.92909e-08
-3.16357e-08
-3.39092e-08
-3.61233e-08
-3.82895e-08
-4.04187e-08
-4.25207e-08
-4.46045e-08
-4.66767e-08
-4.87549e-08
-5.0842e-08
-5.29457e-08
-5.50673e-08
-5.72224e-08
-5.94196e-08
-6.16709e-08
-6.39906e-08
-6.6396e-08
-6.89124e-08
-7.15712e-08
-7.44023e-08
-7.73981e-08
-8.06953e-08
-8.43706e-08
-8.84877e-08
-9.31098e-08
-9.8303e-08
-1.04138e-07
-1.10692e-07
-1.18049e-07
-1.26287e-07
-1.35519e-07
-1.4588e-07
-1.57474e-07
-1.70441e-07
-1.84914e-07
-2.01067e-07
-2.19053e-07
-2.39012e-07
-2.61049e-07
-2.85197e-07
-3.11403e-07
-3.3948e-07
-3.68908e-07
-3.99102e-07
-4.29261e-07
-4.58598e-07
-4.86237e-07
-5.11415e-07
-5.33563e-07
-5.52347e-07
-5.67641e-07
-5.79454e-07
-5.87832e-07
)
;

boundaryField
{
    fuel
    {
        type            calculated;
        value           nonuniform List<scalar> 
40
(
-3.29267e-07
-3.29267e-07
-3.29267e-07
-3.29267e-07
-3.29267e-07
-3.29267e-07
-3.29267e-07
-3.29267e-07
-3.29267e-07
-3.29267e-07
-3.29267e-07
-3.29267e-07
-3.29267e-07
-3.29267e-07
-3.29267e-07
-3.29267e-07
-3.29267e-07
-3.29267e-07
-3.29267e-07
-3.29267e-07
-3.29267e-07
-3.29267e-07
-3.29267e-07
-3.29267e-07
-3.29267e-07
-3.29267e-07
-3.29267e-07
-3.29267e-07
-3.29267e-07
-3.29267e-07
-3.29267e-07
-3.29267e-07
-3.29267e-07
-3.29267e-07
-3.29267e-07
-3.29267e-07
-3.29267e-07
-3.29267e-07
-3.29267e-07
-3.29267e-07
)
;
    }
    air
    {
        type            calculated;
        value           nonuniform List<scalar> 
40
(
-5.91911e-07
-5.91911e-07
-5.91911e-07
-5.91911e-07
-5.91911e-07
-5.91911e-07
-5.91911e-07
-5.91911e-07
-5.91911e-07
-5.91911e-07
-5.91911e-07
-5.91911e-07
-5.91911e-07
-5.91911e-07
-5.91911e-07
-5.91911e-07
-5.91911e-07
-5.91911e-07
-5.91911e-07
-5.91911e-07
-5.91911e-07
-5.91911e-07
-5.91911e-07
-5.91911e-07
-5.91911e-07
-5.91911e-07
-5.91911e-07
-5.91911e-07
-5.91911e-07
-5.91911e-07
-5.91911e-07
-5.91911e-07
-5.91911e-07
-5.91911e-07
-5.91911e-07
-5.91911e-07
-5.91911e-07
-5.91911e-07
-5.91911e-07
-5.91911e-07
)
;
    }
    outlet
    {
        type            calculated;
        value           nonuniform List<scalar> 
200
(
1.16735e-08
3.42823e-08
5.68483e-08
7.94608e-08
1.01929e-07
1.23899e-07
1.44893e-07
1.64363e-07
1.81771e-07
1.96666e-07
2.08746e-07
2.17887e-07
2.24142e-07
2.27703e-07
2.28861e-07
2.27954e-07
2.25339e-07
2.21354e-07
2.16307e-07
2.10484e-07
2.04129e-07
1.97443e-07
1.90591e-07
1.83709e-07
1.769e-07
1.70246e-07
1.6381e-07
1.57633e-07
1.51748e-07
1.46173e-07
1.40918e-07
1.35987e-07
1.31378e-07
1.27094e-07
1.2311e-07
1.19425e-07
1.16027e-07
1.12902e-07
1.10034e-07
1.07412e-07
1.05025e-07
1.02862e-07
1.00913e-07
9.91666e-08
9.76149e-08
9.6249e-08
9.50612e-08
9.4044e-08
9.31906e-08
9.24947e-08
9.1951e-08
9.15551e-08
9.1304e-08
9.11956e-08
9.12303e-08
9.14101e-08
9.17406e-08
9.22366e-08
9.29097e-08
9.37653e-08
9.48509e-08
9.62183e-08
9.7946e-08
1.00151e-07
1.03e-07
1.06768e-07
1.11874e-07
1.18325e-07
1.25852e-07
1.34319e-07
1.43655e-07
1.53823e-07
1.64804e-07
1.76586e-07
1.89161e-07
2.02504e-07
2.16602e-07
2.31432e-07
2.46893e-07
2.62899e-07
2.79309e-07
2.95992e-07
3.12594e-07
3.28685e-07
3.4369e-07
3.56875e-07
3.67332e-07
3.73983e-07
3.75734e-07
3.71595e-07
3.60803e-07
3.42903e-07
3.17986e-07
2.86675e-07
2.50002e-07
2.09213e-07
1.6554e-07
1.19997e-07
7.32439e-08
2.52716e-08
1.17086e-08
3.43821e-08
5.70118e-08
7.96867e-08
1.02213e-07
1.24236e-07
1.45271e-07
1.64768e-07
1.82189e-07
1.97083e-07
2.09151e-07
2.18272e-07
2.24504e-07
2.28041e-07
2.29177e-07
2.28252e-07
2.25621e-07
2.21622e-07
2.16565e-07
2.10735e-07
2.04372e-07
1.9768e-07
1.90822e-07
1.83932e-07
1.77116e-07
1.70454e-07
1.64008e-07
1.57821e-07
1.51926e-07
1.46339e-07
1.41073e-07
1.36131e-07
1.31511e-07
1.27215e-07
1.2322e-07
1.19523e-07
1.16114e-07
1.12979e-07
1.10101e-07
1.07469e-07
1.05072e-07
1.029e-07
1.00941e-07
9.91861e-08
9.7626e-08
9.62521e-08
9.50565e-08
9.40322e-08
9.31719e-08
9.24695e-08
9.19195e-08
9.15177e-08
9.1261e-08
9.11472e-08
9.11758e-08
9.13504e-08
9.16764e-08
9.21684e-08
9.28384e-08
9.36916e-08
9.47755e-08
9.61423e-08
9.78707e-08
1.00078e-07
1.02932e-07
1.06708e-07
1.11826e-07
1.18285e-07
1.25815e-07
1.34281e-07
1.43616e-07
1.53782e-07
1.6476e-07
1.76538e-07
1.89109e-07
2.02447e-07
2.1654e-07
2.31366e-07
2.46823e-07
2.62825e-07
2.7923e-07
2.95909e-07
3.12506e-07
3.2859e-07
3.43585e-07
3.56756e-07
3.67195e-07
3.73823e-07
3.75547e-07
3.71382e-07
3.60564e-07
3.42642e-07
3.17714e-07
2.86403e-07
2.49743e-07
2.08981e-07
1.65345e-07
1.19848e-07
7.31496e-08
2.52374e-08
)
;
    }
    frontAndBack
    {
        type            empty;
    }
}


// ************************************************************************* //
