/*--------------------------------*- C++ -*----------------------------------*\
  =========                 |
  \\      /  F ield         | OpenFOAM: The Open Source CFD Toolbox
   \\    /   O peration     | Website:  https://openfoam.org
    \\  /    A nd           | Version:  11
     \\/     M anipulation  |
\*---------------------------------------------------------------------------*/
FoamFile
{
    format      ascii;
    class       volVectorField;
    location    "0.1";
    object      U;
}
// * * * * * * * * * * * * * * * * * * * * * * * * * * * * * * * * * * * * * //

dimensions      [0 1 -1 0 0 0 0];

internalField   nonuniform List<vector> 
4000
(
(0.0499936 -0.00428165 0)
(0.049821 -0.0128884 0)
(0.0495159 -0.0216077 0)
(0.0491023 -0.0305008 0)
(0.0485971 -0.0395757 0)
(0.0480044 -0.0487886 0)
(0.0473229 -0.0580477 0)
(0.046548 -0.0672199 0)
(0.0456729 -0.0761412 0)
(0.0446888 -0.0846318 0)
(0.0435867 -0.0925133 0)
(0.0423597 -0.0996281 0)
(0.0410045 -0.105853 0)
(0.0395229 -0.11111 0)
(0.0379224 -0.115368 0)
(0.0362154 -0.118639 0)
(0.0344181 -0.120972 0)
(0.0325495 -0.122441 0)
(0.0306312 -0.123139 0)
(0.0286834 -0.123174 0)
(0.0267234 -0.122657 0)
(0.0247664 -0.121694 0)
(0.0228248 -0.120383 0)
(0.0209089 -0.118815 0)
(0.0190266 -0.117068 0)
(0.0171842 -0.115211 0)
(0.0153859 -0.113302 0)
(0.0136347 -0.111388 0)
(0.0119321 -0.109509 0)
(0.0102787 -0.107696 0)
(0.00867424 -0.105973 0)
(0.00711755 -0.104359 0)
(0.00560687 -0.102869 0)
(0.00413982 -0.101513 0)
(0.00271407 -0.100298 0)
(0.00132693 -0.0992298 0)
(-2.48974e-05 -0.0983115 0)
(-0.00134478 -0.0975452 0)
(-0.00263622 -0.0969321 0)
(-0.00390286 -0.0964729 0)
(-0.0051485 -0.0961678 0)
(-0.00637705 -0.0960167 0)
(-0.00759246 -0.0960195 0)
(-0.00879875 -0.0961762 0)
(-0.01 -0.0964867 0)
(-0.0112003 -0.0969514 0)
(-0.0124037 -0.0975706 0)
(-0.0136143 -0.098345 0)
(-0.0148361 -0.0992752 0)
(-0.016073 -0.100362 0)
(-0.0173288 -0.101607 0)
(-0.0186074 -0.103011 0)
(-0.0199126 -0.104576 0)
(-0.0212477 -0.106305 0)
(-0.022616 -0.108202 0)
(-0.0240198 -0.110269 0)
(-0.0254596 -0.112512 0)
(-0.0269336 -0.114935 0)
(-0.0284414 -0.117542 0)
(-0.0299824 -0.120341 0)
(-0.0315494 -0.123339 0)
(-0.0331284 -0.126546 0)
(-0.0346981 -0.129969 0)
(-0.0362248 -0.133611 0)
(-0.0376464 -0.137464 0)
(-0.0388507 -0.14149 0)
(-0.0397141 -0.145586 0)
(-0.040231 -0.149597 0)
(-0.0405153 -0.153406 0)
(-0.0406769 -0.156948 0)
(-0.0407827 -0.160181 0)
(-0.0408721 -0.163072 0)
(-0.0409698 -0.165586 0)
(-0.0410906 -0.167688 0)
(-0.0412427 -0.169335 0)
(-0.0414259 -0.170484 0)
(-0.0416382 -0.171079 0)
(-0.041885 -0.171082 0)
(-0.0421571 -0.170429 0)
(-0.0424452 -0.169061 0)
(-0.0427373 -0.166928 0)
(-0.043022 -0.163976 0)
(-0.0432973 -0.160158 0)
(-0.0435646 -0.155442 0)
(-0.0438267 -0.149813 0)
(-0.0440892 -0.143276 0)
(-0.0443624 -0.135862 0)
(-0.0446596 -0.127628 0)
(-0.0449876 -0.118653 0)
(-0.0453497 -0.109068 0)
(-0.0457553 -0.0990081 0)
(-0.0462138 -0.0886177 0)
(-0.0467279 -0.0780348 0)
(-0.0472858 -0.0673811 0)
(-0.0478663 -0.0567531 0)
(-0.0484422 -0.0462176 0)
(-0.0489837 -0.0358098 0)
(-0.0494564 -0.0255293 0)
(-0.0498144 -0.0153331 0)
(-0.0500089 -0.00512963 0)
(0.0500751 -0.00372836 0)
(0.0500905 -0.0114563 0)
(0.0499728 -0.0194051 0)
(0.0497172 -0.0275603 0)
(0.0493455 -0.0358939 0)
(0.0488709 -0.0443523 0)
(0.0482961 -0.0528502 0)
(0.0476174 -0.0612706 0)
(0.0468268 -0.0694704 0)
(0.0459135 -0.0772908 0)
(0.0448663 -0.0845722 0)
(0.0436763 -0.0911705 0)
(0.0423394 -0.0969711 0)
(0.0408579 -0.101898 0)
(0.0392403 -0.105917 0)
(0.0375011 -0.109035 0)
(0.0356592 -0.111293 0)
(0.0337359 -0.11276 0)
(0.0317534 -0.113525 0)
(0.0297344 -0.113678 0)
(0.0276985 -0.113315 0)
(0.025663 -0.112531 0)
(0.0236421 -0.111418 0)
(0.0216475 -0.110059 0)
(0.0196884 -0.108528 0)
(0.0177716 -0.10689 0)
(0.0159019 -0.1052 0)
(0.0140822 -0.103503 0)
(0.0123143 -0.101836 0)
(0.0105985 -0.100229 0)
(0.00893438 -0.0987049 0)
(0.00732059 -0.0972814 0)
(0.00575508 -0.0959722 0)
(0.00423474 -0.0947868 0)
(0.00275697 -0.0937326 0)
(0.00131925 -0.0928143 0)
(-8.20297e-05 -0.092035 0)
(-0.00145074 -0.0913965 0)
(-0.00279073 -0.0908998 0)
(-0.0041059 -0.0905456 0)
(-0.00540032 -0.0903339 0)
(-0.0066781 -0.0902646 0)
(-0.00794344 -0.0903377 0)
(-0.00920064 -0.0905529 0)
(-0.0104541 -0.0909104 0)
(-0.0117086 -0.0914102 0)
(-0.0129684 -0.0920534 0)
(-0.0142375 -0.092841 0)
(-0.0155195 -0.0937734 0)
(-0.016819 -0.0948512 0)
(-0.0181406 -0.096076 0)
(-0.0194886 -0.0974494 0)
(-0.0208673 -0.0989735 0)
(-0.0222817 -0.100651 0)
(-0.0237372 -0.102482 0)
(-0.0252356 -0.104471 0)
(-0.0267776 -0.106619 0)
(-0.0283625 -0.108932 0)
(-0.0299923 -0.11141 0)
(-0.0316692 -0.114054 0)
(-0.033387 -0.116864 0)
(-0.0351326 -0.119837 0)
(-0.0368831 -0.122964 0)
(-0.0385999 -0.12623 0)
(-0.0402065 -0.129605 0)
(-0.0415575 -0.133044 0)
(-0.0424933 -0.136478 0)
(-0.0430098 -0.139824 0)
(-0.0432537 -0.143012 0)
(-0.0433598 -0.145986 0)
(-0.0434073 -0.148699 0)
(-0.0434405 -0.151107 0)
(-0.0434862 -0.15317 0)
(-0.04356 -0.154847 0)
(-0.0436701 -0.156092 0)
(-0.0438208 -0.156858 0)
(-0.0440064 -0.1571 0)
(-0.0442256 -0.156778 0)
(-0.0444641 -0.155828 0)
(-0.0447172 -0.154199 0)
(-0.0449696 -0.151848 0)
(-0.0452064 -0.148732 0)
(-0.0454253 -0.144823 0)
(-0.0456274 -0.140106 0)
(-0.0458157 -0.134585 0)
(-0.0460007 -0.12829 0)
(-0.046195 -0.12127 0)
(-0.0463967 -0.113595 0)
(-0.0466074 -0.105363 0)
(-0.0468492 -0.0966605 0)
(-0.0471446 -0.0876008 0)
(-0.0475027 -0.0783028 0)
(-0.0479167 -0.0688761 0)
(-0.0483728 -0.0594126 0)
(-0.048848 -0.0499807 0)
(-0.0493097 -0.0406253 0)
(-0.0497175 -0.0313713 0)
(-0.0500195 -0.0222298 0)
(-0.0501569 -0.0132068 0)
(-0.0501165 -0.00431723 0)
(0.0500497 -0.00355937 0)
(0.050055 -0.0109041 0)
(0.0499389 -0.0184575 0)
(0.0497024 -0.0262201 0)
(0.0493606 -0.0341689 0)
(0.0489233 -0.0422528 0)
(0.0483933 -0.0503882 0)
(0.0477677 -0.0584608 0)
(0.0470383 -0.0663307 0)
(0.0461933 -0.0738427 0)
(0.0452194 -0.0808414 0)
(0.0441051 -0.0871863 0)
(0.0428436 -0.0927654 0)
(0.0414343 -0.0975046 0)
(0.0398835 -0.10137 0)
(0.0382039 -0.104368 0)
(0.0364128 -0.106536 0)
(0.0345304 -0.107939 0)
(0.0325773 -0.108659 0)
(0.0305742 -0.10879 0)
(0.0285409 -0.108426 0)
(0.0264955 -0.10766 0)
(0.0244536 -0.106583 0)
(0.0224283 -0.105273 0)
(0.0204302 -0.103802 0)
(0.0184671 -0.102233 0)
(0.016545 -0.100618 0)
(0.014668 -0.0989989 0)
(0.0128384 -0.0974126 0)
(0.0110573 -0.0958867 0)
(0.0093246 -0.0944432 0)
(0.00763949 -0.0930988 0)
(0.00600019 -0.0918661 0)
(0.00440387 -0.0907541 0)
(0.00284771 -0.0897693 0)
(0.00132942 -0.088916 0)
(-0.000154178 -0.0881966 0)
(-0.00160729 -0.0876125 0)
(-0.00303396 -0.0871646 0)
(-0.00443814 -0.0868533 0)
(-0.00582399 -0.0866784 0)
(-0.00719573 -0.0866397 0)
(-0.00855772 -0.0867368 0)
(-0.0099144 -0.0869695 0)
(-0.0112704 -0.0873376 0)
(-0.0126316 -0.0878409 0)
(-0.0140042 -0.08848 0)
(-0.0153904 -0.0892552 0)
(-0.0167921 -0.0901672 0)
(-0.018216 -0.0912167 0)
(-0.0196684 -0.092405 0)
(-0.0211544 -0.0937334 0)
(-0.0226789 -0.0952032 0)
(-0.0242456 -0.0968159 0)
(-0.0258574 -0.0985721 0)
(-0.0275236 -0.100472 0)
(-0.0292511 -0.102519 0)
(-0.0310363 -0.104713 0)
(-0.0328794 -0.107051 0)
(-0.034783 -0.109533 0)
(-0.0367402 -0.112151 0)
(-0.0387339 -0.114898 0)
(-0.0407345 -0.117758 0)
(-0.0426911 -0.120713 0)
(-0.0445057 -0.12373 0)
(-0.0460029 -0.126768 0)
(-0.0470038 -0.129771 0)
(-0.0475133 -0.132686 0)
(-0.0476999 -0.135462 0)
(-0.047715 -0.138055 0)
(-0.0476492 -0.140422 0)
(-0.0475554 -0.142523 0)
(-0.0474653 -0.144316 0)
(-0.0473971 -0.14576 0)
(-0.0473576 -0.146812 0)
(-0.0473488 -0.147422 0)
(-0.047368 -0.147556 0)
(-0.0474104 -0.147168 0)
(-0.0474651 -0.146204 0)
(-0.0475216 -0.144618 0)
(-0.0475631 -0.142369 0)
(-0.0475751 -0.139422 0)
(-0.0475556 -0.135752 0)
(-0.047512 -0.131347 0)
(-0.0474575 -0.126207 0)
(-0.0473985 -0.120343 0)
(-0.0473296 -0.113786 0)
(-0.0472661 -0.106594 0)
(-0.0472473 -0.0988514 0)
(-0.0473017 -0.0906574 0)
(-0.0474423 -0.082122 0)
(-0.0476708 -0.0733563 0)
(-0.0479824 -0.0644674 0)
(-0.0483635 -0.0555471 0)
(-0.0487877 -0.0466659 0)
(-0.0492186 -0.0378729 0)
(-0.0496129 -0.0291985 0)
(-0.0499194 -0.0206594 0)
(-0.0500835 -0.0122633 0)
(-0.0500777 -0.00401307 0)
(0.0500601 -0.00332498 0)
(0.0500922 -0.010193 0)
(0.0500129 -0.0172588 0)
(0.0498205 -0.0245246 0)
(0.0495279 -0.0319709 0)
(0.0491435 -0.0395506 0)
(0.0486685 -0.0471865 0)
(0.0480982 -0.0547718 0)
(0.047423 -0.0621755 0)
(0.0466293 -0.0692524 0)
(0.0457024 -0.075856 0)
(0.0446297 -0.0818534 0)
(0.0434034 -0.0871382 0)
(0.0420225 -0.0916385 0)
(0.040493 -0.0953209 0)
(0.0388274 -0.0981884 0)
(0.0370433 -0.100275 0)
(0.0351612 -0.101642 0)
(0.0332028 -0.102363 0)
(0.0311895 -0.102526 0)
(0.0291413 -0.102219 0)
(0.0270764 -0.101532 0)
(0.0250101 -0.100548 0)
(0.0229556 -0.099344 0)
(0.020923 -0.0979872 0)
(0.0189206 -0.0965368 0)
(0.0169542 -0.0950428 0)
(0.0150279 -0.0935464 0)
(0.0131442 -0.0920813 0)
(0.0113042 -0.0906743 0)
(0.00950814 -0.0893461 0)
(0.00775508 -0.0881126 0)
(0.00604342 -0.0869856 0)
(0.00437051 -0.0859734 0)
(0.00273331 -0.0850819 0)
(0.00113053 -0.0843147 0)
(-0.000440817 -0.0836744 0)
(-0.0019862 -0.0831622 0)
(-0.00350974 -0.0827786 0)
(-0.00501511 -0.0825236 0)
(-0.00650642 -0.082397 0)
(-0.00798794 -0.0823983 0)
(-0.00946416 -0.0825271 0)
(-0.0109397 -0.0827831 0)
(-0.0124191 -0.083166 0)
(-0.0139078 -0.0836756 0)
(-0.0154115 -0.0843109 0)
(-0.016934 -0.0850706 0)
(-0.0184796 -0.0859563 0)
(-0.0200543 -0.0869696 0)
(-0.0216637 -0.0881108 0)
(-0.0233135 -0.0893805 0)
(-0.0250088 -0.090779 0)
(-0.0267542 -0.092307 0)
(-0.0285553 -0.0939656 0)
(-0.0304213 -0.095755 0)
(-0.0323553 -0.0976715 0)
(-0.034353 -0.0997132 0)
(-0.0364157 -0.101877 0)
(-0.0385453 -0.104159 0)
(-0.0407311 -0.106549 0)
(-0.0429495 -0.109036 0)
(-0.0451625 -0.111604 0)
(-0.0473069 -0.114232 0)
(-0.0492654 -0.116891 0)
(-0.0508376 -0.119542 0)
(-0.0518371 -0.12214 0)
(-0.0522859 -0.124643 0)
(-0.0523712 -0.127015 0)
(-0.0522569 -0.129221 0)
(-0.0520405 -0.131224 0)
(-0.0517777 -0.13299 0)
(-0.051504 -0.13448 0)
(-0.0512417 -0.135655 0)
(-0.0510001 -0.136474 0)
(-0.0507854 -0.136889 0)
(-0.0505961 -0.136875 0)
(-0.0504232 -0.136382 0)
(-0.0502628 -0.135361 0)
(-0.0501042 -0.133772 0)
(-0.0499338 -0.131576 0)
(-0.049743 -0.128743 0)
(-0.0495362 -0.125246 0)
(-0.0493161 -0.121069 0)
(-0.0490738 -0.116209 0)
(-0.0488135 -0.110683 0)
(-0.0485677 -0.104528 0)
(-0.0483676 -0.0978068 0)
(-0.0482307 -0.0905978 0)
(-0.048169 -0.0829907 0)
(-0.0481921 -0.0750856 0)
(-0.0483077 -0.0669872 0)
(-0.0485145 -0.0587952 0)
(-0.0487968 -0.0505936 0)
(-0.0491279 -0.0424465 0)
(-0.0494728 -0.034399 0)
(-0.0497895 -0.0264801 0)
(-0.0500284 -0.0187057 0)
(-0.0501365 -0.0110831 0)
(-0.0500913 -0.00361593 0)
(0.0500603 -0.00311865 0)
(0.0500989 -0.00956119 0)
(0.0500319 -0.016193 0)
(0.0498583 -0.0230195 0)
(0.0495908 -0.0300243 0)
(0.0492367 -0.0371641 0)
(0.0487962 -0.0443655 0)
(0.0482636 -0.051527 0)
(0.047628 -0.0585234 0)
(0.0468746 -0.065216 0)
(0.0459872 -0.071465 0)
(0.044952 -0.0771439 0)
(0.0437597 -0.0821512 0)
(0.0424083 -0.0864185 0)
(0.0409029 -0.0899136 0)
(0.0392555 -0.0926387 0)
(0.0374832 -0.094626 0)
(0.0356063 -0.095931 0)
(0.0336468 -0.0966255 0)
(0.0316263 -0.0967908 0)
(0.0295652 -0.0965116 0)
(0.0274816 -0.0958721 0)
(0.0253915 -0.0949516 0)
(0.0233078 -0.0938228 0)
(0.0212412 -0.0925507 0)
(0.0191997 -0.0911911 0)
(0.0171894 -0.0897916 0)
(0.0152144 -0.0883916 0)
(0.0132772 -0.087023 0)
(0.011379 -0.0857112 0)
(0.00951993 -0.0844758 0)
(0.00769906 -0.0833317 0)
(0.00591487 -0.0822899 0)
(0.00416513 -0.0813581 0)
(0.00244719 -0.0805415 0)
(0.000758258 -0.0798431 0)
(-0.000904969 -0.0792654 0)
(-0.00254655 -0.0788094 0)
(-0.0041707 -0.0784751 0)
(-0.00578146 -0.0782621 0)
(-0.00738308 -0.0781698 0)
(-0.00897997 -0.0781976 0)
(-0.0105767 -0.0783447 0)
(-0.0121781 -0.0786103 0)
(-0.0137889 -0.0789938 0)
(-0.0154124 -0.0794947 0)
(-0.0170517 -0.0801124 0)
(-0.0187153 -0.0808466 0)
(-0.0204118 -0.0816971 0)
(-0.0221447 -0.0826641 0)
(-0.023918 -0.0837475 0)
(-0.0257374 -0.0849472 0)
(-0.0276088 -0.0862631 0)
(-0.0295391 -0.0876949 0)
(-0.031533 -0.0892422 0)
(-0.03359 -0.0909033 0)
(-0.0357151 -0.0926746 0)
(-0.0379121 -0.094553 0)
(-0.0401776 -0.0965341 0)
(-0.0425084 -0.0986109 0)
(-0.0448897 -0.100774 0)
(-0.0472919 -0.103012 0)
(-0.0496687 -0.105308 0)
(-0.0519465 -0.107642 0)
(-0.0539909 -0.109988 0)
(-0.0555808 -0.112312 0)
(-0.0565313 -0.114572 0)
(-0.0568871 -0.116738 0)
(-0.0568503 -0.118784 0)
(-0.0565898 -0.120681 0)
(-0.0562095 -0.122399 0)
(-0.0557725 -0.123905 0)
(-0.0553176 -0.125166 0)
(-0.0548663 -0.126145 0)
(-0.0544302 -0.126805 0)
(-0.0540152 -0.127107 0)
(-0.0536206 -0.127015 0)
(-0.0532463 -0.126486 0)
(-0.0528881 -0.125479 0)
(-0.0525376 -0.123954 0)
(-0.052181 -0.121871 0)
(-0.0518017 -0.119198 0)
(-0.0513915 -0.115908 0)
(-0.0509564 -0.111987 0)
(-0.0505175 -0.107437 0)
(-0.0500959 -0.102278 0)
(-0.0497066 -0.096545 0)
(-0.049367 -0.090289 0)
(-0.0490928 -0.0835767 0)
(-0.0488978 -0.0764917 0)
(-0.0487973 -0.0691315 0)
(-0.0488004 -0.0615974 0)
(-0.0489037 -0.0539847 0)
(-0.0490915 -0.0463754 0)
(-0.0493386 -0.0388349 0)
(-0.0496128 -0.0314101 0)
(-0.0498727 -0.0241304 0)
(-0.0500685 -0.0170117 0)
(-0.0501487 -0.0100599 0)
(-0.05009 -0.00327511 0)
(0.050064 -0.00290916 0)
(0.0501148 -0.00892259 0)
(0.0500645 -0.0151167 0)
(0.0499122 -0.0214975 0)
(0.0496699 -0.0280508 0)
(0.0493438 -0.0347364 0)
(0.048933 -0.0414855 0)
(0.0484306 -0.0482025 0)
(0.0478243 -0.0547695 0)
(0.0470982 -0.0610558 0)
(0.0462352 -0.06693 0)
(0.0452207 -0.0722729 0)
(0.0440449 -0.0769888 0)
(0.0427055 -0.081013 0)
(0.0412075 -0.0843146 0)
(0.0395626 -0.0868948 0)
(0.0377881 -0.0887829 0)
(0.0359045 -0.0900304 0)
(0.0339337 -0.0907038 0)
(0.0318975 -0.0908789 0)
(0.0298165 -0.0906353 0)
(0.0277091 -0.0900517 0)
(0.0255912 -0.0892029 0)
(0.0234757 -0.0881574 0)
(0.0213734 -0.0869765 0)
(0.0192923 -0.0857131 0)
(0.0172383 -0.0844123 0)
(0.0152155 -0.0831115 0)
(0.0132263 -0.0818409 0)
(0.0112719 -0.0806246 0)
(0.00935215 -0.0794812 0)
(0.00746627 -0.0784247 0)
(0.00561264 -0.0774654 0)
(0.00378903 -0.0766106 0)
(0.00199279 -0.0758649 0)
(0.000220852 -0.0752313 0)
(-0.00153033 -0.0747114 0)
(-0.00326468 -0.074306 0)
(-0.00498623 -0.0740149 0)
(-0.00669907 -0.0738376 0)
(-0.00840744 -0.0737732 0)
(-0.0101157 -0.0738207 0)
(-0.0118285 -0.073979 0)
(-0.0135501 -0.0742472 0)
(-0.0152855 -0.0746242 0)
(-0.0170396 -0.0751093 0)
(-0.0188183 -0.0757018 0)
(-0.020626 -0.0764017 0)
(-0.0224676 -0.0772079 0)
(-0.024349 -0.0781195 0)
(-0.026276 -0.0791361 0)
(-0.0282539 -0.080257 0)
(-0.0302882 -0.0814813 0)
(-0.0323839 -0.0828078 0)
(-0.0345453 -0.0842345 0)
(-0.0367751 -0.0857597 0)
(-0.0390762 -0.0873819 0)
(-0.0414453 -0.0890944 0)
(-0.0438785 -0.0908917 0)
(-0.0463715 -0.092767 0)
(-0.0489058 -0.0947111 0)
(-0.051446 -0.096712 0)
(-0.0539392 -0.0987548 0)
(-0.0563027 -0.100821 0)
(-0.0583858 -0.102887 0)
(-0.0599497 -0.104921 0)
(-0.0608185 -0.106888 0)
(-0.0610647 -0.108766 0)
(-0.0609033 -0.110533 0)
(-0.0605039 -0.112167 0)
(-0.0599709 -0.113643 0)
(-0.0593687 -0.114931 0)
(-0.0587389 -0.116 0)
(-0.0581084 -0.116817 0)
(-0.0574929 -0.117347 0)
(-0.0568989 -0.117553 0)
(-0.0563273 -0.117398 0)
(-0.0557761 -0.116843 0)
(-0.0552391 -0.115846 0)
(-0.0547054 -0.114371 0)
(-0.0541581 -0.112383 0)
(-0.0535902 -0.10985 0)
(-0.0530117 -0.106752 0)
(-0.0524341 -0.103079 0)
(-0.0518651 -0.0988352 0)
(-0.0513172 -0.0940319 0)
(-0.0508058 -0.0886984 0)
(-0.0503456 -0.0828811 0)
(-0.0499524 -0.0766443 0)
(-0.0496453 -0.0700695 0)
(-0.0494399 -0.0632492 0)
(-0.0493421 -0.0562785 0)
(-0.0493476 -0.0492476 0)
(-0.0494437 -0.0422351 0)
(-0.0496083 -0.0353046 0)
(-0.0498069 -0.028501 0)
(-0.0499986 -0.0218528 0)
(-0.0501379 -0.0153754 0)
(-0.050177 -0.00907403 0)
(-0.050094 -0.00294691 0)
(0.0500664 -0.00270606 0)
(0.0501259 -0.00830193 0)
(0.0500878 -0.0140694 0)
(0.0499511 -0.0200155 0)
(0.049727 -0.0261276 0)
(0.0494213 -0.0323684 0)
(0.0490321 -0.0386734 0)
(0.0485513 -0.0449523 0)
(0.0479659 -0.0510944 0)
(0.0472589 -0.0569768 0)
(0.0464127 -0.0624762 0)
(0.0454118 -0.0674809 0)
(0.0442462 -0.0719012 0)
(0.042913 -0.0756765 0)
(0.041417 -0.0787776 0)
(0.0397699 -0.0812053 0)
(0.0379888 -0.0829866 0)
(0.0360942 -0.0841688 0)
(0.0341082 -0.084814 0)
(0.0320527 -0.0849925 0)
(0.0299485 -0.0847785 0)
(0.0278141 -0.0842453 0)
(0.0256654 -0.083463 0)
(0.0235158 -0.0824959 0)
(0.0213757 -0.0814013 0)
(0.0192535 -0.0802293 0)
(0.0171549 -0.0790221 0)
(0.0150839 -0.0778151 0)
(0.013043 -0.0766368 0)
(0.0110332 -0.0755099 0)
(0.00905438 -0.074452 0)
(0.00710556 -0.0734762 0)
(0.00518505 -0.0725923 0)
(0.00329059 -0.0718069 0)
(0.00141944 -0.0711244 0)
(-0.000431543 -0.0705474 0)
(-0.00226604 -0.0700773 0)
(-0.00408803 -0.0697143 0)
(-0.00590151 -0.0694583 0)
(-0.00771055 -0.0693084 0)
(-0.00951942 -0.0692636 0)
(-0.0113325 -0.0693226 0)
(-0.0131544 -0.0694843 0)
(-0.0149898 -0.0697475 0)
(-0.0168432 -0.0701111 0)
(-0.0187188 -0.0705739 0)
(-0.0206206 -0.0711347 0)
(-0.0225552 -0.0717918 0)
(-0.0245294 -0.0725448 0)
(-0.0265477 -0.0733932 0)
(-0.0286144 -0.074336 0)
(-0.0307345 -0.0753719 0)
(-0.032913 -0.0764994 0)
(-0.0351544 -0.0777168 0)
(-0.0374639 -0.0790217 0)
(-0.0398438 -0.0804118 0)
(-0.0422891 -0.0818842 0)
(-0.0447958 -0.0834343 0)
(-0.0473638 -0.0850555 0)
(-0.0499848 -0.0867402 0)
(-0.0526356 -0.08848 0)
(-0.0552758 -0.0902643 0)
(-0.0578472 -0.092079 0)
(-0.0602589 -0.0939075 0)
(-0.0623465 -0.0957275 0)
(-0.0638605 -0.0975107 0)
(-0.0646356 -0.0992272 0)
(-0.0647686 -0.100859 0)
(-0.0644857 -0.102391 0)
(-0.0639572 -0.103804 0)
(-0.0632867 -0.105076 0)
(-0.0625409 -0.106182 0)
(-0.0617639 -0.107092 0)
(-0.0609824 -0.107776 0)
(-0.0602109 -0.108202 0)
(-0.0594568 -0.108333 0)
(-0.0587225 -0.108135 0)
(-0.0580069 -0.10757 0)
(-0.0573074 -0.106602 0)
(-0.0566199 -0.105197 0)
(-0.0559315 -0.103324 0)
(-0.0552311 -0.100957 0)
(-0.0545234 -0.0980752 0)
(-0.0538187 -0.0946648 0)
(-0.0531269 -0.0907247 0)
(-0.0524592 -0.0862669 0)
(-0.0518285 -0.0813184 0)
(-0.0512513 -0.0759241 0)
(-0.0507484 -0.0701464 0)
(-0.0503386 -0.0640621 0)
(-0.0500343 -0.0577572 0)
(-0.0498411 -0.0513212 0)
(-0.0497556 -0.0448398 0)
(-0.0497665 -0.0383898 0)
(-0.0498514 -0.0320312 0)
(-0.0499773 -0.0258073 0)
(-0.0501064 -0.0197472 0)
(-0.0501955 -0.0138659 0)
(-0.0501992 -0.00816714 0)
(-0.0500961 -0.00264666 0)
(0.0500691 -0.00250456 0)
(0.0501372 -0.00768586 0)
(0.0501101 -0.0130289 0)
(0.0499868 -0.0185412 0)
(0.0497779 -0.0242113 0)
(0.0494884 -0.0300045 0)
(0.0491157 -0.0358607 0)
(0.0486509 -0.0416955 0)
(0.04808 -0.0474056 0)
(0.0473856 -0.0528765 0)
(0.0465492 -0.0579932 0)
(0.0455551 -0.062652 0)
(0.044393 -0.0667696 0)
(0.0430598 -0.0702896 0)
(0.0415601 -0.0731846 0)
(0.0399055 -0.0754552 0)
(0.0381132 -0.0771259 0)
(0.0362037 -0.0782403 0)
(0.0341991 -0.0788555 0)
(0.0321215 -0.0790364 0)
(0.0299916 -0.0788515 0)
(0.0278282 -0.0783689 0)
(0.0256473 -0.0776536 0)
(0.0234623 -0.0767653 0)
(0.0212838 -0.0757575 0)
(0.0191199 -0.0746769 0)
(0.0169767 -0.073563 0)
(0.0148581 -0.072449 0)
(0.0127665 -0.0713616 0)
(0.0107028 -0.0703221 0)
(0.00866695 -0.0693471 0)
(0.00665782 -0.068449 0)
(0.00467368 -0.0676367 0)
(0.00271219 -0.0669165 0)
(0.000770551 -0.0662924 0)
(-0.00115443 -0.0657668 0)
(-0.00306652 -0.0653408 0)
(-0.00496976 -0.0650146 0)
(-0.00686815 -0.0647877 0)
(-0.00876578 -0.064659 0)
(-0.0106669 -0.0646274 0)
(-0.012576 -0.0646915 0)
(-0.0144974 -0.0648498 0)
(-0.0164357 -0.0651008 0)
(-0.0183954 -0.0654432 0)
(-0.0203804 -0.0658757 0)
(-0.0223943 -0.0663975 0)
(-0.0244438 -0.0670083 0)
(-0.0265357 -0.0677061 0)
(-0.028674 -0.0684891 0)
(-0.0308626 -0.069356 0)
(-0.0331057 -0.0703052 0)
(-0.0354077 -0.0713354 0)
(-0.0377723 -0.0724446 0)
(-0.0402029 -0.0736305 0)
(-0.0427021 -0.0748897 0)
(-0.0452691 -0.0762188 0)
(-0.0478933 -0.0776141 0)
(-0.0505663 -0.0790667 0)
(-0.0532833 -0.0805684 0)
(-0.0560214 -0.0821175 0)
(-0.0587342 -0.083704 0)
(-0.0613575 -0.0853137 0)
(-0.0637923 -0.0869304 0)
(-0.0658616 -0.0885341 0)
(-0.0673069 -0.0900986 0)
(-0.0679798 -0.0915978 0)
(-0.0680033 -0.093019 0)
(-0.0676105 -0.0943507 0)
(-0.0669691 -0.0955769 0)
(-0.0661812 -0.0966776 0)
(-0.0653123 -0.0976297 0)
(-0.0644059 -0.0984071 0)
(-0.0634908 -0.0989812 0)
(-0.0625846 -0.0993218 0)
(-0.061697 -0.0993967 0)
(-0.0608316 -0.0991728 0)
(-0.0599882 -0.0986163 0)
(-0.0591645 -0.0976937 0)
(-0.058355 -0.0963727 0)
(-0.0575463 -0.094623 0)
(-0.0567278 -0.0924185 0)
(-0.0559044 -0.0897393 0)
(-0.0550858 -0.0865741 0)
(-0.0542811 -0.0829219 0)
(-0.0535015 -0.0787945 0)
(-0.0527633 -0.0742188 0)
(-0.0520862 -0.0692378 0)
(-0.0514887 -0.0639094 0)
(-0.0509867 -0.0583042 0)
(-0.0505924 -0.0525025 0)
(-0.050311 -0.0465882 0)
(-0.0501426 -0.0406431 0)
(-0.0500756 -0.0347388 0)
(-0.0500854 -0.0289325 0)
(-0.0501426 -0.0232665 0)
(-0.050212 -0.0177684 0)
(-0.0502527 -0.0124523 0)
(-0.0502218 -0.00732072 0)
(-0.0500987 -0.00236748 0)
(0.0500714 -0.00230508 0)
(0.0501467 -0.00707501 0)
(0.0501286 -0.0119961 0)
(0.0500159 -0.017076 0)
(0.0498189 -0.0223043 0)
(0.0495418 -0.027649 0)
(0.0491813 -0.0330542 0)
(0.0487279 -0.0384416 0)
(0.0481671 -0.0437155 0)
(0.0474807 -0.0487699 0)
(0.0466502 -0.0534986 0)
(0.0456592 -0.0578059 0)
(0.0444973 -0.061615 0)
(0.0431611 -0.064874 0)
(0.0416553 -0.0675575 0)
(0.0399912 -0.0696657 0)
(0.0381859 -0.071221 0)
(0.0362601 -0.0722634 0)
(0.0342357 -0.0728449 0)
(0.032135 -0.0730252 0)
(0.0299789 -0.0728671 0)
(0.0277859 -0.0724332 0)
(0.0255725 -0.0717834 0)
(0.023352 -0.0709728 0)
(0.0211351 -0.0700508 0)
(0.0189302 -0.0690606 0)
(0.0167432 -0.068039 0)
(0.014578 -0.0670166 0)
(0.0124372 -0.0660185 0)
(0.0103216 -0.0650646 0)
(0.00823111 -0.0641701 0)
(0.0061646 -0.0633467 0)
(0.0041203 -0.0626029 0)
(0.00209585 -0.0619444 0)
(8.84317e-05 -0.0613748 0)
(-0.0019053 -0.0608965 0)
(-0.0038892 -0.0605102 0)
(-0.0058672 -0.060216 0)
(-0.00784322 -0.0600134 0)
(-0.00982129 -0.0599012 0)
(-0.0118056 -0.0598781 0)
(-0.0138005 -0.0599427 0)
(-0.0158103 -0.0600932 0)
(-0.0178395 -0.0603282 0)
(-0.0198927 -0.0606461 0)
(-0.0219751 -0.0610455 0)
(-0.0240922 -0.0615255 0)
(-0.0262471 -0.0620855 0)
(-0.0284424 -0.0627233 0)
(-0.0306837 -0.0634371 0)
(-0.0329761 -0.0642251 0)
(-0.0353241 -0.065086 0)
(-0.0377315 -0.0660178 0)
(-0.0402013 -0.0670187 0)
(-0.0427357 -0.0680861 0)
(-0.0453352 -0.0692171 0)
(-0.0479955 -0.0704076 0)
(-0.0507007 -0.0716535 0)
(-0.0534421 -0.0729515 0)
(-0.0562327 -0.0742929 0)
(-0.0590478 -0.0756703 0)
(-0.0618185 -0.077075 0)
(-0.0644752 -0.0784965 0)
(-0.0669158 -0.0799206 0)
(-0.0689536 -0.0813293 0)
(-0.0703249 -0.0827001 0)
(-0.0709004 -0.0840121 0)
(-0.0708256 -0.0852554 0)
(-0.0703359 -0.0864191 0)
(-0.0695961 -0.0874885 0)
(-0.0687071 -0.0884455 0)
(-0.0677348 -0.0892692 0)
(-0.0667236 -0.0899363 0)
(-0.0657024 -0.0904211 0)
(-0.0646887 -0.0906958 0)
(-0.0636918 -0.0907306 0)
(-0.062716 -0.0904945 0)
(-0.0617621 -0.0899558 0)
(-0.0608286 -0.0890831 0)
(-0.0599104 -0.0878463 0)
(-0.0589939 -0.0862178 0)
(-0.058069 -0.0841734 0)
(-0.0571409 -0.0816953 0)
(-0.05622 -0.0787733 0)
(-0.0553164 -0.0754073 0)
(-0.054443 -0.0716091 0)
(-0.0536154 -0.0674043 0)
(-0.0528506 -0.0628319 0)
(-0.0521663 -0.057945 0)
(-0.0515789 -0.0528093 0)
(-0.0511014 -0.0474995 0)
(-0.0507415 -0.0420938 0)
(-0.0504974 -0.0366691 0)
(-0.0503562 -0.0312916 0)
(-0.0502971 -0.0260161 0)
(-0.0502921 -0.0208829 0)
(-0.0503074 -0.0159184 0)
(-0.0503041 -0.0111352 0)
(-0.0502419 -0.00653483 0)
(-0.0501009 -0.00210949 0)
(0.0500736 -0.00210644 0)
(0.0501551 -0.00646606 0)
(0.0501446 -0.0109656 0)
(0.0500405 -0.0156123 0)
(0.0498528 -0.0203969 0)
(0.0495853 -0.02529 0)
(0.049234 -0.0302401 0)
(0.048789 -0.0351753 0)
(0.0482351 -0.0400075 0)
(0.047554 -0.0446396 0)
(0.0467264 -0.0489744 0)
(0.0457362 -0.0529244 0)
(0.0445723 -0.0564194 0)
(0.0432315 -0.0594119 0)
(0.0417182 -0.0618788 0)
(0.0400436 -0.0638201 0)
(0.0382249 -0.0652561 0)
(0.0362825 -0.0662228 0)
(0.0342386 -0.0667677 0)
(0.0321152 -0.0669449 0)
(0.0299333 -0.0668117 0)
(0.0277116 -0.0664251 0)
(0.0254666 -0.0658398 0)
(0.0232117 -0.0651062 0)
(0.0209578 -0.0642695 0)
(0.0187132 -0.0633694 0)
(0.0164841 -0.0624396 0)
(0.0142744 -0.0615085 0)
(0.0120865 -0.060599 0)
(0.00992156 -0.0597296 0)
(0.00777931 -0.0589145 0)
(0.00565872 -0.0581645 0)
(0.00355799 -0.0574872 0)
(0.00147475 -0.0568881 0)
(-0.000593757 -0.0563706 0)
(-0.00265097 -0.0559366 0)
(-0.00470077 -0.055587 0)
(-0.00674704 -0.0553217 0)
(-0.00879371 -0.0551401 0)
(-0.0108448 -0.0550411 0)
(-0.0129044 -0.0550234 0)
(-0.0149768 -0.0550853 0)
(-0.0170663 -0.0552254 0)
(-0.019177 -0.055442 0)
(-0.0213135 -0.0557335 0)
(-0.0234809 -0.0560984 0)
(-0.0256841 -0.056535 0)
(-0.0279261 -0.0570417 0)
(-0.0302097 -0.057617 0)
(-0.0325397 -0.0582597 0)
(-0.0349209 -0.0589681 0)
(-0.037357 -0.0597406 0)
(-0.0398512 -0.0605753 0)
(-0.0424057 -0.06147 0)
(-0.0450221 -0.0624223 0)
(-0.0476998 -0.0634294 0)
(-0.0504366 -0.0644881 0)
(-0.053225 -0.0655955 0)
(-0.0560481 -0.0667502 0)
(-0.0588935 -0.067944 0)
(-0.0617408 -0.0691633 0)
(-0.0645391 -0.0704014 0)
(-0.0672136 -0.0716509 0)
(-0.0696506 -0.0729 0)
(-0.0716539 -0.0741333 0)
(-0.0729599 -0.075332 0)
(-0.0734542 -0.076481 0)
(-0.0732959 -0.0775707 0)
(-0.0727223 -0.0785902 0)
(-0.071897 -0.0795255 0)
(-0.0709209 -0.0803599 0)
(-0.0698598 -0.0810746 0)
(-0.0687582 -0.0816481 0)
(-0.0676454 -0.0820571 0)
(-0.0665391 -0.082276 0)
(-0.0654495 -0.0822781 0)
(-0.0643811 -0.0820351 0)
(-0.0633346 -0.0815182 0)
(-0.0623089 -0.0806987 0)
(-0.0612988 -0.0795492 0)
(-0.060291 -0.0780446 0)
(-0.0592753 -0.0761632 0)
(-0.0582573 -0.0738888 0)
(-0.0572484 -0.0712125 0)
(-0.0562586 -0.0681344 0)
(-0.0553007 -0.0646652 0)
(-0.05439 -0.060828 0)
(-0.0535439 -0.0566588 0)
(-0.0527805 -0.0522069 0)
(-0.0521164 -0.0475331 0)
(-0.0515639 -0.0427065 0)
(-0.0511309 -0.0377999 0)
(-0.0508168 -0.0328831 0)
(-0.0506093 -0.0280184 0)
(-0.0504884 -0.0232568 0)
(-0.0504271 -0.0186361 0)
(-0.0503935 -0.0141809 0)
(-0.0503506 -0.00990264 0)
(-0.0502601 -0.0058019 0)
(-0.050103 -0.00186984 0)
(0.0500755 -0.00190816 0)
(0.0501623 -0.00585776 0)
(0.050158 -0.00993528 0)
(0.0500609 -0.0141475 0)
(0.0498805 -0.0184862 0)
(0.0496202 -0.0229245 0)
(0.0492758 -0.0274157 0)
(0.0488369 -0.0318942 0)
(0.048288 -0.0362799 0)
(0.0476103 -0.0404847 0)
(0.0467844 -0.0444206 0)
(0.0457937 -0.0480082 0)
(0.0446273 -0.0511841 0)
(0.0432815 -0.0539054 0)
(0.0417606 -0.0561511 0)
(0.040076 -0.0579211 0)
(0.0382444 -0.0592335 0)
(0.0362863 -0.060121 0)
(0.0342238 -0.0606259 0)
(0.032079 -0.0607973 0)
(0.0298728 -0.0606866 0)
(0.0276241 -0.0603455 0)
(0.0253493 -0.0598233 0)
(0.0230619 -0.0591655 0)
(0.0207729 -0.0584134 0)
(0.0184909 -0.0576027 0)
(0.0162219 -0.0567643 0)
(0.0139701 -0.0559239 0)
(0.011738 -0.0551026 0)
(0.00952671 -0.0543171 0)
(0.00733609 -0.0535805 0)
(0.00516515 -0.0529026 0)
(0.00301211 -0.0522906 0)
(0.00087463 -0.0517495 0)
(-0.00125008 -0.0512822 0)
(-0.00336548 -0.0508908 0)
(-0.00547549 -0.0505759 0)
(-0.00758389 -0.0503373 0)
(-0.00969452 -0.0501744 0)
(-0.0118113 -0.0500861 0)
(-0.0139384 -0.0500711 0)
(-0.0160798 -0.050128 0)
(-0.0182397 -0.0502551 0)
(-0.0204223 -0.050451 0)
(-0.0226318 -0.050714 0)
(-0.0248728 -0.0510425 0)
(-0.0271501 -0.0514345 0)
(-0.0294666 -0.0518877 0)
(-0.0318254 -0.0524013 0)
(-0.034231 -0.0529743 0)
(-0.0366875 -0.0536052 0)
(-0.0391981 -0.0542923 0)
(-0.0417657 -0.0550338 0)
(-0.0443923 -0.0558277 0)
(-0.0470789 -0.0566717 0)
(-0.0498247 -0.0575634 0)
(-0.0526266 -0.0585 0)
(-0.0554743 -0.0594776 0)
(-0.0583474 -0.0604924 0)
(-0.0612322 -0.0615391 0)
(-0.0641103 -0.0626101 0)
(-0.0669304 -0.0636979 0)
(-0.0696133 -0.0647936 0)
(-0.0720406 -0.0658869 0)
(-0.0740102 -0.0669647 0)
(-0.0752607 -0.0680116 0)
(-0.0756889 -0.0690159 0)
(-0.0754611 -0.0699688 0)
(-0.0748157 -0.0708598 0)
(-0.0739166 -0.0716759 0)
(-0.0728649 -0.072402 0)
(-0.0717269 -0.0730211 0)
(-0.0705475 -0.0735138 0)
(-0.0693563 -0.0738589 0)
(-0.0681714 -0.0740334 0)
(-0.0670028 -0.0740129 0)
(-0.065855 -0.0737719 0)
(-0.0647288 -0.0732842 0)
(-0.0636231 -0.0725239 0)
(-0.0625332 -0.0714663 0)
(-0.0614461 -0.070089 0)
(-0.0603515 -0.0683727 0)
(-0.059255 -0.0663029 0)
(-0.0581684 -0.0638717 0)
(-0.0571018 -0.0610794 0)
(-0.0560681 -0.0579362 0)
(-0.0550828 -0.0544631 0)
(-0.0541636 -0.0506935 0)
(-0.0533287 -0.0466724 0)
(-0.0525952 -0.0424552 0)
(-0.0519767 -0.0381048 0)
(-0.0514799 -0.0336879 0)
(-0.051103 -0.0292684 0)
(-0.0508357 -0.0249036 0)
(-0.0506591 -0.0206402 0)
(-0.0505475 -0.0165132 0)
(-0.0504701 -0.0125451 0)
(-0.0503918 -0.00874639 0)
(-0.0502761 -0.00511664 0)
(-0.0501048 -0.00164648 0)
(0.0500772 -0.00170979 0)
(0.0501685 -0.00524882 0)
(0.0501692 -0.00890313 0)
(0.0500776 -0.0126791 0)
(0.049903 -0.0165694 0)
(0.0496484 -0.0205498 0)
(0.0493093 -0.0245782 0)
(0.048875 -0.0285957 0)
(0.0483296 -0.0325305 0)
(0.0476542 -0.0363034 0)
(0.0468292 -0.0398356 0)
(0.0458377 -0.0430562 0)
(0.0446685 -0.0459086 0)
(0.0433181 -0.0483543 0)
(0.0417903 -0.0503745 0)
(0.0400965 -0.0519691 0)
(0.0382534 -0.0531543 0)
(0.0362811 -0.0539588 0)
(0.0342018 -0.0544206 0)
(0.0320375 -0.0545833 0)
(0.0298092 -0.0544927 0)
(0.0275356 -0.054195 0)
(0.0252334 -0.0537341 0)
(0.022916 -0.053151 0)
(0.0205948 -0.0524823 0)
(0.0182781 -0.0517604 0)
(0.0159723 -0.0510128 0)
(0.0136816 -0.0502627 0)
(0.0114087 -0.0495291 0)
(0.00915458 -0.0488272 0)
(0.00691934 -0.0481687 0)
(0.00470202 -0.0475625 0)
(0.00250096 -0.0470152 0)
(0.000313858 -0.0465312 0)
(-0.00186238 -0.0461133 0)
(-0.00403093 -0.0457632 0)
(-0.00619527 -0.0454815 0)
(-0.00835942 -0.0452681 0)
(-0.0105273 -0.0451224 0)
(-0.0127028 -0.0450434 0)
(-0.0148898 -0.0450297 0)
(-0.0170926 -0.04508 0)
(-0.0193151 -0.0451927 0)
(-0.0215615 -0.0453663 0)
(-0.0238355 -0.0455992 0)
(-0.0261404 -0.04589 0)
(-0.0284791 -0.0462367 0)
(-0.0308571 -0.0466377 0)
(-0.0332801 -0.0470917 0)
(-0.0357507 -0.0475976 0)
(-0.0382713 -0.0481539 0)
(-0.040845 -0.0487589 0)
(-0.043474 -0.049411 0)
(-0.04616 -0.0501083 0)
(-0.0489032 -0.0508487 0)
(-0.0517027 -0.0516297 0)
(-0.0545544 -0.0524489 0)
(-0.0574486 -0.0533027 0)
(-0.0603664 -0.054188 0)
(-0.0632895 -0.0551012 0)
(-0.0661942 -0.0560357 0)
(-0.0690288 -0.056984 0)
(-0.0717141 -0.0579382 0)
(-0.0741288 -0.0588896 0)
(-0.0760664 -0.0598268 0)
(-0.0772684 -0.0607367 0)
(-0.0776403 -0.0616099 0)
(-0.077353 -0.0624383 0)
(-0.0766461 -0.0632123 0)
(-0.075684 -0.0639204 0)
(-0.074568 -0.0645488 0)
(-0.0733647 -0.0650823 0)
(-0.0721193 -0.0655035 0)
(-0.0708611 -0.0657934 0)
(-0.0696083 -0.0659312 0)
(-0.0683713 -0.0658952 0)
(-0.0671545 -0.0656624 0)
(-0.0659589 -0.0652096 0)
(-0.0647837 -0.0645137 0)
(-0.0636245 -0.0635528 0)
(-0.0624683 -0.0623069 0)
(-0.0613047 -0.0607589 0)
(-0.060139 -0.058896 0)
(-0.0589835 -0.0567114 0)
(-0.0578487 -0.0542057 0)
(-0.0567476 -0.0513883 0)
(-0.0556963 -0.0482787 0)
(-0.0547126 -0.044907 0)
(-0.0538149 -0.0413137 0)
(-0.0530196 -0.0375491 0)
(-0.0523408 -0.03367 0)
(-0.0517863 -0.0297358 0)
(-0.0513543 -0.0258046 0)
(-0.0510346 -0.0219282 0)
(-0.0508092 -0.0181493 0)
(-0.0506533 -0.0144995 0)
(-0.0505375 -0.0109991 0)
(-0.0504281 -0.00765732 0)
(-0.0502902 -0.00447325 0)
(-0.0501063 -0.00143731 0)
(0.0500787 -0.00151109 0)
(0.0501737 -0.00463852 0)
(0.0501785 -0.00786826 0)
(0.0500912 -0.011206 0)
(0.049921 -0.0146454 0)
(0.0496709 -0.0181648 0)
(0.049336 -0.0217271 0)
(0.0489053 -0.0252799 0)
(0.0483628 -0.0287598 0)
(0.0476892 -0.0320968 0)
(0.0468648 -0.0352214 0)
(0.0458725 -0.0380712 0)
(0.0447011 -0.040596 0)
(0.0433466 -0.0427622 0)
(0.041813 -0.0445531 0)
(0.0401113 -0.0459686 0)
(0.0382581 -0.0470227 0)
(0.0362735 -0.0477409 0)
(0.0341794 -0.0481563 0)
(0.0319979 -0.0483073 0)
(0.0297498 -0.0482343 0)
(0.0274541 -0.0479778 0)
(0.0251272 -0.0475765 0)
(0.0227828 -0.0470665 0)
(0.0204323 -0.0464801 0)
(0.0180841 -0.045846 0)
(0.0157448 -0.0451886 0)
(0.0134187 -0.0445283 0)
(0.0111085 -0.0438821 0)
(0.00881541 -0.0432633 0)
(0.00653965 -0.0426826 0)
(0.00428031 -0.0421478 0)
(0.0020358 -0.0416648 0)
(-0.000196062 -0.0412375 0)
(-0.0024181 -0.0408685 0)
(-0.00463382 -0.0405592 0)
(-0.0068469 -0.0403102 0)
(-0.00906102 -0.0401215 0)
(-0.0112799 -0.0399924 0)
(-0.0135074 -0.0399219 0)
(-0.0157472 -0.0399088 0)
(-0.0180035 -0.0399519 0)
(-0.02028 -0.0400496 0)
(-0.0225805 -0.0402006 0)
(-0.0249091 -0.0404032 0)
(-0.0272691 -0.0406562 0)
(-0.0296643 -0.0409581 0)
(-0.0320989 -0.041308 0)
(-0.0345768 -0.0417041 0)
(-0.0371012 -0.042145 0)
(-0.039675 -0.0426292 0)
(-0.0423007 -0.0431555 0)
(-0.0449804 -0.0437221 0)
(-0.0477155 -0.0443274 0)
(-0.0505059 -0.0449696 0)
(-0.0533501 -0.0456466 0)
(-0.0562434 -0.0463559 0)
(-0.0591756 -0.0470949 0)
(-0.0621268 -0.0478601 0)
(-0.0650776 -0.0486478 0)
(-0.0680019 -0.0494534 0)
(-0.0708472 -0.0502706 0)
(-0.0735342 -0.0510926 0)
(-0.075938 -0.0519119 0)
(-0.0778484 -0.0527188 0)
(-0.0790096 -0.0535025 0)
(-0.0793347 -0.0542551 0)
(-0.0789978 -0.0549689 0)
(-0.0782394 -0.0556353 0)
(-0.0772237 -0.0562439 0)
(-0.0760528 -0.0567828 0)
(-0.0747934 -0.0572382 0)
(-0.0734908 -0.0575948 0)
(-0.0721747 -0.0578358 0)
(-0.0708636 -0.057943 0)
(-0.0695676 -0.0578973 0)
(-0.0682914 -0.0576783 0)
(-0.0670361 -0.0572657 0)
(-0.065801 -0.0566391 0)
(-0.0645816 -0.0557793 0)
(-0.063365 -0.0546687 0)
(-0.0621405 -0.0532925 0)
(-0.0609137 -0.0516393 0)
(-0.0596973 -0.0497036 0)
(-0.0585024 -0.0474862 0)
(-0.0573421 -0.0449958 0)
(-0.0562324 -0.0422499 0)
(-0.0551915 -0.0392752 0)
(-0.0542382 -0.036108 0)
(-0.05339 -0.0327928 0)
(-0.0526598 -0.0293801 0)
(-0.0520545 -0.0259226 0)
(-0.0515737 -0.022472 0)
(-0.051208 -0.0190745 0)
(-0.0509399 -0.0157681 0)
(-0.0507453 -0.012581 0)
(-0.0505961 -0.00953125 0)
(-0.0504596 -0.00662684 0)
(-0.0503026 -0.00386638 0)
(-0.0501078 -0.00124053 0)
(0.0500799 -0.00131181 0)
(0.050178 -0.00402635 0)
(0.0501861 -0.00682998 0)
(0.0501022 -0.00972756 0)
(0.0499355 -0.0127136 0)
(0.0496889 -0.0157693 0)
(0.0493572 -0.0188623 0)
(0.0489294 -0.0219473 0)
(0.0483892 -0.024969 0)
(0.0477172 -0.0278668 0)
(0.0468934 -0.0305805 0)
(0.0459006 -0.0330559 0)
(0.0447275 -0.0352499 0)
(0.0433699 -0.0371331 0)
(0.0418315 -0.0386912 0)
(0.0401233 -0.0399241 0)
(0.0382616 -0.0408439 0)
(0.0362666 -0.0414724 0)
(0.0341599 -0.0418384 0)
(0.0319635 -0.0419749 0)
(0.0296982 -0.0419168 0)
(0.0273831 -0.0416991 0)
(0.0250345 -0.0413554 0)
(0.0226664 -0.0409168 0)
(0.0202899 -0.0404115 0)
(0.017914 -0.0398642 0)
(0.0155449 -0.0392961 0)
(0.0131873 -0.038725 0)
(0.010844 -0.0381657 0)
(0.0085163 -0.0376298 0)
(0.00620442 -0.0371266 0)
(0.00390761 -0.036663 0)
(0.00162434 -0.0362441 0)
(-0.000647373 -0.0358734 0)
(-0.00291032 -0.0355531 0)
(-0.00516799 -0.0352845 0)
(-0.00742398 -0.0350681 0)
(-0.00968183 -0.0349038 0)
(-0.0119452 -0.034791 0)
(-0.0142178 -0.0347289 0)
(-0.0165034 -0.0347164 0)
(-0.0188059 -0.0347523 0)
(-0.0211293 -0.0348353 0)
(-0.0234771 -0.0349641 0)
(-0.0258532 -0.0351374 0)
(-0.0282608 -0.0353539 0)
(-0.0307029 -0.0356126 0)
(-0.033184 -0.0359123 0)
(-0.0357084 -0.0362517 0)
(-0.0382789 -0.0366295 0)
(-0.0408978 -0.0370442 0)
(-0.0435676 -0.0374945 0)
(-0.04629 -0.0379791 0)
(-0.0490658 -0.0384964 0)
(-0.0518947 -0.0390449 0)
(-0.054775 -0.0396226 0)
(-0.0577016 -0.0402275 0)
(-0.0606638 -0.0408572 0)
(-0.0636414 -0.0415088 0)
(-0.0666147 -0.0421793 0)
(-0.0695559 -0.0428643 0)
(-0.0724099 -0.0435591 0)
(-0.0750968 -0.0442577 0)
(-0.0774905 -0.0449538 0)
(-0.0793786 -0.0456394 0)
(-0.0805041 -0.046304 0)
(-0.0807909 -0.0469444 0)
(-0.0804124 -0.0475514 0)
(-0.0796102 -0.0481171 0)
(-0.0785492 -0.0486329 0)
(-0.0773316 -0.0490884 0)
(-0.0760245 -0.0494717 0)
(-0.0746736 -0.0497696 0)
(-0.0733085 -0.0499676 0)
(-0.0719478 -0.0500499 0)
(-0.0706017 -0.0499996 0)
(-0.0692747 -0.0497994 0)
(-0.067968 -0.0494315 0)
(-0.0666809 -0.0488783 0)
(-0.0654093 -0.0481232 0)
(-0.0641403 -0.0471514 0)
(-0.0628629 -0.04595 0)
(-0.061583 -0.0445095 0)
(-0.0603139 -0.0428253 0)
(-0.0590669 -0.0408983 0)
(-0.0578552 -0.0387364 0)
(-0.0566952 -0.0363547 0)
(-0.0556051 -0.0337769 0)
(-0.0546038 -0.0310346 0)
(-0.0537085 -0.0281662 0)
(-0.0529327 -0.0252159 0)
(-0.0522838 -0.0222298 0)
(-0.0517614 -0.0192529 0)
(-0.0513563 -0.0163257 0)
(-0.0510515 -0.0134813 0)
(-0.0508239 -0.0107443 0)
(-0.0506461 -0.00813052 0)
(-0.0504866 -0.00564659 0)
(-0.0503132 -0.00329086 0)
(-0.050109 -0.00105452 0)
(0.0500809 -0.0011118 0)
(0.0501815 -0.0034122 0)
(0.0501921 -0.00578811 0)
(0.050111 -0.00824375 0)
(0.0499471 -0.0107744 0)
(0.0497033 -0.0133641 0)
(0.0493742 -0.0159855 0)
(0.0489487 -0.0185999 0)
(0.0484105 -0.0211607 0)
(0.0477398 -0.0236165 0)
(0.0469167 -0.0259165 0)
(0.0459238 -0.0280148 0)
(0.0447495 -0.029875 0)
(0.0433895 -0.0314724 0)
(0.0418475 -0.0327947 0)
(0.0401342 -0.0338419 0)
(0.0382657 -0.0346243 0)
(0.036262 -0.0351601 0)
(0.0341448 -0.0354737 0)
(0.031936 -0.035593 0)
(0.0296562 -0.0355473 0)
(0.0273245 -0.0353662 0)
(0.0249574 -0.035078 0)
(0.0225688 -0.0347092 0)
(0.0201699 -0.0342835 0)
(0.0177697 -0.0338218 0)
(0.0153748 -0.0333422 0)
(0.0129898 -0.0328597 0)
(0.0106175 -0.0323869 0)
(0.00825959 -0.0319336 0)
(0.00591627 -0.0315078 0)
(0.00358691 -0.0311153 0)
(0.00126999 -0.0307605 0)
(-0.00103617 -0.0304464 0)
(-0.00333434 -0.0301748 0)
(-0.0056282 -0.029947 0)
(-0.00792114 -0.0297632 0)
(-0.0102166 -0.0296235 0)
(-0.0125182 -0.0295273 0)
(-0.0148295 -0.0294739 0)
(-0.0171544 -0.0294624 0)
(-0.0194964 -0.0294917 0)
(-0.0218592 -0.0295607 0)
(-0.0242467 -0.0296682 0)
(-0.0266624 -0.029813 0)
(-0.02911 -0.0299942 0)
(-0.0315932 -0.0302108 0)
(-0.0341155 -0.0304621 0)
(-0.0366794 -0.0307465 0)
(-0.0392879 -0.0310628 0)
(-0.0419437 -0.0314099 0)
(-0.0446493 -0.0317866 0)
(-0.0474062 -0.0321919 0)
(-0.0502152 -0.0326243 0)
(-0.0530757 -0.0330826 0)
(-0.0559856 -0.0335652 0)
(-0.0589396 -0.0340702 0)
(-0.0619265 -0.0345957 0)
(-0.0649254 -0.0351393 0)
(-0.0679155 -0.0356982 0)
(-0.0708682 -0.0362687 0)
(-0.0737286 -0.036847 0)
(-0.0764155 -0.0374287 0)
(-0.0788011 -0.0380084 0)
(-0.0806708 -0.0385794 0)
(-0.0817658 -0.0391316 0)
(-0.0820209 -0.0396657 0)
(-0.0816079 -0.0401719 0)
(-0.0807694 -0.0406429 0)
(-0.0796711 -0.0410715 0)
(-0.0784151 -0.041449 0)
(-0.0770687 -0.0417655 0)
(-0.0756775 -0.0420098 0)
(-0.0742714 -0.0421696 0)
(-0.0728686 -0.0422314 0)
(-0.0714797 -0.0421811 0)
(-0.0701093 -0.042004 0)
(-0.0687586 -0.041685 0)
(-0.067427 -0.0412094 0)
(-0.0661111 -0.0405632 0)
(-0.0647977 -0.0397339 0)
(-0.0634754 -0.0387109 0)
(-0.0621505 -0.0374862 0)
(-0.0608367 -0.0360562 0)
(-0.0595454 -0.0344217 0)
(-0.05829 -0.0325894 0)
(-0.057087 -0.0305726 0)
(-0.0559549 -0.0283912 0)
(-0.0549125 -0.0260722 0)
(-0.0539773 -0.0236485 0)
(-0.0531631 -0.0211575 0)
(-0.0524772 -0.0186385 0)
(-0.0519194 -0.0161297 0)
(-0.0514809 -0.0136654 0)
(-0.0511453 -0.011274 0)
(-0.0508899 -0.00897649 0)
(-0.0506881 -0.0067861 0)
(-0.0505094 -0.00470836 0)
(-0.0503222 -0.00274154 0)
(-0.0501101 -0.000877703 0)
(0.0500818 -0.000911097 0)
(0.0501843 -0.00279613 0)
(0.050197 -0.00474289 0)
(0.0501179 -0.00675498 0)
(0.0499561 -0.00882845 0)
(0.0497144 -0.0109503 0)
(0.0493874 -0.0130979 0)
(0.0489639 -0.0152397 0)
(0.0484273 -0.0173375 0)
(0.0477579 -0.0193492 0)
(0.0469356 -0.0212332 0)
(0.0459427 -0.0229521 0)
(0.0447677 -0.0244761 0)
(0.0434061 -0.025785 0)
(0.0418614 -0.0268689 0)
(0.040144 -0.0277278 0)
(0.0382702 -0.0283699 0)
(0.0362597 -0.0288104 0)
(0.034134 -0.0290689 0)
(0.0319149 -0.0291683 0)
(0.0296232 -0.0291326 0)
(0.0272778 -0.028986 0)
(0.0248953 -0.0287515 0)
(0.0224895 -0.0284508 0)
(0.020072 -0.0281033 0)
(0.0176515 -0.0277262 0)
(0.0152348 -0.0273341 0)
(0.0128267 -0.0269395 0)
(0.0104301 -0.0265526 0)
(0.00804666 -0.0261816 0)
(0.00567678 -0.025833 0)
(0.00331988 -0.0255115 0)
(0.000974656 -0.0252208 0)
(-0.00136068 -0.0249633 0)
(-0.00368885 -0.0247407 0)
(-0.0060133 -0.0245539 0)
(-0.00833739 -0.0244031 0)
(-0.0106645 -0.0242884 0)
(-0.012998 -0.0242093 0)
(-0.0153417 -0.0241652 0)
(-0.0176991 -0.0241552 0)
(-0.0200739 -0.0241787 0)
(-0.0224697 -0.0242345 0)
(-0.0248902 -0.0243219 0)
(-0.027339 -0.0244397 0)
(-0.0298198 -0.0245872 0)
(-0.0323361 -0.0247633 0)
(-0.0348906 -0.0249671 0)
(-0.0374857 -0.0251976 0)
(-0.040125 -0.025454 0)
(-0.0428111 -0.0257353 0)
(-0.0455462 -0.0260407 0)
(-0.0483316 -0.0263692 0)
(-0.0511677 -0.0267196 0)
(-0.0540537 -0.0270909 0)
(-0.0569871 -0.0274815 0)
(-0.0599624 -0.0278902 0)
(-0.0629684 -0.0283151 0)
(-0.0659837 -0.0287545 0)
(-0.0689866 -0.0292061 0)
(-0.0719486 -0.0296672 0)
(-0.0748144 -0.0301347 0)
(-0.0775015 -0.0306051 0)
(-0.0798797 -0.0310738 0)
(-0.081734 -0.0315357 0)
(-0.0828038 -0.0319815 0)
(-0.0830323 -0.0324121 0)
(-0.0825923 -0.0328234 0)
(-0.0817249 -0.033205 0)
(-0.0805965 -0.033551 0)
(-0.0793094 -0.0338548 0)
(-0.077931 -0.0341083 0)
(-0.076507 -0.0343027 0)
(-0.0750672 -0.0344278 0)
(-0.0736302 -0.0344727 0)
(-0.0722063 -0.0344261 0)
(-0.0708004 -0.0342757 0)
(-0.0694135 -0.0340094 0)
(-0.0680454 -0.0336152 0)
(-0.0666926 -0.0330815 0)
(-0.0653422 -0.0323983 0)
(-0.0639825 -0.0315568 0)
(-0.0626202 -0.0305507 0)
(-0.0612691 -0.029377 0)
(-0.0599408 -0.0280368 0)
(-0.0586488 -0.0265355 0)
(-0.0574099 -0.0248841 0)
(-0.0562427 -0.0230991 0)
(-0.0551663 -0.0212027 0)
(-0.0541983 -0.0192221 0)
(-0.0533521 -0.0171878 0)
(-0.0526356 -0.015132 0)
(-0.0520486 -0.0130863 0)
(-0.0515827 -0.0110789 0)
(-0.0512218 -0.00913292 0)
(-0.0509436 -0.00726571 0)
(-0.0507222 -0.00548814 0)
(-0.0505277 -0.00380466 0)
(-0.0503294 -0.00221366 0)
(-0.0501109 -0.000708459 0)
(0.0500825 -0.000709855 0)
(0.0501866 -0.00217826 0)
(0.0502008 -0.00369472 0)
(0.0501232 -0.00526192 0)
(0.0499631 -0.0068768 0)
(0.049723 -0.00852922 0)
(0.0493976 -0.0102015 0)
(0.0489756 -0.011869 0)
(0.0484404 -0.0135021 0)
(0.0477721 -0.0150679 0)
(0.0469505 -0.0165342 0)
(0.045958 -0.0178718 0)
(0.0447826 -0.0190576 0)
(0.04342 -0.020076 0)
(0.0418733 -0.0209194 0)
(0.0401531 -0.0215876 0)
(0.0382752 -0.0220872 0)
(0.0362594 -0.0224299 0)
(0.034127 -0.0226311 0)
(0.0319 -0.0227084 0)
(0.0295988 -0.0226807 0)
(0.0272425 -0.0225665 0)
(0.0248476 -0.022384 0)
(0.0224281 -0.02215 0)
(0.0199954 -0.0218794 0)
(0.0175585 -0.0215857 0)
(0.0151242 -0.0212804 0)
(0.0126974 -0.0209731 0)
(0.0102811 -0.0206717 0)
(0.00787694 -0.0203827 0)
(0.00548552 -0.0201111 0)
(0.00310634 -0.0198607 0)
(0.000738192 -0.0196342 0)
(-0.00162072 -0.0194336 0)
(-0.00397309 -0.0192602 0)
(-0.00632221 -0.0191146 0)
(-0.00867139 -0.0189972 0)
(-0.011024 -0.0189077 0)
(-0.0133833 -0.0188461 0)
(-0.0157531 -0.0188116 0)
(-0.0181368 -0.0188038 0)
(-0.020538 -0.0188219 0)
(-0.0229603 -0.0188652 0)
(-0.0254073 -0.0189329 0)
(-0.0278824 -0.0190243 0)
(-0.0303892 -0.0191387 0)
(-0.0329308 -0.0192752 0)
(-0.0355104 -0.0194328 0)
(-0.0381308 -0.0196112 0)
(-0.0407949 -0.0198097 0)
(-0.043505 -0.0200274 0)
(-0.046263 -0.0202636 0)
(-0.0490703 -0.0205176 0)
(-0.0519271 -0.0207884 0)
(-0.0548324 -0.0210752 0)
(-0.0577837 -0.0213769 0)
(-0.0607754 -0.0216925 0)
(-0.063796 -0.0220206 0)
(-0.066824 -0.0223598 0)
(-0.0698371 -0.0227085 0)
(-0.0728063 -0.0230645 0)
(-0.0756758 -0.0234254 0)
(-0.0783623 -0.0237884 0)
(-0.0807346 -0.0241501 0)
(-0.0825769 -0.0245068 0)
(-0.0836265 -0.0248503 0)
(-0.083833 -0.0251794 0)
(-0.0833719 -0.0254987 0)
(-0.0824816 -0.0257941 0)
(-0.0813293 -0.0260608 0)
(-0.080018 -0.0262943 0)
(-0.0786146 -0.0264885 0)
(-0.0771649 -0.0266364 0)
(-0.0756989 -0.0267303 0)
(-0.0742352 -0.0267619 0)
(-0.072784 -0.0267221 0)
(-0.0713501 -0.0266017 0)
(-0.0699347 -0.0263911 0)
(-0.0685375 -0.026081 0)
(-0.0671554 -0.0256626 0)
(-0.0657753 -0.0251279 0)
(-0.0643857 -0.0244702 0)
(-0.0629934 -0.0236848 0)
(-0.0616125 -0.0227696 0)
(-0.0602545 -0.0217252 0)
(-0.0589333 -0.020556 0)
(-0.0576658 -0.0192708 0)
(-0.0564707 -0.0178824 0)
(-0.0553672 -0.0164081 0)
(-0.0543729 -0.0148692 0)
(-0.0535014 -0.0132895 0)
(-0.0527606 -0.0116941 0)
(-0.0521504 -0.0101075 0)
(-0.0516628 -0.00855183 0)
(-0.0512818 -0.00704513 0)
(-0.0509856 -0.00560089 0)
(-0.0507487 -0.00422761 0)
(-0.0505418 -0.00292873 0)
(-0.0503348 -0.00170293 0)
(-0.0501115 -0.000544936 0)
(0.0500829 -0.000508082 0)
(0.0501881 -0.0015588 0)
(0.0502034 -0.0026439 0)
(0.050127 -0.00376515 0)
(0.049968 -0.00492036 0)
(0.0497291 -0.0061022 0)
(0.049405 -0.00729796 0)
(0.0489841 -0.00849006 0)
(0.04845 -0.00965714 0)
(0.0477826 -0.0107758 0)
(0.0469616 -0.011823 0)
(0.0459694 -0.0127779 0)
(0.0447939 -0.0136241 0)
(0.0434306 -0.0143503 0)
(0.0418826 -0.0149513 0)
(0.0401603 -0.0154271 0)
(0.0382795 -0.0157823 0)
(0.0362597 -0.0160254 0)
(0.0341225 -0.0161673 0)
(0.0318895 -0.0162209 0)
(0.0295813 -0.0161993 0)
(0.0272168 -0.0161161 0)
(0.0248126 -0.0159842 0)
(0.0223827 -0.0158155 0)
(0.0199386 -0.0156209 0)
(0.0174893 -0.0154098 0)
(0.0150417 -0.0151906 0)
(0.0126007 -0.01497 0)
(0.0101693 -0.0147538 0)
(0.00774947 -0.0145466 0)
(0.00534167 -0.0143519 0)
(0.00294553 -0.0141725 0)
(0.000559927 -0.0140103 0)
(-0.00181691 -0.0138667 0)
(-0.00418765 -0.0137426 0)
(-0.00655551 -0.0136385 0)
(-0.00892372 -0.0135546 0)
(-0.0112955 -0.0134908 0)
(-0.0136744 -0.0134469 0)
(-0.0160637 -0.0134225 0)
(-0.018467 -0.0134172 0)
(-0.0208879 -0.0134305 0)
(-0.02333 -0.0134618 0)
(-0.0257968 -0.0135105 0)
(-0.0282916 -0.0135762 0)
(-0.0308178 -0.0136582 0)
(-0.0333785 -0.013756 0)
(-0.0359768 -0.013869 0)
(-0.0386157 -0.0139967 0)
(-0.0412978 -0.0141386 0)
(-0.0440254 -0.0142942 0)
(-0.0468003 -0.014463 0)
(-0.0496239 -0.0146443 0)
(-0.0524961 -0.0148376 0)
(-0.055416 -0.0150423 0)
(-0.0583807 -0.0152575 0)
(-0.0613845 -0.0154826 0)
(-0.0644159 -0.0157166 0)
(-0.0674532 -0.0159585 0)
(-0.0704735 -0.016207 0)
(-0.0734475 -0.0164607 0)
(-0.0763193 -0.0167177 0)
(-0.0790049 -0.016976 0)
(-0.0813725 -0.0172335 0)
(-0.0832057 -0.0174871 0)
(-0.0842401 -0.0177309 0)
(-0.0844306 -0.0179633 0)
(-0.0839529 -0.0181909 0)
(-0.0830453 -0.0184012 0)
(-0.0818757 -0.0185911 0)
(-0.0805466 -0.018757 0)
(-0.079125 -0.0188945 0)
(-0.0776566 -0.0189988 0)
(-0.0761713 -0.0190644 0)
(-0.0746876 -0.0190853 0)
(-0.0732159 -0.0190551 0)
(-0.0717611 -0.0189671 0)
(-0.0703242 -0.0188147 0)
(-0.0689051 -0.0185911 0)
(-0.0675008 -0.0182902 0)
(-0.0660982 -0.0179063 0)
(-0.0646863 -0.0174346 0)
(-0.0632719 -0.016872 0)
(-0.0618686 -0.016217 0)
(-0.0604884 -0.0154699 0)
(-0.0591452 -0.0146342 0)
(-0.0578562 -0.0137158 0)
(-0.0566402 -0.0127243 0)
(-0.0555165 -0.0116718 0)
(-0.0545025 -0.0105736 0)
(-0.053612 -0.00944686 0)
(-0.0528531 -0.00830945 0)
(-0.0522257 -0.00717896 0)
(-0.0517219 -0.00607113 0)
(-0.051326 -0.00499895 0)
(-0.0510165 -0.00397204 0)
(-0.0507681 -0.0029965 0)
(-0.050552 -0.00207474 0)
(-0.0503387 -0.00120578 0)
(-0.0501118 -0.000385506 0)
(0.0500832 -0.000305874 0)
(0.0501891 -0.000938377 0)
(0.0502051 -0.00159137 0)
(0.0501294 -0.00226593 0)
(0.0499712 -0.00296066 0)
(0.0497331 -0.00367108 0)
(0.0494097 -0.0043895 0)
(0.0489897 -0.00510528 0)
(0.0484563 -0.00580552 0)
(0.0477896 -0.00647617 0)
(0.0469691 -0.0071033 0)
(0.0459771 -0.00767449 0)
(0.0448016 -0.00817987 0)
(0.0434379 -0.00861285 0)
(0.041889 -0.00897026 0)
(0.0401654 -0.00925221 0)
(0.0382826 -0.00946164 0)
(0.0362603 -0.00960367 0)
(0.0341198 -0.00968502 0)
(0.0318827 -0.00971335 0)
(0.0295697 -0.00969677 0)
(0.0271997 -0.00964337 0)
(0.0247892 -0.00956094 0)
(0.0223522 -0.00945669 0)
(0.0199003 -0.00933715 0)
(0.0174426 -0.00920803 0)
(0.0149859 -0.00907428 0)
(0.0125352 -0.00894005 0)
(0.0100937 -0.00880873 0)
(0.00766326 -0.00868307 0)
(0.00524439 -0.0085652 0)
(0.00283682 -0.00845674 0)
(0.000439449 -0.00835886 0)
(-0.00194946 -0.00827238 0)
(-0.00433255 -0.0081978 0)
(-0.00671302 -0.00813542 0)
(-0.00909404 -0.00808534 0)
(-0.0114789 -0.0080475 0)
(-0.0138708 -0.00802174 0)
(-0.0162734 -0.00800785 0)
(-0.0186901 -0.00800553 0)
(-0.0211244 -0.00801446 0)
(-0.0235798 -0.00803428 0)
(-0.0260598 -0.00806465 0)
(-0.0285677 -0.00810521 0)
(-0.0311068 -0.00815561 0)
(-0.0336803 -0.00821551 0)
(-0.0362912 -0.00828458 0)
(-0.0389424 -0.0083625 0)
(-0.0416365 -0.00844895 0)
(-0.0443757 -0.0085436 0)
(-0.0471619 -0.00864612 0)
(-0.0499962 -0.00875618 0)
(-0.0528785 -0.0088734 0)
(-0.0558078 -0.00899738 0)
(-0.0587811 -0.00912768 0)
(-0.0617927 -0.00926378 0)
(-0.064831 -0.00940517 0)
(-0.0678743 -0.00955124 0)
(-0.0708993 -0.00970132 0)
(-0.0738762 -0.00985445 0)
(-0.076749 -0.0100095 0)
(-0.0794341 -0.0101652 0)
(-0.0817989 -0.0103204 0)
(-0.0836265 -0.0104732 0)
(-0.0846505 -0.0106195 0)
(-0.0848311 -0.0107592 0)
(-0.0843417 -0.0108959 0)
(-0.0834223 -0.0110224 0)
(-0.0822408 -0.0111365 0)
(-0.0808995 -0.011236 0)
(-0.0794655 -0.0113184 0)
(-0.0779842 -0.0113806 0)
(-0.0764857 -0.0114194 0)
(-0.0749885 -0.0114313 0)
(-0.073503 -0.0114124 0)
(-0.072034 -0.0113587 0)
(-0.0705828 -0.0112663 0)
(-0.0691491 -0.0111313 0)
(-0.0677301 -0.0109498 0)
(-0.0663125 -0.0107186 0)
(-0.0648857 -0.0104348 0)
(-0.0634567 -0.0100966 0)
(-0.0620386 -0.00970299 0)
(-0.0606436 -0.0092544 0)
(-0.0592859 -0.00875276 0)
(-0.0579826 -0.00820181 0)
(-0.0567527 -0.00760715 0)
(-0.0556153 -0.00697624 0)
(-0.0545883 -0.00631817 0)
(-0.0536854 -0.00564321 0)
(-0.0529144 -0.00496216 0)
(-0.0522757 -0.00428555 0)
(-0.0517612 -0.00362283 0)
(-0.0513554 -0.0029818 0)
(-0.0510371 -0.00236825 0)
(-0.0507811 -0.0017858 0)
(-0.0505591 -0.00123588 0)
(-0.0503414 -0.000717887 0)
(-0.0501122 -0.000228978 0)
(0.0500834 -0.000103451 0)
(0.0501897 -0.000317232 0)
(0.050206 -0.000537667 0)
(0.0501307 -0.000765076 0)
(0.0499728 -0.000998863 0)
(0.049735 -0.00123741 0)
(0.0494121 -0.00147801 0)
(0.0489924 -0.00171698 0)
(0.0484593 -0.0019499 0)
(0.0477929 -0.00217197 0)
(0.0469727 -0.0023785 0)
(0.0459808 -0.00256534 0)
(0.0448052 -0.00272929 0)
(0.0434413 -0.00286824 0)
(0.041892 -0.00298127 0)
(0.0401675 -0.00306861 0)
(0.0382837 -0.0031314 0)
(0.03626 -0.00317152 0)
(0.0341177 -0.00319137 0)
(0.0318785 -0.00319367 0)
(0.029563 -0.00318123 0)
(0.02719 -0.00315687 0)
(0.0247762 -0.00312325 0)
(0.0223356 -0.00308285 0)
(0.0198796 -0.00303789 0)
(0.0174175 -0.00299029 0)
(0.0149561 -0.00294172 0)
(0.0125004 -0.00289356 0)
(0.0100536 -0.00284693 0)
(0.00761755 -0.00280274 0)
(0.00519291 -0.00276166 0)
(0.00277937 -0.00272421 0)
(0.000375862 -0.00269076 0)
(-0.00201933 -0.00266152 0)
(-0.00440884 -0.00263665 0)
(-0.00679585 -0.00261619 0)
(-0.0091835 -0.00260017 0)
(-0.011575 -0.00258851 0)
(-0.0139737 -0.00258115 0)
(-0.016383 -0.00257798 -2.92219e-29)
(-0.0188065 -0.00257888 0)
(-0.0212475 -0.00258371 0)
(-0.0237096 -0.00259235 -2.83176e-29)
(-0.0261962 -0.00260464 0)
(-0.0287107 -0.00262045 0)
(-0.0312563 -0.00263965 2.75472e-29)
(-0.0338362 -0.00266211 0)
(-0.0364534 -0.0026877 0)
(-0.0391108 -0.0027163 0)
(-0.0418108 -0.0027478 0)
(-0.0445559 -0.0027821 0)
(-0.0473477 -0.00281905 0)
(-0.0501872 -0.00285854 0)
(-0.0530746 -0.00290043 0)
(-0.0560085 -0.00294457 0)
(-0.0589861 -0.00299082 0)
(-0.0620015 -0.00303898 0)
(-0.0650433 -0.00308887 0)
(-0.0680896 -0.00314029 0)
(-0.0711169 -0.00319298 0)
(-0.0740954 -0.00324661 -1.25614e-29)
(-0.0769689 -0.00330081 0)
(-0.0796538 -0.0033552 -1.24856e-29)
(-0.082017 -0.00340923 0)
(-0.0838412 -0.00346223 0)
(-0.0848594 -0.00351269 -1.22e-29)
(-0.0850344 -0.00356068 2.46552e-29)
(-0.0845388 -0.00360751 0)
(-0.0836131 -0.0036507 -1.2606e-29)
(-0.0824251 -0.00368958 2.53777e-29)
(-0.0810774 -0.00372344 0)
(-0.0796367 -0.0037514 0)
(-0.0781488 -0.00377251 0)
(-0.0766436 -0.00378569 -1.31531e-29)
(-0.0751395 -0.00378977 0)
(-0.073647 -0.0037835 0)
(-0.0721709 -0.00376558 -1.36085e-29)
(-0.0707124 -0.0037347 0)
(-0.0692714 -0.00368955 1.39397e-29)
(-0.0678449 -0.00362892 0)
(-0.0664198 -0.00355168 0)
(-0.0649854 -0.00345693 0)
(-0.0635489 -0.00334406 2.91287e-29)
(-0.0621234 -0.0032128 0)
(-0.0607209 -0.00306329 -2.95566e-29)
(-0.0593559 -0.00289622 0)
(-0.0580454 -0.00271285 0)
(-0.0568086 -0.00251509 2.96865e-29)
(-0.0556646 -0.00230544 0)
(-0.0546311 -0.00208694 0)
(-0.053722 -0.00186299 0)
(-0.0529451 -0.00163719 0)
(-0.0523008 -0.00141304 0)
(-0.051781 -0.00119368 1.41756e-29)
(-0.0513704 -0.000981717 0)
(-0.0510478 -0.000779076 0)
(-0.0507881 -0.000586961 2.77645e-29)
(-0.0505631 -0.000405807 0)
(-0.0503431 -0.000235372 2.75578e-29)
(-0.0501125 -7.46567e-05 0)
(0.0500835 9.90128e-05 0)
(0.0501898 0.000304374 0)
(0.0502061 0.000516754 0)
(0.0501307 0.000736707 0)
(0.0499728 0.000964031 0)
(0.049735 0.00119752 0)
(0.049412 0.00143489 0)
(0.0489923 0.0016729 0)
(0.0484592 0.00190751 0)
(0.0477928 0.00213423 0)
(0.0469725 0.00234853 0)
(0.0459805 0.00254627 0)
(0.0448049 0.00272404 0)
(0.0434408 0.00287942 0)
(0.0418914 0.00301107 0)
(0.0401668 0.00311869 0)
(0.0382828 0.00320289 0)
(0.0362588 0.00326503 0)
(0.0341163 0.00330701 0)
(0.0318768 0.00333107 0)
(0.0295609 0.00333966 0)
(0.0271876 0.00333527 0)
(0.0247734 0.0033203 0)
(0.0223324 0.00329705 0)
(0.019876 0.0032676 0)
(0.0174135 0.00323381 0)
(0.0149516 0.0031973 0)
(0.0124954 0.00315945 0)
(0.0100482 0.00312143 0)
(0.00761171 0.00308419 0)
(0.00518665 0.00304849 0)
(0.00277269 0.00301494 0)
(0.000368799 0.00298398 0)
(-0.00202676 0.00295596 0)
(-0.00441661 0.00293111 0)
(-0.00680394 0.00290961 0)
(-0.00919189 0.00289154 0)
(-0.0115837 0.00287694 0)
(-0.0139827 0.00286583 0)
(-0.0163923 0.00285817 2.92214e-29)
(-0.018816 0.00285391 0)
(-0.0212573 0.00285299 0)
(-0.0237196 0.00285534 2.83172e-29)
(-0.0262065 0.00286088 0)
(-0.0287212 0.00286954 0)
(-0.031267 0.00288123 -2.75468e-29)
(-0.0338471 0.00289588 0)
(-0.0364644 0.00291342 0)
(-0.0391219 0.00293378 0)
(-0.0418221 0.00295686 0)
(-0.0445673 0.00298256 0)
(-0.0473592 0.00301081 0)
(-0.0501988 0.00304151 0)
(-0.0530862 0.00307457 0)
(-0.0560202 0.00310988 0)
(-0.0589977 0.00314732 0)
(-0.062013 0.00318673 0)
(-0.0650546 0.00322798 0)
(-0.0681007 0.00327089 0)
(-0.0711278 0.00331524 0)
(-0.0741059 0.00336076 1.25613e-29)
(-0.0769791 0.00340712 0)
(-0.0796635 0.00345397 1.24856e-29)
(-0.082026 0.00350088 0)
(-0.0838494 0.00354735 0)
(-0.0848666 0.0035922 1.21996e-29)
(-0.0850406 0.00363542 -2.46551e-29)
(-0.0845443 0.00367807 0)
(-0.0836179 0.00371773 1.2606e-29)
(-0.0824294 0.00375362 -2.53777e-29)
(-0.0810812 0.00378501 0)
(-0.0796402 0.00381096 0)
(-0.0781519 0.00383049 0)
(-0.0766464 0.00384248 1.31531e-29)
(-0.075142 0.00384573 0)
(-0.0736493 0.00383896 0)
(-0.072173 0.0038208 1.36086e-29)
(-0.0707143 0.00378988 0)
(-0.0692731 0.00374485 -1.39398e-29)
(-0.0678463 0.00368444 0)
(-0.066421 0.0036075 0)
(-0.0649864 0.00351303 0)
(-0.0635497 0.00340038 -2.91287e-29)
(-0.0621239 0.00326917 0)
(-0.0607213 0.00311946 2.95567e-29)
(-0.0593561 0.00295184 0)
(-0.0580456 0.00276754 0)
(-0.0568087 0.0025684 -2.96865e-29)
(-0.0556647 0.00235687 0)
(-0.0546312 0.002136 0)
(-0.0537222 0.00190922 0)
(-0.0529454 0.00168016 0)
(-0.0523011 0.00145233 0)
(-0.0517814 0.00122892 -1.41756e-29)
(-0.0513708 0.00101251 0)
(-0.0510481 0.000805033 0)
(-0.0507885 0.000607724 -2.77645e-29)
(-0.0505634 0.000421068 0)
(-0.0503433 0.000244992 -2.75578e-29)
(-0.0501125 7.84989e-05 0)
(0.0500833 0.000301448 0)
(0.0501892 0.000925853 0)
(0.0502052 0.00157097 0)
(0.0501294 0.00223821 0)
(0.0499711 0.00292657 0)
(0.0497329 0.00363199 0)
(0.0494095 0.00434724 0)
(0.0489893 0.00506212 0)
(0.0484558 0.00576413 0)
(0.047789 0.00643951 0)
(0.0469684 0.0070745 0)
(0.0459762 0.00765667 0)
(0.0448004 0.00817598 0)
(0.0434363 0.0086255 0)
(0.041887 0.00900163 0)
(0.0401628 0.00930398 0)
(0.0382794 0.00953492 0)
(0.0362563 0.00969907 0)
(0.034115 0.00980262 0)
(0.031877 0.00985278 0)
(0.0295631 0.00985727 0)
(0.027192 0.00982388 0)
(0.0247804 0.00976011 0)
(0.0223423 0.009673 0)
(0.0198893 0.00956895 0)
(0.0174304 0.0094536 0)
(0.0149725 0.00933186 0)
(0.0125205 0.00920789 0)
(0.0100777 0.00908512 0)
(0.00764598 0.00896635 0)
(0.00522586 0.00885381 0)
(0.00281705 0.0087492 0)
(0.000418466 0.00865378 0)
(-0.00197162 0.00856848 0)
(-0.00435585 0.0084939 0)
(-0.00673742 0.00843043 0)
(-0.0091195 0.00837826 0)
(-0.0115053 0.00833742 0)
(-0.0138983 0.00830784 0)
(-0.0163018 0.00828937 0)
(-0.0187193 0.0082818 0)
(-0.0211544 0.00828486 0)
(-0.0236105 0.0082983 0)
(-0.0260911 0.00832181 0)
(-0.0285996 0.0083551 0)
(-0.0311392 0.00839788 0)
(-0.0337132 0.00844986 0)
(-0.0363244 0.00851075 0)
(-0.0389758 0.00858026 0)
(-0.0416702 0.00865812 0)
(-0.0444097 0.00874406 0)
(-0.0471961 0.00883776 0)
(-0.0500304 0.00893893 0)
(-0.0529127 0.00904723 0)
(-0.0558419 0.00916229 0)
(-0.0588151 0.00928369 0)
(-0.0618264 0.00941096 0)
(-0.0648644 0.00954358 0)
(-0.0679072 0.009681 0)
(-0.0709316 0.00982255 0)
(-0.0739078 0.00996735 0)
(-0.0767797 0.0101144 0)
(-0.0794637 0.0102625 0)
(-0.0818268 0.0104103 0)
(-0.083652 0.0105563 0)
(-0.084673 0.0106965 0)
(-0.0848509 0.0108311 0)
(-0.0843592 0.0109634 0)
(-0.0834379 0.011086 0)
(-0.0822546 0.0111969 0)
(-0.0809118 0.0112937 0)
(-0.0794763 0.0113738 0)
(-0.0779938 0.0114343 0)
(-0.0764942 0.0114718 0)
(-0.0749959 0.0114827 0)
(-0.0735095 0.0114633 0)
(-0.0720398 0.0114095 0)
(-0.0705878 0.0113173 0)
(-0.0691535 0.0111827 0)
(-0.0677337 0.0110019 0)
(-0.0663154 0.0107714 0)
(-0.064888 0.0104884 0)
(-0.0634583 0.0101508 0)
(-0.0620398 0.00975759 0)
(-0.0606444 0.00930908 0)
(-0.0592864 0.00880711 0)
(-0.057983 0.00825536 0)
(-0.056753 0.00765943 0)
(-0.0556157 0.00702677 0)
(-0.0545888 0.00636645 0)
(-0.0536859 0.00568876 0)
(-0.0529151 0.00500453 0)
(-0.0522765 0.00432432 0)
(-0.0517621 0.00365761 0)
(-0.0513564 0.00301221 0)
(-0.0510381 0.0023939 0)
(-0.0507822 0.00180631 0)
(-0.0505598 0.00125087 0)
(-0.0503419 0.000727012 0)
(-0.0501123 0.000232128 0)
(0.050083 0.000503791 0)
(0.0501881 0.00154672 0)
(0.0502034 0.00262415 0)
(0.0501269 0.00373829 0)
(0.0499678 0.0048873 0)
(0.0497288 0.00606429 0)
(0.0494045 0.00725702 0)
(0.0489835 0.00844836 0)
(0.0484492 0.00961736 0)
(0.0477817 0.010741 0)
(0.0469604 0.0117962 0)
(0.0459679 0.0127622 0)
(0.0447919 0.0136225 0)
(0.0434279 0.0143656 0)
(0.0418792 0.0149855 0)
(0.0401559 0.0154819 0)
(0.038274 0.0158588 0)
(0.0362531 0.0161242 0)
(0.0341145 0.0162885 0)
(0.03188 0.016364 0)
(0.0295701 0.0163637 0)
(0.0272039 0.0163006 0)
(0.0247979 0.0161874 0)
(0.022366 0.0160358 0)
(0.0199199 0.0158566 0)
(0.0174686 0.0156593 0)
(0.015019 0.0154519 0)
(0.0125758 0.0152414 0)
(0.0101424 0.0150336 0)
(0.00772046 0.0148331 0)
(0.00531061 0.0146435 0)
(0.00291248 0.0144677 0)
(0.000524924 0.0143078 0)
(-0.0018538 0.0141651 0)
(-0.00422636 0.0140408 0)
(-0.006596 0.0139354 0)
(-0.00896593 0.0138492 0)
(-0.0113394 0.0137823 0)
(-0.0137199 0.0137344 0)
(-0.0161107 0.0137053 0)
(-0.0185156 0.0136946 0)
(-0.0209379 0.0137019 0)
(-0.0233813 0.0137267 0)
(-0.0258492 0.0137685 0)
(-0.028345 0.0138268 0)
(-0.030872 0.0139011 0)
(-0.0334335 0.0139908 0)
(-0.0360326 0.0140956 0)
(-0.038672 0.0142149 0)
(-0.0413546 0.0143482 0)
(-0.0440826 0.0144951 0)
(-0.0468579 0.014655 0)
(-0.0496816 0.0148273 0)
(-0.0525539 0.0150116 0)
(-0.0554737 0.0152071 0)
(-0.0584381 0.0154132 0)
(-0.0614415 0.0156291 0)
(-0.0644724 0.0158539 0)
(-0.0675091 0.0160867 0)
(-0.0705284 0.0163263 0)
(-0.073501 0.0165713 0)
(-0.0763709 0.0168198 0)
(-0.0790547 0.0170699 0)
(-0.0814199 0.0173194 0)
(-0.0832494 0.0175656 0)
(-0.0842787 0.0178029 0)
(-0.0844647 0.0180301 0)
(-0.0839831 0.0182531 0)
(-0.0830723 0.0184595 0)
(-0.0818999 0.0186462 0)
(-0.0805683 0.0188093 0)
(-0.0791444 0.0189447 0)
(-0.0776739 0.0190473 0)
(-0.0761866 0.0191116 0)
(-0.0747011 0.0191316 0)
(-0.0732276 0.019101 0)
(-0.0717711 0.019013 0)
(-0.0703326 0.0188608 0)
(-0.068912 0.0186379 0)
(-0.0675063 0.0183379 0)
(-0.0661025 0.017955 0)
(-0.0646895 0.0174842 0)
(-0.0632743 0.0169225 0)
(-0.0618704 0.0162682 0)
(-0.0604897 0.0155215 0)
(-0.0591462 0.0146858 0)
(-0.057857 0.0137671 0)
(-0.0566408 0.0127746 0)
(-0.055517 0.0117207 0)
(-0.054503 0.0106206 0)
(-0.0536128 0.00949132 0)
(-0.0528539 0.00835095 0)
(-0.0522266 0.00721703 0)
(-0.0517229 0.00610536 0)
(-0.0513269 0.00502892 0)
(-0.0510173 0.00399737 0)
(-0.0507689 0.00301676 0)
(-0.0505525 0.00208947 0)
(-0.050339 0.00121441 0)
(-0.0501119 0.000387795 0)
(0.0500825 0.00070586 0)
(0.0501866 0.00216666 0)
(0.0502007 0.00367574 0)
(0.0501231 0.00523611 0)
(0.0499628 0.00684508 0)
(0.0497226 0.00849292 0)
(0.049397 0.0101624 0)
(0.0489748 0.0118295 0)
(0.0484393 0.0134647 0)
(0.0477707 0.0150357 0)
(0.0469487 0.0165103 0)
(0.0459556 0.0178594 0)
(0.0447795 0.0190596 0)
(0.0434159 0.0200951 0)
(0.0418681 0.0209577 0)
(0.0401465 0.0216468 0)
(0.0382671 0.0221684 0)
(0.0362495 0.0225336 0)
(0.0341152 0.0227574 0)
(0.031886 0.022857 0)
(0.0295826 0.0228505 0)
(0.0272239 0.0227566 0)
(0.0248264 0.0225929 0)
(0.0224042 0.0223759 0)
(0.0199688 0.0221208 0)
(0.0175291 0.0218407 0)
(0.0150919 0.0215471 0)
(0.0126622 0.0212498 0)
(0.0102429 0.0209566 0)
(0.00783593 0.0206741 0)
(0.00544166 0.0204073 0)
(0.00305967 0.0201602 0)
(0.000688777 0.0199357 0)
(-0.0016728 0.0197357 0)
(-0.00402776 0.0195617 0)
(-0.0063794 0.0194144 0)
(-0.008731 0.0192943 0)
(-0.0110859 0.0192014 0)
(-0.0134475 0.0191354 0)
(-0.0158193 0.0190959 0)
(-0.018205 0.0190824 0)
(-0.0206081 0.0190942 0)
(-0.0230322 0.0191307 0)
(-0.0254808 0.0191912 0)
(-0.0279574 0.019275 0)
(-0.0304654 0.0193813 0)
(-0.033008 0.0195095 0)
(-0.0355881 0.0196588 0)
(-0.038209 0.0198287 0)
(-0.0408738 0.0200184 0)
(-0.0435845 0.0202271 0)
(-0.0463431 0.0204542 0)
(-0.0491508 0.020699 0)
(-0.0520079 0.0209605 0)
(-0.0549134 0.0212381 0)
(-0.0578647 0.0215305 0)
(-0.0608561 0.0218368 0)
(-0.0638762 0.0221557 0)
(-0.0669035 0.0224859 0)
(-0.0699154 0.0228256 0)
(-0.0728829 0.0231727 0)
(-0.0757504 0.0235247 0)
(-0.0784347 0.0238789 0)
(-0.0808036 0.0242323 0)
(-0.0826401 0.0245814 0)
(-0.083682 0.0249182 0)
(-0.0838817 0.0252416 0)
(-0.0834149 0.025556 0)
(-0.0825198 0.0258472 0)
(-0.0813634 0.0261106 0)
(-0.0800485 0.0263414 0)
(-0.0786418 0.0265334 0)
(-0.0771892 0.0266797 0)
(-0.0757204 0.0267725 0)
(-0.0742541 0.0268035 0)
(-0.0728004 0.0267636 0)
(-0.0713642 0.0266435 0)
(-0.0699465 0.0264335 0)
(-0.0685471 0.0261241 0)
(-0.0671631 0.0257064 0)
(-0.0657815 0.0251725 0)
(-0.0643905 0.0245157 0)
(-0.062997 0.0237312 0)
(-0.061615 0.0228167 0)
(-0.0602562 0.0217729 0)
(-0.0589344 0.0206041 0)
(-0.0576665 0.0193188 0)
(-0.0564712 0.0179298 0)
(-0.0553677 0.0164546 0)
(-0.0543734 0.014914 0)
(-0.0535021 0.013332 0)
(-0.0527613 0.0117339 0)
(-0.0521512 0.0101441 0)
(-0.0516635 0.00858475 0)
(-0.0512824 0.00707393 0)
(-0.050986 0.00562516 0)
(-0.0507488 0.00424694 0)
(-0.0505417 0.00294269 0)
(-0.0503347 0.00171097 0)
(-0.0501114 0.000546827 0)
(0.0500819 0.000907445 0)
(0.0501845 0.00278535 0)
(0.0501971 0.00472526 0)
(0.0501179 0.00673095 0)
(0.049956 0.00879891 0)
(0.049714 0.0109166 0)
(0.0493867 0.0130618 0)
(0.0489628 0.0152035 0)
(0.0484258 0.0173038 0)
(0.047756 0.0193211 0)
(0.046933 0.0212138 0)
(0.0459393 0.0229445 0)
(0.0447633 0.0244833 0)
(0.0434005 0.0258096 0)
(0.0418542 0.0269131 0)
(0.0401351 0.0277932 0)
(0.0382593 0.0284576 0)
(0.0362465 0.0289209 0)
(0.0341183 0.0292023 0)
(0.0318965 0.029324 0)
(0.0296019 0.0293098 0)
(0.0272534 0.0291834 0)
(0.0248676 0.0289677 0)
(0.0224584 0.0286841 0)
(0.0200372 0.0283519 0)
(0.0176131 0.0279882 0)
(0.0151928 0.0276076 0)
(0.0127809 0.0272227 0)
(0.0103806 0.0268437 0)
(0.00799348 0.0264789 0)
(0.00561994 0.0261347 0)
(0.00325945 0.0258163 0)
(0.000910663 0.0255272 0)
(-0.00142807 0.0252697 0)
(-0.00375948 0.0250461 0)
(-0.0060871 0.0248573 0)
(-0.00841427 0.0247035 0)
(-0.0107443 0.0245849 0)
(-0.0130807 0.0245011 0)
(-0.0154271 0.0244516 0)
(-0.0177871 0.0244357 0)
(-0.0201644 0.0244527 0)
(-0.0225626 0.0245016 0)
(-0.0249852 0.0245816 0)
(-0.0274359 0.0246918 0)
(-0.0299181 0.0248313 0)
(-0.0324354 0.0249991 0)
(-0.0349906 0.0251941 0)
(-0.0375869 0.0254153 0)
(-0.0402274 0.0256622 0)
(-0.0429144 0.0259341 0)
(-0.0456502 0.0262299 0)
(-0.048436 0.0265487 0)
(-0.0512722 0.0268895 0)
(-0.054158 0.0272511 0)
(-0.0570911 0.0276322 0)
(-0.060066 0.0280313 0)
(-0.0630712 0.0284469 0)
(-0.0660856 0.0288771 0)
(-0.0690872 0.0293197 0)
(-0.0720478 0.029772 0)
(-0.074912 0.0302306 0)
(-0.0775963 0.0306924 0)
(-0.0799693 0.0311534 0)
(-0.0818162 0.0316085 0)
(-0.0828771 0.0320481 0)
(-0.0830972 0.0324733 0)
(-0.0826497 0.0328798 0)
(-0.0817758 0.0332572 0)
(-0.0806417 0.0335995 0)
(-0.0793495 0.0339001 0)
(-0.0779666 0.0341512 0)
(-0.0765384 0.0343435 0)
(-0.0750947 0.0344671 0)
(-0.0736541 0.0345112 0)
(-0.0722269 0.0344639 0)
(-0.0708178 0.0343134 0)
(-0.0694284 0.0340472 0)
(-0.0680582 0.0336533 0)
(-0.0667035 0.0331201 0)
(-0.0653511 0.0324375 0)
(-0.0639896 0.0315968 0)
(-0.0626256 0.0305916 0)
(-0.061273 0.0294187 0)
(-0.0599435 0.0280791 0)
(-0.0586506 0.0265782 0)
(-0.057411 0.0249268 0)
(-0.0562434 0.0231415 0)
(-0.055167 0.0212443 0)
(-0.054199 0.0192624 0)
(-0.0533528 0.0172263 0)
(-0.0526362 0.0151683 0)
(-0.0520491 0.0131197 0)
(-0.051583 0.0111088 0)
(-0.0512219 0.00915904 0)
(-0.0509435 0.00728756 0)
(-0.0507218 0.00550535 0)
(-0.0505273 0.00381689 0)
(-0.050329 0.00222073 0)
(-0.0501108 0.000710382 0)
(0.050081 0.00110842 0)
(0.0501818 0.00340244 0)
(0.0501924 0.00577212 0)
(0.0501111 0.00822197 0)
(0.0499469 0.0107477 0)
(0.0497027 0.0133338 0)
(0.0493733 0.0159533 0)
(0.0489473 0.0185681 0)
(0.0484084 0.021132 0)
(0.0477371 0.0235939 0)
(0.046913 0.025903 0)
(0.045919 0.0280137 0)
(0.0447433 0.0298892 0)
(0.0433817 0.0315044 0)
(0.0418377 0.0328467 0)
(0.0401221 0.0339155 0)
(0.0382511 0.0347205 0)
(0.0362446 0.0352795 0)
(0.0341243 0.0356161 0)
(0.031912 0.0357578 0)
(0.0296287 0.0357337 0)
(0.0272932 0.0355729 0)
(0.0249221 0.0353034 0)
(0.0225294 0.0349516 0)
(0.0201263 0.034541 0)
(0.0177217 0.0340925 0)
(0.0153224 0.0336242 0)
(0.0129329 0.033151 0)
(0.0105562 0.0326856 0)
(0.00819391 0.0322381 0)
(0.0058463 0.0318163 0)
(0.00351254 0.0314263 0)
(0.00119062 0.0310725 0)
(-0.00111964 0.0307581 0)
(-0.00342106 0.0304851 0)
(-0.00571871 0.0302547 0)
(-0.00801546 0.0300674 0)
(-0.0103145 0.0299233 0)
(-0.0126194 0.029822 0)
(-0.0149339 0.0297628 0)
(-0.0172616 0.0297448 0)
(-0.0196063 0.0297671 0)
(-0.0219716 0.0298286 0)
(-0.0243613 0.0299283 0)
(-0.026779 0.030065 0)
(-0.0292286 0.0302376 0)
(-0.0317143 0.0304454 0)
(-0.0342389 0.0306875 0)
(-0.0368045 0.0309626 0)
(-0.0394139 0.0312694 0)
(-0.0420705 0.0316068 0)
(-0.0447766 0.0319739 0)
(-0.047534 0.0323693 0)
(-0.0503433 0.0327919 0)
(-0.0532038 0.0332402 0)
(-0.0561134 0.0337128 0)
(-0.0590668 0.0342077 0)
(-0.0620527 0.034723 0)
(-0.0650502 0.0352565 0)
(-0.0680382 0.0358054 0)
(-0.0709894 0.0363663 0)
(-0.0738477 0.0369357 0)
(-0.0765299 0.0375095 0)
(-0.0789081 0.0380819 0)
(-0.0807687 0.038646 0)
(-0.0818533 0.0391919 0)
(-0.0820989 0.039721 0)
(-0.0816778 0.0402226 0)
(-0.0808323 0.0406894 0)
(-0.0797276 0.0411144 0)
(-0.0784657 0.0414887 0)
(-0.0771139 0.0418024 0)
(-0.0757176 0.0420442 0)
(-0.0743068 0.042202 0)
(-0.0728999 0.0422623 0)
(-0.0715071 0.042211 0)
(-0.0701332 0.0420332 0)
(-0.0687792 0.0417141 0)
(-0.0674446 0.0412388 0)
(-0.0661257 0.0405933 0)
(-0.0648095 0.0397651 0)
(-0.0634848 0.0387432 0)
(-0.0621579 0.0375197 0)
(-0.0608424 0.0360907 0)
(-0.0595496 0.0344572 0)
(-0.0582931 0.0326256 0)
(-0.0570894 0.0306091 0)
(-0.0559567 0.0284277 0)
(-0.0549137 0.0261082 0)
(-0.0539781 0.0236838 0)
(-0.0531638 0.0211914 0)
(-0.0524777 0.0186705 0)
(-0.0519197 0.0161593 0)
(-0.0514811 0.0136921 0)
(-0.0511453 0.0112974 0)
(-0.0508897 0.00899599 0)
(-0.0506877 0.00680143 0)
(-0.050509 0.00471926 0)
(-0.0503219 0.00274803 0)
(-0.05011 0.000879829 0)
(0.05008 0.00130878 0)
(0.0501783 0.00401773 0)
(0.0501863 0.00681589 0)
(0.0501023 0.00970847 0)
(0.0499353 0.0126903 0)
(0.0496883 0.0157432 0)
(0.049356 0.018835 0)
(0.0489275 0.021921 0)
(0.0483865 0.0249464 0)
(0.0477135 0.0278509 0)
(0.0468884 0.0305744 0)
(0.0458942 0.0330627 0)
(0.0447192 0.0352725 0)
(0.0433594 0.0371741 0)
(0.0418186 0.0387527 0)
(0.0401076 0.0400076 0)
(0.0382428 0.0409505 0)
(0.0362443 0.0416024 0)
(0.0341339 0.0419917 0)
(0.0319335 0.0421509 0)
(0.0296641 0.0421145 0)
(0.0273444 0.0419171 0)
(0.0249912 0.0415921 0)
(0.0226182 0.0411704 0)
(0.0202368 0.0406801 0)
(0.0178557 0.0401457 0)
(0.0154815 0.0395885 0)
(0.0131186 0.0390265 0)
(0.0107701 0.0384742 0)
(0.00843723 0.0379436 0)
(0.00612026 0.0374439 0)
(0.00381845 0.0369822 0)
(0.00153025 0.0365638 0)
(-0.000746151 0.0361925 0)
(-0.00301353 0.0358701 0)
(-0.00527557 0.0355983 0)
(-0.0075358 0.0353778 0)
(-0.00979772 0.0352085 0)
(-0.012065 0.0350899 0)
(-0.0143413 0.0350213 0)
(-0.0166304 0.0350017 0)
(-0.0189363 0.0350299 0)
(-0.0212627 0.0351047 0)
(-0.0236133 0.0352248 0)
(-0.0259919 0.035389 0)
(-0.0284017 0.0355959 0)
(-0.0308458 0.0358449 0)
(-0.0333286 0.0361354 0)
(-0.0358547 0.0364656 0)
(-0.0384266 0.0368339 0)
(-0.0410467 0.0372388 0)
(-0.0437174 0.0376792 0)
(-0.0464404 0.0381537 0)
(-0.0492167 0.0386609 0)
(-0.052046 0.0391992 0)
(-0.0549265 0.0397668 0)
(-0.0578532 0.0403617 0)
(-0.0608151 0.0409813 0)
(-0.0637916 0.041623 0)
(-0.0667625 0.0422834 0)
(-0.0697 0.0429584 0)
(-0.0725489 0.0436439 0)
(-0.0752296 0.0443341 0)
(-0.077616 0.0450221 0)
(-0.0794942 0.0456999 0)
(-0.0806074 0.0463574 0)
(-0.0808828 0.0469917 0)
(-0.0804946 0.0475932 0)
(-0.0796841 0.0481541 0)
(-0.078616 0.0486657 0)
(-0.077392 0.0491175 0)
(-0.0760792 0.0494978 0)
(-0.0747227 0.0497933 0)
(-0.0733524 0.0499893 0)
(-0.0719865 0.0500701 0)
(-0.0706354 0.0500189 0)
(-0.0693037 0.0498183 0)
(-0.0679926 0.0494504 0)
(-0.0667015 0.0488977 0)
(-0.0654263 0.0481434 0)
(-0.0641542 0.0471727 0)
(-0.0628741 0.0459726 0)
(-0.0615919 0.0445336 0)
(-0.0603208 0.0428509 0)
(-0.0590722 0.0409253 0)
(-0.0578593 0.0387646 0)
(-0.0566983 0.0363838 0)
(-0.0556075 0.0338066 0)
(-0.0546054 0.0310643 0)
(-0.0537096 0.0281956 0)
(-0.0529335 0.0252443 0)
(-0.0522844 0.0222568 0)
(-0.0517616 0.0192781 0)
(-0.0513563 0.0163486 0)
(-0.0510514 0.0135015 0)
(-0.0508237 0.0107614 0)
(-0.0506458 0.00814415 0)
(-0.0504862 0.00565653 0)
(-0.0503129 0.00329699 0)
(-0.0501089 0.00105671 0)
(0.0500788 0.00150862 0)
(0.050174 0.00463125 0)
(0.0501787 0.00785644 0)
(0.0500912 0.0111901 0)
(0.0499206 0.0146262 0)
(0.0496699 0.0181436 0)
(0.0493343 0.0217056 0)
(0.0489026 0.0252603 0)
(0.048359 0.0287447 0)
(0.0476841 0.0320892 0)
(0.046858 0.0352244 0)
(0.0458638 0.0380877 0)
(0.0446901 0.040629 0)
(0.0433329 0.0428141 0)
(0.0417963 0.0446259 0)
(0.0400912 0.0460639 0)
(0.0382342 0.0471414 0)
(0.0362455 0.0478833 0)
(0.0341471 0.0483223 0)
(0.0319609 0.0484961 0)
(0.0297079 0.0484448 0)
(0.027407 0.0482085 0)
(0.0250747 0.0478258 0)
(0.0227249 0.0473324 0)
(0.0203687 0.0467608 0)
(0.0180148 0.0461393 0)
(0.0156696 0.0454924 0)
(0.0133377 0.0448406 0)
(0.0110216 0.0442009 0)
(0.00872281 0.0435868 0)
(0.00644132 0.043009 0)
(0.00417635 0.0424756 0)
(0.00192632 0.0419924 0)
(-0.000310869 0.0415636 0)
(-0.00253801 0.0411918 0)
(-0.00475862 0.0408787 0)
(-0.00697644 0.040625 0)
(-0.00919509 0.0404306 0)
(-0.0114183 0.0402951 0)
(-0.0136498 0.0402175 0)
(-0.0158936 0.0401967 0)
(-0.0181536 0.0402316 0)
(-0.0204337 0.0403207 0)
(-0.0227377 0.0404627 0)
(-0.0250695 0.0406562 0)
(-0.027432 0.0408999 0)
(-0.0298281 0.0411923 0)
(-0.0322633 0.0415319 0)
(-0.034743 0.0419175 0)
(-0.0372695 0.0423479 0)
(-0.0398449 0.0428217 0)
(-0.042472 0.0433374 0)
(-0.0451527 0.0438935 0)
(-0.0478882 0.0444885 0)
(-0.0506787 0.0451203 0)
(-0.0535226 0.0457871 0)
(-0.0564155 0.0464865 0)
(-0.0593467 0.0472156 0)
(-0.0622967 0.0479713 0)
(-0.0652463 0.0487495 0)
(-0.0681677 0.0495455 0)
(-0.0710073 0.0503533 0)
(-0.0736875 0.0511658 0)
(-0.0760831 0.051976 0)
(-0.0779823 0.0527745 0)
(-0.07913 0.0535506 0)
(-0.0794425 0.0542963 0)
(-0.0790949 0.055004 0)
(-0.0783271 0.0556649 0)
(-0.0773029 0.0562687 0)
(-0.0761241 0.0568034 0)
(-0.0748575 0.0572553 0)
(-0.0735482 0.0576091 0)
(-0.072226 0.0578481 0)
(-0.070909 0.0579539 0)
(-0.0696075 0.0579071 0)
(-0.0683263 0.0576877 0)
(-0.0670661 0.057275 0)
(-0.0658265 0.0566487 0)
(-0.0646028 0.0557895 0)
(-0.0633823 0.0546799 0)
(-0.0621543 0.0533048 0)
(-0.0609245 0.0516532 0)
(-0.0597056 0.0497191 0)
(-0.0585087 0.0475035 0)
(-0.0573468 0.0450148 0)
(-0.0562361 0.0422702 0)
(-0.0551944 0.0392967 0)
(-0.0542404 0.0361302 0)
(-0.0533917 0.0328152 0)
(-0.0526611 0.0294022 0)
(-0.0520554 0.0259441 0)
(-0.0515743 0.0224924 0)
(-0.0512084 0.0190933 0)
(-0.05094 0.015785 0)
(-0.0507453 0.0125955 0)
(-0.050596 0.00954315 0)
(-0.0504594 0.00663579 0)
(-0.0503024 0.00387198 0)
(-0.0501076 0.00124255 0)
(0.0500774 0.001708 0)
(0.0501688 0.00524315 0)
(0.0501695 0.00889394 0)
(0.0500775 0.0126669 0)
(0.0499023 0.016555 0)
(0.0496471 0.0205346 0)
(0.049307 0.0245639 0)
(0.0488715 0.0285845 0)
(0.0483248 0.0325248 0)
(0.0476476 0.0363061 0)
(0.0468204 0.0398497 0)
(0.0458264 0.0430847 0)
(0.0446544 0.0459542 0)
(0.0433006 0.0484193 0)
(0.0417691 0.050461 0)
(0.0400712 0.0520784 0)
(0.0382236 0.0532872 0)
(0.0362466 0.0541157 0)
(0.0341622 0.0546011 0)
(0.0319925 0.0547866 0)
(0.0297585 0.0547177 0)
(0.0274792 0.0544401 0)
(0.0251708 0.0539976 0)
(0.0228474 0.0534308 0)
(0.0205198 0.0527764 0)
(0.0181967 0.0520666 0)
(0.0158844 0.051329 0)
(0.0135873 0.0505869 0)
(0.0113079 0.0498592 0)
(0.00904743 0.0491613 0)
(0.00680594 0.048505 0)
(0.00458249 0.0478995 0)
(0.00237545 0.0473513 0)
(0.00018259 0.0468651 0)
(-0.00199886 0.0464437 0)
(-0.00417243 0.0460891 0)
(-0.00634193 0.0458019 0)
(-0.00851108 0.0455821 0)
(-0.0106837 0.0454293 0)
(-0.0128636 0.0453424 0)
(-0.0150548 0.0453204 0)
(-0.0172614 0.0453618 0)
(-0.0194873 0.0454653 0)
(-0.0217365 0.0456294 0)
(-0.024013 0.0458526 0)
(-0.0263205 0.0461334 0)
(-0.0286627 0.0464699 0)
(-0.0310442 0.0468601 0)
(-0.0334691 0.0473031 0)
(-0.0359408 0.047798 0)
(-0.0384625 0.0483433 0)
(-0.0410369 0.0489374 0)
(-0.0436664 0.0495786 0)
(-0.0463526 0.050265 0)
(-0.0490959 0.0509946 0)
(-0.051895 0.0517651 0)
(-0.0547461 0.0525736 0)
(-0.0576393 0.053417 0)
(-0.060556 0.0542922 0)
(-0.0634775 0.0551953 0)
(-0.0663788 0.0561201 0)
(-0.0692085 0.0570585 0)
(-0.0718876 0.0580028 0)
(-0.0742932 0.0589446 0)
(-0.0762182 0.0598728 0)
(-0.0774052 0.0607746 0)
(-0.0777629 0.0616405 0)
(-0.0774636 0.0624625 0)
(-0.0767463 0.0632309 0)
(-0.0757748 0.0639341 0)
(-0.0746502 0.0645583 0)
(-0.0734388 0.0650882 0)
(-0.0721857 0.0655063 0)
(-0.0709204 0.0657937 0)
(-0.0696609 0.0659297 0)
(-0.0684176 0.0658925 0)
(-0.067195 0.0656591 0)
(-0.0659941 0.0652063 0)
(-0.064814 0.064511 0)
(-0.0636502 0.063551 0)
(-0.0624895 0.0623063 0)
(-0.0613218 0.0607598 0)
(-0.0601525 0.0588987 0)
(-0.0589938 0.0567159 0)
(-0.0578564 0.0542122 0)
(-0.0567534 0.0513967 0)
(-0.0557006 0.0482889 0)
(-0.0547159 0.0449187 0)
(-0.0538175 0.0413267 0)
(-0.0530217 0.0375631 0)
(-0.0523427 0.0336846 0)
(-0.0517879 0.0297506 0)
(-0.0513555 0.0258191 0)
(-0.0510356 0.0219421 0)
(-0.0508099 0.0181621 0)
(-0.0506536 0.0145108 0)
(-0.0505375 0.0110086 0)
(-0.050428 0.00766462 0)
(-0.0502902 0.00447782 0)
(-0.0501062 0.00143888 0)
(0.0500757 0.00190709 0)
(0.0501628 0.005854 0)
(0.0501583 0.00992919 0)
(0.0500608 0.0141397 0)
(0.0498798 0.0184777 0)
(0.0496186 0.0229166 0)
(0.049273 0.0274101 0)
(0.0488326 0.0318929 0)
(0.0482818 0.0362855 0)
(0.0476017 0.0404998 0)
(0.0467731 0.044448 0)
(0.0457793 0.0480508 0)
(0.0446092 0.0512445 0)
(0.0432594 0.0539858 0)
(0.0417341 0.0562533 0)
(0.0400446 0.0580465 0)
(0.0382078 0.0593828 0)
(0.0362442 0.0602942 0)
(0.0341758 0.0608228 0)
(0.0320249 0.0610169 0)
(0.0298124 0.0609277 0)
(0.0275572 0.0606064 0)
(0.0252757 0.0601021 0)
(0.0229815 0.0594602 0)
(0.0206857 0.0587218 0)
(0.0183967 0.0579226 0)
(0.0161208 0.0570936 0)
(0.0138622 0.0562604 0)
(0.0116233 0.0554442 0)
(0.00940522 0.0546619 0)
(0.00720799 0.0539268 0)
(0.00503058 0.0532487 0)
(0.00287126 0.0526351 0)
(0.000727716 0.0520908 0)
(-0.00140281 0.0516194 0)
(-0.00352383 0.0512226 0)
(-0.00563921 0.0509012 0)
(-0.00775272 0.0506555 0)
(-0.0098682 0.0504846 0)
(-0.0119896 0.0503878 0)
(-0.0141209 0.0503637 0)
(-0.0162664 0.0504109 0)
(-0.01843 0.050528 0)
(-0.0206161 0.0507134 0)
(-0.0228287 0.0509656 0)
(-0.0250726 0.051283 0)
(-0.0273522 0.0516638 0)
(-0.0296708 0.0521062 0)
(-0.0320315 0.0526092 0)
(-0.0344388 0.0531713 0)
(-0.0368966 0.0537913 0)
(-0.0394084 0.0544672 0)
(-0.0419768 0.0551974 0)
(-0.0446038 0.05598 0)
(-0.0472904 0.0568127 0)
(-0.0500358 0.057693 0)
(-0.0528369 0.0586181 0)
(-0.0556831 0.0595845 0)
(-0.0585548 0.0605879 0)
(-0.0614382 0.0616241 0)
(-0.0643138 0.0626852 0)
(-0.0671293 0.0637631 0)
(-0.0698055 0.0648492 0)
(-0.0722233 0.0659331 0)
(-0.0741793 0.0670017 0)
(-0.0754135 0.06804 0)
(-0.075826 0.0690365 0)
(-0.0755846 0.0699825 0)
(-0.0749274 0.0708673 0)
(-0.0740177 0.071678 0)
(-0.0729564 0.0723995 0)
(-0.0718098 0.0730146 0)
(-0.0706224 0.073504 0)
(-0.0694236 0.0738466 0)
(-0.0682313 0.0740191 0)
(-0.0670556 0.0739973 0)
(-0.0659011 0.0737554 0)
(-0.0647687 0.0732675 0)
(-0.0636573 0.0725077 0)
(-0.0625625 0.0714512 0)
(-0.0614706 0.0700753 0)
(-0.0603715 0.0683609 0)
(-0.0592711 0.0662932 0)
(-0.0581811 0.0638641 0)
(-0.0571117 0.0610741 0)
(-0.0560758 0.0579331 0)
(-0.0550889 0.0544623 0)
(-0.0541685 0.0506948 0)
(-0.0533327 0.0466756 0)
(-0.0525982 0.0424601 0)
(-0.0519791 0.0381111 0)
(-0.0514821 0.0336952 0)
(-0.0511048 0.0292764 0)
(-0.0508372 0.0249118 0)
(-0.0506602 0.0206484 0)
(-0.0505481 0.0165209 0)
(-0.0504704 0.0125519 0)
(-0.0503919 0.00875169 0)
(-0.050276 0.00512004 0)
(-0.0501047 0.00164751 0)
(0.0500738 0.00210608 0)
(0.0501557 0.00646441 0)
(0.0501451 0.0109631 0)
(0.0500406 0.0156097 0)
(0.0498521 0.0203952 0)
(0.0495834 0.0252906 0)
(0.0492306 0.0302446 0)
(0.0487836 0.0351858 0)
(0.0482273 0.0400263 0)
(0.0475434 0.0446692 0)
(0.0467125 0.0490175 0)
(0.0457184 0.0529836 0)
(0.0445502 0.0564971 0)
(0.0432045 0.0595102 0)
(0.0416859 0.0619993 0)
(0.0400057 0.0639639 0)
(0.0381809 0.0654238 0)
(0.0362322 0.0664145 0)
(0.0341816 0.0669828 0)
(0.0320514 0.0671826 0)
(0.0298624 0.0670705 0)
(0.0276336 0.0667033 0)
(0.0253813 0.0661354 0)
(0.0231191 0.065417 0)
(0.0208578 0.0645934 0)
(0.0186058 0.063704 0)
(0.0163692 0.0627827 0)
(0.0141522 0.0618579 0)
(0.0119572 0.0609527 0)
(0.00978519 0.0600856 0)
(0.0076361 0.0592709 0)
(0.00550889 0.0585196 0)
(0.00340179 0.0578396 0)
(0.00131244 0.0572364 0)
(-0.000761926 0.0567136 0)
(-0.00282476 0.0562734 0)
(-0.00488001 0.0559166 0)
(-0.00693154 0.0556433 0)
(-0.00898321 0.0554531 0)
(-0.0110391 0.0553448 0)
(-0.0131032 0.0553173 0)
(-0.0151797 0.0553689 0)
(-0.017273 0.0554983 0)
(-0.0193873 0.0557037 0)
(-0.021527 0.0559836 0)
(-0.0236969 0.0563364 0)
(-0.0259019 0.0567611 0)
(-0.0281454 0.057257 0)
(-0.0304307 0.0578218 0)
(-0.0327625 0.0584536 0)
(-0.0351454 0.0591508 0)
(-0.037583 0.0599119 0)
(-0.0400783 0.060735 0)
(-0.0426337 0.0616181 0)
(-0.0452505 0.0625588 0)
(-0.0479285 0.0635544 0)
(-0.0506649 0.0646015 0)
(-0.0534527 0.0656974 0)
(-0.0562736 0.0668406 0)
(-0.0591148 0.0680234 0)
(-0.0619578 0.0692322 0)
(-0.0647515 0.0704601 0)
(-0.0674198 0.0716995 0)
(-0.0698481 0.0729387 0)
(-0.071838 0.0741622 0)
(-0.0731269 0.0753518 0)
(-0.0736045 0.0764928 0)
(-0.0734318 0.0775754 0)
(-0.0728456 0.0785885 0)
(-0.0720089 0.079518 0)
(-0.0710221 0.0803474 0)
(-0.0699511 0.0810575 0)
(-0.0688405 0.0816272 0)
(-0.0677194 0.0820329 0)
(-0.0666054 0.0822495 0)
(-0.0655085 0.0822498 0)
(-0.0644332 0.0820057 0)
(-0.06338 0.0814883 0)
(-0.062348 0.0806689 0)
(-0.0613321 0.0795201 0)
(-0.0603189 0.0780167 0)
(-0.0592983 0.0761372 0)
(-0.0582761 0.073865 0)
(-0.0572636 0.0711913 0)
(-0.0562709 0.0681159 0)
(-0.0553104 0.0646497 0)
(-0.0543977 0.0608154 0)
(-0.05355 0.0566491 0)
(-0.0527853 0.0521999 0)
(-0.0521204 0.0475285 0)
(-0.0515673 0.042704 0)
(-0.0511338 0.0377993 0)
(-0.0508191 0.032884 0)
(-0.0506111 0.0280204 0)
(-0.0504895 0.0232596 0)
(-0.0504277 0.0186393 0)
(-0.0503936 0.014184 0)
(-0.0503504 0.00990525 0)
(-0.0502598 0.00580369 0)
(-0.0501028 0.00187038 0)
(0.0500717 0.00230546 0)
(0.0501474 0.00707575 0)
(0.0501292 0.0119979 0)
(0.0500161 0.0170795 0)
(0.0498181 0.0223107 0)
(0.0495396 0.0276596 0)
(0.0491772 0.0330706 0)
(0.0487215 0.0384659 0)
(0.0481578 0.0437498 0)
(0.047468 0.0488164 0)
(0.0466334 0.0535599 0)
(0.0456378 0.0578842 0)
(0.0444707 0.0617125 0)
(0.0431288 0.0649925 0)
(0.0416168 0.0676984 0)
(0.0399461 0.0698301 0)
(0.038134 0.0714093 0)
(0.036201 0.0724754 0)
(0.0341693 0.07308 0)
(0.032061 0.0732823 0)
(0.0298972 0.0731447 0)
(0.0276965 0.0727295 0)
(0.0254753 0.0720963 0)
(0.0232469 0.0713001 0)
(0.0210223 0.0703902 0)
(0.0188096 0.0694097 0)
(0.0166149 0.0683956 0)
(0.0144423 0.0673785 0)
(0.0122941 0.0663835 0)
(0.0101713 0.0654308 0)
(0.00807385 0.0645357 0)
(0.00600062 0.06371 0)
(0.00394986 0.0629624 0)
(0.00191925 0.0622988 0)
(-9.40139e-05 0.0617231 0)
(-0.00209329 0.0612374 0)
(-0.00408246 0.060843 0)
(-0.00606546 0.06054 0)
(-0.00804626 0.0603279 0)
(-0.010029 0.0602059 0)
(-0.0120178 0.0601725 0)
(-0.0140171 0.0602266 0)
(-0.0160313 0.0603664 0)
(-0.0180649 0.0605906 0)
(-0.0201223 0.0608977 0)
(-0.0222072 0.0612862 0)
(-0.0243228 0.061755 0)
(-0.0264759 0.0623028 0)
(-0.028673 0.062928 0)
(-0.0309173 0.0636292 0)
(-0.0332125 0.0644049 0)
(-0.0355626 0.0652535 0)
(-0.0379714 0.0661732 0)
(-0.0404421 0.0671621 0)
(-0.0429769 0.0682178 0)
(-0.0455766 0.0693373 0)
(-0.0482364 0.0705166 0)
(-0.0509408 0.0717515 0)
(-0.0536803 0.0730388 0)
(-0.0564678 0.0743694 0)
(-0.0592795 0.0757357 0)
(-0.0620462 0.0771295 0)
(-0.0646967 0.0785401 0)
(-0.0671284 0.0799536 0)
(-0.0691523 0.0813519 0)
(-0.0705048 0.0827126 0)
(-0.0710612 0.084016 0)
(-0.0709704 0.0852516 0)
(-0.0704674 0.0864085 0)
(-0.069716 0.0874718 0)
(-0.0688166 0.0884232 0)
(-0.0678346 0.0892418 0)
(-0.0668143 0.0899044 0)
(-0.0657845 0.0903853 0)
(-0.0647622 0.0906567 0)
(-0.0637572 0.090689 0)
(-0.062774 0.0904511 0)
(-0.0618132 0.0899114 0)
(-0.0608732 0.0890385 0)
(-0.0599488 0.0878023 0)
(-0.0590264 0.0861749 0)
(-0.0580959 0.0841323 0)
(-0.0571626 0.0816565 0)
(-0.0562373 0.0787374 0)
(-0.0553301 0.0753747 0)
(-0.0544539 0.0715803 0)
(-0.0536241 0.0673792 0)
(-0.0528576 0.0628104 0)
(-0.052172 0.0579268 0)
(-0.0515836 0.0527942 0)
(-0.0511051 0.0474872 0)
(-0.0507445 0.0420842 0)
(-0.0504999 0.0366619 0)
(-0.0503582 0.0312865 0)
(-0.0502985 0.0260127 0)
(-0.0502929 0.0208809 0)
(-0.0503077 0.0159172 0)
(-0.050304 0.0111347 0)
(-0.0502416 0.00653471 0)
(-0.0501008 0.00210961 0)
(0.0500694 0.00250569 0)
(0.050138 0.00768924 0)
(0.0501108 0.0130353 0)
(0.0499869 0.0185516 0)
(0.049777 0.0242268 0)
(0.0494859 0.0300265 0)
(0.049111 0.0358908 0)
(0.0486434 0.0417356 0)
(0.0480691 0.0474576 0)
(0.0473705 0.0529424 0)
(0.0465294 0.0580752 0)
(0.04553 0.062752 0)
(0.0443619 0.0668896 0)
(0.0430221 0.070431 0)
(0.0415154 0.0733487 0)
(0.0398534 0.0756426 0)
(0.0380533 0.0773369 0)
(0.0361359 0.0784746 0)
(0.0341231 0.0791122 0)
(0.0320373 0.0793144 0)
(0.0298991 0.0791492 0)
(0.0277274 0.0786843 0)
(0.0255382 0.0779846 0)
(0.0233449 0.0771096 0)
(0.0211583 0.0761127 0)
(0.0189865 0.0750406 0)
(0.0168355 0.0739329 0)
(0.0147094 0.0728228 0)
(0.0126104 0.0717372 0)
(0.0105396 0.0706976 0)
(0.00849691 0.0697207 0)
(0.00648124 0.068819 0)
(0.00449087 0.0680017 0)
(0.00252347 0.0672753 0)
(0.000576235 0.0666439 0)
(-0.00135407 0.0661101 0)
(-0.00327122 0.065675 0)
(-0.0051792 0.0653391 0)
(-0.00708197 0.065102 0)
(-0.00898362 0.0649627 0)
(-0.0108884 0.0649203 0)
(-0.0128008 0.0649734 0)
(-0.0147251 0.0651208 0)
(-0.0166659 0.0653611 0)
(-0.0186278 0.0656932 0)
(-0.0206156 0.0661157 0)
(-0.022634 0.0666268 0)
(-0.024688 0.0672243 0)
(-0.0267823 0.067908 0)
(-0.0289218 0.0686773 0)
(-0.0311114 0.0695309 0)
(-0.0333553 0.0704674 0)
(-0.035658 0.0714852 0)
(-0.038023 0.0725823 0)
(-0.0404534 0.0737562 0)
(-0.0429519 0.0750039 0)
(-0.0455181 0.076322 0)
(-0.0481412 0.0777065 0)
(-0.0508127 0.0791486 0)
(-0.0535279 0.0806397 0)
(-0.056263 0.0821783 0)
(-0.0589719 0.0837546 0)
(-0.0615898 0.0853542 0)
(-0.0640164 0.0869612 0)
(-0.0660726 0.0885554 0)
(-0.0674989 0.09011 0)
(-0.0681511 0.0915993 0)
(-0.0681573 0.0930112 0)
(-0.0677504 0.0943345 0)
(-0.0670969 0.0955532 0)
(-0.0662982 0.0966471 0)
(-0.0654192 0.0975933 0)
(-0.0645037 0.0983655 0)
(-0.0635801 0.0989352 0)
(-0.0626657 0.0992721 0)
(-0.06177 0.099344 0)
(-0.0608964 0.0991179 0)
(-0.0600451 0.09856 0)
(-0.059214 0.0976368 0)
(-0.0583977 0.096316 0)
(-0.0575826 0.0945673 0)
(-0.0567582 0.0923645 0)
(-0.055929 0.0896875 0)
(-0.0551052 0.0865249 0)
(-0.0542958 0.0828755 0)
(-0.0535126 0.0787514 0)
(-0.0527724 0.0741794 0)
(-0.052094 0.0692026 0)
(-0.0514951 0.0638786 0)
(-0.0509919 0.0582776 0)
(-0.0505966 0.0524797 0)
(-0.0503143 0.046569 0)
(-0.050145 0.0406272 0)
(-0.0500774 0.034726 0)
(-0.0500867 0.0289225 0)
(-0.0501433 0.0232589 0)
(-0.0502123 0.017763 0)
(-0.0502526 0.0124488 0)
(-0.0502215 0.00731889 0)
(-0.0500986 0.00236709 0)
(0.0500668 0.00270802 0)
(0.0501269 0.00830827 0)
(0.0500886 0.014081 0)
(0.0499513 0.0200336 0)
(0.049726 0.0261534 0)
(0.0494184 0.0324033 0)
(0.0490266 0.0387189 0)
(0.0485427 0.0450101 0)
(0.0479534 0.0511663 0)
(0.0472418 0.0570646 0)
(0.0463901 0.0625816 0)
(0.0453831 0.0676054 0)
(0.0442106 0.0720463 0)
(0.04287 0.0758434 0)
(0.0413661 0.0789671 0)
(0.0397107 0.0814179 0)
(0.0379211 0.0832221 0)
(0.0360178 0.0844269 0)
(0.0340229 0.0850937 0)
(0.0319587 0.0852925 0)
(0.0298457 0.0850969 0)
(0.0277025 0.0845802 0)
(0.0255453 0.0838122 0)
(0.0233872 0.0828569 0)
(0.0212389 0.0817718 0)
(0.0191086 0.0806068 0)
(0.0170022 0.0794043 0)
(0.0149238 0.0781997 0)
(0.0128756 0.0770218 0)
(0.0108589 0.0758933 0)
(0.00887343 0.0748321 0)
(0.00691835 0.0738515 0)
(0.00499195 0.0729613 0)
(0.00309195 0.0721685 0)
(0.0012156 0.0714775 0)
(-0.000640256 0.0708912 0)
(-0.0024793 0.0704111 0)
(-0.00430554 0.0700375 0)
(-0.00612291 0.0697705 0)
(-0.00793549 0.0696091 0)
(-0.0097475 0.0695526 0)
(-0.0115633 0.0695997 0)
(-0.0133875 0.0697493 0)
(-0.0152246 0.0700002 0)
(-0.0170793 0.0703512 0)
(-0.0189577 0.0708013 0)
(-0.020866 0.0713493 0)
(-0.022807 0.0719945 0)
(-0.0247837 0.0727359 0)
(-0.0268026 0.0735725 0)
(-0.0288697 0.0745034 0)
(-0.0309903 0.0755272 0)
(-0.033169 0.0766426 0)
(-0.0354105 0.0778478 0)
(-0.0377195 0.0791407 0)
(-0.0400981 0.0805191 0)
(-0.0425418 0.0819811 0)
(-0.0450474 0.0835211 0)
(-0.0476142 0.0851322 0)
(-0.0502333 0.0868068 0)
(-0.0528812 0.0885367 0)
(-0.0555173 0.0903111 0)
(-0.058083 0.0921163 0)
(-0.0604865 0.0939354 0)
(-0.0625626 0.0957462 0)
(-0.0640609 0.09752 0)
(-0.0648178 0.0992266 0)
(-0.0649333 0.100848 0)
(-0.0646353 0.102371 0)
(-0.0640937 0.103775 0)
(-0.0634116 0.105039 0)
(-0.0626551 0.106138 0)
(-0.0618683 0.107042 0)
(-0.0610776 0.107721 0)
(-0.0602973 0.108141 0)
(-0.0595347 0.108269 0)
(-0.0587924 0.108068 0)
(-0.0580691 0.107501 0)
(-0.0573621 0.106532 0)
(-0.0566673 0.105126 0)
(-0.0559721 0.103254 0)
(-0.0552655 0.100888 0)
(-0.0545522 0.0980084 0)
(-0.0538429 0.0946008 0)
(-0.0531469 0.0906641 0)
(-0.0524751 0.0862099 0)
(-0.0518396 0.0812655 0)
(-0.0512587 0.0758757 0)
(-0.0507542 0.0701028 0)
(-0.0503433 0.0640235 0)
(-0.0500381 0.0577235 0)
(-0.0498442 0.0512921 0)
(-0.049758 0.044815 0)
(-0.0497682 0.038369 0)
(-0.0498526 0.0320142 0)
(-0.049978 0.0257939 0)
(-0.0501066 0.0197371 0)
(-0.0501952 0.0138589 0)
(-0.0501988 0.00816324 0)
(-0.0500959 0.00264563 0)
(0.0500644 0.00291206 0)
(0.0501157 0.00893217 0)
(0.0500654 0.015134 0)
(0.0499124 0.021524 0)
(0.0496686 0.0280878 0)
(0.0493404 0.0347854 0)
(0.0489269 0.041548 0)
(0.0484209 0.0482799 0)
(0.0478102 0.0548634 0)
(0.0470789 0.0611676 0)
(0.0462098 0.0670609 0)
(0.0451883 0.0724241 0)
(0.0440049 0.0771613 0)
(0.0426573 0.0812075 0)
(0.0411505 0.0845316 0)
(0.0394967 0.0871343 0)
(0.0377129 0.0890448 0)
(0.0358199 0.0903138 0)
(0.0338397 0.0910076 0)
(0.0317943 0.0912016 0)
(0.0297041 0.090975 0)
(0.0275877 0.0904063 0)
(0.025461 0.08957 0)
(0.0233371 0.0885347 0)
(0.0212266 0.0873614 0)
(0.0191376 0.0861033 0)
(0.017076 0.0848054 0)
(0.015046 0.0835053 0)
(0.01305 0.0822334 0)
(0.011089 0.0810139 0)
(0.00916317 0.0798656 0)
(0.0072715 0.0788028 0)
(0.00541241 0.077836 0)
(0.00358371 0.0769724 0)
(0.00178271 0.0762172 0)
(6.34065e-06 0.0755733 0)
(-0.00174898 0.0750426 0)
(-0.00348719 0.0746257 0)
(-0.00521227 0.0743228 0)
(-0.00692833 0.0741333 0)
(-0.00863965 0.0740565 0)
(-0.0103506 0.0740913 0)
(-0.0120659 0.0742369 0)
(-0.0137902 0.0744921 0)
(-0.0155283 0.0748559 0)
(-0.0172851 0.0753276 0)
(-0.0190656 0.0759071 0)
(-0.0208749 0.0765953 0)
(-0.0227186 0.0773901 0)
(-0.0246021 0.0782904 0)
(-0.0265309 0.0792956 0)
(-0.0285104 0.0804051 0)
(-0.0305461 0.0816182 0)
(-0.0326428 0.0829339 0)
(-0.0348034 0.0843501 0)
(-0.0370292 0.085865 0)
(-0.0393263 0.0874758 0)
(-0.0416945 0.0891769 0)
(-0.0441273 0.0909634 0)
(-0.0466192 0.0928283 0)
(-0.0491515 0.0947622 0)
(-0.0516883 0.0967532 0)
(-0.0541765 0.0987862 0)
(-0.0565328 0.100843 0)
(-0.0586053 0.102899 0)
(-0.0601545 0.104923 0)
(-0.0610058 0.106881 0)
(-0.0612357 0.108749 0)
(-0.06106 0.110507 0)
(-0.0606481 0.112132 0)
(-0.0601037 0.113599 0)
(-0.0594908 0.114879 0)
(-0.0588507 0.115941 0)
(-0.0582106 0.116751 0)
(-0.057586 0.117275 0)
(-0.0569832 0.117476 0)
(-0.0564032 0.117317 0)
(-0.0558438 0.116758 0)
(-0.055299 0.11576 0)
(-0.0547576 0.114284 0)
(-0.0542029 0.112295 0)
(-0.0536277 0.109764 0)
(-0.0530428 0.106668 0)
(-0.0524592 0.102999 0)
(-0.0518851 0.0987583 0)
(-0.0513331 0.0939597 0)
(-0.0508187 0.0886313 0)
(-0.0503555 0.082819 0)
(-0.0499594 0.0765875 0)
(-0.0496506 0.0700183 0)
(-0.049444 0.0632038 0)
(-0.0493453 0.0562386 0)
(-0.0493502 0.0492132 0)
(-0.0494457 0.0422059 0)
(-0.0496097 0.0352803 0)
(-0.0498078 0.0284815 0)
(-0.0499989 0.021838 0)
(-0.0501377 0.0153651 0)
(-0.0501767 0.00906818 0)
(-0.0500938 0.00294524 0)
(0.0500608 0.00312266 0)
(0.0501 0.00957443 0)
(0.0500327 0.0162169 0)
(0.0498583 0.0230555 0)
(0.0495892 0.030074 0)
(0.0492328 0.037229 0)
(0.0487891 0.0444471 0)
(0.0482526 0.0516265 0)
(0.0476122 0.058642 0)
(0.0468529 0.0653546 0)
(0.0459589 0.0716243 0)
(0.0449161 0.0773246 0)
(0.0437155 0.0823537 0)
(0.0423552 0.0866431 0)
(0.0408404 0.0901603 0)
(0.0391833 0.0929071 0)
(0.0374011 0.0949156 0)
(0.0355144 0.0962408 0)
(0.0335451 0.0969541 0)
(0.031515 0.0971364 0)
(0.0294445 0.0968724 0)
(0.0273519 0.0962458 0)
(0.025253 0.0953358 0)
(0.023161 0.0942152 0)
(0.0210864 0.0929486 0)
(0.0190373 0.0915923 0)
(0.0170199 0.0901937 0)
(0.0150381 0.0887925 0)
(0.0130945 0.0874208 0)
(0.0111902 0.086104 0)
(0.00932549 0.0848621 0)
(0.00749939 0.0837101 0)
(0.00571036 0.0826593 0)
(0.00395622 0.0817176 0)
(0.00223429 0.0808904 0)
(0.000541503 0.080181 0)
(-0.00112556 0.0795917 0)
(-0.00277075 0.0791234 0)
(-0.0043981 0.0787765 0)
(-0.00601173 0.0785508 0)
(-0.00761595 0.0784456 0)
(-0.00921525 0.0784605 0)
(-0.0108142 0.0785947 0)
(-0.0124176 0.0788475 0)
(-0.0140304 0.0792185 0)
(-0.0156559 0.0797072 0)
(-0.0172973 0.0803128 0)
(-0.018963 0.0810345 0)
(-0.0206612 0.0818728 0)
(-0.0223953 0.082828 0)
(-0.0241695 0.0839001 0)
(-0.0259894 0.0850887 0)
(-0.0278606 0.0863938 0)
(-0.0297894 0.0878147 0)
(-0.0317823 0.0893516 0)
(-0.033841 0.0910029 0)
(-0.0359684 0.0927635 0)
(-0.0381641 0.0946308 0)
(-0.0404269 0.0966009 0)
(-0.0427552 0.0986668 0)
(-0.0451337 0.10082 0)
(-0.0475323 0.103047 0)
(-0.0499046 0.105333 0)
(-0.0521762 0.107657 0)
(-0.0542112 0.109994 0)
(-0.0557872 0.112308 0)
(-0.0567209 0.114559 0)
(-0.057061 0.116715 0)
(-0.0570106 0.118751 0)
(-0.0567382 0.120638 0)
(-0.0563472 0.122347 0)
(-0.0559005 0.123844 0)
(-0.0554361 0.125097 0)
(-0.0549754 0.126069 0)
(-0.0545299 0.126722 0)
(-0.0541056 0.127018 0)
(-0.0537021 0.126921 0)
(-0.0533192 0.126389 0)
(-0.0529527 0.125379 0)
(-0.0525941 0.123852 0)
(-0.0522295 0.121769 0)
(-0.0518427 0.119096 0)
(-0.0514254 0.115808 0)
(-0.0509839 0.11189 0)
(-0.0505395 0.107343 0)
(-0.0501132 0.102188 0)
(-0.0497201 0.0964611 0)
(-0.0493776 0.0902113 0)
(-0.0491007 0.0835054 0)
(-0.0489035 0.0764271 0)
(-0.0488017 0.0690738 0)
(-0.0488039 0.0615466 0)
(-0.0489065 0.0539406 0)
(-0.0490936 0.0463379 0)
(-0.0493399 0.0388036 0)
(-0.0496132 0.0313847 0)
(-0.0498725 0.0241109 0)
(-0.0500678 0.016998 0)
(-0.050148 0.010052 0)
(-0.0500897 0.00327278 0)
(0.0500606 0.00333016 0)
(0.0500933 0.0102102 0)
(0.0500139 0.0172897 0)
(0.0498204 0.0245708 0)
(0.049526 0.0320339 0)
(0.049139 0.0396322 0)
(0.0486605 0.0472878 0)
(0.0480859 0.054894 0)
(0.0474053 0.0623194 0)
(0.0466053 0.0694185 0)
(0.0456711 0.0760445 0)
(0.0445902 0.0820643 0)
(0.0433549 0.0873714 0)
(0.0419644 0.0918937 0)
(0.0404249 0.0955976 0)
(0.0387492 0.0984858 0)
(0.0369548 0.100593 0)
(0.0350626 0.101977 0)
(0.0330942 0.102716 0)
(0.0310712 0.102893 0)
(0.0290137 0.1026 0)
(0.0269399 0.101924 0)
(0.0248652 0.100948 0)
(0.0228026 0.0997493 0)
(0.0207625 0.0983959 0)
(0.018753 0.0969465 0)
(0.01678 0.0954512 0)
(0.0148474 0.0939517 0)
(0.0129579 0.0924815 0)
(0.0111125 0.0910679 0)
(0.00931133 0.0897316 0)
(0.00755354 0.0884888 0)
(0.00583756 0.0873516 0)
(0.00416112 0.0863284 0)
(0.00252131 0.0854252 0)
(0.000915109 0.084646 0)
(-0.000660568 0.0839932 0)
(-0.00220954 0.0834682 0)
(-0.00373592 0.0830717 0)
(-0.00524377 0.0828036 0)
(-0.00673728 0.0826639 0)
(-0.00822082 0.082652 0)
(-0.00969882 0.0827676 0)
(-0.0111757 0.0830104 0)
(-0.0126562 0.08338 0)
(-0.0141464 0.0838764 0)
(-0.0156526 0.084499 0)
(-0.0171777 0.085247 0)
(-0.0187241 0.0861216 0)
(-0.020299 0.087124 0)
(-0.0219092 0.0882545 0)
(-0.0235599 0.0895138 0)
(-0.0252566 0.0909023 0)
(-0.0270025 0.0924203 0)
(-0.0288014 0.0940681 0)
(-0.030665 0.0958458 0)
(-0.0325993 0.0977511 0)
(-0.0345979 0.0997824 0)
(-0.0366606 0.101936 0)
(-0.038789 0.104207 0)
(-0.0409725 0.106587 0)
(-0.0431876 0.109064 0)
(-0.0453959 0.111623 0)
(-0.047534 0.114241 0)
(-0.0494837 0.116891 0)
(-0.0510435 0.119533 0)
(-0.0520283 0.122121 0)
(-0.052463 0.124614 0)
(-0.0525359 0.126976 0)
(-0.0524105 0.129172 0)
(-0.0521834 0.131165 0)
(-0.0519101 0.132922 0)
(-0.0516266 0.134403 0)
(-0.0513549 0.13557 0)
(-0.0511046 0.136381 0)
(-0.0508817 0.13679 0)
(-0.0506828 0.136771 0)
(-0.0505009 0.136272 0)
(-0.0503318 0.135248 0)
(-0.0501645 0.133656 0)
(-0.0499858 0.131459 0)
(-0.0497873 0.128626 0)
(-0.0495732 0.12513 0)
(-0.0493462 0.120956 0)
(-0.0490978 0.1161 0)
(-0.048832 0.110578 0)
(-0.0485818 0.104429 0)
(-0.0483784 0.0977143 0)
(-0.0482389 0.0905126 0)
(-0.0481751 0.0829131 0)
(-0.0481965 0.0750157 0)
(-0.0483111 0.0669253 0)
(-0.0485172 0.0587413 0)
(-0.048799 0.0505474 0)
(-0.0491297 0.0424078 0)
(-0.0494741 0.0343675 0)
(-0.0497903 0.0264558 0)
(-0.0500287 0.0186885 0)
(-0.0501365 0.011073 0)
(-0.0500912 0.00361284 0)
(0.0500502 0.00356609 0)
(0.0500559 0.0109263 0)
(0.0499394 0.018497 0)
(0.0497016 0.0262788 0)
(0.0493576 0.0342485 0)
(0.0489172 0.0423548 0)
(0.0483834 0.0505139 0)
(0.0477529 0.0586109 0)
(0.0470178 0.0665054 0)
(0.0461661 0.074042 0)
(0.0451844 0.0810646 0)
(0.0440616 0.0874327 0)
(0.0427908 0.0930342 0)
(0.0413716 0.0977946 0)
(0.0398106 0.10168 0)
(0.0381207 0.104697 0)
(0.0363193 0.106882 0)
(0.0344267 0.108301 0)
(0.0324637 0.109036 0)
(0.0304509 0.109179 0)
(0.0284085 0.108825 0)
(0.0263545 0.108068 0)
(0.0243045 0.106995 0)
(0.0222717 0.105688 0)
(0.0202665 0.104219 0)
(0.018297 0.102648 0)
(0.0163689 0.101029 0)
(0.0144863 0.0994049 0)
(0.0126515 0.0978116 0)
(0.0108655 0.0962774 0)
(0.00912836 0.0948243 0)
(0.00743911 0.0934694 0)
(0.00579606 0.0922254 0)
(0.00419644 0.0911015 0)
(0.00263734 0.090104 0)
(0.0011161 0.0892376 0)
(-0.000370571 0.088505 0)
(-0.0018266 0.0879077 0)
(-0.00325601 0.0874467 0)
(-0.0046628 0.0871223 0)
(-0.00605112 0.0869342 0)
(-0.00742524 0.0868824 0)
(-0.00878959 0.0869665 0)
(-0.0101486 0.0871862 0)
(-0.0115067 0.0875414 0)
(-0.0128689 0.0880319 0)
(-0.0142405 0.0886582 0)
(-0.0156253 0.0894215 0)
(-0.0170273 0.090322 0)
(-0.0184521 0.0913602 0)
(-0.0199049 0.0925374 0)
(-0.0213907 0.0938549 0)
(-0.0229148 0.0953144 0)
(-0.0244825 0.096917 0)
(-0.0260986 0.0986625 0)
(-0.0277687 0.100551 0)
(-0.0294961 0.102587 0)
(-0.0312794 0.104769 0)
(-0.0331205 0.107098 0)
(-0.0350219 0.10957 0)
(-0.0369765 0.112179 0)
(-0.0389668 0.114917 0)
(-0.040963 0.117769 0)
(-0.0429138 0.120714 0)
(-0.0447204 0.123722 0)
(-0.0462064 0.126751 0)
(-0.047194 0.129745 0)
(-0.0476909 0.13265 0)
(-0.0478666 0.135416 0)
(-0.0478716 0.137999 0)
(-0.0477958 0.140356 0)
(-0.0476923 0.142447 0)
(-0.0475926 0.144231 0)
(-0.0475148 0.145666 0)
(-0.047466 0.146709 0)
(-0.0474482 0.147312 0)
(-0.0474584 0.147439 0)
(-0.0474919 0.147046 0)
(-0.0475378 0.146078 0)
(-0.0475855 0.144488 0)
(-0.0476185 0.142237 0)
(-0.0476223 0.13929 0)
(-0.0475953 0.135621 0)
(-0.0475446 0.131218 0)
(-0.0474836 0.12608 0)
(-0.0474189 0.120221 0)
(-0.0473451 0.113669 0)
(-0.0472779 0.106485 0)
(-0.0472565 0.0987494 0)
(-0.0473092 0.0905637 0)
(-0.0474482 0.0820371 0)
(-0.0476752 0.0732804 0)
(-0.0479858 0.0644006 0)
(-0.0483661 0.0554893 0)
(-0.0487896 0.0466171 0)
(-0.04922 0.037833 0)
(-0.0496137 0.0291675 0)
(-0.0499197 0.0206373 0)
(-0.0500833 0.0122501 0)
(-0.0500775 0.00400883 0)
(0.0500759 0.00373626 0)
(0.0500918 0.0114825 0)
(0.0499737 0.0194517 0)
(0.0497166 0.0276291 0)
(0.0493426 0.0359868 0)
(0.0488647 0.0444706 0)
(0.0482857 0.052995 0)
(0.0476017 0.0614423 0)
(0.0468049 0.069669 0)
(0.0458842 0.0775156 0)
(0.0448287 0.0848222 0)
(0.0436295 0.0914443 0)
(0.0422826 0.0972672 0)
(0.0407905 0.102215 0)
(0.0391622 0.106253 0)
(0.0374122 0.109389 0)
(0.0355597 0.111663 0)
(0.0336261 0.113145 0)
(0.0316341 0.113922 0)
(0.0296061 0.114085 0)
(0.0275618 0.113729 0)
(0.0255184 0.11295 0)
(0.0234902 0.11184 0)
(0.0214889 0.110481 0)
(0.0195236 0.108949 0)
(0.0176011 0.107308 0)
(0.015726 0.105612 0)
(0.0139014 0.103908 0)
(0.0121289 0.102232 0)
(0.0104088 0.100615 0)
(0.0087407 0.0990802 0)
(0.00712319 0.0976451 0)
(0.00555422 0.0963236 0)
(0.00403071 0.0951255 0)
(0.00254994 0.0940581 0)
(0.00110933 0.0931264 0)
(-0.000294716 0.0923335 0)
(-0.00166603 0.0916814 0)
(-0.00300849 0.0911713 0)
(-0.00432599 0.0908036 0)
(-0.0056226 0.0905787 0)
(-0.00690241 0.0904964 0)
(-0.00816962 0.0905566 0)
(-0.00942866 0.0907593 0)
(-0.0106839 0.0911045 0)
(-0.0119398 0.0915924 0)
(-0.0132006 0.0922235 0)
(-0.0144701 0.0929985 0)
(-0.0157525 0.0939182 0)
(-0.0170523 0.0949835 0)
(-0.018374 0.0961959 0)
(-0.0197222 0.097557 0)
(-0.0211016 0.0990688 0)
(-0.0225181 0.100734 0)
(-0.0239759 0.102554 0)
(-0.0254751 0.104533 0)
(-0.0270165 0.106673 0)
(-0.0286001 0.108976 0)
(-0.0302282 0.111445 0)
(-0.0319028 0.11408 0)
(-0.0336179 0.116882 0)
(-0.03536 0.119846 0)
(-0.0371064 0.122965 0)
(-0.0388183 0.126222 0)
(-0.0404182 0.12959 0)
(-0.0417598 0.13302 0)
(-0.0426841 0.136444 0)
(-0.043189 0.139781 0)
(-0.043422 0.142958 0)
(-0.043518 0.145922 0)
(-0.0435561 0.148624 0)
(-0.0435803 0.151022 0)
(-0.043617 0.153076 0)
(-0.0436818 0.154743 0)
(-0.0437828 0.155979 0)
(-0.0439244 0.156737 0)
(-0.0441013 0.156972 0)
(-0.0443116 0.156643 0)
(-0.0445413 0.155689 0)
(-0.0447855 0.154057 0)
(-0.045029 0.151702 0)
(-0.0452574 0.148586 0)
(-0.0454684 0.144677 0)
(-0.0456634 0.139961 0)
(-0.0458451 0.134444 0)
(-0.0460242 0.128153 0)
(-0.0462132 0.121139 0)
(-0.0464105 0.113471 0)
(-0.0466177 0.105247 0)
(-0.0468569 0.0965542 0)
(-0.0471505 0.0875043 0)
(-0.0475073 0.0782164 0)
(-0.04792 0.0688 0)
(-0.0483752 0.0593466 0)
(-0.0488495 0.0499248 0)
(-0.0493104 0.0405793 0)
(-0.0497175 0.0313353 0)
(-0.0500191 0.0222039 0)
(-0.0501564 0.0131912 0)
(-0.0501162 0.00431215 0)
(0.0499938 0.00429385 0)
(0.0498203 0.0129257 0)
(0.0495135 0.0216714 0)
(0.0490975 0.0305925 0)
(0.0485891 0.0396972 0)
(0.0479927 0.0489412 0)
(0.0473066 0.0582319 0)
(0.0465265 0.0674355 0)
(0.0456452 0.0763873 0)
(0.044654 0.0849063 0)
(0.0435439 0.0928139 0)
(0.0423081 0.0999519 0)
(0.0409434 0.106198 0)
(0.0394518 0.111473 0)
(0.0378411 0.115746 0)
(0.0361239 0.11903 0)
(0.0343165 0.121373 0)
(0.0324385 0.122851 0)
(0.0305115 0.123555 0)
(0.0285554 0.123595 0)
(0.0265878 0.123081 0)
(0.0246237 0.122119 0)
(0.0226755 0.120807 0)
(0.0207533 0.119236 0)
(0.0188652 0.117485 0)
(0.0170174 0.115621 0)
(0.015214 0.113704 0)
(0.013458 0.111781 0)
(0.0117509 0.109892 0)
(0.0100933 0.108067 0)
(0.00848476 0.106332 0)
(0.00692428 0.104706 0)
(0.00541005 0.103203 0)
(0.00393969 0.101833 0)
(0.0025108 0.100604 0)
(0.0011207 0.099522 0)
(-0.000233949 0.0985899 0)
(-0.00155655 0.0978098 0)
(-0.0028506 0.0971832 0)
(-0.00411975 0.0967105 0)
(-0.00536779 0.0963921 0)
(-0.0065986 0.0962279 0)
(-0.00781613 0.0962178 0)
(-0.00902436 0.0963617 0)
(-0.0102274 0.0966598 0)
(-0.0114293 0.0971121 0)
(-0.0126343 0.0977191 0)
(-0.0138462 0.0984815 0)
(-0.0150692 0.0993997 0)
(-0.0163072 0.100475 0)
(-0.017564 0.101708 0)
(-0.0188437 0.1031 0)
(-0.020149 0.104654 0)
(-0.0214831 0.106372 0)
(-0.0228503 0.108257 0)
(-0.0242537 0.110315 0)
(-0.0256933 0.112548 0)
(-0.0271668 0.114962 0)
(-0.0286735 0.11756 0)
(-0.0302129 0.12035 0)
(-0.0317775 0.12334 0)
(-0.0333533 0.126539 0)
(-0.0349191 0.129954 0)
(-0.0364407 0.133589 0)
(-0.0378558 0.137435 0)
(-0.0390515 0.141454 0)
(-0.0399046 0.145541 0)
(-0.0404112 0.149543 0)
(-0.0406858 0.153342 0)
(-0.040838 0.156873 0)
(-0.0409345 0.160095 0)
(-0.0410146 0.162975 0)
(-0.041103 0.165479 0)
(-0.0412148 0.16757 0)
(-0.0413578 0.169209 0)
(-0.041532 0.170349 0)
(-0.0417351 0.170935 0)
(-0.0419727 0.170932 0)
(-0.042236 0.170273 0)
(-0.0425155 0.168901 0)
(-0.0427991 0.166765 0)
(-0.0430754 0.16381 0)
(-0.0433428 0.159992 0)
(-0.0436033 0.155277 0)
(-0.0438592 0.14965 0)
(-0.0441161 0.143117 0)
(-0.0443841 0.135708 0)
(-0.0446765 0.127481 0)
(-0.0450005 0.118515 0)
(-0.0453595 0.108939 0)
(-0.0457628 0.0988897 0)
(-0.0462198 0.0885108 0)
(-0.0467327 0.0779401 0)
(-0.0472896 0.0672988 0)
(-0.0478691 0.0566832 0)
(-0.0484442 0.0461602 0)
(-0.0489849 0.0357648 0)
(-0.049457 0.0254967 0)
(-0.0498145 0.0153132 0)
(-0.0500088 0.00512285 0)
)
;

boundaryField
{
    fuel
    {
        type            fixedValue;
        value           uniform (0.05 0 0);
    }
    air
    {
        type            fixedValue;
        value           uniform (-0.05 0 0);
    }
    outlet
    {
        type            pressureInletOutletVelocity;
        value           nonuniform List<vector> 
200
(
(0.0499936 -0.00428165 0)
(0.049821 -0.0128884 0)
(0.0495159 -0.0216077 0)
(0.0491023 -0.0305008 0)
(0.0485971 -0.0395757 0)
(0.0480044 -0.0487886 0)
(0.0473229 -0.0580477 0)
(0.046548 -0.0672199 0)
(0.0456729 -0.0761412 0)
(0.0446888 -0.0846318 0)
(0.0435867 -0.0925133 0)
(0.0423597 -0.0996281 0)
(0.0410045 -0.105853 0)
(0.0395229 -0.11111 0)
(0.0379224 -0.115368 0)
(0.0362154 -0.118639 0)
(0.0344181 -0.120972 0)
(0.0325495 -0.122441 0)
(0.0306312 -0.123139 0)
(0.0286834 -0.123174 0)
(0.0267234 -0.122657 0)
(0.0247664 -0.121694 0)
(0.0228248 -0.120383 0)
(0.0209089 -0.118815 0)
(0.0190266 -0.117068 0)
(0.0171842 -0.115211 0)
(0.0153859 -0.113302 0)
(0.0136347 -0.111388 0)
(0.0119321 -0.109509 0)
(0.0102787 -0.107696 0)
(0.00867424 -0.105973 0)
(0.00711755 -0.104359 0)
(0.00560687 -0.102869 0)
(0.00413982 -0.101513 0)
(0.00271407 -0.100298 0)
(0.00132693 -0.0992298 0)
(-2.48974e-05 -0.0983115 0)
(-0.00134478 -0.0975452 0)
(-0.00263622 -0.0969321 0)
(-0.00390286 -0.0964729 0)
(-0.0051485 -0.0961678 0)
(-0.00637705 -0.0960167 0)
(-0.00759246 -0.0960195 0)
(-0.00879875 -0.0961762 0)
(-0.01 -0.0964867 0)
(-0.0112003 -0.0969514 0)
(-0.0124037 -0.0975706 0)
(-0.0136143 -0.098345 0)
(-0.0148361 -0.0992752 0)
(-0.016073 -0.100362 0)
(-0.0173288 -0.101607 0)
(-0.0186074 -0.103011 0)
(-0.0199126 -0.104576 0)
(-0.0212477 -0.106305 0)
(-0.022616 -0.108202 0)
(-0.0240198 -0.110269 0)
(-0.0254596 -0.112512 0)
(-0.0269336 -0.114935 0)
(-0.0284414 -0.117542 0)
(-0.0299824 -0.120341 0)
(-0.0315494 -0.123339 0)
(-0.0331284 -0.126546 0)
(-0.0346981 -0.129969 0)
(-0.0362248 -0.133611 0)
(-0.0376464 -0.137464 0)
(-0.0388507 -0.14149 0)
(-0.0397141 -0.145586 0)
(-0.040231 -0.149597 0)
(-0.0405153 -0.153406 0)
(-0.0406769 -0.156948 0)
(-0.0407827 -0.160181 0)
(-0.0408721 -0.163072 0)
(-0.0409698 -0.165586 0)
(-0.0410906 -0.167688 0)
(-0.0412427 -0.169335 0)
(-0.0414259 -0.170484 0)
(-0.0416382 -0.171079 0)
(-0.041885 -0.171082 0)
(-0.0421571 -0.170429 0)
(-0.0424452 -0.169061 0)
(-0.0427373 -0.166928 0)
(-0.043022 -0.163976 0)
(-0.0432973 -0.160158 0)
(-0.0435646 -0.155442 0)
(-0.0438267 -0.149813 0)
(-0.0440892 -0.143276 0)
(-0.0443624 -0.135862 0)
(-0.0446596 -0.127628 0)
(-0.0449876 -0.118653 0)
(-0.0453497 -0.109068 0)
(-0.0457553 -0.0990081 0)
(-0.0462138 -0.0886177 0)
(-0.0467279 -0.0780348 0)
(-0.0472858 -0.0673811 0)
(-0.0478663 -0.0567531 0)
(-0.0484422 -0.0462176 0)
(-0.0489837 -0.0358098 0)
(-0.0494564 -0.0255293 0)
(-0.0498144 -0.0153331 0)
(-0.0500089 -0.00512963 0)
(0.0499938 0.00429385 0)
(0.0498203 0.0129257 0)
(0.0495135 0.0216714 0)
(0.0490975 0.0305925 0)
(0.0485891 0.0396972 0)
(0.0479927 0.0489412 0)
(0.0473066 0.0582319 0)
(0.0465265 0.0674355 0)
(0.0456452 0.0763873 0)
(0.044654 0.0849063 0)
(0.0435439 0.0928139 0)
(0.0423081 0.0999519 0)
(0.0409434 0.106198 0)
(0.0394518 0.111473 0)
(0.0378411 0.115746 0)
(0.0361239 0.11903 0)
(0.0343165 0.121373 0)
(0.0324385 0.122851 0)
(0.0305115 0.123555 0)
(0.0285554 0.123595 0)
(0.0265878 0.123081 0)
(0.0246237 0.122119 0)
(0.0226755 0.120807 0)
(0.0207533 0.119236 0)
(0.0188652 0.117485 0)
(0.0170174 0.115621 0)
(0.015214 0.113704 0)
(0.013458 0.111781 0)
(0.0117509 0.109892 0)
(0.0100933 0.108067 0)
(0.00848476 0.106332 0)
(0.00692428 0.104706 0)
(0.00541005 0.103203 0)
(0.00393969 0.101833 0)
(0.0025108 0.100604 0)
(0.0011207 0.099522 0)
(-0.000233949 0.0985899 0)
(-0.00155655 0.0978098 0)
(-0.0028506 0.0971832 0)
(-0.00411975 0.0967105 0)
(-0.00536779 0.0963921 0)
(-0.0065986 0.0962279 0)
(-0.00781613 0.0962178 0)
(-0.00902436 0.0963617 0)
(-0.0102274 0.0966598 0)
(-0.0114293 0.0971121 0)
(-0.0126343 0.0977191 0)
(-0.0138462 0.0984815 0)
(-0.0150692 0.0993997 0)
(-0.0163072 0.100475 0)
(-0.017564 0.101708 0)
(-0.0188437 0.1031 0)
(-0.020149 0.104654 0)
(-0.0214831 0.106372 0)
(-0.0228503 0.108257 0)
(-0.0242537 0.110315 0)
(-0.0256933 0.112548 0)
(-0.0271668 0.114962 0)
(-0.0286735 0.11756 0)
(-0.0302129 0.12035 0)
(-0.0317775 0.12334 0)
(-0.0333533 0.126539 0)
(-0.0349191 0.129954 0)
(-0.0364407 0.133589 0)
(-0.0378558 0.137435 0)
(-0.0390515 0.141454 0)
(-0.0399046 0.145541 0)
(-0.0404112 0.149543 0)
(-0.0406858 0.153342 0)
(-0.040838 0.156873 0)
(-0.0409345 0.160095 0)
(-0.0410146 0.162975 0)
(-0.041103 0.165479 0)
(-0.0412148 0.16757 0)
(-0.0413578 0.169209 0)
(-0.041532 0.170349 0)
(-0.0417351 0.170935 0)
(-0.0419727 0.170932 0)
(-0.042236 0.170273 0)
(-0.0425155 0.168901 0)
(-0.0427991 0.166765 0)
(-0.0430754 0.16381 0)
(-0.0433428 0.159992 0)
(-0.0436033 0.155277 0)
(-0.0438592 0.14965 0)
(-0.0441161 0.143117 0)
(-0.0443841 0.135708 0)
(-0.0446765 0.127481 0)
(-0.0450005 0.118515 0)
(-0.0453595 0.108939 0)
(-0.0457628 0.0988897 0)
(-0.0462198 0.0885108 0)
(-0.0467327 0.0779401 0)
(-0.0472896 0.0672988 0)
(-0.0478691 0.0566832 0)
(-0.0484442 0.0461602 0)
(-0.0489849 0.0357648 0)
(-0.049457 0.0254967 0)
(-0.0498145 0.0153132 0)
(-0.0500088 0.00512285 0)
)
;
    }
    frontAndBack
    {
        type            empty;
    }
}


// ************************************************************************* //
