/*--------------------------------*- C++ -*----------------------------------*\
  =========                 |
  \\      /  F ield         | OpenFOAM: The Open Source CFD Toolbox
   \\    /   O peration     | Website:  https://openfoam.org
    \\  /    A nd           | Version:  11
     \\/     M anipulation  |
\*---------------------------------------------------------------------------*/
FoamFile
{
    format      ascii;
    class       surfaceScalarField;
    location    "0.1";
    object      phi;
}
// * * * * * * * * * * * * * * * * * * * * * * * * * * * * * * * * * * * * * //

dimensions      [1 0 -1 0 0 0 0];

internalField   nonuniform List<scalar> 
7860
(
1.31664e-06
-2.31737e-08
1.3155e-06
-6.94736e-08
1.31363e-06
-1.15787e-07
1.31091e-06
-1.62162e-07
1.30721e-06
-2.08656e-07
1.30236e-06
-2.5529e-07
1.29614e-06
-3.02062e-07
1.2883e-06
-3.48941e-07
1.27858e-06
-3.95866e-07
1.26667e-06
-4.42743e-07
1.25223e-06
-4.8945e-07
1.2349e-06
-5.35831e-07
1.2143e-06
-5.81709e-07
1.19e-06
-6.26878e-07
1.162e-06
-6.71302e-07
1.13042e-06
-7.1497e-07
1.09524e-06
-7.57747e-07
1.05637e-06
-7.99432e-07
1.01373e-06
-8.39799e-07
9.67255e-07
-8.78619e-07
9.16923e-07
-9.1565e-07
8.62743e-07
-9.50586e-07
8.04755e-07
-9.82955e-07
7.43043e-07
-1.01192e-06
6.77792e-07
-1.0359e-06
6.09423e-07
-1.05211e-06
5.38867e-07
-1.05619e-06
4.67947e-07
-1.04378e-06
3.98836e-07
-1.01456e-06
3.33453e-07
-9.73066e-07
2.72663e-07
-9.26888e-07
2.16398e-07
-8.82506e-07
1.64113e-07
-8.43093e-07
1.1525e-07
-8.09051e-07
6.94107e-08
-7.79386e-07
2.62881e-08
-7.52711e-07
-1.43064e-08
-7.27844e-07
-5.24005e-08
-7.03974e-07
-8.81129e-08
-6.80509e-07
-1.21443e-07
-6.56884e-07
-1.52287e-07
-6.32938e-07
-1.80625e-07
-6.08638e-07
-2.06518e-07
-5.84048e-07
-2.30063e-07
-5.59312e-07
-2.51376e-07
-5.34625e-07
-2.70593e-07
-5.1023e-07
-2.87877e-07
-4.8641e-07
-3.03444e-07
-4.63506e-07
-3.17581e-07
-4.41963e-07
-3.30673e-07
-4.22612e-07
-3.43287e-07
-4.06485e-07
-3.5639e-07
-3.94675e-07
-3.7149e-07
-3.91273e-07
-3.90026e-07
-4.05461e-07
-4.12766e-07
-4.35352e-07
-4.39962e-07
-4.75381e-07
-4.72108e-07
-5.23737e-07
-5.10007e-07
-5.803e-07
-5.54698e-07
-6.45376e-07
-6.07999e-07
-7.19944e-07
-6.72533e-07
-8.18263e-07
-7.50269e-07
-9.34014e-07
-8.42147e-07
-1.06261e-06
-9.46569e-07
-1.19055e-06
-1.05886e-06
-1.29665e-06
-1.17181e-06
-1.36282e-06
-1.28033e-06
-1.38765e-06
-1.38236e-06
-1.38414e-06
-1.4775e-06
-1.36405e-06
-1.566e-06
-1.33481e-06
-1.6482e-06
-1.3004e-06
-1.72443e-06
-1.26283e-06
-1.79502e-06
-1.22311e-06
-1.86016e-06
-1.18176e-06
-1.92017e-06
-1.13913e-06
-1.97525e-06
-1.09548e-06
-2.02565e-06
-1.05104e-06
-2.07157e-06
-1.00602e-06
-2.11307e-06
-9.60595e-07
-2.15012e-06
-9.14879e-07
-2.18266e-06
-8.6886e-07
-2.2112e-06
-8.22503e-07
-2.23613e-06
-7.75986e-07
-2.25782e-06
-7.29445e-07
-2.27661e-06
-6.82991e-07
-2.29279e-06
-6.36711e-07
-2.30665e-06
-5.90671e-07
-2.31846e-06
-5.44922e-07
-2.32845e-06
-4.99501e-07
-2.33686e-06
-4.54436e-07
-2.34387e-06
-4.09741e-07
-2.34967e-06
-3.65422e-07
-2.35442e-06
-3.21472e-07
-2.35826e-06
-2.77873e-07
-2.36131e-06
-2.34593e-07
-2.36366e-06
-1.91592e-07
-2.36542e-06
-1.48823e-07
-2.36664e-06
-1.06226e-07
-2.36737e-06
-6.37316e-08
-2.12616e-08
1.31651e-06
-2.26134e-08
1.31476e-06
-6.77266e-08
1.31172e-06
-1.12744e-07
1.30729e-06
-1.57739e-07
1.30136e-06
-2.02716e-07
1.29373e-06
-2.47663e-07
1.28421e-06
-2.92547e-07
1.27259e-06
-3.37321e-07
1.25864e-06
-3.81917e-07
1.24215e-06
-4.26251e-07
1.22293e-06
-4.70226e-07
1.20083e-06
-5.13734e-07
1.17578e-06
-5.56662e-07
1.1478e-06
-5.98891e-07
1.11698e-06
-6.4048e-07
1.08331e-06
-6.81302e-07
1.04667e-06
-7.21106e-07
1.00693e-06
-7.59696e-07
9.6403e-07
-7.96899e-07
9.17956e-07
-8.32544e-07
8.68749e-07
-8.6644e-07
8.16499e-07
-8.98327e-07
7.61344e-07
-9.27775e-07
7.03487e-07
-9.53991e-07
6.43233e-07
-9.75482e-07
5.8108e-07
-9.89595e-07
5.17839e-07
-9.92243e-07
4.54821e-07
-9.79614e-07
3.934e-07
-9.5159e-07
3.34676e-07
-9.12561e-07
2.79159e-07
-8.69567e-07
2.26837e-07
-8.28502e-07
1.77424e-07
-7.92181e-07
1.30579e-07
-7.60904e-07
8.60409e-08
-7.33721e-07
4.36563e-08
-7.09344e-07
3.33059e-09
-6.86658e-07
-3.49985e-08
-6.64886e-07
-7.13105e-08
-6.43519e-07
-1.05593e-07
-6.2199e-07
-1.37794e-07
-6.00183e-07
-1.67876e-07
-5.78053e-07
-1.95839e-07
-5.55626e-07
-2.21719e-07
-5.33013e-07
-2.45584e-07
-5.10378e-07
-2.67542e-07
-4.87923e-07
-2.87757e-07
-4.6588e-07
-3.06454e-07
-4.44526e-07
-3.23943e-07
-4.24228e-07
-3.40627e-07
-4.05736e-07
-3.57089e-07
-3.89891e-07
-3.74037e-07
-3.77696e-07
-3.9225e-07
-3.73238e-07
-4.12598e-07
-3.85792e-07
-4.36322e-07
-4.12681e-07
-4.64134e-07
-4.48987e-07
-4.96617e-07
-4.93091e-07
-5.34455e-07
-5.44809e-07
-5.78503e-07
-6.04277e-07
-6.29761e-07
-6.7258e-07
-6.90151e-07
-7.62964e-07
-7.61139e-07
-8.69474e-07
-8.43129e-07
-9.88193e-07
-9.34583e-07
-1.1069e-06
-1.03139e-06
-1.20656e-06
-1.12849e-06
-1.27059e-06
-1.22278e-06
-1.29643e-06
-1.31302e-06
-1.29568e-06
-1.39888e-06
-1.27917e-06
-1.48036e-06
-1.25386e-06
-1.55749e-06
-1.22355e-06
-1.63033e-06
-1.19015e-06
-1.69894e-06
-1.15461e-06
-1.76328e-06
-1.11742e-06
-1.82357e-06
-1.07888e-06
-1.87984e-06
-1.03921e-06
-1.93229e-06
-9.98586e-07
-1.98113e-06
-9.57181e-07
-2.02655e-06
-9.15175e-07
-2.06864e-06
-8.72786e-07
-2.10731e-06
-8.30193e-07
-2.14253e-06
-7.87279e-07
-2.17437e-06
-7.44144e-07
-2.20295e-06
-7.00866e-07
-2.22843e-06
-6.57516e-07
-2.25099e-06
-6.14152e-07
-2.27083e-06
-5.70823e-07
-2.28818e-06
-5.27573e-07
-2.30325e-06
-4.84438e-07
-2.31623e-06
-4.41449e-07
-2.32734e-06
-3.98632e-07
-2.33676e-06
-3.56005e-07
-2.34465e-06
-3.13577e-07
-2.35118e-06
-2.71346e-07
-2.35647e-06
-2.29301e-07
-2.36064e-06
-1.87421e-07
-2.36379e-06
-1.4568e-07
-2.36597e-06
-1.04043e-07
-2.36723e-06
-6.24677e-08
-2.08526e-08
1.31624e-06
-2.17895e-08
1.31378e-06
-6.52605e-08
1.30964e-06
-1.08612e-07
1.30378e-06
-1.51873e-07
1.29609e-06
-1.95029e-07
1.28648e-06
-2.3805e-07
1.27483e-06
-2.80896e-07
1.26102e-06
-3.23515e-07
1.24495e-06
-3.65847e-07
1.22652e-06
-4.07819e-07
1.20564e-06
-4.4935e-07
1.18226e-06
-4.90353e-07
1.15634e-06
-5.30739e-07
1.12787e-06
-5.70417e-07
1.09666e-06
-6.09271e-07
1.06251e-06
-6.47153e-07
1.02532e-06
-6.83921e-07
9.85072e-07
-7.19446e-07
9.41781e-07
-7.53608e-07
8.95515e-07
-7.86277e-07
8.4637e-07
-8.17292e-07
7.94463e-07
-8.4641e-07
7.39937e-07
-8.73223e-07
6.82985e-07
-8.96971e-07
6.23904e-07
-9.16238e-07
5.63206e-07
-9.28537e-07
5.01763e-07
-9.30096e-07
4.40911e-07
-9.1763e-07
3.82005e-07
-8.91158e-07
3.25971e-07
-8.54779e-07
2.73144e-07
-8.14978e-07
2.23388e-07
-7.7711e-07
1.76366e-07
-7.43706e-07
1.31714e-07
-7.14984e-07
8.91241e-08
-6.90029e-07
4.84131e-08
-6.6767e-07
9.47879e-09
-6.46874e-07
-2.77262e-08
-6.2693e-07
-6.32273e-08
-6.07347e-07
-9.7023e-08
-5.8759e-07
-1.29165e-07
-5.67493e-07
-1.5968e-07
-5.47037e-07
-1.88576e-07
-5.26274e-07
-2.15867e-07
-5.05305e-07
-2.41598e-07
-4.84267e-07
-2.65846e-07
-4.63326e-07
-2.88735e-07
-4.42675e-07
-3.10429e-07
-4.2255e-07
-3.31141e-07
-4.0327e-07
-3.51136e-07
-3.85551e-07
-3.70765e-07
-3.70131e-07
-3.90424e-07
-3.5801e-07
-4.10636e-07
-3.53207e-07
-4.32252e-07
-3.64863e-07
-4.56349e-07
-3.89646e-07
-4.8363e-07
-4.23136e-07
-5.14691e-07
-4.63878e-07
-5.5018e-07
-5.11674e-07
-5.90906e-07
-5.66489e-07
-6.37851e-07
-6.29536e-07
-6.92807e-07
-7.13089e-07
-7.5716e-07
-8.11525e-07
-8.31726e-07
-9.21145e-07
-9.15677e-07
-1.0307e-06
-1.00562e-06
-1.1233e-06
-1.09719e-06
-1.18395e-06
-1.18723e-06
-1.20955e-06
-1.27423e-06
-1.21051e-06
-1.35767e-06
-1.19674e-06
-1.43741e-06
-1.17468e-06
-1.51339e-06
-1.14786e-06
-1.58559e-06
-1.1181e-06
-1.65402e-06
-1.0863e-06
-1.71856e-06
-1.0529e-06
-1.77929e-06
-1.01818e-06
-1.83617e-06
-9.82327e-07
-1.88928e-06
-9.45476e-07
-1.93871e-06
-9.07748e-07
-1.9846e-06
-8.69279e-07
-2.02718e-06
-8.30208e-07
-2.06671e-06
-7.90667e-07
-2.10323e-06
-7.50757e-07
-2.13683e-06
-7.10549e-07
-2.16758e-06
-6.70109e-07
-2.1956e-06
-6.29496e-07
-2.22099e-06
-5.88761e-07
-2.24387e-06
-5.47945e-07
-2.26436e-06
-5.07083e-07
-2.28259e-06
-4.66209e-07
-2.29869e-06
-4.2535e-07
-2.31279e-06
-3.84532e-07
-2.32502e-06
-3.43777e-07
-2.33549e-06
-3.031e-07
-2.34433e-06
-2.62508e-07
-2.35163e-06
-2.21999e-07
-2.35749e-06
-1.81568e-07
-2.36196e-06
-1.41201e-07
-2.36513e-06
-1.00881e-07
-2.36701e-06
-6.05803e-08
-2.02233e-08
1.31611e-06
-2.08316e-08
1.31324e-06
-6.23907e-08
1.30845e-06
-1.03818e-07
1.30169e-06
-1.45117e-07
1.29292e-06
-1.86259e-07
1.28207e-06
-2.27203e-07
1.26908e-06
-2.679e-07
1.25386e-06
-3.08296e-07
1.23634e-06
-3.48326e-07
1.21644e-06
-3.87919e-07
1.19408e-06
-4.26993e-07
1.16919e-06
-4.65461e-07
1.14168e-06
-5.03228e-07
1.11146e-06
-5.40199e-07
1.07846e-06
-5.76275e-07
1.04268e-06
-6.11369e-07
1.00415e-06
-6.45392e-07
9.62953e-07
-6.7825e-07
9.19182e-07
-7.09836e-07
8.72934e-07
-7.40028e-07
8.24313e-07
-7.68668e-07
7.73438e-07
-7.95525e-07
7.20455e-07
-8.20213e-07
6.65567e-07
-8.42014e-07
6.09075e-07
-8.59581e-07
5.51448e-07
-8.70551e-07
4.93415e-07
-8.71367e-07
4.35987e-07
-8.59093e-07
3.80178e-07
-8.33863e-07
3.26728e-07
-7.99629e-07
2.75913e-07
-7.62445e-07
2.27633e-07
-7.27229e-07
1.8162e-07
-6.96267e-07
1.37606e-07
-6.69722e-07
9.53859e-08
-6.46721e-07
5.48164e-08
-6.26148e-07
1.58307e-08
-6.0705e-07
-2.16266e-08
-5.88729e-07
-5.75665e-08
-5.70744e-07
-9.19722e-08
-5.52584e-07
-1.24839e-07
-5.34081e-07
-1.56175e-07
-5.15205e-07
-1.86001e-07
-4.95995e-07
-2.14355e-07
-4.76537e-07
-2.41293e-07
-4.5695e-07
-2.66892e-07
-4.37381e-07
-2.9125e-07
-4.18003e-07
-3.14491e-07
-3.99028e-07
-3.36764e-07
-3.80751e-07
-3.58265e-07
-3.63862e-07
-3.79233e-07
-3.49033e-07
-3.99965e-07
-3.37253e-07
-4.20961e-07
-3.32398e-07
-4.43247e-07
-3.43267e-07
-4.67751e-07
-3.66209e-07
-4.95153e-07
-3.97167e-07
-5.26075e-07
-4.34804e-07
-5.61169e-07
-4.78928e-07
-6.01097e-07
-5.29484e-07
-6.4682e-07
-5.87701e-07
-6.9999e-07
-6.64985e-07
-7.61824e-07
-7.56062e-07
-8.32861e-07
-8.57567e-07
-9.11866e-07
-9.59412e-07
-9.95879e-07
-1.04599e-06
-1.08105e-06
-1.10372e-06
-1.16483e-06
-1.12895e-06
-1.24617e-06
-1.13105e-06
-1.32475e-06
-1.11921e-06
-1.4005e-06
-1.0995e-06
-1.47337e-06
-1.0753e-06
-1.54333e-06
-1.0483e-06
-1.61035e-06
-1.0194e-06
-1.67427e-06
-9.88991e-07
-1.73515e-06
-9.57347e-07
-1.79283e-06
-9.24639e-07
-1.84731e-06
-8.90989e-07
-1.89856e-06
-8.56502e-07
-1.94656e-06
-8.21276e-07
-1.99137e-06
-7.85402e-07
-2.03307e-06
-7.48965e-07
-2.07178e-06
-7.12048e-07
-2.1076e-06
-6.74732e-07
-2.14062e-06
-6.37085e-07
-2.17095e-06
-5.99166e-07
-2.19869e-06
-5.61024e-07
-2.22393e-06
-5.22699e-07
-2.24679e-06
-4.84228e-07
-2.26735e-06
-4.45643e-07
-2.28573e-06
-4.06973e-07
-2.30202e-06
-3.68246e-07
-2.31631e-06
-3.29488e-07
-2.32869e-06
-2.90719e-07
-2.33924e-06
-2.51953e-07
-2.34804e-06
-2.13197e-07
-2.35516e-06
-1.74453e-07
-2.36064e-06
-1.35719e-07
-2.36453e-06
-9.69893e-08
-2.36686e-06
-5.82488e-08
-1.94445e-08
1.316e-06
-1.97654e-08
1.31281e-06
-5.91975e-08
1.30748e-06
-9.84913e-08
1.3e-06
-1.37633e-07
1.29032e-06
-1.76584e-07
1.27842e-06
-2.15295e-07
1.26423e-06
-2.53713e-07
1.24771e-06
-2.9178e-07
1.22882e-06
-3.29432e-07
1.2075e-06
-3.666e-07
1.18372e-06
-4.03208e-07
1.15743e-06
-4.39178e-07
1.12863e-06
-4.7443e-07
1.09732e-06
-5.08886e-07
1.06351e-06
-5.42468e-07
1.02724e-06
-5.75093e-07
9.88521e-07
-6.06676e-07
9.47392e-07
-6.37121e-07
9.03882e-07
-6.66326e-07
8.58032e-07
-6.94176e-07
8.09898e-07
-7.20531e-07
7.59567e-07
-7.45185e-07
7.07168e-07
-7.67786e-07
6.52893e-07
-7.8767e-07
5.97054e-07
-8.03577e-07
5.40163e-07
-8.133e-07
4.83031e-07
-8.13541e-07
4.26736e-07
-8.01701e-07
3.7231e-07
-7.77972e-07
3.20414e-07
-7.46064e-07
2.71209e-07
-7.11558e-07
2.24494e-07
-6.7895e-07
1.79932e-07
-6.50311e-07
1.37204e-07
-6.25775e-07
9.60766e-08
-6.04531e-07
5.64052e-08
-5.85545e-07
1.80882e-08
-5.67907e-07
-1.89157e-08
-5.50991e-07
-5.46197e-08
-5.34381e-07
-8.90114e-08
-5.17596e-07
-1.22075e-07
-5.00476e-07
-1.53801e-07
-4.82986e-07
-1.84187e-07
-4.65157e-07
-2.13247e-07
-4.47064e-07
-2.41008e-07
-4.2881e-07
-2.67515e-07
-4.10528e-07
-2.9283e-07
-3.92375e-07
-3.17034e-07
-3.74544e-07
-3.40228e-07
-3.57311e-07
-3.62564e-07
-3.41338e-07
-3.84224e-07
-3.27245e-07
-4.0547e-07
-3.15983e-07
-4.26819e-07
-3.11237e-07
-4.4944e-07
-3.21335e-07
-4.74122e-07
-3.4259e-07
-5.01469e-07
-3.71249e-07
-5.3204e-07
-4.06073e-07
-5.66414e-07
-4.46889e-07
-6.05154e-07
-4.93641e-07
-6.49233e-07
-5.47498e-07
-7.00173e-07
-6.1905e-07
-7.5921e-07
-7.03326e-07
-8.26877e-07
-7.97297e-07
-9.02032e-07
-8.91912e-07
-9.82264e-07
-9.72447e-07
-1.06408e-06
-1.02687e-06
-1.14496e-06
-1.05128e-06
-1.2238e-06
-1.05412e-06
-1.30019e-06
-1.04389e-06
-1.37401e-06
-1.02628e-06
-1.44518e-06
-1.00445e-06
-1.51366e-06
-9.79999e-07
-1.57943e-06
-9.53745e-07
-1.64237e-06
-9.26064e-07
-1.70257e-06
-8.97191e-07
-1.75992e-06
-8.67281e-07
-1.81446e-06
-8.36448e-07
-1.86618e-06
-8.04787e-07
-1.91506e-06
-7.72391e-07
-1.96112e-06
-7.39343e-07
-2.00437e-06
-7.05719e-07
-2.04483e-06
-6.71588e-07
-2.08254e-06
-6.37016e-07
-2.11757e-06
-6.02059e-07
-2.14997e-06
-5.66768e-07
-2.17981e-06
-5.31186e-07
-2.20716e-06
-4.9535e-07
-2.23209e-06
-4.59294e-07
-2.25469e-06
-4.23048e-07
-2.27502e-06
-3.86643e-07
-2.29315e-06
-3.50108e-07
-2.30917e-06
-3.13471e-07
-2.32313e-06
-2.76757e-07
-2.3351e-06
-2.39983e-07
-2.34514e-06
-2.03163e-07
-2.35328e-06
-1.66308e-07
-2.35958e-06
-1.29422e-07
-2.36406e-06
-9.25087e-08
-2.36675e-06
-5.55625e-08
-1.85475e-08
1.31592e-06
-1.86224e-08
1.3125e-06
-5.57738e-08
1.3068e-06
-9.27864e-08
1.2988e-06
-1.29636e-07
1.28849e-06
-1.66277e-07
1.27586e-06
-2.02659e-07
1.26087e-06
-2.38725e-07
1.24351e-06
-2.74418e-07
1.22375e-06
-3.09674e-07
1.20157e-06
-3.44428e-07
1.17697e-06
-3.78607e-07
1.14994e-06
-4.1214e-07
1.12046e-06
-4.44951e-07
1.08854e-06
-4.76967e-07
1.05418e-06
-5.08114e-07
1.01741e-06
-5.38317e-07
9.78234e-07
-5.67501e-07
9.36703e-07
-5.95589e-07
8.92875e-07
-6.22499e-07
8.46838e-07
-6.48138e-07
7.98699e-07
-6.72389e-07
7.48594e-07
-6.95069e-07
6.96686e-07
-7.15852e-07
6.4319e-07
-7.34104e-07
5.88409e-07
-7.48631e-07
5.32813e-07
-7.57348e-07
4.77124e-07
-7.57165e-07
4.22268e-07
-7.45764e-07
3.69139e-07
-7.23402e-07
3.18324e-07
-6.93609e-07
2.6998e-07
-6.61562e-07
2.23944e-07
-6.31374e-07
1.79921e-07
-6.04915e-07
1.37623e-07
-5.82276e-07
9.68296e-08
-5.62691e-07
5.73997e-08
-5.45195e-07
1.92478e-08
-5.2894e-07
-1.76655e-08
-5.13351e-07
-5.33574e-08
-4.98036e-07
-8.78181e-08
-4.82544e-07
-1.21032e-07
-4.66723e-07
-1.52987e-07
-4.50541e-07
-1.83677e-07
-4.34019e-07
-2.13106e-07
-4.17224e-07
-2.41287e-07
-4.00253e-07
-2.68247e-07
-3.83225e-07
-2.94026e-07
-3.66284e-07
-3.18679e-07
-3.49612e-07
-3.4228e-07
-3.33467e-07
-3.64959e-07
-3.18472e-07
-3.86871e-07
-3.05206e-07
-4.08262e-07
-2.94568e-07
-4.29671e-07
-2.90015e-07
-4.52349e-07
-2.99342e-07
-4.77001e-07
-3.18995e-07
-5.0418e-07
-3.45489e-07
-5.3441e-07
-3.77675e-07
-5.68233e-07
-4.15391e-07
-6.0618e-07
-4.58581e-07
-6.49255e-07
-5.08266e-07
-6.98989e-07
-5.74296e-07
-7.56537e-07
-6.52039e-07
-8.22427e-07
-7.38763e-07
-8.956e-07
-8.26384e-07
-9.73346e-07
-9.01424e-07
-1.05247e-06
-9.52637e-07
-1.13079e-06
-9.76179e-07
-1.20729e-06
-9.79535e-07
-1.28167e-06
-9.70608e-07
-1.35381e-06
-9.54741e-07
-1.42365e-06
-9.34925e-07
-1.49115e-06
-9.12681e-07
-1.55626e-06
-8.88769e-07
-1.61879e-06
-8.63537e-07
-1.67883e-06
-8.37198e-07
-1.73623e-06
-8.09881e-07
-1.79099e-06
-7.81683e-07
-1.8431e-06
-7.52679e-07
-1.89254e-06
-7.22946e-07
-1.93933e-06
-6.92557e-07
-1.98347e-06
-6.61578e-07
-2.02498e-06
-6.30074e-07
-2.0639e-06
-5.98101e-07
-2.10024e-06
-5.65713e-07
-2.13405e-06
-5.32955e-07
-2.16537e-06
-4.99866e-07
-2.19425e-06
-4.66478e-07
-2.22072e-06
-4.32823e-07
-2.24483e-06
-3.9893e-07
-2.26665e-06
-3.64828e-07
-2.28621e-06
-3.30547e-07
-2.30357e-06
-2.96116e-07
-2.31876e-06
-2.61561e-07
-2.33184e-06
-2.26904e-07
-2.34284e-06
-1.92163e-07
-2.3518e-06
-1.57352e-07
-2.35874e-06
-1.22482e-07
-2.36369e-06
-8.75621e-08
-2.36665e-06
-5.25951e-08
-1.75568e-08
1.31587e-06
-1.74205e-08
1.31227e-06
-5.2174e-08
1.30627e-06
-8.67916e-08
1.29788e-06
-1.21242e-07
1.28708e-06
-1.55477e-07
1.27386e-06
-1.89444e-07
1.25822e-06
-2.23086e-07
1.24015e-06
-2.56347e-07
1.21964e-06
-2.89164e-07
1.19669e-06
-3.21474e-07
1.17129e-06
-3.53211e-07
1.14346e-06
-3.84306e-07
1.1132e-06
-4.14694e-07
1.08054e-06
-4.44307e-07
1.04551e-06
-4.73084e-07
1.00815e-06
-5.00961e-07
9.68527e-07
-5.27874e-07
9.26695e-07
-5.53757e-07
8.82735e-07
-5.78539e-07
8.36734e-07
-6.02136e-07
7.88787e-07
-6.24437e-07
7.39e-07
-6.45272e-07
6.87509e-07
-6.64333e-07
6.34504e-07
-6.81029e-07
5.80283e-07
-6.94246e-07
5.25334e-07
-7.02042e-07
4.70411e-07
-7.01558e-07
4.16443e-07
-6.90722e-07
3.64286e-07
-6.69822e-07
3.14456e-07
-6.4216e-07
2.67039e-07
-6.12514e-07
2.2183e-07
-5.84643e-07
1.78521e-07
-5.60241e-07
1.36823e-07
-5.39374e-07
9.65219e-08
-5.21329e-07
5.74743e-08
-5.05213e-07
1.96093e-08
-4.90252e-07
-1.71136e-08
-4.759e-07
-5.27059e-08
-4.61794e-07
-8.71467e-08
-4.47516e-07
-1.20412e-07
-4.32924e-07
-1.52481e-07
-4.17985e-07
-1.83336e-07
-4.02718e-07
-2.12971e-07
-3.87182e-07
-2.41385e-07
-3.71464e-07
-2.68593e-07
-3.55676e-07
-2.94617e-07
-3.3995e-07
-3.19497e-07
-3.24454e-07
-3.43292e-07
-3.09428e-07
-3.66122e-07
-2.95456e-07
-3.88126e-07
-2.83073e-07
-4.09548e-07
-2.73119e-07
-4.30935e-07
-2.68807e-07
-4.53588e-07
-2.77367e-07
-4.78165e-07
-2.95467e-07
-5.05186e-07
-3.19878e-07
-5.35151e-07
-3.49528e-07
-5.68587e-07
-3.84264e-07
-6.0599e-07
-4.24047e-07
-6.48307e-07
-4.69752e-07
-6.96993e-07
-5.30539e-07
-7.53103e-07
-6.0213e-07
-8.17097e-07
-6.82056e-07
-8.88195e-07
-7.62904e-07
-9.63736e-07
-8.32625e-07
-1.04074e-06
-8.80575e-07
-1.11713e-06
-9.03042e-07
-1.19194e-06
-9.06684e-07
-1.26483e-06
-8.98835e-07
-1.33569e-06
-8.84495e-07
-1.40448e-06
-8.66472e-07
-1.47115e-06
-8.46199e-07
-1.53566e-06
-8.24385e-07
-1.59785e-06
-8.01357e-07
-1.65779e-06
-7.7731e-07
-1.71531e-06
-7.52355e-07
-1.77042e-06
-7.26577e-07
-1.82306e-06
-7.00038e-07
-1.8732e-06
-6.72804e-07
-1.92082e-06
-6.44934e-07
-1.96591e-06
-6.16485e-07
-2.00848e-06
-5.8751e-07
-2.04852e-06
-5.5806e-07
-2.08605e-06
-5.28179e-07
-2.1211e-06
-4.97909e-07
-2.15368e-06
-4.67283e-07
-2.18383e-06
-4.36332e-07
-2.21157e-06
-4.05084e-07
-2.23693e-06
-3.73566e-07
-2.25995e-06
-3.41807e-07
-2.28066e-06
-3.09837e-07
-2.29909e-06
-2.77685e-07
-2.31528e-06
-2.45377e-07
-2.32924e-06
-2.12939e-07
-2.34102e-06
-1.8039e-07
-2.35062e-06
-1.47749e-07
-2.35807e-06
-1.15029e-07
-2.36339e-06
-8.22453e-08
-2.36658e-06
-4.94042e-08
-1.64916e-08
1.31582e-06
-1.61749e-08
1.31209e-06
-4.84434e-08
1.30588e-06
-8.05815e-08
1.29719e-06
-1.12554e-07
1.28603e-06
-1.44313e-07
1.27239e-06
-1.75806e-07
1.25628e-06
-2.06977e-07
1.23771e-06
-2.37772e-07
1.21668e-06
-2.68132e-07
1.1932e-06
-2.97997e-07
1.16729e-06
-3.27305e-07
1.13898e-06
-3.55996e-07
1.1083e-06
-3.84006e-07
1.07527e-06
-4.11278e-07
1.03994e-06
-4.37755e-07
1.00236e-06
-4.63379e-07
9.62578e-07
-4.88094e-07
9.20661e-07
-5.1184e-07
8.76675e-07
-5.34553e-07
8.30699e-07
-5.56158e-07
7.82821e-07
-5.76556e-07
7.33153e-07
-5.95594e-07
6.81835e-07
-6.12988e-07
6.29066e-07
-6.28192e-07
5.75153e-07
-6.40168e-07
5.20582e-07
-6.47116e-07
4.66101e-07
-6.464e-07
4.12616e-07
-6.36176e-07
3.60957e-07
-6.16759e-07
3.11616e-07
-5.91227e-07
2.64667e-07
-5.6396e-07
2.19894e-07
-5.38375e-07
1.76984e-07
-5.15994e-07
1.35646e-07
-4.9686e-07
9.56608e-08
-4.80313e-07
5.68876e-08
-4.65532e-07
1.92477e-08
-4.51809e-07
-1.72974e-08
-4.38641e-07
-5.27576e-08
-4.25693e-07
-8.71128e-08
-4.1258e-07
-1.20337e-07
-3.99172e-07
-1.52404e-07
-3.85436e-07
-1.83292e-07
-3.71389e-07
-2.12984e-07
-3.57085e-07
-2.41473e-07
-3.42604e-07
-2.68763e-07
-3.28048e-07
-2.94867e-07
-3.13537e-07
-3.19816e-07
-2.99229e-07
-3.43658e-07
-2.85344e-07
-3.66508e-07
-2.72421e-07
-3.88496e-07
-2.60956e-07
-4.09864e-07
-2.51724e-07
-4.31164e-07
-2.47683e-07
-4.53718e-07
-2.55485e-07
-4.78151e-07
-2.72073e-07
-5.04963e-07
-2.94462e-07
-5.34631e-07
-3.21657e-07
-5.67669e-07
-3.53507e-07
-6.04568e-07
-3.89985e-07
-6.46233e-07
-4.31835e-07
-6.94098e-07
-4.87527e-07
-7.49201e-07
-5.53136e-07
-8.11932e-07
-6.26498e-07
-8.81685e-07
-7.00716e-07
-9.56008e-07
-7.65043e-07
-1.03191e-06
-8.09634e-07
-1.10733e-06
-8.30917e-07
-1.18122e-06
-8.34769e-07
-1.25326e-06
-8.27934e-07
-1.32333e-06
-8.15051e-07
-1.3914e-06
-7.98739e-07
-1.45746e-06
-7.80338e-07
-1.52146e-06
-7.60512e-07
-1.58327e-06
-7.39564e-07
-1.64296e-06
-7.17672e-07
-1.70037e-06
-6.94936e-07
-1.75551e-06
-6.71431e-07
-1.80834e-06
-6.47212e-07
-1.85881e-06
-6.22335e-07
-1.90689e-06
-5.96851e-07
-1.95257e-06
-5.70809e-07
-1.99582e-06
-5.44257e-07
-2.03664e-06
-5.17238e-07
-2.07503e-06
-4.89791e-07
-2.11099e-06
-4.61951e-07
-2.14452e-06
-4.33749e-07
-2.17564e-06
-4.05211e-07
-2.20436e-06
-3.76364e-07
-2.2307e-06
-3.47232e-07
-2.25466e-06
-3.17843e-07
-2.27627e-06
-2.88224e-07
-2.29555e-06
-2.58405e-07
-2.31252e-06
-2.28414e-07
-2.32718e-06
-1.98274e-07
-2.33957e-06
-1.68007e-07
-2.34968e-06
-1.37634e-07
-2.35754e-06
-1.07171e-07
-2.36315e-06
-7.66348e-08
-2.36652e-06
-4.6036e-08
-1.53673e-08
1.31579e-06
-1.48962e-08
1.31196e-06
-4.46135e-08
1.30559e-06
-7.42078e-08
1.29667e-06
-1.03643e-07
1.28523e-06
-1.3287e-07
1.27127e-06
-1.61841e-07
1.25479e-06
-1.90501e-07
1.23582e-06
-2.18798e-07
1.21436e-06
-2.46676e-07
1.19044e-06
-2.74081e-07
1.16409e-06
-3.00955e-07
1.13534e-06
-3.2724e-07
1.10421e-06
-3.52883e-07
1.07076e-06
-3.77828e-07
1.03504e-06
-4.02026e-07
9.97084e-07
-4.25428e-07
9.56973e-07
-4.47983e-07
9.14772e-07
-4.69639e-07
8.70562e-07
-4.90343e-07
8.24433e-07
-5.10028e-07
7.76489e-07
-5.28609e-07
7.2685e-07
-5.45944e-07
6.75664e-07
-5.61775e-07
6.23138e-07
-5.75596e-07
5.69579e-07
-5.86445e-07
5.15479e-07
-5.92662e-07
4.61575e-07
-5.91823e-07
4.08731e-07
-5.82281e-07
3.57718e-07
-5.6436e-07
3.08972e-07
-5.40912e-07
2.62536e-07
-5.15945e-07
2.18194e-07
-4.92559e-07
1.75641e-07
-4.72122e-07
1.34602e-07
-4.54658e-07
9.48687e-08
-4.39558e-07
5.63055e-08
-4.26072e-07
1.88392e-08
-4.13549e-07
-1.75652e-08
-4.01531e-07
-5.29151e-08
-3.89709e-07
-8.71878e-08
-3.77733e-07
-1.20354e-07
-3.65482e-07
-1.52386e-07
-3.52926e-07
-1.83255e-07
-3.40081e-07
-2.12943e-07
-3.26996e-07
-2.41437e-07
-3.13742e-07
-2.68734e-07
-3.00414e-07
-2.94845e-07
-2.87121e-07
-3.19791e-07
-2.74007e-07
-3.43619e-07
-2.61276e-07
-3.66435e-07
-2.49419e-07
-3.88369e-07
-2.38894e-07
-4.0966e-07
-2.30405e-07
-4.30861e-07
-2.26657e-07
-4.533e-07
-2.33711e-07
-4.77586e-07
-2.48815e-07
-5.04207e-07
-2.69221e-07
-5.3363e-07
-2.9401e-07
-5.66344e-07
-3.23045e-07
-6.02827e-07
-3.56305e-07
-6.43938e-07
-3.94409e-07
-6.91134e-07
-4.4511e-07
-7.45443e-07
-5.04865e-07
-8.07283e-07
-5.71798e-07
-8.75818e-07
-6.39694e-07
-9.48784e-07
-6.98786e-07
-1.02337e-06
-7.40014e-07
-1.09762e-06
-7.59965e-07
-1.17056e-06
-7.63836e-07
-1.24182e-06
-7.57824e-07
-1.31129e-06
-7.46223e-07
-1.3789e-06
-7.31466e-07
-1.44465e-06
-7.14795e-07
-1.50846e-06
-6.96829e-07
-1.5702e-06
-6.77841e-07
-1.62993e-06
-6.57994e-07
-1.68749e-06
-6.37373e-07
-1.74287e-06
-6.16046e-07
-1.79603e-06
-5.94055e-07
-1.84691e-06
-5.71451e-07
-1.89548e-06
-5.48277e-07
-1.94172e-06
-5.24573e-07
-1.98559e-06
-5.00382e-07
-2.02709e-06
-4.7574e-07
-2.0662e-06
-4.50683e-07
-2.10291e-06
-4.2524e-07
-2.13722e-06
-3.99439e-07
-2.16913e-06
-3.73304e-07
-2.19863e-06
-3.46857e-07
-2.22574e-06
-3.20123e-07
-2.25046e-06
-2.93126e-07
-2.27279e-06
-2.65893e-07
-2.29275e-06
-2.38452e-07
-2.31033e-06
-2.1083e-07
-2.32555e-06
-1.83052e-07
-2.33842e-06
-1.55139e-07
-2.34894e-06
-1.27112e-07
-2.35712e-06
-9.89909e-08
-2.36296e-06
-7.07916e-08
-2.36647e-06
-4.25274e-08
-1.41961e-08
1.31576e-06
-1.35924e-08
1.31186e-06
-4.07086e-08
1.30536e-06
-6.77107e-08
1.29628e-06
-9.45621e-08
1.28463e-06
-1.21218e-07
1.27042e-06
-1.4763e-07
1.25367e-06
-1.73749e-07
1.2344e-06
-1.99526e-07
1.21263e-06
-2.24909e-07
1.1884e-06
-2.49848e-07
1.16173e-06
-2.74289e-07
1.13267e-06
-2.98182e-07
1.10127e-06
-3.21477e-07
1.06756e-06
-3.44126e-07
1.03162e-06
-3.66083e-07
9.93499e-07
-3.87306e-07
9.53266e-07
-4.07749e-07
9.10995e-07
-4.27369e-07
8.66766e-07
-4.46114e-07
8.20666e-07
-4.63927e-07
7.72788e-07
-4.80728e-07
7.23243e-07
-4.96389e-07
6.72167e-07
-5.10673e-07
6.19756e-07
-5.23115e-07
5.66312e-07
-5.32838e-07
5.12329e-07
-5.38329e-07
4.58565e-07
-5.37391e-07
4.05897e-07
-5.28574e-07
3.55108e-07
-5.12201e-07
3.06624e-07
-4.9088e-07
2.60471e-07
-4.68233e-07
2.16413e-07
-4.47046e-07
1.74133e-07
-4.28538e-07
1.33346e-07
-4.12722e-07
9.38397e-08
-3.99042e-07
5.54815e-08
-3.86825e-07
1.81958e-08
-3.75476e-07
-1.80523e-08
-3.64583e-07
-5.32688e-08
-3.53864e-07
-8.74293e-08
-3.43002e-07
-1.20503e-07
-3.31889e-07
-1.52457e-07
-3.20497e-07
-1.83264e-07
-3.0884e-07
-2.129e-07
-2.96962e-07
-2.41349e-07
-2.84928e-07
-2.68605e-07
-2.72823e-07
-2.94675e-07
-2.60747e-07
-3.19578e-07
-2.48831e-07
-3.43355e-07
-2.3726e-07
-3.66112e-07
-2.26478e-07
-3.87974e-07
-2.16904e-07
-4.09179e-07
-2.09174e-07
-4.30277e-07
-2.05734e-07
-4.52586e-07
-2.12062e-07
-4.76708e-07
-2.25711e-07
-5.03124e-07
-2.44172e-07
-5.32291e-07
-2.66604e-07
-5.64689e-07
-2.92879e-07
-6.00782e-07
-3.22988e-07
-6.41354e-07
-3.57449e-07
-6.87916e-07
-4.03272e-07
-7.415e-07
-4.57288e-07
-8.02562e-07
-5.17819e-07
-8.7029e-07
-5.79424e-07
-9.42519e-07
-6.33237e-07
-1.01649e-06
-6.71006e-07
-1.09024e-06
-6.89528e-07
-1.16273e-06
-6.93367e-07
-1.23357e-06
-6.88149e-07
-1.30264e-06
-6.77801e-07
-1.36989e-06
-6.64557e-07
-1.43533e-06
-6.49563e-07
-1.4989e-06
-6.33387e-07
-1.56048e-06
-6.16281e-07
-1.62013e-06
-5.98393e-07
-1.6777e-06
-5.79801e-07
-1.73318e-06
-5.60562e-07
-1.78652e-06
-5.40716e-07
-1.83767e-06
-5.20305e-07
-1.88658e-06
-4.99365e-07
-1.93322e-06
-4.77932e-07
-1.97756e-06
-4.56043e-07
-2.01957e-06
-4.33729e-07
-2.05923e-06
-4.1102e-07
-2.09653e-06
-3.87943e-07
-2.13145e-06
-3.64522e-07
-2.16397e-06
-3.40777e-07
-2.1941e-06
-3.1673e-07
-2.22182e-06
-2.92401e-07
-2.24714e-06
-2.67813e-07
-2.27004e-06
-2.42993e-07
-2.29052e-06
-2.17965e-07
-2.3086e-06
-1.92756e-07
-2.32426e-06
-1.6739e-07
-2.33751e-06
-1.41887e-07
-2.34835e-06
-1.1627e-07
-2.35679e-06
-9.0556e-08
-2.36282e-06
-6.47639e-08
-2.36644e-06
-3.89075e-08
-1.29878e-08
1.31575e-06
-1.22696e-08
1.31178e-06
-3.67468e-08
1.30519e-06
-6.11195e-08
1.29598e-06
-8.53529e-08
1.28417e-06
-1.09405e-07
1.26977e-06
-1.33231e-07
1.25281e-06
-1.56786e-07
1.2333e-06
-1.80023e-07
1.21129e-06
-2.02897e-07
1.1868e-06
-2.2536e-07
1.15988e-06
-2.47365e-07
1.13056e-06
-2.68867e-07
1.0989e-06
-2.89819e-07
1.06496e-06
-3.10179e-07
1.02878e-06
-3.29908e-07
9.90445e-07
-3.48967e-07
9.50013e-07
-3.67318e-07
9.07564e-07
-3.8492e-07
8.63181e-07
-4.0173e-07
8.16953e-07
-4.17699e-07
7.68984e-07
-4.32755e-07
7.19389e-07
-4.46785e-07
6.6832e-07
-4.59576e-07
6.15982e-07
-4.70708e-07
5.62694e-07
-4.79388e-07
5.08957e-07
-4.84243e-07
4.55521e-07
-4.83292e-07
4.0323e-07
-4.75253e-07
3.5282e-07
-4.60437e-07
3.04683e-07
-4.41212e-07
2.58827e-07
-4.20837e-07
2.15017e-07
-4.01801e-07
1.72948e-07
-3.85182e-07
1.32345e-07
-3.70985e-07
9.30034e-08
-3.58706e-07
5.47925e-08
-3.47737e-07
1.76404e-08
-3.37546e-07
-1.84864e-08
-3.27763e-07
-5.3593e-08
-3.18134e-07
-8.76541e-08
-3.08376e-07
-1.20638e-07
-2.98391e-07
-1.52512e-07
-2.88153e-07
-1.83246e-07
-2.77676e-07
-2.12815e-07
-2.66998e-07
-2.41202e-07
-2.56179e-07
-2.68399e-07
-2.45294e-07
-2.94411e-07
-2.34433e-07
-3.19255e-07
-2.23715e-07
-3.42972e-07
-2.13306e-07
-3.65665e-07
-2.03603e-07
-3.87458e-07
-1.94985e-07
-4.08585e-07
-1.88022e-07
-4.29588e-07
-1.84908e-07
-4.51773e-07
-1.90533e-07
-4.75742e-07
-2.02753e-07
-5.01974e-07
-2.19298e-07
-5.3092e-07
-2.39407e-07
-5.63062e-07
-2.62963e-07
-5.98865e-07
-2.89964e-07
-6.39096e-07
-3.20844e-07
-6.85188e-07
-3.61899e-07
-7.38136e-07
-4.10295e-07
-7.98425e-07
-4.64581e-07
-8.6535e-07
-5.19946e-07
-9.36803e-07
-5.6847e-07
-1.01009e-06
-6.02699e-07
-1.08329e-06
-6.19664e-07
-1.15535e-06
-6.23347e-07
-1.22585e-06
-6.18818e-07
-1.29467e-06
-6.09636e-07
-1.36175e-06
-5.97832e-07
-1.42707e-06
-5.84449e-07
-1.49059e-06
-5.70002e-07
-1.55217e-06
-5.5472e-07
-1.61188e-06
-5.38736e-07
-1.66956e-06
-5.22117e-07
-1.7252e-06
-5.04914e-07
-1.77876e-06
-4.8716e-07
-1.83017e-06
-4.68891e-07
-1.8794e-06
-4.50139e-07
-1.9264e-06
-4.30935e-07
-1.97113e-06
-4.11309e-07
-2.01357e-06
-3.9129e-07
-2.05368e-06
-3.70903e-07
-2.09146e-06
-3.50172e-07
-2.12686e-06
-3.29116e-07
-2.15988e-06
-3.07755e-07
-2.19051e-06
-2.86107e-07
-2.21872e-06
-2.64191e-07
-2.2445e-06
-2.42028e-07
-2.26785e-06
-2.19642e-07
-2.28876e-06
-1.97055e-07
-2.30722e-06
-1.74293e-07
-2.32324e-06
-1.51379e-07
-2.33679e-06
-1.28332e-07
-2.34789e-06
-1.05172e-07
-2.35652e-06
-8.19195e-08
-2.3627e-06
-5.85905e-08
-2.36641e-06
-3.51996e-08
-1.17501e-08
1.31573e-06
-1.09323e-08
1.31173e-06
-3.27416e-08
1.30506e-06
-5.44569e-08
1.29576e-06
-7.60456e-08
1.28382e-06
-9.74696e-08
1.26928e-06
-1.18688e-07
1.25215e-06
-1.3966e-07
1.23247e-06
-1.60344e-07
1.21027e-06
-1.80698e-07
1.18559e-06
-2.0068e-07
1.15848e-06
-2.20248e-07
1.12897e-06
-2.39361e-07
1.09713e-06
-2.57979e-07
1.06302e-06
-2.76064e-07
1.02669e-06
-2.93582e-07
9.88222e-07
-3.10499e-07
9.47685e-07
-3.26781e-07
9.05158e-07
-3.42393e-07
8.60727e-07
-3.57299e-07
8.14481e-07
-3.71452e-07
7.66521e-07
-3.84791e-07
7.1696e-07
-3.97214e-07
6.65941e-07
-4.0853e-07
6.13665e-07
-4.18363e-07
5.60443e-07
-4.26004e-07
5.06778e-07
-4.30232e-07
4.5343e-07
-4.29286e-07
4.01251e-07
-4.22054e-07
3.50986e-07
-4.08831e-07
3.03017e-07
-3.91732e-07
2.57341e-07
-3.73643e-07
2.13713e-07
-3.56758e-07
1.71818e-07
-3.42025e-07
1.31375e-07
-3.2944e-07
9.21575e-08
-3.18554e-07
5.40862e-08
-3.08811e-07
1.70658e-08
-2.9976e-07
-1.89398e-08
-2.91072e-07
-5.3935e-08
-2.82522e-07
-8.78938e-08
-2.73857e-07
-1.20784e-07
-2.6499e-07
-1.5257e-07
-2.55899e-07
-1.83223e-07
-2.46595e-07
-2.12716e-07
-2.37112e-07
-2.41032e-07
-2.27503e-07
-2.68162e-07
-2.17834e-07
-2.94108e-07
-2.08187e-07
-3.18888e-07
-1.98666e-07
-3.42542e-07
-1.89417e-07
-3.65172e-07
-1.80792e-07
-3.86904e-07
-1.73128e-07
-4.07975e-07
-1.66926e-07
-4.28879e-07
-1.64179e-07
-4.5094e-07
-1.6912e-07
-4.74764e-07
-1.7993e-07
-5.00823e-07
-1.94581e-07
-5.29566e-07
-2.12395e-07
-5.61466e-07
-2.33263e-07
-5.9699e-07
-2.5719e-07
-6.36888e-07
-2.84524e-07
-6.82572e-07
-3.20878e-07
-7.35022e-07
-3.63749e-07
-7.94748e-07
-4.11868e-07
-8.61096e-07
-4.61022e-07
-9.32026e-07
-5.04225e-07
-1.00489e-06
-5.34832e-07
-1.07777e-06
-5.50141e-07
-1.14956e-06
-5.53599e-07
-1.21985e-06
-5.49712e-07
-1.2885e-06
-5.41659e-07
-1.35543e-06
-5.31258e-07
-1.42064e-06
-5.19446e-07
-1.48409e-06
-5.06686e-07
-1.54564e-06
-4.93183e-07
-1.60538e-06
-4.79055e-07
-1.66313e-06
-4.64361e-07
-1.71889e-06
-4.49147e-07
-1.77261e-06
-4.3344e-07
-1.82423e-06
-4.17271e-07
-1.8737e-06
-4.00668e-07
-1.92098e-06
-3.83657e-07
-1.96603e-06
-3.66263e-07
-2.00881e-06
-3.48512e-07
-2.04928e-06
-3.30425e-07
-2.08743e-06
-3.12022e-07
-2.12323e-06
-2.93322e-07
-2.15664e-06
-2.7434e-07
-2.18766e-06
-2.55092e-07
-2.21626e-06
-2.35595e-07
-2.24242e-06
-2.15868e-07
-2.26612e-06
-1.95933e-07
-2.28737e-06
-1.7581e-07
-2.30614e-06
-1.55523e-07
-2.32243e-06
-1.35092e-07
-2.33622e-06
-1.14536e-07
-2.34752e-06
-9.3874e-08
-2.35632e-06
-7.31238e-08
-2.36261e-06
-5.23019e-08
-2.36638e-06
-3.14222e-08
-1.04892e-08
1.31572e-06
-9.58395e-09
1.31168e-06
-2.87033e-08
1.30496e-06
-4.77397e-08
1.29558e-06
-6.66636e-08
1.28355e-06
-8.54408e-08
1.2689e-06
-1.04035e-07
1.25165e-06
-1.2241e-07
1.23184e-06
-1.40529e-07
1.20949e-06
-1.58354e-07
1.18466e-06
-1.75849e-07
1.15739e-06
-1.92977e-07
1.12773e-06
-2.09702e-07
1.09574e-06
-2.25988e-07
1.06148e-06
-2.41803e-07
1.02501e-06
-2.57117e-07
9.86416e-07
-2.71901e-07
9.45761e-07
-2.86126e-07
9.03129e-07
-2.99761e-07
8.58606e-07
-3.12775e-07
8.12283e-07
-3.25128e-07
7.64264e-07
-3.36768e-07
7.14664e-07
-3.47605e-07
6.63632e-07
-3.57472e-07
6.11376e-07
-3.66039e-07
5.58215e-07
-3.72683e-07
5.04659e-07
-3.76331e-07
4.51468e-07
-3.75442e-07
3.99482e-07
-3.69055e-07
3.49418e-07
-3.57441e-07
3.01642e-07
-3.4246e-07
2.56136e-07
-3.26635e-07
2.12654e-07
-3.11877e-07
1.70886e-07
-2.99001e-07
1.30561e-07
-2.88002e-07
9.15004e-08
-2.78484e-07
5.35309e-08
-2.69976e-07
1.66038e-08
-2.62069e-07
-1.93111e-08
-2.54476e-07
-5.4218e-08
-2.47002e-07
-8.80915e-08
-2.39427e-07
-1.20899e-07
-2.31675e-07
-1.52608e-07
-2.23727e-07
-1.83186e-07
-2.15592e-07
-2.12607e-07
-2.07301e-07
-2.40854e-07
-1.98898e-07
-2.67918e-07
-1.90444e-07
-2.93801e-07
-1.82007e-07
-3.1852e-07
-1.73679e-07
-3.42114e-07
-1.65589e-07
-3.64687e-07
-1.58039e-07
-3.86363e-07
-1.51328e-07
-4.07377e-07
-1.45886e-07
-4.28188e-07
-1.43541e-07
-4.50142e-07
-1.47807e-07
-4.73843e-07
-1.57219e-07
-4.99761e-07
-1.69993e-07
-5.28338e-07
-1.8553e-07
-5.60045e-07
-2.03734e-07
-5.95347e-07
-2.24612e-07
-6.34956e-07
-2.48446e-07
-6.80288e-07
-2.80148e-07
-7.3231e-07
-3.1755e-07
-7.91558e-07
-3.5956e-07
-8.57405e-07
-4.0256e-07
-9.27858e-07
-4.40449e-07
-1.00032e-06
-4.67373e-07
-1.07291e-06
-4.80922e-07
-1.1445e-06
-4.84071e-07
-1.21464e-06
-4.80764e-07
-1.28318e-06
-4.73792e-07
-1.35004e-06
-4.64756e-07
-1.41522e-06
-4.5448e-07
-1.47866e-06
-4.43374e-07
-1.54025e-06
-4.31616e-07
-1.60005e-06
-4.19312e-07
-1.65789e-06
-4.06512e-07
-1.71378e-06
-3.93255e-07
-1.76766e-06
-3.79565e-07
-1.81946e-06
-3.65467e-07
-1.86914e-06
-3.50985e-07
-1.91666e-06
-3.36141e-07
-1.96196e-06
-3.20958e-07
-2.00502e-06
-3.05456e-07
-2.04579e-06
-2.89654e-07
-2.08424e-06
-2.73569e-07
-2.12035e-06
-2.57216e-07
-2.15408e-06
-2.40609e-07
-2.18541e-06
-2.23763e-07
-2.21431e-06
-2.06691e-07
-2.24077e-06
-1.89411e-07
-2.26476e-06
-1.71941e-07
-2.28627e-06
-1.54301e-07
-2.30529e-06
-1.3651e-07
-2.32179e-06
-1.18587e-07
-2.33578e-06
-1.00551e-07
-2.34723e-06
-8.24171e-08
-2.35615e-06
-6.42026e-08
-2.36253e-06
-4.59227e-08
-2.36636e-06
-2.759e-08
-9.21007e-09
1.31571e-06
-8.22724e-09
1.31165e-06
-2.464e-08
1.30489e-06
-4.0981e-08
1.29545e-06
-5.72245e-08
1.28335e-06
-7.33407e-08
1.26861e-06
-8.92981e-08
1.25127e-06
-1.05065e-07
1.23135e-06
-1.20609e-07
1.20889e-06
-1.35899e-07
1.18395e-06
-1.50903e-07
1.15656e-06
-1.65589e-07
1.12678e-06
-1.79926e-07
1.09468e-06
-1.93883e-07
1.06031e-06
-2.07434e-07
1.02374e-06
-2.20552e-07
9.85055e-07
-2.33212e-07
9.44321e-07
-2.45391e-07
9.01623e-07
-2.57063e-07
8.57049e-07
-2.682e-07
8.10691e-07
-2.7877e-07
7.62652e-07
-2.88725e-07
7.13048e-07
-2.97991e-07
6.62026e-07
-3.06423e-07
6.09792e-07
-3.13737e-07
5.56666e-07
-3.19396e-07
5.03158e-07
-3.2248e-07
4.50034e-07
-3.21668e-07
3.98132e-07
-3.16148e-07
3.48172e-07
-3.06163e-07
3.00508e-07
-2.93312e-07
2.55119e-07
-2.79754e-07
2.11753e-07
-2.67117e-07
1.70097e-07
-2.56096e-07
1.29877e-07
-2.46679e-07
9.08955e-08
-2.38531e-07
5.30213e-08
-2.31245e-07
1.61856e-08
-2.24473e-07
-1.96433e-08
-2.17969e-07
-5.44687e-08
-2.11567e-07
-8.82644e-08
-2.05078e-07
-1.20998e-07
-1.98437e-07
-1.52635e-07
-1.91628e-07
-1.83145e-07
-1.84659e-07
-2.12501e-07
-1.77557e-07
-2.40684e-07
-1.70359e-07
-2.67687e-07
-1.63116e-07
-2.9351e-07
-1.55888e-07
-3.18172e-07
-1.48752e-07
-3.41709e-07
-1.41818e-07
-3.64225e-07
-1.35344e-07
-3.85842e-07
-1.29586e-07
-4.06793e-07
-1.24909e-07
-4.27536e-07
-1.22968e-07
-4.49403e-07
-1.26575e-07
-4.72998e-07
-1.34604e-07
-4.9879e-07
-1.45518e-07
-5.27219e-07
-1.58798e-07
-5.58752e-07
-1.74361e-07
-5.93859e-07
-1.92214e-07
-6.33237e-07
-2.12587e-07
-6.78314e-07
-2.39686e-07
-7.30062e-07
-2.71681e-07
-7.88968e-07
-3.0765e-07
-8.54414e-07
-3.44525e-07
-9.24451e-07
-3.77099e-07
-9.96569e-07
-4.0027e-07
-1.06894e-06
-4.11933e-07
-1.14039e-06
-4.14691e-07
-1.21043e-06
-4.11917e-07
-1.2789e-06
-4.05995e-07
-1.34572e-06
-3.98298e-07
-1.41088e-06
-3.89535e-07
-1.47434e-06
-3.80058e-07
-1.53595e-06
-3.7002e-07
-1.5958e-06
-3.59516e-07
-1.65372e-06
-3.48584e-07
-1.70972e-06
-3.37259e-07
-1.76372e-06
-3.25561e-07
-1.81568e-06
-3.13511e-07
-1.86553e-06
-3.0113e-07
-1.91324e-06
-2.88435e-07
-1.95875e-06
-2.75445e-07
-2.00203e-06
-2.62178e-07
-2.04303e-06
-2.48649e-07
-2.08173e-06
-2.34873e-07
-2.11808e-06
-2.20863e-07
-2.15206e-06
-2.0663e-07
-2.18364e-06
-1.92186e-07
-2.21279e-06
-1.77545e-07
-2.23948e-06
-1.62719e-07
-2.26369e-06
-1.47726e-07
-2.28541e-06
-1.32582e-07
-2.30461e-06
-1.17305e-07
-2.32129e-06
-1.01912e-07
-2.33542e-06
-8.6417e-08
-2.34701e-06
-7.08359e-08
-2.35602e-06
-5.5183e-08
-2.36248e-06
-3.94722e-08
-2.36635e-06
-2.3715e-08
-7.91657e-09
1.31571e-06
-6.86415e-09
1.31162e-06
-2.05576e-08
1.30483e-06
-3.41909e-08
1.29535e-06
-4.77423e-08
1.2832e-06
-6.11865e-08
1.2684e-06
-7.44971e-08
1.25098e-06
-8.76473e-08
1.23098e-06
-1.0061e-07
1.20844e-06
-1.1336e-07
1.1834e-06
-1.25868e-07
1.15592e-06
-1.3811e-07
1.12606e-06
-1.50058e-07
1.09386e-06
-1.61688e-07
1.0594e-06
-1.72977e-07
1.02276e-06
-1.83903e-07
9.83989e-07
-1.94446e-07
9.43184e-07
-2.04586e-07
9.00423e-07
-2.14302e-07
8.55793e-07
-2.23571e-07
8.0939e-07
-2.32365e-07
7.61315e-07
-2.40648e-07
7.11688e-07
-2.48354e-07
6.60656e-07
-2.55364e-07
6.08428e-07
-2.61441e-07
5.55327e-07
-2.66136e-07
5.01868e-07
-2.6868e-07
4.48819e-07
-2.67972e-07
3.97012e-07
-2.63342e-07
3.47157e-07
-2.54999e-07
2.99601e-07
-2.4428e-07
2.54312e-07
-2.32983e-07
2.11038e-07
-2.2246e-07
1.69467e-07
-2.13284e-07
1.29326e-07
-2.05444e-07
9.0418e-08
-1.9866e-07
5.26158e-08
-1.92592e-07
1.58501e-08
-1.86951e-07
-1.99107e-08
-1.81534e-07
-5.46697e-08
-1.76202e-07
-8.84009e-08
-1.70796e-07
-1.21072e-07
-1.65264e-07
-1.52648e-07
-1.59593e-07
-1.83099e-07
-1.53788e-07
-2.12398e-07
-1.47872e-07
-2.40527e-07
-1.41876e-07
-2.67476e-07
-1.35843e-07
-2.93247e-07
-1.29822e-07
-3.17857e-07
-1.23877e-07
-3.41344e-07
-1.181e-07
-3.63807e-07
-1.12704e-07
-3.85369e-07
-1.07901e-07
-4.06256e-07
-1.03995e-07
-4.26953e-07
-1.02439e-07
-4.48752e-07
-1.05405e-07
-4.72263e-07
-1.12066e-07
-4.97953e-07
-1.21132e-07
-5.26261e-07
-1.32171e-07
-5.57652e-07
-1.4511e-07
-5.92595e-07
-1.59956e-07
-6.31775e-07
-1.7689e-07
-6.7662e-07
-1.99412e-07
-7.28125e-07
-2.26004e-07
-7.86781e-07
-2.55939e-07
-8.51984e-07
-2.86697e-07
-9.21669e-07
-3.14084e-07
-9.93379e-07
-3.33577e-07
-1.06559e-06
-3.43107e-07
-1.13697e-06
-3.45395e-07
-1.20697e-06
-3.43121e-07
-1.27541e-06
-3.3823e-07
-1.34222e-06
-3.31854e-07
-1.40739e-06
-3.24586e-07
-1.47085e-06
-3.16721e-07
-1.53251e-06
-3.08388e-07
-1.59241e-06
-2.99664e-07
-1.65041e-06
-2.90582e-07
-1.7065e-06
-2.81172e-07
-1.76061e-06
-2.71448e-07
-1.81269e-06
-2.6143e-07
-1.86269e-06
-2.51133e-07
-1.91055e-06
-2.40573e-07
-1.95623e-06
-2.29764e-07
-1.99969e-06
-2.18722e-07
-2.04088e-06
-2.07458e-07
-2.07976e-06
-1.95986e-07
-2.11631e-06
-1.84315e-07
-2.15049e-06
-1.72455e-07
-2.18226e-06
-1.60416e-07
-2.21159e-06
-1.48208e-07
-2.23847e-06
-1.35844e-07
-2.26286e-06
-1.23337e-07
-2.28474e-06
-1.10702e-07
-2.30409e-06
-9.79522e-08
-2.3209e-06
-8.51031e-08
-2.33515e-06
-7.21674e-08
-2.34683e-06
-5.91579e-08
-2.35593e-06
-4.6087e-08
-2.36243e-06
-3.29666e-08
-2.36634e-06
-1.98066e-08
-6.61191e-09
1.3157e-06
-5.49635e-09
1.3116e-06
-1.6461e-08
1.30479e-06
-2.73774e-08
1.29528e-06
-3.82277e-08
1.28308e-06
-4.89917e-08
1.26823e-06
-5.96481e-08
1.25076e-06
-7.01753e-08
1.2307e-06
-8.05517e-08
1.2081e-06
-9.07559e-08
1.18299e-06
-1.00766e-07
1.15545e-06
-1.10562e-07
1.12551e-06
-1.20121e-07
1.09325e-06
-1.29424e-07
1.05872e-06
-1.38453e-07
1.02201e-06
-1.47191e-07
9.83187e-07
-1.55622e-07
9.42329e-07
-1.63728e-07
8.99522e-07
-1.71495e-07
8.54855e-07
-1.78903e-07
8.08421e-07
-1.85931e-07
7.60325e-07
-1.92548e-07
7.10684e-07
-1.98704e-07
6.59647e-07
-2.04301e-07
6.07425e-07
-2.09151e-07
5.5434e-07
-2.12893e-07
5.0091e-07
-2.1491e-07
4.47904e-07
-2.14322e-07
3.96156e-07
-2.106e-07
3.46369e-07
-2.03911e-07
2.98886e-07
-1.95331e-07
2.5367e-07
-1.86295e-07
2.10465e-07
-1.77881e-07
1.6896e-07
-1.70545e-07
1.28882e-07
-1.64278e-07
9.00338e-08
-1.58854e-07
5.22901e-08
-1.54001e-07
1.55815e-08
-1.49491e-07
-2.01235e-08
-1.45158e-07
-5.4828e-08
-1.40893e-07
-8.85058e-08
-1.3657e-07
-1.21125e-07
-1.32146e-07
-1.52651e-07
-1.2761e-07
-1.83052e-07
-1.22968e-07
-2.12304e-07
-1.18236e-07
-2.40386e-07
-1.13442e-07
-2.6729e-07
-1.08617e-07
-2.93018e-07
-1.03801e-07
-3.17584e-07
-9.90472e-08
-3.41028e-07
-9.44264e-08
-3.63445e-07
-9.01086e-08
-3.84957e-07
-8.62663e-08
-4.05774e-07
-8.31507e-08
-4.26445e-07
-8.19346e-08
-4.482e-07
-8.42757e-08
-4.71647e-07
-8.95833e-08
-4.97254e-07
-9.68189e-08
-5.25461e-07
-1.05631e-07
-5.56731e-07
-1.15962e-07
-5.91536e-07
-1.27816e-07
-6.30553e-07
-1.41332e-07
-6.75213e-07
-1.59302e-07
-7.26508e-07
-1.80521e-07
-7.84954e-07
-2.04421e-07
-8.50009e-07
-2.29005e-07
-9.1956e-07
-2.51197e-07
-9.90971e-07
-2.67187e-07
-1.06305e-06
-2.74419e-07
-1.13435e-06
-2.76178e-07
-1.20431e-06
-2.74378e-07
-1.27272e-06
-2.70497e-07
-1.33951e-06
-2.65427e-07
-1.40468e-06
-2.5964e-07
-1.46816e-06
-2.53372e-07
-1.52985e-06
-2.46728e-07
-1.58979e-06
-2.39768e-07
-1.64785e-06
-2.32522e-07
-1.70401e-06
-2.25012e-07
-1.75821e-06
-2.1725e-07
-1.81039e-06
-2.0925e-07
-1.86049e-06
-2.01026e-07
-1.90848e-06
-1.9259e-07
-1.95429e-06
-1.83953e-07
-1.99788e-06
-1.75128e-07
-2.03922e-06
-1.66123e-07
-2.07825e-06
-1.5695e-07
-2.11495e-06
-1.47616e-07
-2.14928e-06
-1.38128e-07
-2.1812e-06
-1.28495e-07
-2.21068e-06
-1.18725e-07
-2.2377e-06
-1.08828e-07
-2.26222e-06
-9.8814e-08
-2.28423e-06
-8.86958e-08
-2.30369e-06
-7.84848e-08
-2.3206e-06
-6.81923e-08
-2.33494e-06
-5.78292e-08
-2.34669e-06
-4.74058e-08
-2.35585e-06
-3.69323e-08
-2.3624e-06
-2.64186e-08
-2.36633e-06
-1.58726e-08
-5.29869e-09
1.3157e-06
-4.12503e-09
1.31159e-06
-1.23539e-08
1.30476e-06
-2.05465e-08
1.29522e-06
-2.86894e-08
1.283e-06
-3.67673e-08
1.26811e-06
-4.4764e-08
1.2506e-06
-5.26632e-08
1.2305e-06
-6.04489e-08
1.20785e-06
-6.81047e-08
1.18269e-06
-7.56145e-08
1.15509e-06
-8.29622e-08
1.12511e-06
-9.01321e-08
1.09279e-06
-9.71094e-08
1.05822e-06
-1.0388e-07
1.02146e-06
-1.10432e-07
9.8259e-07
-1.16753e-07
9.41691e-07
-1.2283e-07
8.98848e-07
-1.28651e-07
8.54148e-07
-1.34203e-07
8.07688e-07
-1.39469e-07
7.59571e-07
-1.44428e-07
7.09916e-07
-1.49039e-07
6.58872e-07
-1.53232e-07
6.06651e-07
-1.56863e-07
5.53578e-07
-1.59661e-07
5.00171e-07
-1.61165e-07
4.47202e-07
-1.60712e-07
3.95502e-07
-1.57909e-07
3.45771e-07
-1.52885e-07
2.98345e-07
-1.46446e-07
2.53184e-07
-1.39669e-07
2.10032e-07
-1.33361e-07
1.68576e-07
-1.27862e-07
1.28546e-07
-1.23164e-07
8.97434e-08
-1.19097e-07
5.20442e-08
-1.15459e-07
1.53795e-08
-1.12077e-07
-2.02821e-08
-1.08828e-07
-5.49437e-08
-1.0563e-07
-8.85793e-08
-1.02388e-07
-1.21157e-07
-9.90704e-08
-1.52642e-07
-9.56692e-08
-1.83004e-07
-9.21884e-08
-2.12216e-07
-8.86409e-08
-2.40261e-07
-8.50459e-08
-2.67128e-07
-8.14283e-08
-2.92819e-07
-7.78182e-08
-3.1735e-07
-7.42538e-08
-3.40757e-07
-7.07896e-08
-3.63136e-07
-6.75526e-08
-3.84607e-07
-6.46731e-08
-4.05387e-07
-6.23435e-08
-4.26055e-07
-6.14321e-08
-4.47775e-07
-6.31768e-08
-4.71169e-07
-6.71475e-08
-4.96709e-07
-7.25644e-08
-5.24833e-07
-7.91632e-08
-5.56002e-07
-8.68991e-08
-5.90692e-07
-9.57757e-08
-6.29569e-07
-1.05892e-07
-6.74069e-07
-1.19337e-07
-7.25183e-07
-1.35209e-07
-7.83439e-07
-1.53083e-07
-8.48319e-07
-1.71475e-07
-9.17837e-07
-1.88337e-07
-9.89217e-07
-2.00828e-07
-1.06123e-06
-2.05801e-07
-1.13246e-06
-2.07038e-07
-1.20236e-06
-2.05696e-07
-1.27073e-06
-2.02808e-07
-1.3375e-06
-1.99026e-07
-1.40266e-06
-1.94703e-07
-1.46614e-06
-1.90018e-07
-1.52785e-06
-1.85049e-07
-1.58782e-06
-1.79843e-07
-1.64592e-06
-1.7442e-07
-1.70214e-06
-1.68798e-07
-1.7564e-06
-1.62986e-07
-1.80865e-06
-1.56995e-07
-1.85884e-06
-1.50835e-07
-1.90692e-06
-1.44515e-07
-1.95283e-06
-1.38044e-07
-1.99653e-06
-1.31429e-07
-2.03797e-06
-1.2468e-07
-2.07712e-06
-1.17802e-07
-2.11393e-06
-1.10803e-07
-2.14837e-06
-1.03687e-07
-2.18041e-06
-9.64616e-08
-2.21e-06
-8.91319e-08
-2.23712e-06
-8.17056e-08
-2.26174e-06
-7.4191e-08
-2.28384e-06
-6.65968e-08
-2.3034e-06
-5.8932e-08
-2.32038e-06
-5.12053e-08
-2.33479e-06
-4.34248e-08
-2.34659e-06
-3.55985e-08
-2.35579e-06
-2.77341e-08
-2.36237e-06
-1.98391e-08
-2.36632e-06
-1.19196e-08
-3.9791e-09
1.31569e-06
-2.7513e-09
1.31158e-06
-8.23964e-09
1.30474e-06
-1.37037e-08
1.29518e-06
-1.91346e-08
1.28294e-06
-2.4522e-08
1.26803e-06
-2.98552e-08
1.25049e-06
-3.51231e-08
1.23035e-06
-4.03151e-08
1.20767e-06
-4.54202e-08
1.18248e-06
-5.04277e-08
1.15485e-06
-5.53268e-08
1.12482e-06
-6.0107e-08
1.09247e-06
-6.47585e-08
1.05786e-06
-6.92721e-08
1.02107e-06
-7.36392e-08
9.8217e-07
-7.78518e-08
9.41242e-07
-8.19019e-08
8.98373e-07
-8.57812e-08
8.53651e-07
-8.94807e-08
8.07172e-07
-9.29897e-08
7.5904e-07
-9.62929e-08
7.09376e-07
-9.93649e-08
6.58327e-07
-1.02157e-07
6.06106e-07
-1.04575e-07
5.5304e-07
-1.06437e-07
4.99648e-07
-1.07435e-07
4.46703e-07
-1.07127e-07
3.95035e-07
-1.05254e-07
3.45341e-07
-1.01901e-07
2.97955e-07
-9.76065e-08
2.52834e-07
-9.30889e-08
2.0972e-07
-8.88846e-08
1.683e-07
-8.52197e-08
1.28303e-07
-8.20885e-08
8.95341e-08
-7.93779e-08
5.18676e-08
-7.6953e-08
1.52354e-08
-7.46982e-08
-2.03941e-08
-7.25326e-08
-5.50237e-08
-7.04005e-08
-8.86277e-08
-6.82392e-08
-1.21174e-07
-6.60278e-08
-1.52628e-07
-6.37606e-08
-1.8296e-07
-6.14405e-08
-2.12143e-07
-5.9076e-08
-2.40159e-07
-5.66799e-08
-2.66998e-07
-5.42688e-08
-2.92662e-07
-5.18628e-08
-3.17167e-07
-4.94874e-08
-3.40549e-07
-4.71789e-08
-3.62904e-07
-4.50217e-08
-3.84351e-07
-4.31031e-08
-4.05114e-07
-4.15532e-08
-4.25766e-07
-4.09446e-08
-4.47458e-07
-4.2103e-08
-4.70814e-07
-4.4746e-08
-4.96304e-07
-4.83531e-08
-5.24366e-07
-5.27478e-08
-5.55459e-07
-5.78997e-08
-5.90058e-07
-6.38112e-08
-6.28823e-07
-7.05454e-08
-6.73189e-07
-7.94935e-08
-7.24139e-07
-9.00547e-08
-7.82187e-07
-1.01945e-07
-8.46841e-07
-1.14159e-07
-9.16368e-07
-1.25459e-07
-9.88126e-07
-1.34088e-07
-1.0601e-06
-1.37222e-07
-1.13124e-06
-1.37996e-07
-1.20105e-06
-1.37096e-07
-1.26937e-06
-1.35175e-07
-1.3361e-06
-1.32661e-07
-1.40124e-06
-1.29787e-07
-1.46472e-06
-1.2667e-07
-1.52644e-06
-1.23364e-07
-1.58643e-06
-1.19899e-07
-1.64456e-06
-1.1629e-07
-1.70081e-06
-1.12547e-07
-1.75511e-06
-1.08677e-07
-1.80742e-06
-1.04688e-07
-1.85767e-06
-1.00585e-07
-1.90581e-06
-9.63747e-08
-1.95179e-06
-9.20633e-08
-1.99557e-06
-8.76562e-08
-2.03709e-06
-8.31584e-08
-2.07631e-06
-7.85748e-08
-2.11321e-06
-7.39093e-08
-2.14773e-06
-6.91659e-08
-2.17984e-06
-6.43483e-08
-2.20951e-06
-5.94609e-08
-2.23671e-06
-5.45086e-08
-2.26141e-06
-4.94968e-08
-2.28357e-06
-4.44315e-08
-2.30318e-06
-3.93188e-08
-2.32022e-06
-3.41643e-08
-2.33468e-06
-2.89736e-08
-2.34652e-06
-2.3752e-08
-2.35575e-06
-1.85049e-08
-2.36235e-06
-1.32372e-08
-2.36632e-06
-7.9532e-09
-2.65501e-09
1.31569e-06
-1.376e-09
1.31157e-06
-4.1207e-09
1.30472e-06
-6.85326e-09
1.29516e-06
-9.56925e-09
1.2829e-06
-1.22635e-08
1.26798e-06
-1.49307e-08
1.25042e-06
-1.75652e-08
1.23026e-06
-2.01617e-08
1.20756e-06
-2.27147e-08
1.18235e-06
-2.52187e-08
1.15469e-06
-2.76685e-08
1.12464e-06
-3.00587e-08
1.09227e-06
-3.23845e-08
1.05764e-06
-3.46412e-08
1.02082e-06
-3.68246e-08
9.81902e-07
-3.89306e-08
9.40955e-07
-4.09552e-08
8.98069e-07
-4.28944e-08
8.53332e-07
-4.47437e-08
8.06841e-07
-4.64976e-08
7.587e-07
-4.81485e-08
7.09028e-07
-4.96838e-08
6.57976e-07
-5.10793e-08
6.05755e-07
-5.22871e-08
5.52693e-07
-5.32171e-08
4.99311e-07
-5.37148e-08
4.46382e-07
-5.35598e-08
3.94735e-07
-5.26216e-08
3.45066e-07
-5.0944e-08
2.97705e-07
-4.87963e-08
2.5261e-07
-4.65373e-08
2.09519e-07
-4.44353e-08
1.68122e-07
-4.26029e-08
1.28148e-07
-4.10373e-08
8.94002e-08
-3.9682e-08
5.1755e-08
-3.84695e-08
1.51439e-08
-3.73421e-08
-2.04645e-08
-3.62592e-08
-5.50732e-08
-3.51931e-08
-8.86562e-08
-3.41125e-08
-1.21182e-07
-3.30068e-08
-1.52616e-07
-3.18733e-08
-1.82927e-07
-3.07133e-08
-2.12091e-07
-2.95312e-08
-2.40088e-07
-2.83333e-08
-2.66909e-07
-2.7128e-08
-2.92556e-07
-2.59253e-08
-3.17044e-07
-2.4738e-08
-3.40411e-07
-2.35841e-08
-3.62751e-07
-2.25058e-08
-3.84185e-07
-2.15469e-08
-4.04938e-07
-2.07728e-08
-4.25577e-07
-2.04682e-08
-4.47251e-07
-2.10459e-08
-4.70583e-07
-2.23661e-08
-4.96042e-07
-2.41681e-08
-5.24066e-07
-2.63638e-08
-5.55113e-07
-2.89378e-08
-5.89656e-07
-3.18912e-08
-6.28354e-07
-3.52549e-08
-6.72644e-07
-3.97238e-08
-7.23498e-07
-4.49977e-08
-7.81413e-07
-5.09336e-08
-8.45873e-07
-5.70272e-08
-9.15271e-07
-6.27012e-08
-9.87319e-07
-6.70545e-08
-1.05933e-06
-6.86082e-08
-1.13043e-06
-6.89873e-08
-1.20021e-06
-6.85341e-08
-1.2685e-06
-6.75738e-08
-1.33521e-06
-6.63179e-08
-1.40034e-06
-6.48824e-08
-1.46381e-06
-6.3326e-08
-1.52553e-06
-6.16749e-08
-1.58553e-06
-5.99445e-08
-1.64368e-06
-5.81417e-08
-1.69995e-06
-5.62722e-08
-1.75429e-06
-5.43391e-08
-1.80663e-06
-5.2346e-08
-1.85692e-06
-5.02961e-08
-1.9051e-06
-4.81924e-08
-1.95113e-06
-4.60378e-08
-1.99495e-06
-4.38352e-08
-2.03652e-06
-4.15872e-08
-2.0758e-06
-3.9296e-08
-2.11274e-06
-3.69637e-08
-2.14732e-06
-3.45923e-08
-2.17948e-06
-3.21836e-08
-2.2092e-06
-2.97398e-08
-2.23645e-06
-2.72633e-08
-2.26119e-06
-2.4757e-08
-2.2834e-06
-2.22238e-08
-2.30305e-06
-1.96667e-08
-2.32012e-06
-1.70886e-08
-2.33461e-06
-1.44923e-08
-2.34648e-06
-1.18806e-08
-2.35573e-06
-9.25599e-09
-2.36234e-06
-6.62116e-09
-2.36632e-06
-3.97815e-09
-1.32805e-09
1.31569e-06
2.76443e-14
1.31157e-06
4.39422e-13
1.30472e-06
8.56534e-13
1.29515e-06
1.13673e-12
1.28288e-06
1.26342e-12
1.26795e-06
1.28396e-12
1.25038e-06
1.25173e-12
1.23022e-06
1.19625e-12
1.2075e-06
1.1311e-12
1.18228e-06
1.06042e-12
1.15462e-06
9.84609e-13
1.12456e-06
9.06236e-13
1.09217e-06
8.28069e-13
1.05753e-06
7.54363e-13
1.0207e-06
6.89005e-13
9.81772e-07
6.32859e-13
9.40816e-07
5.83018e-13
8.97921e-07
5.35368e-13
8.53177e-07
4.82375e-13
8.0668e-07
4.20969e-13
7.58534e-07
3.45337e-13
7.0886e-07
2.5415e-13
6.57806e-07
1.4712e-13
6.05586e-07
2.93899e-14
5.52527e-07
-9.55779e-14
4.9915e-07
-1.9804e-13
4.46228e-07
-2.39503e-13
3.94591e-07
-1.76171e-13
3.44933e-07
1.38179e-14
2.97585e-07
3.35285e-13
2.52501e-07
7.28249e-13
2.09422e-07
1.14405e-12
1.68036e-07
1.5487e-12
1.28072e-07
1.92533e-12
8.9335e-08
2.26535e-12
5.17004e-08
2.56483e-12
1.50998e-08
2.82299e-12
-2.04982e-08
3.0407e-12
-5.50964e-08
3.21926e-12
-8.86691e-08
3.35889e-12
-1.21184e-07
3.4608e-12
-1.52608e-07
3.52604e-12
-1.8291e-07
3.55597e-12
-2.12064e-07
3.55177e-12
-2.40052e-07
3.51553e-12
-2.66864e-07
3.45093e-12
-2.92503e-07
3.36169e-12
-3.16983e-07
3.25298e-12
-3.40342e-07
3.13215e-12
-3.62675e-07
3.01134e-12
-3.84103e-07
2.90331e-12
-4.04851e-07
2.82408e-12
-4.25485e-07
2.85038e-12
-4.4715e-07
3.14271e-12
-4.7047e-07
3.71456e-12
-4.95915e-07
4.50142e-12
-5.23921e-07
5.48163e-12
-5.54946e-07
6.66791e-12
-5.89463e-07
8.0903e-12
-6.28129e-07
9.78617e-12
-6.72383e-07
1.19156e-11
-7.23191e-07
1.43291e-11
-7.81044e-07
1.69276e-11
-8.45415e-07
1.95647e-11
-9.14776e-07
2.19637e-11
-9.86868e-07
2.36569e-11
-1.0589e-06
2.41157e-11
-1.13e-06
2.3925e-11
-1.19978e-06
2.32203e-11
-1.26806e-06
2.21995e-11
-1.33477e-06
2.10103e-11
-1.39989e-06
1.97564e-11
-1.46337e-06
1.84985e-11
-1.52509e-06
1.72629e-11
-1.5851e-06
1.60689e-11
-1.64325e-06
1.49494e-11
-1.69954e-06
1.39078e-11
-1.75389e-06
1.2947e-11
-1.80625e-06
1.20613e-11
-1.85655e-06
1.12375e-11
-1.90476e-06
1.04612e-11
-1.9508e-06
9.72205e-12
-1.99465e-06
9.01672e-12
-2.03624e-06
8.3485e-12
-2.07555e-06
7.72594e-12
-2.11252e-06
7.15669e-12
-2.14712e-06
6.64382e-12
-2.17931e-06
6.1821e-12
-2.20905e-06
5.76005e-12
-2.23632e-06
5.36335e-12
-2.26108e-06
4.98058e-12
-2.28331e-06
4.60598e-12
-2.30298e-06
4.23838e-12
-2.32008e-06
3.87551e-12
-2.33457e-06
3.50408e-12
-2.34646e-06
3.08691e-12
-2.35571e-06
2.56178e-12
-2.36234e-06
1.87926e-12
-2.36632e-06
1.07963e-12
3.08498e-13
1.31569e-06
1.3761e-09
1.31157e-06
4.12162e-09
1.30472e-06
6.85498e-09
1.29515e-06
9.57152e-09
1.28288e-06
1.22661e-08
1.26795e-06
1.49333e-08
1.25038e-06
1.75677e-08
1.23022e-06
2.01641e-08
1.2075e-06
2.27169e-08
1.18228e-06
2.52208e-08
1.15462e-06
2.76704e-08
1.12456e-06
3.00605e-08
1.09217e-06
3.23861e-08
1.05753e-06
3.46427e-08
1.0207e-06
3.68259e-08
9.81772e-07
3.89318e-08
9.40816e-07
4.09564e-08
8.97921e-07
4.28955e-08
8.53177e-07
4.47446e-08
8.0668e-07
4.64984e-08
7.58535e-07
4.81492e-08
7.0886e-07
4.96843e-08
6.57807e-07
5.10795e-08
6.05586e-07
5.22871e-08
5.52527e-07
5.32169e-08
4.9915e-07
5.37143e-08
4.46228e-07
5.35593e-08
3.94591e-07
5.26212e-08
3.44933e-07
5.0944e-08
2.97585e-07
4.87969e-08
2.52501e-07
4.65387e-08
2.09422e-07
4.44375e-08
1.68036e-07
4.26059e-08
1.28072e-07
4.10411e-08
8.93352e-08
3.96864e-08
5.17006e-08
3.84745e-08
1.51001e-08
3.73476e-08
-2.04978e-08
3.62652e-08
-5.5096e-08
3.51995e-08
-8.86686e-08
3.41191e-08
-1.21184e-07
3.30136e-08
-1.52608e-07
3.18803e-08
-1.8291e-07
3.07204e-08
-2.12064e-07
2.95382e-08
-2.40052e-07
2.83403e-08
-2.66864e-07
2.71349e-08
-2.92503e-07
2.5932e-08
-3.16983e-07
2.47444e-08
-3.40342e-07
2.35903e-08
-3.62675e-07
2.25118e-08
-3.84103e-07
2.15526e-08
-4.04851e-07
2.07784e-08
-4.25485e-07
2.04739e-08
-4.4715e-07
2.10522e-08
-4.7047e-07
2.23736e-08
-4.95915e-07
2.41772e-08
-5.23921e-07
2.63748e-08
-5.54946e-07
2.89511e-08
-5.89464e-07
3.19072e-08
-6.2813e-07
3.52744e-08
-6.72385e-07
3.97479e-08
-7.23193e-07
4.50267e-08
-7.81047e-07
5.09679e-08
-8.45418e-07
5.70668e-08
-9.14779e-07
6.27455e-08
-9.86871e-07
6.71021e-08
-1.0589e-06
6.86566e-08
-1.13e-06
6.90351e-08
-1.19978e-06
6.85805e-08
-1.26806e-06
6.76182e-08
-1.33477e-06
6.63599e-08
-1.39989e-06
6.49218e-08
-1.46337e-06
6.33629e-08
-1.52509e-06
6.17093e-08
-1.5851e-06
5.99765e-08
-1.64325e-06
5.81715e-08
-1.69954e-06
5.62999e-08
-1.75389e-06
5.43649e-08
-1.80625e-06
5.237e-08
-1.85656e-06
5.03185e-08
-1.90476e-06
4.82132e-08
-1.95081e-06
4.60572e-08
-1.99465e-06
4.38532e-08
-2.03625e-06
4.16038e-08
-2.07555e-06
3.93114e-08
-2.11252e-06
3.6978e-08
-2.14712e-06
3.46055e-08
-2.17931e-06
3.21959e-08
-2.20905e-06
2.97512e-08
-2.23632e-06
2.7274e-08
-2.26108e-06
2.47669e-08
-2.28331e-06
2.22329e-08
-2.30298e-06
1.96751e-08
-2.32008e-06
1.70963e-08
-2.33457e-06
1.44993e-08
-2.34646e-06
1.18867e-08
-2.35571e-06
9.26104e-09
-2.36234e-06
6.62485e-09
-2.36632e-06
3.98026e-09
1.32863e-09
1.31569e-06
2.75144e-09
1.31157e-06
8.24054e-09
1.30472e-06
1.37054e-08
1.29516e-06
1.91368e-08
1.2829e-06
2.45244e-08
1.26798e-06
2.98576e-08
1.25042e-06
3.51255e-08
1.23026e-06
4.03174e-08
1.20756e-06
4.54224e-08
1.18235e-06
5.04298e-08
1.15469e-06
5.53287e-08
1.12464e-06
6.01088e-08
1.09227e-06
6.47601e-08
1.05764e-06
6.92735e-08
1.02082e-06
7.36405e-08
9.81903e-07
7.7853e-08
9.40956e-07
8.1903e-08
8.9807e-07
8.57822e-08
8.53333e-07
8.94816e-08
8.06842e-07
9.29905e-08
7.58701e-07
9.62936e-08
7.09029e-07
9.93654e-08
6.57977e-07
1.02158e-07
6.05756e-07
1.04575e-07
5.52694e-07
1.06437e-07
4.99312e-07
1.07434e-07
4.46382e-07
1.07127e-07
3.94735e-07
1.05253e-07
3.45066e-07
1.01901e-07
2.97706e-07
9.7607e-08
2.5261e-07
9.30901e-08
2.0952e-07
8.88866e-08
1.68123e-07
8.52224e-08
1.28149e-07
8.20919e-08
8.94011e-08
7.9382e-08
5.17561e-08
7.69576e-08
1.51451e-08
7.47034e-08
-2.04631e-08
7.25382e-08
-5.50718e-08
7.04066e-08
-8.86548e-08
6.82456e-08
-1.2118e-07
6.60344e-08
-1.52614e-07
6.37675e-08
-1.82926e-07
6.14474e-08
-2.1209e-07
5.90828e-08
-2.40087e-07
5.66867e-08
-2.66909e-07
5.42755e-08
-2.92556e-07
5.18693e-08
-3.17044e-07
4.94937e-08
-3.40411e-07
4.71849e-08
-3.62751e-07
4.50275e-08
-3.84185e-07
4.31087e-08
-4.04938e-07
4.15587e-08
-4.25578e-07
4.09503e-08
-4.47252e-07
4.21096e-08
-4.70584e-07
4.47538e-08
-4.96044e-07
4.83625e-08
-5.24068e-07
5.27589e-08
-5.55115e-07
5.79128e-08
-5.89659e-07
6.38263e-08
-6.28358e-07
7.05628e-08
-6.72651e-07
7.95138e-08
-7.23506e-07
9.00808e-08
-7.81422e-07
1.01978e-07
-8.45882e-07
1.14199e-07
-9.1528e-07
1.25504e-07
-9.87328e-07
1.34136e-07
-1.05934e-06
1.3727e-07
-1.13044e-06
1.38045e-07
-1.20022e-06
1.37142e-07
-1.26851e-06
1.3522e-07
-1.33522e-06
1.32703e-07
-1.40034e-06
1.29826e-07
-1.46382e-06
1.26707e-07
-1.52554e-06
1.23398e-07
-1.58554e-06
1.19931e-07
-1.64369e-06
1.16319e-07
-1.69996e-06
1.12574e-07
-1.7543e-06
1.08702e-07
-1.80664e-06
1.04711e-07
-1.85692e-06
1.00607e-07
-1.90511e-06
9.63952e-08
-1.95113e-06
9.20823e-08
-1.99495e-06
8.76738e-08
-2.03652e-06
8.31748e-08
-2.0758e-06
7.85899e-08
-2.11275e-06
7.39233e-08
-2.14732e-06
6.91788e-08
-2.17949e-06
6.43603e-08
-2.20921e-06
5.94721e-08
-2.23645e-06
5.4519e-08
-2.26119e-06
4.95064e-08
-2.2834e-06
4.44404e-08
-2.30305e-06
3.93269e-08
-2.32013e-06
3.41717e-08
-2.33461e-06
2.89803e-08
-2.34648e-06
2.37579e-08
-2.35573e-06
1.85098e-08
-2.36234e-06
1.32408e-08
-2.36632e-06
7.95523e-09
2.65556e-09
1.31569e-06
4.12524e-09
1.31158e-06
1.23549e-08
1.30474e-06
2.05482e-08
1.29518e-06
2.86915e-08
1.28294e-06
3.67696e-08
1.26803e-06
4.47663e-08
1.25049e-06
5.26655e-08
1.23036e-06
6.0451e-08
1.20767e-06
6.81067e-08
1.18248e-06
7.56164e-08
1.15485e-06
8.29639e-08
1.12482e-06
9.01337e-08
1.09247e-06
9.71109e-08
1.05787e-06
1.03882e-07
1.02107e-06
1.10433e-07
9.82172e-07
1.16754e-07
9.41244e-07
1.22831e-07
8.98374e-07
1.28652e-07
8.53652e-07
1.34204e-07
8.07174e-07
1.3947e-07
7.59042e-07
1.44428e-07
7.09377e-07
1.4904e-07
6.58329e-07
1.53232e-07
6.06108e-07
1.56863e-07
5.53042e-07
1.59661e-07
4.9965e-07
1.61164e-07
4.46705e-07
1.60711e-07
3.95036e-07
1.57908e-07
3.45343e-07
1.52884e-07
2.97957e-07
1.46446e-07
2.52836e-07
1.3967e-07
2.09721e-07
1.33363e-07
1.68301e-07
1.27865e-07
1.28305e-07
1.23167e-07
8.95361e-08
1.19101e-07
5.18697e-08
1.15464e-07
1.52375e-08
1.12082e-07
-2.03919e-08
1.08834e-07
-5.50217e-08
1.05636e-07
-8.86256e-08
1.02394e-07
-1.21172e-07
9.90767e-08
-1.52626e-07
9.56757e-08
-1.82958e-07
9.2195e-08
-2.12141e-07
8.86475e-08
-2.40158e-07
8.50524e-08
-2.66997e-07
8.14347e-08
-2.92662e-07
7.78245e-08
-3.17167e-07
7.42599e-08
-3.40549e-07
7.07955e-08
-3.62904e-07
6.75583e-08
-3.84352e-07
6.46786e-08
-4.05116e-07
6.23491e-08
-4.25768e-07
6.1438e-08
-4.47461e-07
6.31841e-08
-4.70818e-07
6.71564e-08
-4.9631e-07
7.25751e-08
-5.24374e-07
7.9176e-08
-5.55471e-07
8.69142e-08
-5.90074e-07
9.57937e-08
-6.28843e-07
1.05913e-07
-6.73203e-07
1.19363e-07
-7.24155e-07
1.35239e-07
-7.82207e-07
1.53119e-07
-8.46862e-07
1.71517e-07
-9.16389e-07
1.88383e-07
-9.88146e-07
2.00876e-07
-1.06012e-06
2.05849e-07
-1.13126e-06
2.07085e-07
-1.20107e-06
2.05742e-07
-1.26939e-06
2.02851e-07
-1.33612e-06
1.99067e-07
-1.40126e-06
1.94742e-07
-1.46473e-06
1.90054e-07
-1.52645e-06
1.85082e-07
-1.58644e-06
1.79874e-07
-1.64457e-06
1.74449e-07
-1.70081e-06
1.68825e-07
-1.75512e-06
1.63011e-07
-1.80743e-06
1.57018e-07
-1.85768e-06
1.50857e-07
-1.90582e-06
1.44535e-07
-1.9518e-06
1.38062e-07
-1.99557e-06
1.31446e-07
-2.03709e-06
1.24696e-07
-2.07632e-06
1.17817e-07
-2.11321e-06
1.10816e-07
-2.14773e-06
1.037e-07
-2.17985e-06
9.64732e-08
-2.20952e-06
8.91427e-08
-2.23671e-06
8.17156e-08
-2.26141e-06
7.42002e-08
-2.28357e-06
6.66053e-08
-2.30319e-06
5.89399e-08
-2.32023e-06
5.12124e-08
-2.33468e-06
4.34312e-08
-2.34652e-06
3.56041e-08
-2.35575e-06
2.77387e-08
-2.36235e-06
1.98424e-08
-2.36632e-06
1.19215e-08
3.97959e-09
1.3157e-06
5.49657e-09
1.31159e-06
1.64619e-08
1.30476e-06
2.73789e-08
1.29522e-06
3.82296e-08
1.283e-06
4.89939e-08
1.26811e-06
5.96503e-08
1.2506e-06
7.01774e-08
1.2305e-06
8.05537e-08
1.20785e-06
9.07577e-08
1.1827e-06
1.00768e-07
1.1551e-06
1.10563e-07
1.12511e-06
1.20122e-07
1.09279e-06
1.29425e-07
1.05822e-06
1.38455e-07
1.02146e-06
1.47192e-07
9.82592e-07
1.55623e-07
9.41694e-07
1.63729e-07
8.9885e-07
1.71496e-07
8.54151e-07
1.78904e-07
8.07691e-07
1.85931e-07
7.59574e-07
1.92548e-07
7.09919e-07
1.98704e-07
6.58875e-07
2.04302e-07
6.06654e-07
2.09151e-07
5.53581e-07
2.12893e-07
5.00174e-07
2.1491e-07
4.47205e-07
2.14321e-07
3.95505e-07
2.10599e-07
3.45774e-07
2.0391e-07
2.98348e-07
1.9533e-07
2.53188e-07
1.86295e-07
2.10035e-07
1.77882e-07
1.68579e-07
1.70547e-07
1.28549e-07
1.64281e-07
8.97464e-08
1.58857e-07
5.20472e-08
1.54005e-07
1.53825e-08
1.49495e-07
-2.02792e-08
1.45163e-07
-5.49409e-08
1.40899e-07
-8.85765e-08
1.36575e-07
-1.21154e-07
1.32152e-07
-1.52639e-07
1.27616e-07
-1.83001e-07
1.22974e-07
-2.12214e-07
1.18243e-07
-2.40259e-07
1.13448e-07
-2.67127e-07
1.08623e-07
-2.92819e-07
1.03807e-07
-3.1735e-07
9.90529e-08
-3.40758e-07
9.4432e-08
-3.63138e-07
9.01142e-08
-3.84609e-07
8.62718e-08
-4.0539e-07
8.31564e-08
-4.26058e-07
8.19411e-08
-4.4778e-07
8.42843e-08
-4.71177e-07
8.9594e-08
-4.9672e-07
9.68319e-08
-5.24846e-07
1.05647e-07
-5.56019e-07
1.1598e-07
-5.90711e-07
1.27838e-07
-6.29589e-07
1.41357e-07
-6.74091e-07
1.59332e-07
-7.25202e-07
1.80557e-07
-7.83458e-07
2.04463e-07
-8.4834e-07
2.29051e-07
-9.1786e-07
2.51247e-07
-9.8924e-07
2.67236e-07
-1.06126e-06
2.74468e-07
-1.13248e-06
2.76226e-07
-1.20238e-06
2.74423e-07
-1.27075e-06
2.7054e-07
-1.33752e-06
2.65467e-07
-1.40268e-06
2.59677e-07
-1.46616e-06
2.53407e-07
-1.52787e-06
2.4676e-07
-1.58784e-06
2.39799e-07
-1.64594e-06
2.3255e-07
-1.70215e-06
2.25038e-07
-1.75641e-06
2.17274e-07
-1.80867e-06
2.09272e-07
-1.85886e-06
2.01047e-07
-1.90693e-06
1.92609e-07
-1.95284e-06
1.83971e-07
-1.99654e-06
1.75144e-07
-2.03798e-06
1.66139e-07
-2.07713e-06
1.56964e-07
-2.11394e-06
1.47628e-07
-2.14838e-06
1.3814e-07
-2.18041e-06
1.28506e-07
-2.21e-06
1.18735e-07
-2.23712e-06
1.08837e-07
-2.26175e-06
9.88227e-08
-2.28385e-06
8.87038e-08
-2.3034e-06
7.84921e-08
-2.32038e-06
6.81989e-08
-2.33479e-06
5.78351e-08
-2.34659e-06
4.7411e-08
-2.35579e-06
3.69366e-08
-2.36237e-06
2.64217e-08
-2.36632e-06
1.58743e-08
5.29912e-09
1.3157e-06
6.86442e-09
1.3116e-06
2.05584e-08
1.30479e-06
3.41923e-08
1.29528e-06
4.7744e-08
1.28308e-06
6.11885e-08
1.26823e-06
7.44991e-08
1.25076e-06
8.76492e-08
1.2307e-06
1.00612e-07
1.2081e-06
1.13361e-07
1.183e-06
1.2587e-07
1.15545e-06
1.38111e-07
1.12551e-06
1.50059e-07
1.09325e-06
1.61689e-07
1.05873e-06
1.72978e-07
1.02201e-06
1.83904e-07
9.8319e-07
1.94447e-07
9.42333e-07
2.04587e-07
8.99526e-07
2.14302e-07
8.54858e-07
2.23571e-07
8.08425e-07
2.32366e-07
7.60329e-07
2.40648e-07
7.10688e-07
2.48354e-07
6.59652e-07
2.55364e-07
6.07429e-07
2.61441e-07
5.54345e-07
2.66136e-07
5.00915e-07
2.68679e-07
4.4791e-07
2.6797e-07
3.96161e-07
2.63341e-07
3.46375e-07
2.54998e-07
2.98891e-07
2.44279e-07
2.53675e-07
2.32983e-07
2.1047e-07
2.2246e-07
1.68964e-07
2.13285e-07
1.28886e-07
2.05446e-07
9.00381e-08
1.98662e-07
5.22942e-08
1.92595e-07
1.55854e-08
1.86955e-07
-2.01197e-08
1.81539e-07
-5.48243e-08
1.76207e-07
-8.85023e-08
1.70801e-07
-1.21121e-07
1.6527e-07
-1.52647e-07
1.59598e-07
-1.83049e-07
1.53794e-07
-2.12301e-07
1.47878e-07
-2.40384e-07
1.41882e-07
-2.67289e-07
1.35849e-07
-2.93017e-07
1.29828e-07
-3.17585e-07
1.23883e-07
-3.41029e-07
1.18105e-07
-3.63447e-07
1.12709e-07
-3.8496e-07
1.07906e-07
-4.05778e-07
1.04001e-07
-4.2645e-07
1.02446e-07
-4.48207e-07
1.05415e-07
-4.71656e-07
1.12079e-07
-4.97267e-07
1.21148e-07
-5.25477e-07
1.3219e-07
-5.56751e-07
1.45132e-07
-5.9156e-07
1.59982e-07
-6.3058e-07
1.76922e-07
-6.7524e-07
1.99448e-07
-7.26533e-07
2.26045e-07
-7.84979e-07
2.55985e-07
-8.50034e-07
2.86747e-07
-9.19587e-07
3.14135e-07
-9.90998e-07
3.33628e-07
-1.06308e-06
3.43156e-07
-1.13438e-06
3.45441e-07
-1.20433e-06
3.43165e-07
-1.27274e-06
3.38271e-07
-1.33954e-06
3.31893e-07
-1.4047e-06
3.24623e-07
-1.46818e-06
3.16755e-07
-1.52987e-06
3.08419e-07
-1.58981e-06
2.99693e-07
-1.64787e-06
2.90609e-07
-1.70402e-06
2.81196e-07
-1.75822e-06
2.71471e-07
-1.8104e-06
2.61451e-07
-1.86051e-06
2.51153e-07
-1.90849e-06
2.40591e-07
-1.9543e-06
2.29781e-07
-1.99789e-06
2.18737e-07
-2.03922e-06
2.07472e-07
-2.07826e-06
1.95999e-07
-2.11496e-06
1.84327e-07
-2.14928e-06
1.72466e-07
-2.1812e-06
1.60426e-07
-2.21069e-06
1.48217e-07
-2.2377e-06
1.35853e-07
-2.26222e-06
1.23345e-07
-2.28423e-06
1.10709e-07
-2.3037e-06
9.79589e-08
-2.32061e-06
8.51091e-08
-2.33494e-06
7.21728e-08
-2.3467e-06
5.91625e-08
-2.35585e-06
4.60908e-08
-2.3624e-06
3.29694e-08
-2.36633e-06
1.98081e-08
6.61229e-09
1.31571e-06
8.22748e-09
1.31162e-06
2.46407e-08
1.30483e-06
4.09822e-08
1.29535e-06
5.7226e-08
1.2832e-06
7.33424e-08
1.2684e-06
8.92998e-08
1.25098e-06
1.05066e-07
1.23098e-06
1.20611e-07
1.20844e-06
1.35901e-07
1.18341e-06
1.50905e-07
1.15593e-06
1.6559e-07
1.12606e-06
1.79927e-07
1.09386e-06
1.93884e-07
1.05941e-06
2.07434e-07
1.02276e-06
2.20552e-07
9.83993e-07
2.33213e-07
9.43188e-07
2.45392e-07
9.00427e-07
2.57064e-07
8.55798e-07
2.68201e-07
8.09395e-07
2.7877e-07
7.61321e-07
2.88725e-07
7.11693e-07
2.97991e-07
6.60661e-07
3.06422e-07
6.08434e-07
3.13736e-07
5.55333e-07
3.19395e-07
5.01875e-07
3.22479e-07
4.48826e-07
3.21666e-07
3.97019e-07
3.16146e-07
3.47164e-07
3.06161e-07
2.99608e-07
2.9331e-07
2.54319e-07
2.79753e-07
2.11044e-07
2.67117e-07
1.69473e-07
2.56096e-07
1.29332e-07
2.46681e-07
9.04234e-08
2.38534e-07
5.26209e-08
2.31248e-07
1.58551e-08
2.24476e-07
-1.99059e-08
2.17973e-07
-5.46651e-08
2.11572e-07
-8.83965e-08
2.05082e-07
-1.21068e-07
1.98442e-07
-1.52644e-07
1.91633e-07
-1.83096e-07
1.84665e-07
-2.12395e-07
1.77562e-07
-2.40524e-07
1.70364e-07
-2.67474e-07
1.63121e-07
-2.93246e-07
1.55893e-07
-3.17857e-07
1.48757e-07
-3.41344e-07
1.41823e-07
-3.63808e-07
1.35349e-07
-3.85371e-07
1.29591e-07
-4.0626e-07
1.24915e-07
-4.26957e-07
1.22975e-07
-4.48759e-07
1.26587e-07
-4.72272e-07
1.34619e-07
-4.97964e-07
1.45536e-07
-5.26276e-07
1.5882e-07
-5.5767e-07
1.74387e-07
-5.92617e-07
1.92245e-07
-6.31802e-07
2.12624e-07
-6.76652e-07
2.3973e-07
-7.28152e-07
2.71723e-07
-7.86806e-07
3.07699e-07
-8.52011e-07
3.4458e-07
-9.21698e-07
3.77154e-07
-9.93409e-07
4.00324e-07
-1.06562e-06
4.11984e-07
-1.137e-06
4.14739e-07
-1.207e-06
4.11961e-07
-1.27544e-06
4.06036e-07
-1.34225e-06
3.98336e-07
-1.40741e-06
3.8957e-07
-1.47088e-06
3.8009e-07
-1.53254e-06
3.70051e-07
-1.59244e-06
3.59544e-07
-1.65044e-06
3.48609e-07
-1.70652e-06
3.37283e-07
-1.76063e-06
3.25583e-07
-1.81271e-06
3.13531e-07
-1.86271e-06
3.01148e-07
-1.91057e-06
2.88451e-07
-1.95624e-06
2.7546e-07
-1.9997e-06
2.62192e-07
-2.04089e-06
2.48662e-07
-2.07977e-06
2.34885e-07
-2.11632e-06
2.20874e-07
-2.1505e-06
2.0664e-07
-2.18227e-06
1.92196e-07
-2.2116e-06
1.77553e-07
-2.23848e-06
1.62727e-07
-2.26286e-06
1.47733e-07
-2.28474e-06
1.32589e-07
-2.3041e-06
1.17311e-07
-2.3209e-06
1.01917e-07
-2.33515e-06
8.64217e-08
-2.34683e-06
7.08399e-08
-2.35593e-06
5.51863e-08
-2.36243e-06
3.94747e-08
-2.36634e-06
2.37163e-08
7.9169e-09
1.31571e-06
9.58419e-09
1.31165e-06
2.8704e-08
1.30489e-06
4.77407e-08
1.29545e-06
6.66648e-08
1.28335e-06
8.54422e-08
1.26861e-06
1.04037e-07
1.25127e-06
1.22411e-07
1.23135e-06
1.4053e-07
1.2089e-06
1.58355e-07
1.18395e-06
1.7585e-07
1.15656e-06
1.92978e-07
1.12679e-06
2.09702e-07
1.09468e-06
2.25988e-07
1.06031e-06
2.41804e-07
1.02375e-06
2.57118e-07
9.8506e-07
2.71901e-07
9.44326e-07
2.86126e-07
9.01628e-07
2.99761e-07
8.57054e-07
3.12775e-07
8.10697e-07
3.25128e-07
7.62658e-07
3.36768e-07
7.13054e-07
3.47604e-07
6.62033e-07
3.57471e-07
6.09799e-07
3.66037e-07
5.56674e-07
3.72681e-07
5.03166e-07
3.76329e-07
4.50042e-07
3.75439e-07
3.98141e-07
3.69052e-07
3.4818e-07
3.57438e-07
3.00517e-07
3.42457e-07
2.55127e-07
3.26633e-07
2.1176e-07
3.11876e-07
1.70104e-07
2.99002e-07
1.29884e-07
2.88003e-07
9.09022e-08
2.78486e-07
5.30277e-08
2.69979e-07
1.61917e-08
2.62072e-07
-1.96375e-08
2.5448e-07
-5.44632e-08
2.47007e-07
-8.82593e-08
2.39431e-07
-1.20993e-07
2.31679e-07
-1.52631e-07
2.23731e-07
-1.83141e-07
2.15596e-07
-2.12497e-07
2.07305e-07
-2.40682e-07
1.98903e-07
-2.67685e-07
1.90448e-07
-2.93509e-07
1.82011e-07
-3.18171e-07
1.73683e-07
-3.4171e-07
1.65593e-07
-3.64226e-07
1.58043e-07
-3.85845e-07
1.51332e-07
-4.06796e-07
1.45891e-07
-4.2754e-07
1.43549e-07
-4.49408e-07
1.47819e-07
-4.73005e-07
1.57235e-07
-4.98798e-07
1.70013e-07
-5.27229e-07
1.85554e-07
-5.58763e-07
2.03763e-07
-5.93869e-07
2.24645e-07
-6.33243e-07
2.48486e-07
-6.78311e-07
2.80198e-07
-7.30062e-07
3.17622e-07
-7.88968e-07
3.59645e-07
-8.54421e-07
4.02646e-07
-9.24467e-07
4.40528e-07
-9.96594e-07
4.67442e-07
-1.06897e-06
4.80981e-07
-1.14042e-06
4.84122e-07
-1.21047e-06
4.80809e-07
-1.27894e-06
4.73833e-07
-1.34576e-06
4.64793e-07
-1.41092e-06
4.54514e-07
-1.47436e-06
4.43405e-07
-1.53598e-06
4.31644e-07
-1.59582e-06
4.19338e-07
-1.65375e-06
4.06536e-07
-1.70974e-06
3.93277e-07
-1.76374e-06
3.79584e-07
-1.8157e-06
3.65485e-07
-1.86555e-06
3.51001e-07
-1.91326e-06
3.36156e-07
-1.95877e-06
3.20972e-07
-2.00204e-06
3.05468e-07
-2.04305e-06
2.89665e-07
-2.08174e-06
2.73579e-07
-2.11809e-06
2.57225e-07
-2.15207e-06
2.40618e-07
-2.18365e-06
2.23771e-07
-2.21279e-06
2.06698e-07
-2.23948e-06
1.89417e-07
-2.2637e-06
1.71947e-07
-2.28541e-06
1.54306e-07
-2.30462e-06
1.36515e-07
-2.32129e-06
1.18592e-07
-2.33543e-06
1.00555e-07
-2.34701e-06
8.24205e-08
-2.35603e-06
6.42054e-08
-2.36248e-06
4.59247e-08
-2.36635e-06
2.75912e-08
9.21038e-09
1.31572e-06
1.09325e-08
1.31168e-06
3.27421e-08
1.30496e-06
5.44576e-08
1.29558e-06
7.60465e-08
1.28355e-06
9.74706e-08
1.2689e-06
1.18689e-07
1.25165e-06
1.39661e-07
1.23184e-06
1.60345e-07
1.20949e-06
1.80699e-07
1.18466e-06
2.00681e-07
1.15739e-06
2.20249e-07
1.12773e-06
2.39361e-07
1.09574e-06
2.57979e-07
1.06148e-06
2.76064e-07
1.02502e-06
2.93582e-07
9.86421e-07
3.10498e-07
9.45767e-07
3.2678e-07
9.03135e-07
3.42393e-07
8.58612e-07
3.57298e-07
8.1229e-07
3.71451e-07
7.64271e-07
3.8479e-07
7.14671e-07
3.97213e-07
6.6364e-07
4.08529e-07
6.11384e-07
4.18362e-07
5.58224e-07
4.26002e-07
5.04668e-07
4.30229e-07
4.51478e-07
4.29282e-07
3.99491e-07
4.2205e-07
3.49428e-07
4.08827e-07
3.01651e-07
3.91728e-07
2.56145e-07
3.7364e-07
2.12663e-07
3.56757e-07
1.70894e-07
3.42024e-07
1.30569e-07
3.2944e-07
9.15082e-08
3.18556e-07
5.3538e-08
3.08813e-07
1.66106e-08
2.99763e-07
-1.93046e-08
2.91075e-07
-5.42119e-08
2.82526e-07
-8.80857e-08
2.73861e-07
-1.20894e-07
2.64994e-07
-1.52603e-07
2.55903e-07
-1.83181e-07
2.46598e-07
-2.12604e-07
2.37116e-07
-2.40851e-07
2.27506e-07
-2.67916e-07
2.17838e-07
-2.93799e-07
2.0819e-07
-3.18519e-07
1.98669e-07
-3.42114e-07
1.8942e-07
-3.64688e-07
1.80795e-07
-3.86365e-07
1.73132e-07
-4.07379e-07
1.66931e-07
-4.2819e-07
1.64186e-07
-4.50146e-07
1.69133e-07
-4.73847e-07
1.79947e-07
-4.99765e-07
1.94603e-07
-5.28342e-07
2.12419e-07
-5.60049e-07
2.33291e-07
-5.95354e-07
2.57221e-07
-6.34976e-07
2.8456e-07
-6.80338e-07
3.20922e-07
-7.32412e-07
3.63804e-07
-7.91683e-07
4.11914e-07
-8.57527e-07
4.6107e-07
-9.27961e-07
5.04275e-07
-1.00041e-06
5.34881e-07
-1.07298e-06
5.50186e-07
-1.14456e-06
5.53641e-07
-1.21469e-06
5.49751e-07
-1.28322e-06
5.41695e-07
-1.35008e-06
5.31291e-07
-1.41526e-06
5.19477e-07
-1.4787e-06
5.06715e-07
-1.54029e-06
4.93208e-07
-1.60008e-06
4.79079e-07
-1.65792e-06
4.64383e-07
-1.71381e-06
4.49167e-07
-1.76768e-06
4.33458e-07
-1.81949e-06
4.17287e-07
-1.86917e-06
4.00682e-07
-1.91668e-06
3.8367e-07
-1.96198e-06
3.66275e-07
-2.00504e-06
3.48523e-07
-2.04581e-06
3.30435e-07
-2.08426e-06
3.12031e-07
-2.12036e-06
2.9333e-07
-2.15409e-06
2.74347e-07
-2.18542e-06
2.55098e-07
-2.21432e-06
2.35601e-07
-2.24078e-06
2.15874e-07
-2.26477e-06
1.95938e-07
-2.28628e-06
1.75815e-07
-2.30529e-06
1.55527e-07
-2.32179e-06
1.35095e-07
-2.33578e-06
1.14539e-07
-2.34723e-06
9.38767e-08
-2.35615e-06
7.31259e-08
-2.36253e-06
5.23035e-08
-2.36636e-06
3.14231e-08
1.04895e-08
1.31573e-06
1.22697e-08
1.31173e-06
3.67471e-08
1.30506e-06
6.112e-08
1.29576e-06
8.53534e-08
1.28382e-06
1.09406e-07
1.26928e-06
1.33232e-07
1.25215e-06
1.56786e-07
1.23248e-06
1.80023e-07
1.21028e-06
2.02897e-07
1.1856e-06
2.2536e-07
1.15848e-06
2.47366e-07
1.12898e-06
2.68867e-07
1.09714e-06
2.89818e-07
1.06302e-06
3.10179e-07
1.0267e-06
3.29908e-07
9.88227e-07
3.48967e-07
9.4769e-07
3.67317e-07
9.05165e-07
3.84919e-07
8.60734e-07
4.01729e-07
8.14488e-07
4.17697e-07
7.66529e-07
4.32753e-07
7.16968e-07
4.46783e-07
6.6595e-07
4.59574e-07
6.13674e-07
4.70706e-07
5.60453e-07
4.79385e-07
5.06789e-07
4.84239e-07
4.53441e-07
4.83288e-07
4.01262e-07
4.75247e-07
3.50996e-07
4.60431e-07
3.03027e-07
4.41207e-07
2.57351e-07
4.20833e-07
2.13722e-07
4.01798e-07
1.71827e-07
3.85181e-07
1.31383e-07
3.70984e-07
9.21654e-08
3.58706e-07
5.4094e-08
3.47738e-07
1.70732e-08
3.37548e-07
-1.89328e-08
3.27765e-07
-5.39284e-08
3.18137e-07
-8.78876e-08
3.08379e-07
-1.20778e-07
2.98393e-07
-1.52565e-07
2.88156e-07
-1.83219e-07
2.77678e-07
-2.12713e-07
2.67001e-07
-2.41029e-07
2.56181e-07
-2.6816e-07
2.45295e-07
-2.94107e-07
2.34435e-07
-3.18888e-07
2.23717e-07
-3.42543e-07
2.13308e-07
-3.65175e-07
2.03605e-07
-3.86908e-07
1.94988e-07
-4.0798e-07
1.88027e-07
-4.28886e-07
1.84916e-07
-4.5095e-07
1.90548e-07
-4.74776e-07
2.02774e-07
-5.0084e-07
2.19324e-07
-5.29587e-07
2.39437e-07
-5.61492e-07
2.62997e-07
-5.97022e-07
2.90003e-07
-6.36927e-07
3.2089e-07
-6.82613e-07
3.61953e-07
-7.35054e-07
4.10356e-07
-7.94784e-07
4.64654e-07
-8.61144e-07
5.20021e-07
-9.32083e-07
5.68538e-07
-1.00495e-06
6.02756e-07
-1.07783e-06
6.19711e-07
-1.14962e-06
6.23387e-07
-1.21991e-06
6.18854e-07
-1.28855e-06
6.09669e-07
-1.35547e-06
5.97862e-07
-1.42068e-06
5.84476e-07
-1.48413e-06
5.70028e-07
-1.54569e-06
5.54743e-07
-1.60541e-06
5.38757e-07
-1.66316e-06
5.22135e-07
-1.71893e-06
5.04931e-07
-1.77264e-06
4.87175e-07
-1.82426e-06
4.68905e-07
-1.87373e-06
4.50151e-07
-1.921e-06
4.30946e-07
-1.96605e-06
4.11319e-07
-2.00883e-06
3.91299e-07
-2.0493e-06
3.70911e-07
-2.08745e-06
3.50179e-07
-2.12324e-06
3.29122e-07
-2.15666e-06
3.07761e-07
-2.18767e-06
2.86112e-07
-2.21627e-06
2.64196e-07
-2.24242e-06
2.42032e-07
-2.26613e-06
2.19645e-07
-2.28738e-06
1.97058e-07
-2.30614e-06
1.74296e-07
-2.32243e-06
1.51381e-07
-2.33623e-06
1.28334e-07
-2.34752e-06
1.05174e-07
-2.35632e-06
8.19209e-08
-2.36261e-06
5.85916e-08
-2.36638e-06
3.52002e-08
1.17503e-08
1.31575e-06
1.35925e-08
1.31178e-06
4.07088e-08
1.30519e-06
6.77108e-08
1.29598e-06
9.45623e-08
1.28417e-06
1.21218e-07
1.26977e-06
1.4763e-07
1.25281e-06
1.7375e-07
1.23331e-06
1.99526e-07
1.21129e-06
2.24909e-07
1.18681e-06
2.49848e-07
1.15988e-06
2.74289e-07
1.13057e-06
2.98182e-07
1.09891e-06
3.21477e-07
1.06496e-06
3.44125e-07
1.02879e-06
3.66082e-07
9.9045e-07
3.87305e-07
9.50019e-07
4.07748e-07
9.0757e-07
4.27368e-07
8.63187e-07
4.46113e-07
8.16961e-07
4.63925e-07
7.68991e-07
4.80726e-07
7.19398e-07
4.96387e-07
6.68328e-07
5.1067e-07
6.15992e-07
5.23111e-07
5.62704e-07
5.32834e-07
5.08968e-07
5.38324e-07
4.55532e-07
5.37385e-07
4.03241e-07
5.28567e-07
3.52831e-07
5.12194e-07
3.04694e-07
4.90873e-07
2.58837e-07
4.68227e-07
2.15027e-07
4.47042e-07
1.72957e-07
4.28535e-07
1.32353e-07
4.12721e-07
9.30118e-08
3.99042e-07
5.48007e-08
3.86826e-07
1.76481e-08
3.75478e-07
-1.84792e-08
3.64584e-07
-5.35861e-08
3.53866e-07
-8.76477e-08
3.43004e-07
-1.20632e-07
3.31891e-07
-1.52507e-07
3.20499e-07
-1.83241e-07
3.08842e-07
-2.12811e-07
2.96964e-07
-2.41199e-07
2.8493e-07
-2.68397e-07
2.72824e-07
-2.9441e-07
2.60748e-07
-3.19256e-07
2.48832e-07
-3.42974e-07
2.37261e-07
-3.65668e-07
2.2648e-07
-3.87463e-07
2.16907e-07
-4.08591e-07
2.09178e-07
-4.29596e-07
2.05742e-07
-4.51783e-07
2.12079e-07
-4.75755e-07
2.25735e-07
-5.0199e-07
2.44202e-07
-5.30941e-07
2.66639e-07
-5.6309e-07
2.92919e-07
-5.98903e-07
3.23033e-07
-6.39152e-07
3.57504e-07
-6.85259e-07
4.03339e-07
-7.3819e-07
4.57366e-07
-7.98478e-07
5.17905e-07
-8.65407e-07
5.79511e-07
-9.36864e-07
6.33315e-07
-1.01015e-06
6.71069e-07
-1.08336e-06
6.89578e-07
-1.15541e-06
6.93407e-07
-1.22591e-06
6.88183e-07
-1.29473e-06
6.77831e-07
-1.3618e-06
6.64585e-07
-1.42712e-06
6.49587e-07
-1.49064e-06
6.33409e-07
-1.55222e-06
6.163e-07
-1.61192e-06
5.98412e-07
-1.6696e-06
5.79817e-07
-1.72524e-06
5.60577e-07
-1.77879e-06
5.40729e-07
-1.8302e-06
5.20316e-07
-1.87943e-06
4.99374e-07
-1.92642e-06
4.77941e-07
-1.97115e-06
4.5605e-07
-2.01359e-06
4.33735e-07
-2.0537e-06
4.11026e-07
-2.09147e-06
3.87948e-07
-2.12688e-06
3.64526e-07
-2.1599e-06
3.40781e-07
-2.19052e-06
3.16733e-07
-2.21873e-06
2.92404e-07
-2.24451e-06
2.67816e-07
-2.26786e-06
2.42995e-07
-2.28877e-06
2.17967e-07
-2.30723e-06
1.92758e-07
-2.32324e-06
1.67391e-07
-2.33679e-06
1.41888e-07
-2.34789e-06
1.16271e-07
-2.35653e-06
9.05567e-08
-2.3627e-06
6.47644e-08
-2.36641e-06
3.89078e-08
1.29879e-08
1.31576e-06
1.48962e-08
1.31186e-06
4.46134e-08
1.30536e-06
7.42077e-08
1.29628e-06
1.03642e-07
1.28463e-06
1.3287e-07
1.27042e-06
1.6184e-07
1.25367e-06
1.905e-07
1.2344e-06
2.18797e-07
1.21263e-06
2.46676e-07
1.1884e-06
2.7408e-07
1.16173e-06
3.00954e-07
1.13268e-06
3.2724e-07
1.10127e-06
3.52882e-07
1.06757e-06
3.77827e-07
1.03163e-06
4.02025e-07
9.93504e-07
4.25427e-07
9.53272e-07
4.47981e-07
9.11001e-07
4.69638e-07
8.66773e-07
4.90341e-07
8.20673e-07
5.10026e-07
7.72796e-07
5.28607e-07
7.23251e-07
5.45942e-07
6.72176e-07
5.61772e-07
6.19765e-07
5.75592e-07
5.66322e-07
5.86441e-07
5.1234e-07
5.92656e-07
4.58576e-07
5.91816e-07
4.05909e-07
5.82273e-07
3.55119e-07
5.64351e-07
3.06636e-07
5.40903e-07
2.60482e-07
5.15937e-07
2.16423e-07
4.92553e-07
1.74143e-07
4.72117e-07
1.33355e-07
4.54655e-07
9.38476e-08
4.39556e-07
5.54888e-08
4.26071e-07
1.82028e-08
4.13549e-07
-1.80455e-08
4.01531e-07
-5.32622e-08
3.8971e-07
-8.7423e-08
3.77733e-07
-1.20497e-07
3.65483e-07
-1.52452e-07
3.52927e-07
-1.8326e-07
3.40082e-07
-2.12896e-07
3.26996e-07
-2.41346e-07
3.13743e-07
-2.68604e-07
3.00414e-07
-2.94675e-07
2.87121e-07
-3.1958e-07
2.74007e-07
-3.43358e-07
2.61276e-07
-3.66117e-07
2.4942e-07
-3.87982e-07
2.38896e-07
-4.09188e-07
2.30409e-07
-4.30287e-07
2.26666e-07
-4.52598e-07
2.33732e-07
-4.76724e-07
2.48844e-07
-5.03145e-07
2.69256e-07
-5.32315e-07
2.94051e-07
-5.64718e-07
3.23091e-07
-6.00815e-07
3.56356e-07
-6.41395e-07
3.94469e-07
-6.87962e-07
4.4518e-07
-7.41559e-07
5.04945e-07
-8.02627e-07
5.71891e-07
-8.70359e-07
6.3979e-07
-9.42588e-07
6.98873e-07
-1.01656e-06
7.40084e-07
-1.09031e-06
7.60018e-07
-1.1628e-06
7.63877e-07
-1.23363e-06
7.57857e-07
-1.3027e-06
7.46251e-07
-1.36995e-06
7.3149e-07
-1.43539e-06
7.14816e-07
-1.49895e-06
6.96848e-07
-1.56054e-06
6.77857e-07
-1.62018e-06
6.5801e-07
-1.67774e-06
6.37386e-07
-1.73322e-06
6.16057e-07
-1.78656e-06
5.94065e-07
-1.8377e-06
5.71459e-07
-1.88661e-06
5.48284e-07
-1.93325e-06
5.24579e-07
-1.97759e-06
5.00387e-07
-2.0196e-06
4.75744e-07
-2.05926e-06
4.50686e-07
-2.09655e-06
4.25243e-07
-2.13146e-06
3.99441e-07
-2.16399e-06
3.73305e-07
-2.19411e-06
3.46858e-07
-2.22183e-06
3.20124e-07
-2.24714e-06
2.93126e-07
-2.27004e-06
2.65893e-07
-2.29053e-06
2.38452e-07
-2.3086e-06
2.1083e-07
-2.32426e-06
1.83052e-07
-2.33751e-06
1.55139e-07
-2.34835e-06
1.27112e-07
-2.35679e-06
9.89908e-08
-2.36282e-06
7.07915e-08
-2.36644e-06
4.25274e-08
1.41961e-08
1.31579e-06
1.61749e-08
1.31196e-06
4.84432e-08
1.30559e-06
8.05811e-08
1.29667e-06
1.12554e-07
1.28523e-06
1.44312e-07
1.27127e-06
1.75805e-07
1.25479e-06
2.06976e-07
1.23582e-06
2.37771e-07
1.21436e-06
2.68131e-07
1.19045e-06
2.97996e-07
1.1641e-06
3.27304e-07
1.13534e-06
3.55995e-07
1.10422e-06
3.84005e-07
1.07077e-06
4.11277e-07
1.03504e-06
4.37754e-07
9.9709e-07
4.63378e-07
9.56979e-07
4.88093e-07
9.14778e-07
5.11839e-07
8.70568e-07
5.34551e-07
8.2444e-07
5.56156e-07
7.76497e-07
5.76554e-07
7.26858e-07
5.95591e-07
6.75673e-07
6.12984e-07
6.23147e-07
6.28187e-07
5.69589e-07
6.40162e-07
5.15489e-07
6.47109e-07
4.61586e-07
6.46391e-07
4.08742e-07
6.36166e-07
3.57728e-07
6.16748e-07
3.08982e-07
5.91216e-07
2.62546e-07
5.6395e-07
2.18203e-07
5.38367e-07
1.7565e-07
5.15987e-07
1.3461e-07
4.96855e-07
9.48769e-08
4.80309e-07
5.63134e-08
4.65531e-07
1.88466e-08
4.51808e-07
-1.7558e-08
4.38641e-07
-5.29083e-08
4.25693e-07
-8.71815e-08
4.1258e-07
-1.20349e-07
3.99172e-07
-1.52381e-07
3.85435e-07
-1.83251e-07
3.71388e-07
-2.12939e-07
3.57084e-07
-2.41434e-07
3.42603e-07
-2.68733e-07
3.28046e-07
-2.94845e-07
3.13536e-07
-3.19794e-07
2.99227e-07
-3.43622e-07
2.85343e-07
-3.66441e-07
2.72421e-07
-3.88377e-07
2.60957e-07
-4.0967e-07
2.51728e-07
-4.30873e-07
2.47693e-07
-4.53314e-07
2.55509e-07
-4.77605e-07
2.72107e-07
-5.04231e-07
2.94503e-07
-5.33657e-07
3.21702e-07
-5.66375e-07
3.5356e-07
-6.0286e-07
3.90046e-07
-6.43972e-07
4.31909e-07
-6.91172e-07
4.87616e-07
-7.45496e-07
5.53239e-07
-8.07355e-07
6.26616e-07
-8.759e-07
7.00831e-07
-9.48867e-07
7.65142e-07
-1.02345e-06
8.0971e-07
-1.0977e-06
8.30972e-07
-1.17063e-06
8.34809e-07
-1.24189e-06
8.27964e-07
-1.31136e-06
8.15075e-07
-1.37897e-06
7.98759e-07
-1.44471e-06
7.80354e-07
-1.50852e-06
7.60527e-07
-1.57026e-06
7.39576e-07
-1.62998e-06
7.17684e-07
-1.68754e-06
6.94945e-07
-1.74292e-06
6.71439e-07
-1.79607e-06
6.47218e-07
-1.84695e-06
6.22339e-07
-1.89552e-06
5.96855e-07
-1.94175e-06
5.70812e-07
-1.98562e-06
5.44259e-07
-2.02712e-06
5.17239e-07
-2.06622e-06
4.89791e-07
-2.10293e-06
4.61951e-07
-2.13724e-06
4.33748e-07
-2.16914e-06
4.05211e-07
-2.19865e-06
3.76363e-07
-2.22576e-06
3.47231e-07
-2.25047e-06
3.17841e-07
-2.2728e-06
2.88223e-07
-2.29275e-06
2.58404e-07
-2.31033e-06
2.28412e-07
-2.32556e-06
1.98272e-07
-2.33842e-06
1.68006e-07
-2.34894e-06
1.37632e-07
-2.35712e-06
1.0717e-07
-2.36296e-06
7.66341e-08
-2.36647e-06
4.60356e-08
1.53672e-08
1.31582e-06
1.74204e-08
1.31209e-06
5.21736e-08
1.30588e-06
8.67908e-08
1.29719e-06
1.21241e-07
1.28603e-06
1.55476e-07
1.27239e-06
1.89442e-07
1.25629e-06
2.23085e-07
1.23771e-06
2.56345e-07
1.21668e-06
2.89162e-07
1.1932e-06
3.21473e-07
1.1673e-06
3.53209e-07
1.13899e-06
3.84305e-07
1.1083e-06
4.14692e-07
1.07527e-06
4.44306e-07
1.03994e-06
4.73082e-07
1.00236e-06
5.00959e-07
9.62583e-07
5.27872e-07
9.20667e-07
5.53755e-07
8.76682e-07
5.78537e-07
8.30705e-07
6.02133e-07
7.82828e-07
6.24434e-07
7.3316e-07
6.45269e-07
6.81843e-07
6.64329e-07
6.29075e-07
6.81024e-07
5.75162e-07
6.94239e-07
5.20592e-07
7.02034e-07
4.66111e-07
7.01548e-07
4.12626e-07
6.9071e-07
3.60967e-07
6.69808e-07
3.11626e-07
6.42147e-07
2.64676e-07
6.12502e-07
2.19903e-07
5.84633e-07
1.76993e-07
5.60233e-07
1.35654e-07
5.39368e-07
9.56685e-08
5.21324e-07
5.6895e-08
5.05209e-07
1.92549e-08
4.90249e-07
-1.72903e-08
4.75899e-07
-5.27508e-08
4.61792e-07
-8.71064e-08
4.47514e-07
-1.20331e-07
4.32922e-07
-1.52399e-07
4.17983e-07
-1.83287e-07
4.02715e-07
-2.1298e-07
3.87179e-07
-2.41471e-07
3.71461e-07
-2.68761e-07
3.55673e-07
-2.94867e-07
3.39947e-07
-3.19818e-07
3.24451e-07
-3.43661e-07
3.09426e-07
-3.66512e-07
2.95454e-07
-3.88501e-07
2.83072e-07
-4.0987e-07
2.73122e-07
-4.31171e-07
2.68816e-07
-4.53727e-07
2.77392e-07
-4.78162e-07
2.95503e-07
-5.04977e-07
3.19923e-07
-5.34653e-07
3.49582e-07
-5.67701e-07
3.84328e-07
-6.04609e-07
4.24119e-07
-6.46285e-07
4.69838e-07
-6.94169e-07
5.30642e-07
-7.49294e-07
6.02251e-07
-8.12029e-07
6.82188e-07
-8.81788e-07
7.63029e-07
-9.56113e-07
8.32729e-07
-1.03202e-06
8.8065e-07
-1.10742e-06
9.03092e-07
-1.18131e-06
9.06718e-07
-1.25334e-06
8.98859e-07
-1.32341e-06
8.84514e-07
-1.39148e-06
8.66487e-07
-1.45753e-06
8.4621e-07
-1.52153e-06
8.24396e-07
-1.58334e-06
8.01365e-07
-1.64301e-06
7.77318e-07
-1.70042e-06
7.52359e-07
-1.75556e-06
7.2658e-07
-1.80839e-06
7.0004e-07
-1.85885e-06
6.72805e-07
-1.90693e-06
6.44934e-07
-1.9526e-06
6.16484e-07
-1.99585e-06
5.87509e-07
-2.03667e-06
5.58058e-07
-2.07506e-06
5.28177e-07
-2.11101e-06
4.97906e-07
-2.14454e-06
4.6728e-07
-2.17566e-06
4.36329e-07
-2.20438e-06
4.0508e-07
-2.23071e-06
3.73563e-07
-2.25467e-06
3.41804e-07
-2.27628e-06
3.09834e-07
-2.29556e-06
2.77682e-07
-2.31252e-06
2.45375e-07
-2.32719e-06
2.12936e-07
-2.33957e-06
1.80388e-07
-2.34968e-06
1.47746e-07
-2.35754e-06
1.15027e-07
-2.36315e-06
8.22439e-08
-2.36652e-06
4.94034e-08
1.64915e-08
1.31587e-06
1.86223e-08
1.31227e-06
5.57732e-08
1.30627e-06
9.27853e-08
1.29788e-06
1.29634e-07
1.28708e-06
1.66275e-07
1.27386e-06
2.02657e-07
1.25823e-06
2.38723e-07
1.24015e-06
2.74416e-07
1.21964e-06
3.09673e-07
1.19669e-06
3.44426e-07
1.17129e-06
3.78606e-07
1.14346e-06
4.12138e-07
1.1132e-06
4.44949e-07
1.08054e-06
4.76965e-07
1.04552e-06
5.08112e-07
1.00816e-06
5.38315e-07
9.68532e-07
5.67499e-07
9.267e-07
5.95587e-07
8.82741e-07
6.22496e-07
8.3674e-07
6.48135e-07
7.88793e-07
6.72385e-07
7.39006e-07
6.95065e-07
6.87516e-07
7.15847e-07
6.34511e-07
7.34099e-07
5.80291e-07
7.48624e-07
5.25342e-07
7.57339e-07
4.7042e-07
7.57153e-07
4.16452e-07
7.45749e-07
3.64295e-07
7.23387e-07
3.14464e-07
6.93593e-07
2.67047e-07
6.61547e-07
2.21839e-07
6.31362e-07
1.7853e-07
6.04905e-07
1.36832e-07
5.82267e-07
9.65295e-08
5.62683e-07
5.74798e-08
5.45189e-07
1.9614e-08
5.28935e-07
-1.71089e-08
5.13347e-07
-5.2701e-08
4.98033e-07
-8.71417e-08
4.82541e-07
-1.20407e-07
4.6672e-07
-1.52476e-07
4.50537e-07
-1.83332e-07
4.34015e-07
-2.12968e-07
4.1722e-07
-2.41384e-07
4.00248e-07
-2.68592e-07
3.8322e-07
-2.94618e-07
3.66279e-07
-3.195e-07
3.49607e-07
-3.43296e-07
3.33462e-07
-3.66127e-07
3.18469e-07
-3.88133e-07
3.05204e-07
-4.09556e-07
2.94569e-07
-4.30945e-07
2.90025e-07
-4.53602e-07
2.99372e-07
-4.78185e-07
3.19037e-07
-5.05215e-07
3.45543e-07
-5.35191e-07
3.77741e-07
-5.68636e-07
4.15465e-07
-6.06047e-07
4.58661e-07
-6.48374e-07
5.08362e-07
-6.9707e-07
5.74408e-07
-7.53184e-07
6.52165e-07
-8.1718e-07
7.38893e-07
-8.88284e-07
8.26518e-07
-9.63832e-07
9.01535e-07
-1.04083e-06
9.52715e-07
-1.11723e-06
9.76229e-07
-1.19203e-06
9.79567e-07
-1.26492e-06
9.70628e-07
-1.33578e-06
9.54755e-07
-1.40456e-06
9.34935e-07
-1.47123e-06
9.12686e-07
-1.53573e-06
8.88773e-07
-1.59792e-06
8.63538e-07
-1.65785e-06
8.37201e-07
-1.71537e-06
8.09881e-07
-1.77047e-06
7.81681e-07
-1.82311e-06
7.52676e-07
-1.87324e-06
7.22943e-07
-1.92086e-06
6.92553e-07
-1.96595e-06
6.61574e-07
-2.00851e-06
6.30068e-07
-2.04855e-06
5.98096e-07
-2.08608e-06
5.65708e-07
-2.12112e-06
5.3295e-07
-2.1537e-06
4.9986e-07
-2.18385e-06
4.66472e-07
-2.21158e-06
4.32817e-07
-2.23695e-06
3.98924e-07
-2.25996e-06
3.64823e-07
-2.28067e-06
3.30542e-07
-2.2991e-06
2.96111e-07
-2.31528e-06
2.61556e-07
-2.32925e-06
2.269e-07
-2.34102e-06
1.92159e-07
-2.35062e-06
1.57348e-07
-2.35807e-06
1.22479e-07
-2.36339e-06
8.75601e-08
-2.36658e-06
5.25939e-08
1.75566e-08
1.31592e-06
1.97652e-08
1.3125e-06
5.91967e-08
1.3068e-06
9.84899e-08
1.2988e-06
1.37632e-07
1.28849e-06
1.76582e-07
1.27586e-06
2.15293e-07
1.26087e-06
2.53711e-07
1.24351e-06
2.91778e-07
1.22375e-06
3.29431e-07
1.20158e-06
3.66598e-07
1.17698e-06
4.03206e-07
1.14994e-06
4.39176e-07
1.12046e-06
4.74428e-07
1.08854e-06
5.08884e-07
1.05419e-06
5.42466e-07
1.01741e-06
5.75091e-07
9.78238e-07
6.06673e-07
9.36707e-07
6.37118e-07
8.9288e-07
6.66323e-07
8.46843e-07
6.94173e-07
7.98704e-07
7.20527e-07
7.48599e-07
7.4518e-07
6.96692e-07
7.67781e-07
6.43196e-07
7.87664e-07
5.88416e-07
8.03569e-07
5.32821e-07
8.1329e-07
4.77132e-07
8.13528e-07
4.22276e-07
8.01685e-07
3.69147e-07
7.77953e-07
3.18332e-07
7.46045e-07
2.69988e-07
7.11541e-07
2.23951e-07
6.78936e-07
1.79927e-07
6.50299e-07
1.37628e-07
6.25766e-07
9.68354e-08
6.04524e-07
5.74061e-08
5.85539e-07
1.92542e-08
5.67902e-07
-1.76593e-08
5.50986e-07
-5.33515e-08
5.34376e-07
-8.78127e-08
5.17592e-07
-1.21028e-07
5.00471e-07
-1.52983e-07
4.8298e-07
-1.83674e-07
4.65151e-07
-2.13104e-07
4.47058e-07
-2.41286e-07
4.28804e-07
-2.68248e-07
4.10522e-07
-2.94029e-07
3.92368e-07
-3.18683e-07
3.74537e-07
-3.42286e-07
3.57305e-07
-3.64968e-07
3.41334e-07
-3.86881e-07
3.27243e-07
-4.08275e-07
3.15986e-07
-4.29685e-07
3.11249e-07
-4.52367e-07
3.21371e-07
-4.77026e-07
3.4264e-07
-5.04212e-07
3.71312e-07
-5.34447e-07
4.06147e-07
-5.68277e-07
4.46973e-07
-6.06232e-07
4.93732e-07
-6.49316e-07
5.47606e-07
-6.99064e-07
6.1918e-07
-7.56624e-07
7.03469e-07
-8.22535e-07
7.97447e-07
-8.9573e-07
8.92069e-07
-9.73478e-07
9.72561e-07
-1.0526e-06
1.02694e-06
-1.13091e-06
1.05132e-06
-1.20741e-06
1.05414e-06
-1.28177e-06
1.0439e-06
-1.35391e-06
1.02628e-06
-1.42374e-06
1.00445e-06
-1.49124e-06
9.79999e-07
-1.55633e-06
9.53745e-07
-1.61887e-06
9.26059e-07
-1.6789e-06
8.97189e-07
-1.73629e-06
8.67274e-07
-1.79105e-06
8.3644e-07
-1.84315e-06
8.04779e-07
-1.89259e-06
7.72382e-07
-1.93937e-06
7.39334e-07
-1.98351e-06
7.0571e-07
-2.02502e-06
6.71579e-07
-2.06393e-06
6.37007e-07
-2.10027e-06
6.0205e-07
-2.13408e-06
5.66759e-07
-2.16539e-06
5.31177e-07
-2.19426e-06
4.95342e-07
-2.22073e-06
4.59286e-07
-2.24485e-06
4.2304e-07
-2.26666e-06
3.86636e-07
-2.28622e-06
3.50101e-07
-2.30357e-06
3.13465e-07
-2.31877e-06
2.76751e-07
-2.33185e-06
2.39977e-07
-2.34284e-06
2.03158e-07
-2.3518e-06
1.66304e-07
-2.35874e-06
1.29419e-07
-2.36369e-06
9.25059e-08
-2.36665e-06
5.5561e-08
1.85471e-08
1.316e-06
2.08314e-08
1.31281e-06
6.23898e-08
1.30748e-06
1.03816e-07
1.3e-06
1.45115e-07
1.29032e-06
1.86257e-07
1.27842e-06
2.272e-07
1.26423e-06
2.67898e-07
1.24771e-06
3.08294e-07
1.22882e-06
3.48324e-07
1.2075e-06
3.87917e-07
1.18372e-06
4.26991e-07
1.15744e-06
4.65459e-07
1.12864e-06
5.03226e-07
1.09732e-06
5.40197e-07
1.06352e-06
5.76273e-07
1.02724e-06
6.11367e-07
9.88524e-07
6.4539e-07
9.47395e-07
6.78247e-07
9.03885e-07
7.09833e-07
8.58035e-07
7.40025e-07
8.09901e-07
7.68663e-07
7.59571e-07
7.9552e-07
7.07171e-07
8.20208e-07
6.52897e-07
8.42007e-07
5.97059e-07
8.59572e-07
5.40168e-07
8.7054e-07
4.83036e-07
8.71352e-07
4.26742e-07
8.59074e-07
3.72316e-07
8.33841e-07
3.2042e-07
7.99607e-07
2.71214e-07
7.62425e-07
2.24499e-07
7.27212e-07
1.79936e-07
6.96253e-07
1.37208e-07
6.69711e-07
9.6081e-08
6.46713e-07
5.64106e-08
6.26141e-07
1.80938e-08
6.07043e-07
-1.89104e-08
5.88723e-07
-5.4615e-08
5.70738e-07
-8.90072e-08
5.52578e-07
-1.22072e-07
5.34075e-07
-1.53798e-07
5.15198e-07
-1.84185e-07
4.95987e-07
-2.13245e-07
4.76528e-07
-2.41008e-07
4.56941e-07
-2.67517e-07
4.37372e-07
-2.92834e-07
4.17994e-07
-3.17039e-07
3.99019e-07
-3.40236e-07
3.80743e-07
-3.62574e-07
3.63857e-07
-3.84237e-07
3.49031e-07
-4.05485e-07
3.37255e-07
-4.26837e-07
3.32411e-07
-4.49463e-07
3.43308e-07
-4.74153e-07
3.66267e-07
-5.01508e-07
3.9724e-07
-5.32086e-07
4.34888e-07
-5.6647e-07
4.79023e-07
-6.05223e-07
5.29587e-07
-6.49311e-07
5.87824e-07
-7.00279e-07
6.65127e-07
-7.59344e-07
7.56222e-07
-8.27037e-07
8.57736e-07
-9.02194e-07
9.59574e-07
-9.82425e-07
1.04611e-06
-1.06424e-06
1.10379e-06
-1.14511e-06
1.12898e-06
-1.22393e-06
1.13106e-06
-1.30032e-06
1.11921e-06
-1.37412e-06
1.0995e-06
-1.44528e-06
1.07529e-06
-1.51375e-06
1.0483e-06
-1.57952e-06
1.01939e-06
-1.64245e-06
9.88979e-07
-1.70264e-06
9.57338e-07
-1.75999e-06
9.24626e-07
-1.81452e-06
8.90976e-07
-1.86623e-06
8.56488e-07
-1.91511e-06
8.21262e-07
-1.96117e-06
7.85388e-07
-2.00441e-06
7.48951e-07
-2.04486e-06
7.12034e-07
-2.08258e-06
6.74718e-07
-2.1176e-06
6.37072e-07
-2.14999e-06
5.99153e-07
-2.17983e-06
5.61012e-07
-2.20717e-06
5.22688e-07
-2.23211e-06
4.84218e-07
-2.2547e-06
4.45633e-07
-2.27503e-06
4.06963e-07
-2.29316e-06
3.68237e-07
-2.30918e-06
3.2948e-07
-2.32314e-06
2.90712e-07
-2.33511e-06
2.51946e-07
-2.34514e-06
2.13191e-07
-2.35328e-06
1.74448e-07
-2.35958e-06
1.35715e-07
-2.36406e-06
9.6986e-08
-2.36675e-06
5.82469e-08
1.94439e-08
1.31611e-06
2.17891e-08
1.31324e-06
6.52595e-08
1.30845e-06
1.0861e-07
1.30169e-06
1.51871e-07
1.29292e-06
1.95027e-07
1.28207e-06
2.38048e-07
1.26908e-06
2.80894e-07
1.25386e-06
3.23513e-07
1.23634e-06
3.65845e-07
1.21644e-06
4.07816e-07
1.19408e-06
4.49348e-07
1.16919e-06
4.90351e-07
1.14168e-06
5.30737e-07
1.11146e-06
5.70415e-07
1.07846e-06
6.09269e-07
1.04268e-06
6.47151e-07
1.00415e-06
6.83919e-07
9.62954e-07
7.19443e-07
9.19183e-07
7.53605e-07
8.72936e-07
7.86274e-07
8.24315e-07
8.17287e-07
7.73439e-07
8.46405e-07
7.20457e-07
8.73217e-07
6.65569e-07
8.96964e-07
6.09077e-07
9.16228e-07
5.51451e-07
9.28524e-07
4.93418e-07
9.30078e-07
4.3599e-07
9.17608e-07
3.80181e-07
8.91133e-07
3.26731e-07
8.54754e-07
2.75916e-07
8.14955e-07
2.27636e-07
7.7709e-07
1.81622e-07
7.43689e-07
1.37608e-07
7.1497e-07
9.53884e-08
6.90018e-07
5.48192e-08
6.6766e-07
1.58334e-08
6.46866e-07
-2.16239e-08
6.26922e-07
-5.7564e-08
6.07339e-07
-9.19701e-08
5.87581e-07
-1.24837e-07
5.67484e-07
-1.56173e-07
5.47028e-07
-1.86e-07
5.26264e-07
-2.14354e-07
5.05294e-07
-2.41293e-07
4.84255e-07
-2.66894e-07
4.63315e-07
-2.91254e-07
4.42664e-07
-3.14497e-07
4.22539e-07
-3.36773e-07
4.03261e-07
-3.58276e-07
3.85545e-07
-3.79247e-07
3.70127e-07
-3.99982e-07
3.58012e-07
-4.20983e-07
3.53223e-07
-4.43276e-07
3.64911e-07
-4.67789e-07
3.89715e-07
-4.95201e-07
4.23221e-07
-5.26136e-07
4.63977e-07
-5.61244e-07
5.11786e-07
-6.01182e-07
5.66611e-07
-6.46926e-07
6.29681e-07
-7.00104e-07
7.13254e-07
-7.61954e-07
8.1171e-07
-8.33e-07
9.21331e-07
-9.11991e-07
1.03084e-06
-9.95996e-07
1.12342e-06
-1.08117e-06
1.18403e-06
-1.16496e-06
1.20959e-06
-1.24629e-06
1.21053e-06
-1.32487e-06
1.19674e-06
-1.40061e-06
1.17467e-06
-1.47347e-06
1.14785e-06
-1.54343e-06
1.11808e-06
-1.61044e-06
1.08628e-06
-1.67435e-06
1.05288e-06
-1.73522e-06
1.01817e-06
-1.7929e-06
9.82308e-07
-1.84738e-06
9.45456e-07
-1.89861e-06
9.07728e-07
-1.94661e-06
8.69259e-07
-1.99141e-06
8.30189e-07
-2.03311e-06
7.90648e-07
-2.07181e-06
7.50739e-07
-2.10763e-06
7.10531e-07
-2.14065e-06
6.70092e-07
-2.17097e-06
6.2948e-07
-2.19871e-06
5.88746e-07
-2.22395e-06
5.4793e-07
-2.2468e-06
5.0707e-07
-2.26737e-06
4.66196e-07
-2.28574e-06
4.25338e-07
-2.30203e-06
3.84521e-07
-2.31631e-06
3.43767e-07
-2.32869e-06
3.03091e-07
-2.33925e-06
2.62499e-07
-2.34805e-06
2.21992e-07
-2.35516e-06
1.81562e-07
-2.36064e-06
1.41196e-07
-2.36453e-06
1.00877e-07
-2.36686e-06
6.05781e-08
2.02226e-08
1.31624e-06
2.26131e-08
1.31378e-06
6.77255e-08
1.30965e-06
1.12742e-07
1.30378e-06
1.57737e-07
1.29609e-06
2.02714e-07
1.28648e-06
2.4766e-07
1.27483e-06
2.92544e-07
1.26102e-06
3.37318e-07
1.24495e-06
3.81915e-07
1.22652e-06
4.26249e-07
1.20564e-06
4.70224e-07
1.18226e-06
5.13732e-07
1.15634e-06
5.5666e-07
1.12787e-06
5.98889e-07
1.09666e-06
6.40478e-07
1.06251e-06
6.81301e-07
1.02532e-06
7.21104e-07
9.85072e-07
7.59694e-07
9.41781e-07
7.96896e-07
8.95514e-07
8.32541e-07
8.46369e-07
8.66436e-07
7.94461e-07
8.98322e-07
7.39935e-07
9.27769e-07
6.82983e-07
9.53984e-07
6.23903e-07
9.75472e-07
5.63205e-07
9.89581e-07
5.01763e-07
9.92224e-07
4.40911e-07
9.79589e-07
3.82005e-07
9.51561e-07
3.25971e-07
9.12532e-07
2.73144e-07
8.6954e-07
2.23388e-07
8.28479e-07
1.76365e-07
7.92161e-07
1.31714e-07
7.60888e-07
8.91244e-08
7.33706e-07
4.84132e-08
7.09332e-07
9.47835e-09
6.86646e-07
-2.77266e-08
6.64875e-07
-6.32272e-08
6.43508e-07
-9.70225e-08
6.21979e-07
-1.29164e-07
6.00171e-07
-1.59679e-07
5.7804e-07
-1.88575e-07
5.55612e-07
-2.15867e-07
5.32999e-07
-2.41598e-07
5.10363e-07
-2.65848e-07
4.87908e-07
-2.88739e-07
4.65866e-07
-3.10434e-07
4.44513e-07
-3.31149e-07
4.24217e-07
-3.51147e-07
4.05729e-07
-3.7078e-07
3.89886e-07
-3.90443e-07
3.77699e-07
-4.1066e-07
3.73256e-07
-4.32284e-07
3.85849e-07
-4.56391e-07
4.12761e-07
-4.83684e-07
4.49086e-07
-5.14757e-07
4.93205e-07
-5.5026e-07
5.44939e-07
-5.90998e-07
6.04418e-07
-6.37958e-07
6.72746e-07
-6.92926e-07
7.63153e-07
-7.57289e-07
8.6968e-07
-8.31861e-07
9.884e-07
-9.15818e-07
1.10707e-06
-1.00576e-06
1.20669e-06
-1.09733e-06
1.27068e-06
-1.18736e-06
1.29648e-06
-1.27436e-06
1.2957e-06
-1.35779e-06
1.27916e-06
-1.43753e-06
1.25385e-06
-1.5135e-06
1.22353e-06
-1.58569e-06
1.19012e-06
-1.65412e-06
1.15459e-06
-1.71864e-06
1.11739e-06
-1.77937e-06
1.07885e-06
-1.83624e-06
1.03918e-06
-1.88934e-06
9.98559e-07
-1.93877e-06
9.57154e-07
-1.98465e-06
9.15149e-07
-2.02723e-06
8.72761e-07
-2.06675e-06
8.30169e-07
-2.10327e-06
7.87256e-07
-2.13686e-06
7.44122e-07
-2.16761e-06
7.00846e-07
-2.19562e-06
6.57497e-07
-2.22101e-06
6.14133e-07
-2.24389e-06
5.70806e-07
-2.26437e-06
5.27557e-07
-2.2826e-06
4.84423e-07
-2.2987e-06
4.41435e-07
-2.3128e-06
3.98619e-07
-2.32502e-06
3.55993e-07
-2.3355e-06
3.13566e-07
-2.34434e-06
2.71336e-07
-2.35164e-06
2.29292e-07
-2.35749e-06
1.87414e-07
-2.36197e-06
1.45674e-07
-2.36513e-06
1.04038e-07
-2.36701e-06
6.24651e-08
2.08518e-08
1.31651e-06
2.31733e-08
1.31476e-06
6.94723e-08
1.31172e-06
1.15785e-07
1.3073e-06
1.6216e-07
1.30136e-06
2.08653e-07
1.29373e-06
2.55287e-07
1.28421e-06
3.0206e-07
1.27259e-06
3.48939e-07
1.25864e-06
3.95863e-07
1.24215e-06
4.42741e-07
1.22293e-06
4.89448e-07
1.20083e-06
5.3583e-07
1.17578e-06
5.81707e-07
1.1478e-06
6.26876e-07
1.11697e-06
6.71301e-07
1.08331e-06
7.14968e-07
1.04667e-06
7.57746e-07
1.00693e-06
7.99431e-07
9.64028e-07
8.39797e-07
9.17953e-07
8.78617e-07
8.68745e-07
9.15647e-07
8.16495e-07
9.50582e-07
7.6134e-07
9.8295e-07
7.03482e-07
1.01191e-06
6.43228e-07
1.03589e-06
5.81074e-07
1.05209e-06
5.17833e-07
1.05617e-06
4.54816e-07
1.04375e-06
3.93395e-07
1.01453e-06
3.34671e-07
9.73032e-07
2.79154e-07
9.26856e-07
2.26832e-07
8.82478e-07
1.77419e-07
8.43069e-07
1.30574e-07
8.09032e-07
8.60352e-08
7.7937e-07
4.36509e-08
7.52696e-07
3.32595e-09
7.2783e-07
-3.50024e-08
7.0396e-07
-7.13134e-08
6.80494e-07
-1.05595e-07
6.56868e-07
-1.37794e-07
6.32921e-07
-1.67875e-07
6.0862e-07
-1.95838e-07
5.8403e-07
-2.21718e-07
5.59293e-07
-2.45583e-07
5.34606e-07
-2.67542e-07
5.10211e-07
-2.87757e-07
4.86392e-07
-3.06456e-07
4.6349e-07
-3.23947e-07
4.4195e-07
-3.40635e-07
4.22603e-07
-3.57101e-07
4.06481e-07
-3.74056e-07
3.9468e-07
-3.92276e-07
3.91297e-07
-4.12636e-07
4.05529e-07
-4.36373e-07
4.35446e-07
-4.64199e-07
4.75495e-07
-4.96696e-07
5.23867e-07
-5.34548e-07
5.80447e-07
-5.78609e-07
6.45536e-07
-6.29882e-07
7.20129e-07
-6.90289e-07
8.18474e-07
-7.61295e-07
9.34248e-07
-8.43299e-07
1.06284e-06
-9.34772e-07
1.19076e-06
-1.03159e-06
1.29682e-06
-1.12868e-06
1.36291e-06
-1.22295e-06
1.38768e-06
-1.31317e-06
1.38414e-06
-1.39902e-06
1.36404e-06
-1.48049e-06
1.33478e-06
-1.55761e-06
1.30037e-06
-1.63043e-06
1.2628e-06
-1.69903e-06
1.22308e-06
-1.76336e-06
1.18173e-06
-1.82364e-06
1.1391e-06
-1.87991e-06
1.09545e-06
-1.93235e-06
1.05101e-06
-1.98118e-06
1.00598e-06
-2.0266e-06
9.60563e-07
-2.06868e-06
9.14848e-07
-2.10734e-06
8.6883e-07
-2.14256e-06
8.22475e-07
-2.1744e-06
7.75959e-07
-2.20297e-06
7.2942e-07
-2.22845e-06
6.82968e-07
-2.251e-06
6.36689e-07
-2.27085e-06
5.90651e-07
-2.28819e-06
5.44904e-07
-2.30326e-06
4.99485e-07
-2.31624e-06
4.5442e-07
-2.32735e-06
4.09727e-07
-2.33676e-06
3.65409e-07
-2.34466e-06
3.2146e-07
-2.35118e-06
2.77862e-07
-2.35647e-06
2.34584e-07
-2.36064e-06
1.91584e-07
-2.36379e-06
1.48816e-07
-2.36597e-06
1.06221e-07
-2.36723e-06
6.37289e-08
2.12608e-08
1.31664e-06
1.3155e-06
1.31363e-06
1.31091e-06
1.30721e-06
1.30236e-06
1.29614e-06
1.2883e-06
1.27858e-06
1.26667e-06
1.25223e-06
1.2349e-06
1.2143e-06
1.19e-06
1.162e-06
1.13042e-06
1.09523e-06
1.05636e-06
1.01372e-06
9.67248e-07
9.16915e-07
8.62734e-07
8.04744e-07
7.43032e-07
6.77779e-07
6.0941e-07
5.38853e-07
4.67933e-07
3.98822e-07
3.3344e-07
2.72651e-07
2.16386e-07
1.64102e-07
1.1524e-07
6.94002e-08
2.62784e-08
-1.43151e-08
-5.24079e-08
-8.81188e-08
-1.21448e-07
-1.5229e-07
-1.80626e-07
-2.06519e-07
-2.30063e-07
-2.51376e-07
-2.70593e-07
-2.87878e-07
-3.03447e-07
-3.17586e-07
-3.30682e-07
-3.43301e-07
-3.56412e-07
-3.71522e-07
-3.90073e-07
-4.12827e-07
-4.40038e-07
-4.72198e-07
-5.10113e-07
-5.54819e-07
-6.08139e-07
-6.72696e-07
-7.50456e-07
-8.42354e-07
-9.46792e-07
-1.05908e-06
-1.17202e-06
-1.28054e-06
-1.38255e-06
-1.47767e-06
-1.56615e-06
-1.64833e-06
-1.72455e-06
-1.79513e-06
-1.86025e-06
-1.92025e-06
-1.97532e-06
-2.02572e-06
-2.07162e-06
-2.11312e-06
-2.15015e-06
-2.18269e-06
-2.21122e-06
-2.23615e-06
-2.25784e-06
-2.27662e-06
-2.2928e-06
-2.30666e-06
-2.31847e-06
-2.32846e-06
-2.33686e-06
-2.34388e-06
-2.34968e-06
-2.35443e-06
-2.35826e-06
-2.36131e-06
-2.36366e-06
-2.36542e-06
-2.36664e-06
-2.36737e-06
)
;

boundaryField
{
    fuel
    {
        type            calculated;
        value           nonuniform List<scalar> 
40
(
-1.31707e-06
-1.31707e-06
-1.31707e-06
-1.31707e-06
-1.31707e-06
-1.31707e-06
-1.31707e-06
-1.31707e-06
-1.31707e-06
-1.31707e-06
-1.31707e-06
-1.31707e-06
-1.31707e-06
-1.31707e-06
-1.31707e-06
-1.31707e-06
-1.31707e-06
-1.31707e-06
-1.31707e-06
-1.31707e-06
-1.31707e-06
-1.31707e-06
-1.31707e-06
-1.31707e-06
-1.31707e-06
-1.31707e-06
-1.31707e-06
-1.31707e-06
-1.31707e-06
-1.31707e-06
-1.31707e-06
-1.31707e-06
-1.31707e-06
-1.31707e-06
-1.31707e-06
-1.31707e-06
-1.31707e-06
-1.31707e-06
-1.31707e-06
-1.31707e-06
)
;
    }
    air
    {
        type            calculated;
        value           nonuniform List<scalar> 
40
(
-2.36764e-06
-2.36764e-06
-2.36764e-06
-2.36764e-06
-2.36764e-06
-2.36764e-06
-2.36764e-06
-2.36764e-06
-2.36764e-06
-2.36764e-06
-2.36764e-06
-2.36764e-06
-2.36764e-06
-2.36764e-06
-2.36764e-06
-2.36764e-06
-2.36764e-06
-2.36764e-06
-2.36764e-06
-2.36764e-06
-2.36764e-06
-2.36764e-06
-2.36764e-06
-2.36764e-06
-2.36764e-06
-2.36764e-06
-2.36764e-06
-2.36764e-06
-2.36764e-06
-2.36764e-06
-2.36764e-06
-2.36764e-06
-2.36764e-06
-2.36764e-06
-2.36764e-06
-2.36764e-06
-2.36764e-06
-2.36764e-06
-2.36764e-06
-2.36764e-06
)
;
    }
    outlet
    {
        type            calculated;
        value           nonuniform List<scalar> 
200
(
2.36042e-08
7.06087e-08
1.1766e-07
1.64879e-07
2.12354e-07
2.60146e-07
3.08285e-07
3.56774e-07
4.05586e-07
4.54657e-07
5.03891e-07
5.53158e-07
6.02307e-07
6.51175e-07
6.99305e-07
7.46553e-07
7.92931e-07
8.383e-07
8.82439e-07
9.25094e-07
9.65985e-07
1.00477e-06
1.04097e-06
1.07369e-06
1.10131e-06
1.12083e-06
1.12747e-06
1.11588e-06
1.08529e-06
1.04032e-06
9.89568e-07
9.40515e-07
8.96911e-07
8.59241e-07
8.26375e-07
7.96831e-07
7.69312e-07
7.42839e-07
7.16908e-07
6.90832e-07
6.6434e-07
6.37482e-07
6.10403e-07
5.83278e-07
5.56321e-07
5.29795e-07
5.0401e-07
4.79356e-07
4.56348e-07
4.35896e-07
4.19234e-07
4.0781e-07
4.062e-07
4.23328e-07
4.57053e-07
5.01178e-07
5.54068e-07
6.15877e-07
6.8713e-07
7.69396e-07
8.77719e-07
1.00526e-06
1.14681e-06
1.28702e-06
1.40216e-06
1.47093e-06
1.4932e-06
1.48449e-06
1.45829e-06
1.42282e-06
1.38235e-06
1.33893e-06
1.2936e-06
1.24689e-06
1.19911e-06
1.15057e-06
1.10145e-06
1.05193e-06
1.0021e-06
9.51921e-07
9.01404e-07
8.51039e-07
8.00919e-07
7.51138e-07
7.01775e-07
6.52892e-07
6.04534e-07
5.5673e-07
5.09497e-07
4.6284e-07
4.16754e-07
3.71224e-07
3.26222e-07
2.8171e-07
2.37639e-07
1.93949e-07
1.50576e-07
1.07444e-07
6.44651e-08
2.15353e-08
2.36038e-08
7.06075e-08
1.17658e-07
1.64876e-07
2.12351e-07
2.60143e-07
3.08282e-07
3.56772e-07
4.05584e-07
4.54656e-07
5.03889e-07
5.53157e-07
6.02306e-07
6.51174e-07
6.99304e-07
7.46552e-07
7.9293e-07
8.38299e-07
8.82438e-07
9.25092e-07
9.65983e-07
1.00477e-06
1.04096e-06
1.07369e-06
1.1013e-06
1.12082e-06
1.12744e-06
1.11585e-06
1.08526e-06
1.04028e-06
9.8953e-07
9.40482e-07
8.96883e-07
8.59218e-07
8.26355e-07
7.96812e-07
7.69294e-07
7.42821e-07
7.16889e-07
6.90812e-07
6.64318e-07
6.37459e-07
6.10379e-07
5.83253e-07
5.56297e-07
5.29772e-07
5.03987e-07
4.79336e-07
4.56331e-07
4.35886e-07
4.19231e-07
4.0782e-07
4.06233e-07
4.23411e-07
4.57164e-07
5.01309e-07
5.54217e-07
6.16042e-07
6.87312e-07
7.69605e-07
8.77963e-07
1.00553e-06
1.14709e-06
1.28727e-06
1.40235e-06
1.47103e-06
1.49323e-06
1.48448e-06
1.45826e-06
1.42278e-06
1.3823e-06
1.33888e-06
1.29356e-06
1.24684e-06
1.19906e-06
1.15052e-06
1.10141e-06
1.05189e-06
1.00206e-06
9.51883e-07
9.01368e-07
8.51005e-07
8.00888e-07
7.51109e-07
7.01749e-07
6.52868e-07
6.04512e-07
5.5671e-07
5.09479e-07
4.62823e-07
4.16739e-07
3.7121e-07
3.2621e-07
2.81699e-07
2.37629e-07
1.93941e-07
1.50569e-07
1.07439e-07
6.44623e-08
2.15344e-08
)
;
    }
    frontAndBack
    {
        type            empty;
    }
}


// ************************************************************************* //
