/*--------------------------------*- C++ -*----------------------------------*\
  =========                 |
  \\      /  F ield         | OpenFOAM: The Open Source CFD Toolbox
   \\    /   O peration     | Website:  https://openfoam.org
    \\  /    A nd           | Version:  11
     \\/     M anipulation  |
\*---------------------------------------------------------------------------*/
FoamFile
{
    format      ascii;
    class       volVectorField;
    location    "0.1";
    object      U;
}
// * * * * * * * * * * * * * * * * * * * * * * * * * * * * * * * * * * * * * //

dimensions      [0 1 -1 0 0 0 0];

internalField   nonuniform List<vector> 
4000
(
(0.199991 -0.00892768 0)
(0.199872 -0.0267645 0)
(0.19965 -0.0446202 0)
(0.199307 -0.0625369 0)
(0.198826 -0.0805484 0)
(0.198183 -0.0986773 0)
(0.19735 -0.116935 0)
(0.196293 -0.135324 0)
(0.194971 -0.153831 0)
(0.19334 -0.172433 0)
(0.191351 -0.191093 0)
(0.188951 -0.209761 0)
(0.186085 -0.228377 0)
(0.182698 -0.246879 0)
(0.178728 -0.265092 0)
(0.174195 -0.282964 0)
(0.169124 -0.300504 0)
(0.163505 -0.31766 0)
(0.157323 -0.334349 0)
(0.150566 -0.350481 0)
(0.143235 -0.365971 0)
(0.135347 -0.380746 0)
(0.126948 -0.394762 0)
(0.118136 -0.408039 0)
(0.109098 -0.420743 0)
(0.10015 -0.433329 0)
(0.091711 -0.446702 0)
(0.0841503 -0.462171 0)
(0.0775439 -0.481006 0)
(0.071558 -0.503779 0)
(0.0655218 -0.53003 0)
(0.0586798 -0.55856 0)
(0.0504772 -0.587957 0)
(0.0406747 -0.616934 0)
(0.0292895 -0.644445 0)
(0.0164666 -0.669684 0)
(0.00240761 -0.692072 0)
(-0.0126309 -0.711217 0)
(-0.0284578 -0.726823 0)
(-0.0449162 -0.738755 0)
(-0.0617733 -0.746889 0)
(-0.0788153 -0.751326 0)
(-0.0958726 -0.752262 0)
(-0.112806 -0.749912 0)
(-0.12949 -0.744541 0)
(-0.145809 -0.736474 0)
(-0.16165 -0.726102 0)
(-0.17689 -0.713886 0)
(-0.19137 -0.700375 0)
(-0.204875 -0.686191 0)
(-0.217079 -0.672053 0)
(-0.226834 -0.658707 0)
(-0.231214 -0.646206 0)
(-0.227552 -0.632817 0)
(-0.21689 -0.616158 0)
(-0.202742 -0.595342 0)
(-0.187701 -0.570843 0)
(-0.172913 -0.543548 0)
(-0.158764 -0.514362 0)
(-0.144824 -0.484372 0)
(-0.130966 -0.454043 0)
(-0.11843 -0.424208 0)
(-0.108777 -0.396444 0)
(-0.103017 -0.372466 0)
(-0.101469 -0.353369 0)
(-0.103633 -0.338955 0)
(-0.10848 -0.327843 0)
(-0.114898 -0.318414 0)
(-0.12198 -0.309549 0)
(-0.129148 -0.300691 0)
(-0.136088 -0.291621 0)
(-0.142658 -0.282278 0)
(-0.148802 -0.272668 0)
(-0.154507 -0.262818 0)
(-0.159778 -0.252767 0)
(-0.164628 -0.242558 0)
(-0.169077 -0.232229 0)
(-0.173145 -0.221815 0)
(-0.176843 -0.211333 0)
(-0.180162 -0.200775 0)
(-0.183084 -0.19014 0)
(-0.185656 -0.179532 0)
(-0.187908 -0.168971 0)
(-0.189871 -0.158479 0)
(-0.191574 -0.148073 0)
(-0.193045 -0.137766 0)
(-0.194308 -0.127568 0)
(-0.195387 -0.117486 0)
(-0.196303 -0.107523 0)
(-0.197076 -0.0976799 0)
(-0.197723 -0.0879566 0)
(-0.198261 -0.0783495 0)
(-0.198703 -0.068853 0)
(-0.199063 -0.0594591 0)
(-0.199352 -0.0501573 0)
(-0.199578 -0.0409354 0)
(-0.19975 -0.0317794 0)
(-0.199874 -0.0226736 0)
(-0.199954 -0.0135993 0)
(-0.199997 -0.00453597 0)
(0.199994 -0.00869317 0)
(0.199818 -0.0260616 0)
(0.199467 -0.043419 0)
(0.198909 -0.0607784 0)
(0.198129 -0.0781457 0)
(0.197105 -0.0955178 0)
(0.195811 -0.112882 0)
(0.194216 -0.130216 0)
(0.192283 -0.147488 0)
(0.18998 -0.164655 0)
(0.187276 -0.181666 0)
(0.184142 -0.198462 0)
(0.180565 -0.214979 0)
(0.176522 -0.231143 0)
(0.17206 -0.247078 0)
(0.167176 -0.262794 0)
(0.161843 -0.278171 0)
(0.156046 -0.29311 0)
(0.149775 -0.307534 0)
(0.143027 -0.321376 0)
(0.135811 -0.334579 0)
(0.128158 -0.347098 0)
(0.12013 -0.358914 0)
(0.111843 -0.370065 0)
(0.103508 -0.380734 0)
(0.0954473 -0.39138 0)
(0.0880572 -0.402873 0)
(0.0816432 -0.41644 0)
(0.0762191 -0.433251 0)
(0.0714045 -0.453846 0)
(0.0665067 -0.477857 0)
(0.0607661 -0.504244 0)
(0.0536194 -0.531726 0)
(0.0448026 -0.5591 0)
(0.0342977 -0.58537 0)
(0.0222187 -0.609772 0)
(0.00872119 -0.631748 0)
(-0.00588566 -0.650922 0)
(-0.0214136 -0.667069 0)
(-0.0377775 -0.680097 0)
(-0.0547765 -0.690074 0)
(-0.0722156 -0.696935 0)
(-0.0899267 -0.700651 0)
(-0.107762 -0.701312 0)
(-0.125584 -0.699083 0)
(-0.143266 -0.694184 0)
(-0.160695 -0.686877 0)
(-0.177753 -0.677452 0)
(-0.194288 -0.666212 0)
(-0.210096 -0.653444 0)
(-0.224827 -0.639388 0)
(-0.237042 -0.62417 0)
(-0.243038 -0.607602 0)
(-0.239549 -0.589016 0)
(-0.227944 -0.567804 0)
(-0.212445 -0.543883 0)
(-0.196008 -0.517583 0)
(-0.179885 -0.489519 0)
(-0.164428 -0.460546 0)
(-0.149152 -0.431284 0)
(-0.133922 -0.402385 0)
(-0.120099 -0.374892 0)
(-0.109284 -0.350126 0)
(-0.102432 -0.329319 0)
(-0.0997595 -0.313109 0)
(-0.100703 -0.301127 0)
(-0.104314 -0.292128 0)
(-0.109609 -0.28467 0)
(-0.115764 -0.277729 0)
(-0.122215 -0.270769 0)
(-0.128629 -0.263569 0)
(-0.134834 -0.256064 0)
(-0.140749 -0.24825 0)
(-0.146337 -0.240147 0)
(-0.151588 -0.231785 0)
(-0.156504 -0.223198 0)
(-0.161091 -0.214423 0)
(-0.165365 -0.205502 0)
(-0.169337 -0.196486 0)
(-0.173026 -0.187432 0)
(-0.176451 -0.178357 0)
(-0.17957 -0.169166 0)
(-0.182401 -0.159897 0)
(-0.18495 -0.150577 0)
(-0.187229 -0.141228 0)
(-0.189253 -0.13187 0)
(-0.19104 -0.122518 0)
(-0.192606 -0.113185 0)
(-0.193971 -0.103883 0)
(-0.195151 -0.0946196 0)
(-0.196164 -0.0854019 0)
(-0.197027 -0.0762344 0)
(-0.197755 -0.0671192 0)
(-0.198361 -0.0580556 0)
(-0.198858 -0.0490406 0)
(-0.199256 -0.0400688 0)
(-0.199563 -0.0311332 0)
(-0.199785 -0.0222253 0)
(-0.199926 -0.013334 0)
(-0.199998 -0.004447 0)
(0.199987 -0.00842707 0)
(0.199737 -0.0252587 0)
(0.199249 -0.0420672 0)
(0.198498 -0.0588553 0)
(0.197473 -0.0756205 0)
(0.196163 -0.0923551 0)
(0.194553 -0.109047 0)
(0.192625 -0.125678 0)
(0.190361 -0.14223 0)
(0.187745 -0.158676 0)
(0.184764 -0.174991 0)
(0.181406 -0.191148 0)
(0.177664 -0.20712 0)
(0.173537 -0.222883 0)
(0.16901 -0.238377 0)
(0.164054 -0.253522 0)
(0.158643 -0.268246 0)
(0.152765 -0.282492 0)
(0.146423 -0.296209 0)
(0.139627 -0.30935 0)
(0.132401 -0.32187 0)
(0.12478 -0.333732 0)
(0.116829 -0.344922 0)
(0.108666 -0.355483 0)
(0.100497 -0.365599 0)
(0.0926368 -0.375718 0)
(0.0854683 -0.386672 0)
(0.0792856 -0.399612 0)
(0.0741106 -0.415622 0)
(0.0695847 -0.435185 0)
(0.065032 -0.457951 0)
(0.0597055 -0.482953 0)
(0.053052 -0.50901 0)
(0.0448089 -0.535008 0)
(0.03494 -0.560021 0)
(0.0235334 -0.583327 0)
(0.0107335 -0.604392 0)
(-0.00325083 -0.622836 0)
(-0.01825 -0.638452 0)
(-0.0341481 -0.651098 0)
(-0.0508146 -0.660721 0)
(-0.0681353 -0.667347 0)
(-0.0859941 -0.67105 0)
(-0.104271 -0.671935 0)
(-0.122847 -0.67014 0)
(-0.141611 -0.665827 0)
(-0.160456 -0.659177 0)
(-0.179252 -0.650383 0)
(-0.1978 -0.639638 0)
(-0.215811 -0.627111 0)
(-0.232754 -0.612931 0)
(-0.246798 -0.597154 0)
(-0.253672 -0.579668 0)
(-0.249898 -0.560156 0)
(-0.237208 -0.538474 0)
(-0.220238 -0.514775 0)
(-0.202176 -0.489381 0)
(-0.184428 -0.462739 0)
(-0.167456 -0.435404 0)
(-0.150816 -0.408009 0)
(-0.134428 -0.381196 0)
(-0.119678 -0.355863 0)
(-0.108159 -0.333112 0)
(-0.100773 -0.313963 0)
(-0.0976539 -0.298946 0)
(-0.0982111 -0.287752 0)
(-0.101484 -0.279304 0)
(-0.106485 -0.272306 0)
(-0.112398 -0.265812 0)
(-0.118665 -0.259311 0)
(-0.124951 -0.252588 0)
(-0.131078 -0.245573 0)
(-0.136958 -0.238259 0)
(-0.142547 -0.230662 0)
(-0.147827 -0.222806 0)
(-0.152788 -0.214717 0)
(-0.157429 -0.206421 0)
(-0.161756 -0.197946 0)
(-0.165778 -0.189323 0)
(-0.169511 -0.180586 0)
(-0.172976 -0.171776 0)
(-0.176186 -0.162926 0)
(-0.179146 -0.154042 0)
(-0.181861 -0.145137 0)
(-0.184342 -0.13622 0)
(-0.186595 -0.127298 0)
(-0.188631 -0.11838 0)
(-0.19046 -0.10947 0)
(-0.192093 -0.100575 0)
(-0.19354 -0.0916998 0)
(-0.194812 -0.0828486 0)
(-0.195922 -0.0740251 0)
(-0.196878 -0.0652313 0)
(-0.197691 -0.0564675 0)
(-0.198371 -0.0477323 0)
(-0.198925 -0.0390227 0)
(-0.19936 -0.0303345 0)
(-0.19968 -0.0216624 0)
(-0.199888 -0.0129991 0)
(-0.199995 -0.00433594 0)
(0.199985 -0.00808963 0)
(0.199693 -0.0242413 0)
(0.199126 -0.0403556 0)
(0.198257 -0.0564262 0)
(0.197081 -0.0724433 0)
(0.195593 -0.0883927 0)
(0.193786 -0.104257 0)
(0.191647 -0.120013 0)
(0.189164 -0.135638 0)
(0.186327 -0.151101 0)
(0.183121 -0.166368 0)
(0.179537 -0.181402 0)
(0.175562 -0.196161 0)
(0.171182 -0.2106 0)
(0.166384 -0.224679 0)
(0.161161 -0.23836 0)
(0.155517 -0.251611 0)
(0.149462 -0.264399 0)
(0.14301 -0.276687 0)
(0.13618 -0.28844 0)
(0.128996 -0.299621 0)
(0.121496 -0.3102 0)
(0.113745 -0.32017 0)
(0.105862 -0.329584 0)
(0.0980531 -0.338631 0)
(0.0906302 -0.347753 0)
(0.0839571 -0.357749 0)
(0.0782957 -0.369707 0)
(0.073633 -0.384632 0)
(0.069592 -0.402967 0)
(0.0654952 -0.424377 0)
(0.0605953 -0.447955 0)
(0.0543297 -0.472599 0)
(0.0464254 -0.497273 0)
(0.0368437 -0.521118 0)
(0.0256731 -0.54346 0)
(0.0130534 -0.5638 0)
(-0.000837737 -0.581784 0)
(-0.0158387 -0.597189 0)
(-0.0318248 -0.609878 0)
(-0.0486683 -0.619787 0)
(-0.0662468 -0.626904 0)
(-0.0844509 -0.63126 0)
(-0.103178 -0.632922 0)
(-0.122331 -0.631984 0)
(-0.141809 -0.62856 0)
(-0.161505 -0.622776 0)
(-0.181272 -0.614764 0)
(-0.200871 -0.60465 0)
(-0.219954 -0.592542 0)
(-0.237883 -0.578527 0)
(-0.252624 -0.562661 0)
(-0.259656 -0.544917 0)
(-0.255512 -0.525165 0)
(-0.242211 -0.50346 0)
(-0.224575 -0.480061 0)
(-0.205852 -0.455316 0)
(-0.187489 -0.429649 0)
(-0.169941 -0.40356 0)
(-0.152746 -0.377608 0)
(-0.135832 -0.352343 0)
(-0.120603 -0.328566 0)
(-0.10864 -0.307277 0)
(-0.100786 -0.289406 0)
(-0.0971505 -0.275447 0)
(-0.0971629 -0.26512 0)
(-0.0998906 -0.257433 0)
(-0.104377 -0.251178 0)
(-0.109833 -0.245456 0)
(-0.115715 -0.239774 0)
(-0.121695 -0.233911 0)
(-0.127591 -0.227793 0)
(-0.133315 -0.221402 0)
(-0.138818 -0.21475 0)
(-0.144078 -0.207853 0)
(-0.149081 -0.200732 0)
(-0.153817 -0.193407 0)
(-0.158282 -0.185897 0)
(-0.162473 -0.178222 0)
(-0.166391 -0.170402 0)
(-0.170043 -0.162455 0)
(-0.173437 -0.1544 0)
(-0.176582 -0.146259 0)
(-0.179488 -0.138047 0)
(-0.182161 -0.129779 0)
(-0.184612 -0.121469 0)
(-0.186847 -0.113125 0)
(-0.188877 -0.104757 0)
(-0.190708 -0.0963707 0)
(-0.192351 -0.0879741 0)
(-0.193813 -0.079573 0)
(-0.195102 -0.0711727 0)
(-0.196226 -0.0627773 0)
(-0.197193 -0.0543892 0)
(-0.19801 -0.0460094 0)
(-0.198681 -0.0376378 0)
(-0.199212 -0.029273 0)
(-0.199605 -0.0209126 0)
(-0.199861 -0.0125527 0)
(-0.199993 -0.00418769 0)
(0.199983 -0.00770551 0)
(0.199658 -0.0230876 0)
(0.199028 -0.0384266 0)
(0.198063 -0.053712 0)
(0.196762 -0.0689301 0)
(0.195124 -0.0840642 0)
(0.193144 -0.0990951 0)
(0.190816 -0.114002 0)
(0.18813 -0.12876 0)
(0.185079 -0.143344 0)
(0.181656 -0.157726 0)
(0.177856 -0.171876 0)
(0.173675 -0.185764 0)
(0.16911 -0.199362 0)
(0.164165 -0.212641 0)
(0.158843 -0.225569 0)
(0.153149 -0.238114 0)
(0.147086 -0.250239 0)
(0.140662 -0.261902 0)
(0.133885 -0.273064 0)
(0.12677 -0.283683 0)
(0.119351 -0.29373 0)
(0.111689 -0.3032 0)
(0.103902 -0.312146 0)
(0.0961957 -0.320748 0)
(0.088881 -0.329419 0)
(0.0823212 -0.338892 0)
(0.0767778 -0.350151 0)
(0.0722431 -0.364099 0)
(0.0683494 -0.381129 0)
(0.0644309 -0.400945 0)
(0.0597523 -0.422747 0)
(0.053756 -0.445554 0)
(0.0461602 -0.468432 0)
(0.0369083 -0.490596 0)
(0.0260691 -0.511426 0)
(0.0137595 -0.530455 0)
(0.000130195 -0.547346 0)
(-0.0146718 -0.561876 0)
(-0.0305355 -0.573903 0)
(-0.0473508 -0.583354 0)
(-0.0650038 -0.590206 0)
(-0.0833886 -0.594476 0)
(-0.102403 -0.596212 0)
(-0.121946 -0.595483 0)
(-0.141908 -0.592373 0)
(-0.162167 -0.586978 0)
(-0.182552 -0.579394 0)
(-0.202791 -0.569718 0)
(-0.222489 -0.558038 0)
(-0.240946 -0.54443 0)
(-0.256023 -0.528963 0)
(-0.263074 -0.511668 0)
(-0.258681 -0.492519 0)
(-0.24503 -0.471642 0)
(-0.227013 -0.449314 0)
(-0.207879 -0.42588 0)
(-0.18908 -0.401739 0)
(-0.17108 -0.377357 0)
(-0.153439 -0.353257 0)
(-0.136127 -0.329954 0)
(-0.120566 -0.308156 0)
(-0.108302 -0.28872 0)
(-0.100143 -0.272415 0)
(-0.096201 -0.259631 0)
(-0.095921 -0.250086 0)
(-0.0983813 -0.242898 0)
(-0.102628 -0.237005 0)
(-0.107873 -0.231603 0)
(-0.113571 -0.226243 0)
(-0.11939 -0.220722 0)
(-0.125148 -0.214967 0)
(-0.130754 -0.208961 0)
(-0.136161 -0.202712 0)
(-0.141349 -0.196238 0)
(-0.146308 -0.189558 0)
(-0.151032 -0.182693 0)
(-0.155518 -0.175662 0)
(-0.159767 -0.168484 0)
(-0.163777 -0.161178 0)
(-0.167548 -0.153758 0)
(-0.171083 -0.146241 0)
(-0.174384 -0.138638 0)
(-0.177455 -0.130963 0)
(-0.180301 -0.123226 0)
(-0.182928 -0.115435 0)
(-0.185342 -0.107599 0)
(-0.187548 -0.0997245 0)
(-0.189554 -0.0918174 0)
(-0.191365 -0.0838841 0)
(-0.192988 -0.0759306 0)
(-0.194429 -0.0679624 0)
(-0.195694 -0.0599841 0)
(-0.196788 -0.0519992 0)
(-0.197716 -0.0440099 0)
(-0.198484 -0.0360175 0)
(-0.199093 -0.0280225 0)
(-0.199544 -0.0200245 0)
(-0.19984 -0.0120217 0)
(-0.199992 -0.00401092 0)
(0.199982 -0.00728628 0)
(0.199633 -0.0218294 0)
(0.198957 -0.036326 0)
(0.197925 -0.0507621 0)
(0.196536 -0.0651211 0)
(0.194794 -0.0793838 0)
(0.192698 -0.0935291 0)
(0.190243 -0.107535 0)
(0.187426 -0.121376 0)
(0.184243 -0.135026 0)
(0.180693 -0.148457 0)
(0.176773 -0.161639 0)
(0.172482 -0.174541 0)
(0.167821 -0.187134 0)
(0.162789 -0.199385 0)
(0.157388 -0.211263 0)
(0.15162 -0.222736 0)
(0.145492 -0.233771 0)
(0.139012 -0.244336 0)
(0.132195 -0.2544 0)
(0.125064 -0.263939 0)
(0.117661 -0.272936 0)
(0.110056 -0.2814 0)
(0.102369 -0.289394 0)
(0.0948087 -0.297103 0)
(0.0876799 -0.304936 0)
(0.0813313 -0.313608 0)
(0.0760026 -0.324063 0)
(0.0716661 -0.337151 0)
(0.0679434 -0.35322 0)
(0.0641692 -0.371954 0)
(0.0596163 -0.392568 0)
(0.053737 -0.414122 0)
(0.0462549 -0.435733 0)
(0.037113 -0.45667 0)
(0.0263757 -0.47636 0)
(0.0141557 -0.494371 0)
(0.00059758 -0.510394 0)
(-0.0141571 -0.52422 0)
(-0.0300032 -0.535716 0)
(-0.0468394 -0.544807 0)
(-0.0645572 -0.551465 0)
(-0.0830547 -0.555695 0)
(-0.102232 -0.557529 0)
(-0.121986 -0.557022 0)
(-0.142202 -0.554239 0)
(-0.162747 -0.549256 0)
(-0.183436 -0.542154 0)
(-0.203975 -0.533015 0)
(-0.223945 -0.521916 0)
(-0.242613 -0.508933 0)
(-0.25779 -0.494145 0)
(-0.264783 -0.477616 0)
(-0.260212 -0.459369 0)
(-0.246351 -0.439554 0)
(-0.228119 -0.418436 0)
(-0.208759 -0.396341 0)
(-0.189726 -0.373642 0)
(-0.171502 -0.350764 0)
(-0.153673 -0.328188 0)
(-0.136216 -0.30637 0)
(-0.120526 -0.285938 0)
(-0.108116 -0.267669 0)
(-0.0997888 -0.252297 0)
(-0.0956503 -0.240235 0)
(-0.0951352 -0.231272 0)
(-0.0973498 -0.224612 0)
(-0.101367 -0.219249 0)
(-0.106411 -0.214408 0)
(-0.111942 -0.209646 0)
(-0.117628 -0.204755 0)
(-0.123286 -0.199654 0)
(-0.128821 -0.194319 0)
(-0.134183 -0.188751 0)
(-0.139347 -0.18296 0)
(-0.144301 -0.17696 0)
(-0.149036 -0.170767 0)
(-0.153549 -0.164397 0)
(-0.157838 -0.157867 0)
(-0.161902 -0.151193 0)
(-0.165742 -0.144391 0)
(-0.169359 -0.137476 0)
(-0.172755 -0.130461 0)
(-0.175933 -0.123359 0)
(-0.178895 -0.11618 0)
(-0.181645 -0.108933 0)
(-0.184186 -0.101626 0)
(-0.186523 -0.0942656 0)
(-0.188658 -0.0868587 0)
(-0.190597 -0.0794116 0)
(-0.192343 -0.0719307 0)
(-0.193901 -0.0644221 0)
(-0.195275 -0.0568911 0)
(-0.196468 -0.0493424 0)
(-0.197485 -0.0417792 0)
(-0.198328 -0.0342042 0)
(-0.198998 -0.0266193 0)
(-0.199497 -0.0190259 0)
(-0.199823 -0.0114238 0)
(-0.199992 -0.00381173 0)
(0.199981 -0.00684125 0)
(0.199614 -0.0204948 0)
(0.198904 -0.0341007 0)
(0.197819 -0.0476434 0)
(0.196362 -0.0611052 0)
(0.194538 -0.0744658 0)
(0.192348 -0.0877043 0)
(0.18979 -0.100798 0)
(0.186861 -0.113725 0)
(0.183562 -0.126459 0)
(0.179891 -0.138975 0)
(0.175849 -0.151246 0)
(0.171439 -0.163248 0)
(0.166661 -0.174953 0)
(0.16152 -0.186338 0)
(0.156023 -0.197377 0)
(0.150176 -0.208047 0)
(0.14399 -0.218323 0)
(0.137476 -0.228181 0)
(0.130652 -0.237594 0)
(0.123541 -0.24654 0)
(0.116179 -0.255002 0)
(0.108633 -0.262984 0)
(0.101021 -0.270539 0)
(0.0935462 -0.277833 0)
(0.0865137 -0.285233 0)
(0.0802699 -0.29338 0)
(0.0750503 -0.303119 0)
(0.0708232 -0.315211 0)
(0.0672084 -0.329979 0)
(0.0635417 -0.347161 0)
(0.0591001 -0.366073 0)
(0.0533394 -0.38588 0)
(0.0459831 -0.405785 0)
(0.0369697 -0.425114 0)
(0.0263552 -0.443334 0)
(0.0142457 -0.460037 0)
(0.000778482 -0.47493 0)
(-0.0139106 -0.487807 0)
(-0.0297194 -0.498539 0)
(-0.0465488 -0.50705 0)
(-0.0642918 -0.513303 0)
(-0.0828469 -0.517298 0)
(-0.102113 -0.519057 0)
(-0.121982 -0.518622 0)
(-0.142336 -0.516046 0)
(-0.163033 -0.511394 0)
(-0.183878 -0.504734 0)
(-0.204565 -0.496142 0)
(-0.224661 -0.485688 0)
(-0.243418 -0.473447 0)
(-0.258624 -0.459503 0)
(-0.265573 -0.443936 0)
(-0.260908 -0.426798 0)
(-0.246945 -0.408241 0)
(-0.228608 -0.388515 0)
(-0.209139 -0.367931 0)
(-0.189997 -0.346839 0)
(-0.171678 -0.325641 0)
(-0.153771 -0.304783 0)
(-0.136236 -0.284683 0)
(-0.120452 -0.265906 0)
(-0.107914 -0.249149 0)
(-0.09941 -0.235056 0)
(-0.0950558 -0.223967 0)
(-0.0943227 -0.215674 0)
(-0.0963381 -0.20946 0)
(-0.100179 -0.204426 0)
(-0.105072 -0.199873 0)
(-0.110476 -0.195401 0)
(-0.116056 -0.190823 0)
(-0.121631 -0.186066 0)
(-0.127104 -0.181106 0)
(-0.132425 -0.175944 0)
(-0.13757 -0.170587 0)
(-0.142525 -0.165046 0)
(-0.14728 -0.159333 0)
(-0.15183 -0.15346 0)
(-0.156172 -0.14744 0)
(-0.160301 -0.141286 0)
(-0.164217 -0.13501 0)
(-0.167919 -0.128623 0)
(-0.171408 -0.122138 0)
(-0.174684 -0.115563 0)
(-0.177749 -0.108908 0)
(-0.180604 -0.10218 0)
(-0.183253 -0.0953856 0)
(-0.185697 -0.0885312 0)
(-0.187939 -0.0816224 0)
(-0.189982 -0.0746656 0)
(-0.191828 -0.0676668 0)
(-0.19348 -0.0606323 0)
(-0.194941 -0.0535677 0)
(-0.196214 -0.0464779 0)
(-0.197301 -0.0393671 0)
(-0.198204 -0.0322385 0)
(-0.198923 -0.0250953 0)
(-0.199459 -0.0179397 0)
(-0.19981 -0.0107728 0)
(-0.199991 -0.00359476 0)
(0.199981 -0.00637675 0)
(0.1996 -0.0191022 0)
(0.198864 -0.0317805 0)
(0.197741 -0.0443953 0)
(0.196234 -0.0569282 0)
(0.19435 -0.0693588 0)
(0.192091 -0.0816661 0)
(0.189458 -0.0938283 0)
(0.186451 -0.105823 0)
(0.183072 -0.117625 0)
(0.179322 -0.129212 0)
(0.175205 -0.140558 0)
(0.170725 -0.151639 0)
(0.165886 -0.162429 0)
(0.160695 -0.172908 0)
(0.155157 -0.18305 0)
(0.149282 -0.192832 0)
(0.143078 -0.202231 0)
(0.136557 -0.211221 0)
(0.129733 -0.219779 0)
(0.122629 -0.227883 0)
(0.115283 -0.23552 0)
(0.10776 -0.242698 0)
(0.100183 -0.249478 0)
(0.0927552 -0.256027 0)
(0.0857814 -0.262708 0)
(0.0796032 -0.270142 0)
(0.0744473 -0.279133 0)
(0.0702747 -0.29039 0)
(0.0667025 -0.304187 0)
(0.0630697 -0.32024 0)
(0.0586613 -0.337885 0)
(0.0529403 -0.356331 0)
(0.0456335 -0.374843 0)
(0.0366779 -0.392801 0)
(0.0261271 -0.40972 0)
(0.0140821 -0.425232 0)
(0.00067583 -0.439067 0)
(-0.0139601 -0.45104 0)
(-0.0297275 -0.46103 0)
(-0.0465303 -0.468963 0)
(-0.0642637 -0.474806 0)
(-0.0828261 -0.478553 0)
(-0.102115 -0.480222 0)
(-0.12202 -0.479847 0)
(-0.14242 -0.477475 0)
(-0.163168 -0.473162 0)
(-0.184063 -0.466971 0)
(-0.204792 -0.458968 0)
(-0.224915 -0.449222 0)
(-0.243678 -0.437805 0)
(-0.258862 -0.4248 0)
(-0.265767 -0.410294 0)
(-0.261053 -0.394354 0)
(-0.247044 -0.377127 0)
(-0.228664 -0.358844 0)
(-0.209152 -0.339787 0)
(-0.189969 -0.32028 0)
(-0.171611 -0.300684 0)
(-0.153667 -0.281402 0)
(-0.136088 -0.262807 0)
(-0.120244 -0.245407 0)
(-0.107623 -0.229841 0)
(-0.0990151 -0.216718 0)
(-0.0945504 -0.206379 0)
(-0.0937056 -0.198665 0)
(-0.0956109 -0.192929 0)
(-0.0993493 -0.188336 0)
(-0.104151 -0.184223 0)
(-0.109475 -0.180202 0)
(-0.114986 -0.17609 0)
(-0.120501 -0.171811 0)
(-0.125925 -0.167341 0)
(-0.131207 -0.162678 0)
(-0.136325 -0.157829 0)
(-0.141265 -0.152802 0)
(-0.146017 -0.147608 0)
(-0.150577 -0.14226 0)
(-0.15494 -0.136767 0)
(-0.159103 -0.131141 0)
(-0.163063 -0.125394 0)
(-0.166819 -0.119536 0)
(-0.17037 -0.113578 0)
(-0.173715 -0.107528 0)
(-0.176855 -0.101394 0)
(-0.17979 -0.0951835 0)
(-0.18252 -0.0889026 0)
(-0.185047 -0.0825567 0)
(-0.187372 -0.0761516 0)
(-0.189496 -0.0696932 0)
(-0.19142 -0.0631877 0)
(-0.193147 -0.0566411 0)
(-0.194677 -0.0500593 0)
(-0.196012 -0.0434476 0)
(-0.197155 -0.0368104 0)
(-0.198105 -0.0301518 0)
(-0.198864 -0.0234752 0)
(-0.199429 -0.0167838 0)
(-0.199799 -0.0100797 0)
(-0.199991 -0.00336365 0)
(0.19998 -0.00589763 0)
(0.19959 -0.0176662 0)
(0.198833 -0.0293894 0)
(0.197681 -0.0410506 0)
(0.196136 -0.0526315 0)
(0.194205 -0.0641126 0)
(0.191894 -0.0754733 0)
(0.189202 -0.0866928 0)
(0.186132 -0.0977499 0)
(0.182687 -0.108622 0)
(0.17887 -0.119288 0)
(0.174685 -0.129724 0)
(0.170138 -0.139909 0)
(0.165234 -0.149822 0)
(0.15998 -0.159442 0)
(0.154384 -0.168751 0)
(0.148455 -0.177727 0)
(0.142204 -0.186353 0)
(0.135643 -0.194609 0)
(0.128791 -0.202475 0)
(0.121671 -0.209935 0)
(0.114322 -0.216981 0)
(0.106814 -0.223622 0)
(0.099268 -0.229912 0)
(0.0918903 -0.236001 0)
(0.084984 -0.242212 0)
(0.078886 -0.249098 0)
(0.0738147 -0.257376 0)
(0.0697218 -0.26768 0)
(0.0662175 -0.280265 0)
(0.0626389 -0.294895 0)
(0.0582748 -0.310983 0)
(0.0525941 -0.327821 0)
(0.0453281 -0.34474 0)
(0.0364159 -0.361173 0)
(0.02591 -0.376673 0)
(0.0139099 -0.390897 0)
(0.000547016 -0.403595 0)
(-0.0140495 -0.414592 0)
(-0.0297832 -0.423774 0)
(-0.0465587 -0.431072 0)
(-0.0642718 -0.43645 0)
(-0.0828211 -0.439902 0)
(-0.102103 -0.44144 0)
(-0.122007 -0.441094 0)
(-0.142409 -0.438904 0)
(-0.163159 -0.434922 0)
(-0.184055 -0.429204 0)
(-0.204778 -0.421811 0)
(-0.224885 -0.412808 0)
(-0.243622 -0.402263 0)
(-0.258775 -0.390257 0)
(-0.265662 -0.376878 0)
(-0.260951 -0.3622 0)
(-0.246951 -0.34636 0)
(-0.228574 -0.329566 0)
(-0.209057 -0.312075 0)
(-0.189859 -0.294182 0)
(-0.171486 -0.276217 0)
(-0.15353 -0.25855 0)
(-0.135931 -0.241524 0)
(-0.120051 -0.225606 0)
(-0.107376 -0.211378 0)
(-0.0986873 -0.199381 0)
(-0.0941006 -0.189913 0)
(-0.0931183 -0.182825 0)
(-0.0948936 -0.177532 0)
(-0.0985212 -0.173284 0)
(-0.103235 -0.169482 0)
(-0.108491 -0.165776 0)
(-0.113953 -0.161995 0)
(-0.119432 -0.158072 0)
(-0.124834 -0.153982 0)
(-0.130105 -0.149721 0)
(-0.135221 -0.145295 0)
(-0.140169 -0.140708 0)
(-0.144937 -0.135971 0)
(-0.149521 -0.131092 0)
(-0.153916 -0.126079 0)
(-0.158117 -0.120943 0)
(-0.162122 -0.115692 0)
(-0.165928 -0.110335 0)
(-0.169534 -0.104882 0)
(-0.172938 -0.099339 0)
(-0.176141 -0.0937137 0)
(-0.17914 -0.0880119 0)
(-0.181937 -0.082239 0)
(-0.18453 -0.0763999 0)
(-0.186921 -0.0705 0)
(-0.18911 -0.0645446 0)
(-0.191097 -0.0585397 0)
(-0.192882 -0.0524912 0)
(-0.194467 -0.0464049 0)
(-0.195852 -0.0402861 0)
(-0.197039 -0.0341394 0)
(-0.198027 -0.027969 0)
(-0.198817 -0.021779 0)
(-0.199405 -0.0155728 0)
(-0.199791 -0.00935312 0)
(-0.19999 -0.00312133 0)
(0.19998 -0.00540746 0)
(0.199582 -0.0161974 0)
(0.198811 -0.0269444 0)
(0.197636 -0.0376322 0)
(0.196062 -0.0482434 0)
(0.194097 -0.0587591 0)
(0.191745 -0.0691599 0)
(0.18901 -0.079426 0)
(0.185894 -0.0895377 0)
(0.182401 -0.0994743 0)
(0.178535 -0.109215 0)
(0.174303 -0.118739 0)
(0.169711 -0.128027 0)
(0.164766 -0.137059 0)
(0.159476 -0.145817 0)
(0.15385 -0.154283 0)
(0.147899 -0.162439 0)
(0.141634 -0.170268 0)
(0.135067 -0.177752 0)
(0.128215 -0.184871 0)
(0.121103 -0.191612 0)
(0.113768 -0.197964 0)
(0.106277 -0.203938 0)
(0.0987521 -0.209585 0)
(0.091397 -0.215049 0)
(0.0845143 -0.220636 0)
(0.0784391 -0.226868 0)
(0.0733868 -0.234412 0)
(0.0693069 -0.243849 0)
(0.0658096 -0.255395 0)
(0.062235 -0.268811 0)
(0.0578766 -0.283545 0)
(0.0522084 -0.298947 0)
(0.0449637 -0.314405 0)
(0.0360807 -0.329409 0)
(0.0256105 -0.343554 0)
(0.0136503 -0.356532 0)
(0.000330044 -0.368117 0)
(-0.0142239 -0.37815 0)
(-0.0299172 -0.386529 0)
(-0.0466546 -0.39319 0)
(-0.0643323 -0.398099 0)
(-0.0828492 -0.40125 0)
(-0.102101 -0.402652 0)
(-0.121978 -0.402332 0)
(-0.142352 -0.400327 0)
(-0.163074 -0.396682 0)
(-0.183939 -0.391449 0)
(-0.204628 -0.384685 0)
(-0.224696 -0.376449 0)
(-0.24339 -0.366804 0)
(-0.258509 -0.35583 0)
(-0.265391 -0.34361 0)
(-0.260706 -0.330218 0)
(-0.246733 -0.315778 0)
(-0.228368 -0.300473 0)
(-0.208854 -0.284537 0)
(-0.189653 -0.268237 0)
(-0.171277 -0.25187 0)
(-0.153322 -0.235774 0)
(-0.135733 -0.22026 0)
(-0.119857 -0.205749 0)
(-0.107153 -0.192758 0)
(-0.0983894 -0.181778 0)
(-0.0937121 -0.173094 0)
(-0.0926459 -0.166592 0)
(-0.0943478 -0.161754 0)
(-0.097913 -0.157895 0)
(-0.102575 -0.15446 0)
(-0.107787 -0.151121 0)
(-0.113211 -0.147719 0)
(-0.118659 -0.144187 0)
(-0.124036 -0.140503 0)
(-0.129289 -0.136662 0)
(-0.134395 -0.132669 0)
(-0.13934 -0.128527 0)
(-0.144113 -0.124246 0)
(-0.148709 -0.119832 0)
(-0.153122 -0.115293 0)
(-0.157349 -0.110639 0)
(-0.161385 -0.105876 0)
(-0.165228 -0.101012 0)
(-0.168876 -0.096056 0)
(-0.172326 -0.0910137 0)
(-0.175576 -0.0858915 0)
(-0.178627 -0.0806946 0)
(-0.181475 -0.0754279 0)
(-0.184121 -0.0700959 0)
(-0.186565 -0.0647033 0)
(-0.188804 -0.0592553 0)
(-0.190841 -0.0537574 0)
(-0.192673 -0.0482153 0)
(-0.194301 -0.0426346 0)
(-0.195726 -0.0370205 0)
(-0.196947 -0.0313776 0)
(-0.197965 -0.0257102 0)
(-0.19878 -0.0200225 0)
(-0.199386 -0.0143181 0)
(-0.199784 -0.00860006 0)
(-0.19999 -0.00287013 0)
(0.19998 -0.00490892 0)
(0.199575 -0.0147037 0)
(0.198793 -0.0244586 0)
(0.197602 -0.0341582 0)
(0.196005 -0.0437861 0)
(0.194014 -0.0533246 0)
(0.191632 -0.0627557 0)
(0.188862 -0.0720611 0)
(0.18571 -0.0812225 0)
(0.182178 -0.0902211 0)
(0.178274 -0.0990382 0)
(0.174002 -0.107655 0)
(0.169371 -0.116054 0)
(0.164388 -0.124218 0)
(0.159062 -0.13213 0)
(0.153403 -0.139776 0)
(0.14742 -0.147141 0)
(0.141125 -0.154208 0)
(0.134533 -0.160963 0)
(0.12766 -0.167391 0)
(0.120532 -0.173479 0)
(0.113186 -0.179221 0)
(0.105694 -0.184626 0)
(0.0981767 -0.189745 0)
(0.0908426 -0.194705 0)
(0.0839945 -0.199781 0)
(0.0779645 -0.205439 0)
(0.0729614 -0.212269 0)
(0.0689265 -0.220789 0)
(0.065464 -0.231194 0)
(0.0619122 -0.243275 0)
(0.057568 -0.256543 0)
(0.051911 -0.270417 0)
(0.0446792 -0.284348 0)
(0.0358132 -0.297876 0)
(0.0253642 -0.310634 0)
(0.0134297 -0.322343 0)
(0.00013933 -0.332797 0)
(-0.0143821 -0.341853 0)
(-0.0300415 -0.349415 0)
(-0.0467436 -0.355426 0)
(-0.0643852 -0.359855 0)
(-0.0828655 -0.362694 0)
(-0.102081 -0.363953 0)
(-0.121919 -0.363655 0)
(-0.142254 -0.361832 0)
(-0.162935 -0.358525 0)
(-0.183757 -0.353781 0)
(-0.204401 -0.347652 0)
(-0.224425 -0.340195 0)
(-0.243075 -0.331466 0)
(-0.258165 -0.321541 0)
(-0.265056 -0.310501 0)
(-0.260412 -0.298409 0)
(-0.246477 -0.285375 0)
(-0.228135 -0.271563 0)
(-0.208635 -0.257184 0)
(-0.189444 -0.242478 0)
(-0.171079 -0.227714 0)
(-0.153148 -0.213197 0)
(-0.135581 -0.199207 0)
(-0.119697 -0.186114 0)
(-0.106947 -0.174382 0)
(-0.0981114 -0.164456 0)
(-0.0933519 -0.156596 0)
(-0.0922034 -0.150703 0)
(-0.0938312 -0.146315 0)
(-0.0973361 -0.142816 0)
(-0.101952 -0.139709 0)
(-0.107132 -0.136694 0)
(-0.112533 -0.133628 0)
(-0.117968 -0.130448 0)
(-0.123336 -0.127134 0)
(-0.128586 -0.12368 0)
(-0.133695 -0.12009 0)
(-0.138646 -0.116367 0)
(-0.143431 -0.112517 0)
(-0.148043 -0.108548 0)
(-0.152477 -0.104465 0)
(-0.156728 -0.100275 0)
(-0.160793 -0.0959858 0)
(-0.164668 -0.0916035 0)
(-0.16835 -0.0871345 0)
(-0.171837 -0.0825849 0)
(-0.175127 -0.0779597 0)
(-0.178218 -0.0732637 0)
(-0.181109 -0.068501 0)
(-0.183797 -0.0636757 0)
(-0.186282 -0.058792 0)
(-0.188562 -0.0538547 0)
(-0.190638 -0.0488688 0)
(-0.192507 -0.0438397 0)
(-0.19417 -0.0387726 0)
(-0.195626 -0.0336725 0)
(-0.196875 -0.0285439 0)
(-0.197917 -0.0233911 0)
(-0.19875 -0.0182182 0)
(-0.199371 -0.0130288 0)
(-0.199779 -0.00782603 0)
(-0.19999 -0.0026119 0)
(0.199979 -0.004404 0)
(0.199571 -0.0131911 0)
(0.19878 -0.0219417 0)
(0.197576 -0.0306417 0)
(0.195963 -0.0392759 0)
(0.19395 -0.0478279 0)
(0.191545 -0.0562814 0)
(0.18875 -0.0646197 0)
(0.18557 -0.0728261 0)
(0.18201 -0.0808837 0)
(0.178076 -0.0887755 0)
(0.173775 -0.0964847 0)
(0.169116 -0.103995 0)
(0.164106 -0.111292 0)
(0.158755 -0.118361 0)
(0.153074 -0.125188 0)
(0.147073 -0.13176 0)
(0.140765 -0.138064 0)
(0.134163 -0.144084 0)
(0.127286 -0.14981 0)
(0.120156 -0.155228 0)
(0.112815 -0.160334 0)
(0.10533 -0.165136 0)
(0.0978248 -0.169678 0)
(0.0905045 -0.17408 0)
(0.0836717 -0.17859 0)
(0.0776568 -0.183631 0)
(0.072666 -0.189737 0)
(0.0686389 -0.197368 0)
(0.065179 -0.206693 0)
(0.061626 -0.217516 0)
(0.0572806 -0.229394 0)
(0.0516258 -0.241805 0)
(0.044401 -0.254261 0)
(0.0355443 -0.266351 0)
(0.0251111 -0.277748 0)
(0.0132012 -0.288204 0)
(-5.90646e-05 -0.297539 0)
(-0.0145476 -0.305625 0)
(-0.0301723 -0.312376 0)
(-0.0468375 -0.317741 0)
(-0.0644406 -0.321691 0)
(-0.0828807 -0.324221 0)
(-0.102054 -0.325338 0)
(-0.121849 -0.325062 0)
(-0.142139 -0.323423 0)
(-0.162774 -0.320456 0)
(-0.183548 -0.316206 0)
(-0.204144 -0.310718 0)
(-0.22412 -0.304043 0)
(-0.24273 -0.296235 0)
(-0.257804 -0.287363 0)
(-0.264708 -0.277517 0)
(-0.260105 -0.266731 0)
(-0.246209 -0.255099 0)
(-0.227893 -0.242771 0)
(-0.20841 -0.229937 0)
(-0.189234 -0.21681 0)
(-0.170886 -0.203631 0)
(-0.152976 -0.19067 0)
(-0.13542 -0.178171 0)
(-0.119529 -0.166465 0)
(-0.106753 -0.155966 0)
(-0.0978712 -0.147074 0)
(-0.0930534 -0.140025 0)
(-0.0918461 -0.134736 0)
(-0.0934221 -0.130803 0)
(-0.0968851 -0.127676 0)
(-0.101469 -0.124908 0)
(-0.106625 -0.122229 0)
(-0.112009 -0.119505 0)
(-0.11743 -0.116682 0)
(-0.12279 -0.113739 0)
(-0.128036 -0.110671 0)
(-0.133144 -0.107481 0)
(-0.138099 -0.104171 0)
(-0.142892 -0.100748 0)
(-0.147516 -0.0972162 0)
(-0.151966 -0.0935814 0)
(-0.156236 -0.0898498 0)
(-0.160323 -0.0860272 0)
(-0.164223 -0.0821195 0)
(-0.167933 -0.0781322 0)
(-0.17145 -0.0740704 0)
(-0.174771 -0.0699387 0)
(-0.177895 -0.0657411 0)
(-0.180818 -0.0614813 0)
(-0.18354 -0.0571628 0)
(-0.186058 -0.0527894 0)
(-0.188371 -0.0483655 0)
(-0.190477 -0.0438957 0)
(-0.192376 -0.0393848 0)
(-0.194066 -0.0348378 0)
(-0.195546 -0.0302593 0)
(-0.196817 -0.0256535 0)
(-0.197878 -0.0210245 0)
(-0.198727 -0.0163761 0)
(-0.199359 -0.0117121 0)
(-0.199775 -0.00703544 0)
(-0.199989 -0.00234812 0)
(0.199979 -0.00389425 0)
(0.199567 -0.0116641 0)
(0.19877 -0.0194012 0)
(0.197556 -0.0270928 0)
(0.19593 -0.0347252 0)
(0.193902 -0.0422838 0)
(0.191479 -0.0497537 0)
(0.188664 -0.0571201 0)
(0.185462 -0.0643681 0)
(0.18188 -0.0714826 0)
(0.177922 -0.0784485 0)
(0.173598 -0.0852512 0)
(0.168916 -0.0918765 0)
(0.163883 -0.0983112 0)
(0.158511 -0.104543 0)
(0.152809 -0.11056 0)
(0.14679 -0.11635 0)
(0.140464 -0.121903 0)
(0.133848 -0.127206 0)
(0.126957 -0.132248 0)
(0.119818 -0.137019 0)
(0.11247 -0.141516 0)
(0.104982 -0.145747 0)
(0.0974788 -0.149751 0)
(0.0901675 -0.153634 0)
(0.083351 -0.157616 0)
(0.0773584 -0.162067 0)
(0.0723919 -0.167456 0)
(0.0683859 -0.174185 0)
(0.0649403 -0.1824 0)
(0.061394 -0.191931 0)
(0.0570495 -0.202388 0)
(0.0513936 -0.213314 0)
(0.0441707 -0.224279 0)
(0.035328 -0.234921 0)
(0.0249139 -0.244953 0)
(0.0130202 -0.254157 0)
(-0.000220311 -0.262374 0)
(-0.0146842 -0.269489 0)
(-0.0302809 -0.27543 0)
(-0.0469146 -0.280149 0)
(-0.0644831 -0.283623 0)
(-0.082886 -0.285844 0)
(-0.10202 -0.28682 0)
(-0.121773 -0.286567 0)
(-0.14202 -0.285113 0)
(-0.162609 -0.282488 0)
(-0.183336 -0.278731 0)
(-0.203886 -0.273882 0)
(-0.223816 -0.267986 0)
(-0.242386 -0.261089 0)
(-0.257473 -0.25325 0)
(-0.264345 -0.244689 0)
(-0.259811 -0.235179 0)
(-0.245955 -0.22493 0)
(-0.227666 -0.21407 0)
(-0.208205 -0.202767 0)
(-0.189046 -0.191206 0)
(-0.170716 -0.179601 0)
(-0.152823 -0.168185 0)
(-0.135279 -0.157175 0)
(-0.119386 -0.146862 0)
(-0.106588 -0.137611 0)
(-0.0976646 -0.129771 0)
(-0.0927938 -0.123547 0)
(-0.0915324 -0.11887 0)
(-0.0930617 -0.115389 0)
(-0.0964889 -0.112626 0)
(-0.101048 -0.110186 0)
(-0.106186 -0.107828 0)
(-0.111559 -0.105434 0)
(-0.116974 -0.102954 0)
(-0.122332 -0.100369 0)
(-0.127579 -0.0976746 0)
(-0.13269 -0.0948725 0)
(-0.137653 -0.0919656 0)
(-0.142454 -0.0889581 0)
(-0.14709 -0.0858544 0)
(-0.151554 -0.0826594 0)
(-0.155842 -0.0793781 0)
(-0.159948 -0.0760154 0)
(-0.163869 -0.0725764 0)
(-0.167601 -0.0690658 0)
(-0.171143 -0.0654879 0)
(-0.174489 -0.0618467 0)
(-0.177639 -0.0581455 0)
(-0.180589 -0.0543877 0)
(-0.183337 -0.0505762 0)
(-0.185881 -0.0467145 0)
(-0.18822 -0.0428063 0)
(-0.190351 -0.0388558 0)
(-0.192272 -0.0348674 0)
(-0.193984 -0.0308456 0)
(-0.195484 -0.0267946 0)
(-0.196772 -0.0227182 0)
(-0.197848 -0.0186202 0)
(-0.198708 -0.0145043 0)
(-0.19935 -0.0103739 0)
(-0.199771 -0.00623176 0)
(-0.199989 -0.00207994 0)
(0.199979 -0.0033808 0)
(0.199564 -0.0101261 0)
(0.198762 -0.0168426 0)
(0.197541 -0.0235192 0)
(0.195905 -0.0301438 0)
(0.193865 -0.0367034 0)
(0.191428 -0.043185 0)
(0.188599 -0.0495756 0)
(0.18538 -0.0558621 0)
(0.18178 -0.0620315 0)
(0.177805 -0.0680706 0)
(0.173463 -0.0739665 0)
(0.168763 -0.0797072 0)
(0.163714 -0.0852811 0)
(0.158326 -0.0906775 0)
(0.152609 -0.0958864 0)
(0.146577 -0.100898 0)
(0.14024 -0.105701 0)
(0.133615 -0.110287 0)
(0.126718 -0.114646 0)
(0.119575 -0.11877 0)
(0.112225 -0.122654 0)
(0.104739 -0.126307 0)
(0.0972397 -0.129764 0)
(0.0899356 -0.133116 0)
(0.0831289 -0.136556 0)
(0.0771474 -0.140408 0)
(0.0721909 -0.145076 0)
(0.0681917 -0.15091 0)
(0.0647484 -0.158033 0)
(0.0612005 -0.166293 0)
(0.0568533 -0.175351 0)
(0.0511968 -0.184811 0)
(0.043977 -0.194301 0)
(0.0351385 -0.203509 0)
(0.0247326 -0.212191 0)
(0.0128545 -0.220155 0)
(-0.000365601 -0.227263 0)
(-0.0148059 -0.233417 0)
(-0.0303765 -0.238554 0)
(-0.0469812 -0.242633 0)
(-0.0645181 -0.245634 0)
(-0.0828868 -0.24755 0)
(-0.101984 -0.248387 0)
(-0.121699 -0.248162 0)
(-0.141905 -0.246895 0)
(-0.162452 -0.244614 0)
(-0.183136 -0.241352 0)
(-0.203641 -0.237145 0)
(-0.223525 -0.232028 0)
(-0.242051 -0.226042 0)
(-0.257158 -0.219238 0)
(-0.263983 -0.211961 0)
(-0.259536 -0.203714 0)
(-0.245719 -0.194835 0)
(-0.227456 -0.185432 0)
(-0.208014 -0.175648 0)
(-0.18887 -0.165644 0)
(-0.170555 -0.155601 0)
(-0.15268 -0.145722 0)
(-0.135152 -0.136195 0)
(-0.11927 -0.127271 0)
(-0.106464 -0.119264 0)
(-0.0975096 -0.112473 0)
(-0.09259 -0.107075 0)
(-0.0912781 -0.103007 0)
(-0.0927674 -0.099974 0)
(-0.0961673 -0.0975741 0)
(-0.100707 -0.0954618 0)
(-0.105834 -0.0934253 0)
(-0.111199 -0.0913595 0)
(-0.11661 -0.0892198 0)
(-0.121966 -0.0869899 0)
(-0.127214 -0.0846655 0)
(-0.132329 -0.0822476 0)
(-0.137297 -0.0797385 0)
(-0.142106 -0.077142 0)
(-0.146752 -0.0744615 0)
(-0.151228 -0.0717014 0)
(-0.155529 -0.0688656 0)
(-0.15965 -0.0659585 0)
(-0.163588 -0.0629843 0)
(-0.167339 -0.059947 0)
(-0.1709 -0.0568503 0)
(-0.174266 -0.0536976 0)
(-0.177437 -0.0504916 0)
(-0.180408 -0.0472352 0)
(-0.183177 -0.0439311 0)
(-0.185742 -0.040582 0)
(-0.188101 -0.0371915 0)
(-0.190251 -0.033763 0)
(-0.192191 -0.0303006 0)
(-0.19392 -0.0268081 0)
(-0.195435 -0.0232892 0)
(-0.196737 -0.0197475 0)
(-0.197824 -0.0161864 0)
(-0.198694 -0.0126091 0)
(-0.199343 -0.0090187 0)
(-0.199769 -0.00541782 0)
(-0.199989 -0.00180832 0)
(0.199979 -0.00286455 0)
(0.199562 -0.0085797 0)
(0.198757 -0.0142703 0)
(0.197529 -0.0199268 0)
(0.195886 -0.0255388 0)
(0.193838 -0.0310952 0)
(0.19139 -0.0365848 0)
(0.188549 -0.0419967 0)
(0.185318 -0.0473195 0)
(0.181705 -0.0525423 0)
(0.177716 -0.0576537 0)
(0.17336 -0.0626431 0)
(0.168646 -0.0675 0)
(0.163583 -0.0722148 0)
(0.158182 -0.0767786 0)
(0.152453 -0.0811829 0)
(0.146409 -0.0854193 0)
(0.140063 -0.0894794 0)
(0.133428 -0.093355 0)
(0.126523 -0.0970381 0)
(0.119374 -0.100522 0)
(0.11202 -0.103804 0)
(0.104532 -0.10689 0)
(0.0970345 -0.10981 0)
(0.089735 -0.112644 0)
(0.0829367 -0.115553 0)
(0.0769665 -0.118811 0)
(0.0720218 -0.122761 0)
(0.0680323 -0.127696 0)
(0.0645944 -0.13372 0)
(0.0610475 -0.140702 0)
(0.0566989 -0.148357 0)
(0.051041 -0.156351 0)
(0.0438219 -0.164369 0)
(0.0349872 -0.172149 0)
(0.0245888 -0.179481 0)
(0.0127221 -0.186208 0)
(-0.000482503 -0.192211 0)
(-0.014904 -0.197407 0)
(-0.0304529 -0.201744 0)
(-0.0470332 -0.205187 0)
(-0.0645429 -0.207718 0)
(-0.0828822 -0.209333 0)
(-0.101948 -0.210035 0)
(-0.121629 -0.209839 0)
(-0.141799 -0.208762 0)
(-0.162309 -0.206828 0)
(-0.182955 -0.204063 0)
(-0.20342 -0.200498 0)
(-0.223261 -0.196164 0)
(-0.241745 -0.191091 0)
(-0.256877 -0.185325 0)
(-0.263645 -0.179303 0)
(-0.259293 -0.172313 0)
(-0.245514 -0.164797 0)
(-0.227275 -0.156844 0)
(-0.207852 -0.148573 0)
(-0.188722 -0.140118 0)
(-0.170421 -0.131632 0)
(-0.152564 -0.123284 0)
(-0.135055 -0.115235 0)
(-0.11918 -0.107696 0)
(-0.106366 -0.100932 0)
(-0.0973839 -0.0952001 0)
(-0.0924303 -0.0906456 0)
(-0.0910655 -0.0871862 0)
(-0.0925164 -0.0845856 0)
(-0.0958982 -0.0825427 0)
(-0.100426 -0.0807552 0)
(-0.105545 -0.0790366 0)
(-0.110906 -0.0772948 0)
(-0.116315 -0.075491 0)
(-0.121672 -0.0736112 0)
(-0.126922 -0.0716515 0)
(-0.132041 -0.0696126 0)
(-0.137014 -0.0674965 0)
(-0.14183 -0.065306 0)
(-0.146484 -0.0630443 0)
(-0.15097 -0.0607146 0)
(-0.155282 -0.0583205 0)
(-0.159416 -0.0558655 0)
(-0.163368 -0.0533531 0)
(-0.167134 -0.0507865 0)
(-0.170709 -0.048169 0)
(-0.174092 -0.0455032 0)
(-0.177279 -0.0427915 0)
(-0.180266 -0.0400363 0)
(-0.183052 -0.0372398 0)
(-0.185634 -0.0344045 0)
(-0.188008 -0.0315331 0)
(-0.190174 -0.0286288 0)
(-0.192128 -0.025695 0)
(-0.19387 -0.022735 0)
(-0.195397 -0.0197521 0)
(-0.196709 -0.0167493 0)
(-0.197805 -0.0137294 0)
(-0.198683 -0.0106955 0)
(-0.199337 -0.00765024 0)
(-0.199767 -0.00459584 0)
(-0.199989 -0.001534 0)
(0.199979 -0.00234619 0)
(0.199561 -0.00702707 0)
(0.198752 -0.0116877 0)
(0.197521 -0.0163203 0)
(0.195872 -0.0209161 0)
(0.193817 -0.0254661 0)
(0.191362 -0.029961 0)
(0.188511 -0.0343917 0)
(0.185271 -0.038749 0)
(0.181648 -0.0430238 0)
(0.177649 -0.0472069 0)
(0.173282 -0.0512894 0)
(0.168557 -0.0552629 0)
(0.163484 -0.0591195 0)
(0.158073 -0.0628519 0)
(0.152336 -0.0664532 0)
(0.146283 -0.0699166 0)
(0.139929 -0.0732352 0)
(0.133288 -0.0764024 0)
(0.126378 -0.0794116 0)
(0.119225 -0.0822574 0)
(0.111869 -0.0849375 0)
(0.104381 -0.0874576 0)
(0.0968839 -0.0898423 0)
(0.0895879 -0.092156 0)
(0.0827954 -0.0945329 0)
(0.0768324 -0.0971969 0)
(0.0718949 -0.100428 0)
(0.0679105 -0.104467 0)
(0.0644746 -0.109394 0)
(0.0609268 -0.115105 0)
(0.0565756 -0.121365 0)
(0.0509158 -0.1279 0)
(0.0436969 -0.134453 0)
(0.0348653 -0.140811 0)
(0.0244732 -0.146803 0)
(0.0126158 -0.152298 0)
(-0.000575958 -0.157202 0)
(-0.0149817 -0.161447 0)
(-0.0305127 -0.164988 0)
(-0.0470724 -0.167799 0)
(-0.0645594 -0.169864 0)
(-0.0828738 -0.17118 0)
(-0.101913 -0.17175 0)
(-0.121565 -0.171585 0)
(-0.141705 -0.170701 0)
(-0.162183 -0.169115 0)
(-0.182797 -0.166851 0)
(-0.203229 -0.163931 0)
(-0.223031 -0.160381 0)
(-0.24148 -0.156228 0)
(-0.25663 -0.151512 0)
(-0.263338 -0.146695 0)
(-0.259085 -0.140952 0)
(-0.245342 -0.134794 0)
(-0.227125 -0.128286 0)
(-0.207717 -0.121522 0)
(-0.188599 -0.114609 0)
(-0.170308 -0.107671 0)
(-0.152464 -0.100845 0)
(-0.134968 -0.0942616 0)
(-0.119102 -0.0880937 0)
(-0.106286 -0.0825599 0)
(-0.0972674 -0.0778714 0)
(-0.0923418 -0.074221 0)
(-0.0909215 -0.0714428 0)
(-0.0923181 -0.0692102 0)
(-0.0956933 -0.0675134 0)
(-0.100211 -0.0660497 0)
(-0.105322 -0.0646484 0)
(-0.11068 -0.0632292 0)
(-0.116087 -0.0617594 0)
(-0.121444 -0.0602271 0)
(-0.126695 -0.0586293 0)
(-0.131817 -0.0569664 0)
(-0.136794 -0.05524 0)
(-0.141616 -0.0534524 0)
(-0.146277 -0.0516063 0)
(-0.150771 -0.0497042 0)
(-0.155092 -0.047749 0)
(-0.159236 -0.0457435 0)
(-0.163198 -0.0436906 0)
(-0.166975 -0.041593 0)
(-0.170563 -0.0394531 0)
(-0.173958 -0.0372732 0)
(-0.177157 -0.0350552 0)
(-0.180158 -0.0328011 0)
(-0.182956 -0.0305126 0)
(-0.18555 -0.0281917 0)
(-0.187937 -0.0258408 0)
(-0.190114 -0.0234625 0)
(-0.19208 -0.0210594 0)
(-0.193831 -0.0186345 0)
(-0.195368 -0.0161904 0)
(-0.196688 -0.0137296 0)
(-0.197791 -0.0112546 0)
(-0.198674 -0.00876785 0)
(-0.199333 -0.00627156 0)
(-0.199765 -0.00376767 0)
(-0.199989 -0.00125759 0)
(0.199979 -0.00182627 0)
(0.19956 -0.00546978 0)
(0.198749 -0.0090975 0)
(0.197515 -0.0127032 0)
(0.195862 -0.0162802 0)
(0.193801 -0.0198213 0)
(0.19134 -0.0233194 0)
(0.188484 -0.0267672 0)
(0.185237 -0.0301576 0)
(0.181606 -0.0334834 0)
(0.177599 -0.0367376 0)
(0.173225 -0.0399131 0)
(0.168492 -0.0430035 0)
(0.163411 -0.0460026 0)
(0.157993 -0.0489047 0)
(0.152248 -0.0517046 0)
(0.146189 -0.0543968 0)
(0.139829 -0.0569763 0)
(0.133183 -0.0594377 0)
(0.126269 -0.0617761 0)
(0.119112 -0.0639873 0)
(0.111754 -0.0660696 0)
(0.104264 -0.0680275 0)
(0.096768 -0.0698802 0)
(0.0894744 -0.071678 0)
(0.0826863 -0.0735254 0)
(0.0767293 -0.0755969 0)
(0.0717978 -0.0781101 0)
(0.067818 -0.0812506 0)
(0.0643843 -0.0850823 0)
(0.060836 -0.0895219 0)
(0.056483 -0.0943873 0)
(0.0508216 -0.0994656 0)
(0.0436026 -0.104558 0)
(0.0347732 -0.109498 0)
(0.0243858 -0.114153 0)
(0.0125357 -0.118421 0)
(-0.000646029 -0.12223 0)
(-0.0150394 -0.125527 0)
(-0.0305558 -0.128277 0)
(-0.047099 -0.130459 0)
(-0.0645674 -0.132061 0)
(-0.0828614 -0.133081 0)
(-0.101878 -0.133522 0)
(-0.121507 -0.133391 0)
(-0.141622 -0.132701 0)
(-0.162074 -0.131467 0)
(-0.18266 -0.129704 0)
(-0.203064 -0.127434 0)
(-0.222837 -0.124675 0)
(-0.241269 -0.12145 0)
(-0.256388 -0.117807 0)
(-0.263127 -0.114071 0)
(-0.258921 -0.109602 0)
(-0.245211 -0.104812 0)
(-0.227012 -0.0997529 0)
(-0.207615 -0.0944945 0)
(-0.188503 -0.0891206 0)
(-0.170219 -0.0837263 0)
(-0.152383 -0.0784186 0)
(-0.134896 -0.0732976 0)
(-0.119036 -0.0684976 0)
(-0.106221 -0.0641895 0)
(-0.0971606 -0.0605379 0)
(-0.0922693 -0.0577636 0)
(-0.0908335 -0.0556962 0)
(-0.0921672 -0.0538397 0)
(-0.095546 -0.0524934 0)
(-0.100055 -0.0513534 0)
(-0.105159 -0.0502674 0)
(-0.110512 -0.0491682 0)
(-0.115917 -0.0480294 0)
(-0.121273 -0.0468416 0)
(-0.126525 -0.0456026 0)
(-0.131649 -0.0443126 0)
(-0.13663 -0.042973 0)
(-0.141456 -0.0415857 0)
(-0.146122 -0.0401525 0)
(-0.150621 -0.0386756 0)
(-0.154949 -0.0371571 0)
(-0.1591 -0.0355992 0)
(-0.163071 -0.0340042 0)
(-0.166856 -0.0323741 0)
(-0.170453 -0.0307108 0)
(-0.173858 -0.029016 0)
(-0.177067 -0.0272914 0)
(-0.180077 -0.0255382 0)
(-0.182885 -0.0237579 0)
(-0.185488 -0.0219522 0)
(-0.187884 -0.0201228 0)
(-0.19007 -0.0182717 0)
(-0.192043 -0.0164011 0)
(-0.193803 -0.0145132 0)
(-0.195346 -0.0126101 0)
(-0.196672 -0.0106938 0)
(-0.197781 -0.00876631 0)
(-0.198668 -0.00682947 0)
(-0.199329 -0.00488513 0)
(-0.199764 -0.00293481 0)
(-0.199989 -0.000979609 0)
(0.199979 -0.00130522 0)
(0.199559 -0.00390916 0)
(0.198747 -0.00650177 0)
(0.19751 -0.00907863 0)
(0.195855 -0.0116349 0)
(0.193791 -0.0141654 0)
(0.191326 -0.0166651 0)
(0.188465 -0.0191286 0)
(0.185213 -0.0215511 0)
(0.181577 -0.0239272 0)
(0.177564 -0.026252 0)
(0.173185 -0.0285204 0)
(0.168447 -0.0307277 0)
(0.16336 -0.0328697 0)
(0.157937 -0.0349422 0)
(0.152187 -0.0369414 0)
(0.146123 -0.0388637 0)
(0.139759 -0.0407052 0)
(0.133109 -0.0424623 0)
(0.126192 -0.0441314 0)
(0.119033 -0.0457095 0)
(0.111673 -0.0471955 0)
(0.104182 -0.0485926 0)
(0.0966864 -0.0499146 0)
(0.0893945 -0.0511975 0)
(0.0826095 -0.0525162 0)
(0.0766565 -0.0539953 0)
(0.0717291 -0.0557904 0)
(0.0677523 -0.0580336 0)
(0.0643197 -0.0607702 0)
(0.0607708 -0.0639405 0)
(0.0564163 -0.0674143 0)
(0.0507536 -0.0710396 0)
(0.0435346 -0.0746746 0)
(0.0347068 -0.0782002 0)
(0.024323 -0.0815222 0)
(0.0124784 -0.0845686 0)
(-0.000695848 -0.0872863 0)
(-0.0150798 -0.0896384 0)
(-0.0305852 -0.0916002 0)
(-0.0471158 -0.0931564 0)
(-0.06457 -0.0942989 0)
(-0.0828485 -0.0950257 0)
(-0.101849 -0.0953389 0)
(-0.121459 -0.0952444 0)
(-0.141555 -0.0947507 0)
(-0.161987 -0.0938683 0)
(-0.182553 -0.0926097 0)
(-0.202935 -0.0909886 0)
(-0.222689 -0.0890195 0)
(-0.241113 -0.0867187 0)
(-0.256213 -0.0841267 0)
(-0.262976 -0.0814628 0)
(-0.2588 -0.0782728 0)
(-0.245113 -0.0748527 0)
(-0.226928 -0.0712401 0)
(-0.207539 -0.0674855 0)
(-0.188432 -0.0636484 0)
(-0.170152 -0.059796 0)
(-0.152321 -0.0560044 0)
(-0.134839 -0.0523442 0)
(-0.118984 -0.0489105 0)
(-0.106168 -0.0458239 0)
(-0.097061 -0.0431993 0)
(-0.092194 -0.0412532 0)
(-0.0908041 -0.0399067 0)
(-0.0920603 -0.0384728 0)
(-0.0954521 -0.037487 0)
(-0.0999524 -0.03667 0)
(-0.105049 -0.0358961 0)
(-0.110396 -0.0351134 0)
(-0.115799 -0.0343023 0)
(-0.121153 -0.0334562 0)
(-0.126406 -0.0325732 0)
(-0.13153 -0.0316538 0)
(-0.136513 -0.0306988 0)
(-0.141342 -0.0297094 0)
(-0.146011 -0.0286872 0)
(-0.150515 -0.0276336 0)
(-0.154847 -0.0265502 0)
(-0.159004 -0.0254385 0)
(-0.16298 -0.0243001 0)
(-0.166772 -0.0231365 0)
(-0.170375 -0.021949 0)
(-0.173786 -0.0207388 0)
(-0.177002 -0.0195071 0)
(-0.180019 -0.0182549 0)
(-0.182834 -0.0169832 0)
(-0.185444 -0.0156931 0)
(-0.187846 -0.0143858 0)
(-0.190038 -0.013063 0)
(-0.192018 -0.011726 0)
(-0.193782 -0.0103766 0)
(-0.195331 -0.00901614 0)
(-0.196661 -0.00764618 0)
(-0.197773 -0.00626811 0)
(-0.198663 -0.00488329 0)
(-0.199327 -0.00349307 0)
(-0.199763 -0.00209852 0)
(-0.199989 -0.000700473 0)
(0.199979 -0.00078342 0)
(0.199559 -0.00234629 0)
(0.198745 -0.00390234 0)
(0.197507 -0.00544895 0)
(0.19585 -0.00698318 0)
(0.193784 -0.00850195 0)
(0.191316 -0.0100021 0)
(0.188452 -0.0114806 0)
(0.185197 -0.0129344 0)
(0.181558 -0.0143603 0)
(0.177542 -0.0157553 0)
(0.173159 -0.0171164 0)
(0.168417 -0.0184408 0)
(0.163328 -0.0197259 0)
(0.157901 -0.0209693 0)
(0.152148 -0.0221686 0)
(0.146081 -0.0233216 0)
(0.139714 -0.0244262 0)
(0.133062 -0.0254801 0)
(0.126142 -0.0264811 0)
(0.118982 -0.0274275 0)
(0.111621 -0.0283186 0)
(0.104129 -0.0291564 0)
(0.0966339 -0.0299491 0)
(0.089343 -0.0307184 0)
(0.0825599 -0.0315093 0)
(0.0766095 -0.0323967 0)
(0.0716848 -0.0334737 0)
(0.0677099 -0.0348196 0)
(0.0642782 -0.0364614 0)
(0.060729 -0.0383631 0)
(0.0563735 -0.0404466 0)
(0.05071 -0.0426208 0)
(0.0434909 -0.0448007 0)
(0.0346643 -0.0469149 0)
(0.0242828 -0.0489068 0)
(0.0124419 -0.0507333 0)
(-0.000727357 -0.0523627 0)
(-0.015105 -0.0537727 0)
(-0.0306032 -0.0549486 0)
(-0.0471253 -0.0558813 0)
(-0.0645701 -0.056566 0)
(-0.0828381 -0.0570012 0)
(-0.101827 -0.0571885 0)
(-0.121425 -0.0571314 0)
(-0.141509 -0.0568348 0)
(-0.161928 -0.0563054 0)
(-0.182481 -0.0555504 0)
(-0.202849 -0.0545782 0)
(-0.22259 -0.0533975 0)
(-0.241012 -0.0520182 0)
(-0.256098 -0.0504668 0)
(-0.262879 -0.0488696 0)
(-0.258721 -0.0469567 0)
(-0.245049 -0.0449054 0)
(-0.226874 -0.0427386 0)
(-0.207491 -0.0404866 0)
(-0.188388 -0.0381851 0)
(-0.170111 -0.0358742 0)
(-0.152284 -0.0335994 0)
(-0.134806 -0.0314029 0)
(-0.118953 -0.0293416 0)
(-0.106135 -0.027487 0)
(-0.0969922 -0.0259064 0)
(-0.092142 -0.0247503 0)
(-0.0907452 -0.0239571 0)
(-0.0919969 -0.0230869 0)
(-0.0953906 -0.0224903 0)
(-0.0998858 -0.0219986 0)
(-0.104978 -0.021534 0)
(-0.110322 -0.0210649 0)
(-0.115723 -0.0205789 0)
(-0.121077 -0.020072 0)
(-0.126329 -0.019543 0)
(-0.131454 -0.0189921 0)
(-0.136438 -0.0184198 0)
(-0.141268 -0.0178269 0)
(-0.14594 -0.0172142 0)
(-0.150446 -0.0165826 0)
(-0.154782 -0.0159331 0)
(-0.158942 -0.0152665 0)
(-0.162922 -0.0145839 0)
(-0.166718 -0.0138861 0)
(-0.170325 -0.0131738 0)
(-0.173741 -0.0124479 0)
(-0.176961 -0.0117091 0)
(-0.179982 -0.0109578 0)
(-0.182801 -0.0101947 0)
(-0.185416 -0.00942052 0)
(-0.187822 -0.00863602 0)
(-0.190018 -0.00784207 0)
(-0.192001 -0.00703961 0)
(-0.19377 -0.00622959 0)
(-0.195321 -0.00541293 0)
(-0.196654 -0.00459052 0)
(-0.197768 -0.00376319 0)
(-0.19866 -0.00293181 0)
(-0.199326 -0.00209716 0)
(-0.199763 -0.00125992 0)
(-0.199989 -0.000420557 0)
(0.199979 -0.00026118 0)
(0.199558 -0.000782121 0)
(0.198745 -0.00130079 0)
(0.197506 -0.00181634 0)
(0.195848 -0.0023278 0)
(0.193781 -0.00283413 0)
(0.191312 -0.00333426 0)
(0.188447 -0.00382717 0)
(0.18519 -0.00431182 0)
(0.181549 -0.00478717 0)
(0.177532 -0.00525221 0)
(0.173147 -0.00570595 0)
(0.168403 -0.00614743 0)
(0.163312 -0.0065758 0)
(0.157883 -0.00699024 0)
(0.152129 -0.00738999 0)
(0.14606 -0.00777431 0)
(0.139692 -0.00814245 0)
(0.133039 -0.00849368 0)
(0.126119 -0.00882729 0)
(0.118957 -0.00914269 0)
(0.111595 -0.00943965 0)
(0.104104 -0.00971882 0)
(0.0966085 -0.00998298 0)
(0.0893181 -0.0102394 0)
(0.082536 -0.0105029 0)
(0.0765868 -0.0107987 0)
(0.0716633 -0.0111577 0)
(0.0676893 -0.0116062 0)
(0.0642579 -0.0121534 0)
(0.0607084 -0.0127871 0)
(0.0563525 -0.0134813 0)
(0.0506887 -0.0142057 0)
(0.0434696 -0.014932 0)
(0.0346435 -0.0156363 0)
(0.0242633 -0.0162998 0)
(0.0124241 -0.0169082 0)
(-0.000742515 -0.017451 0)
(-0.015117 -0.0179206 0)
(-0.0306115 -0.0183122 -2.34724e-29)
(-0.0471294 -0.0186227 0)
(-0.0645695 -0.0188506 0)
(-0.0828323 -0.0189954 -2.30337e-29)
(-0.101816 -0.0190576 0)
(-0.121408 -0.0190384 0)
(-0.141485 -0.0189394 2.24113e-29)
(-0.161898 -0.0187629 0)
(-0.182444 -0.0185113 0)
(-0.202807 -0.0181873 0)
(-0.222542 -0.017794 0)
(-0.240962 -0.0173344 0)
(-0.256042 -0.016818 0)
(-0.262831 -0.0162858 0)
(-0.258681 -0.0156482 0)
(-0.245017 -0.0149644 0)
(-0.226847 -0.014242 0)
(-0.207467 -0.0134913 0)
(-0.188366 -0.012724 0)
(-0.17009 -0.0119536 0)
(-0.152265 -0.0111952 0)
(-0.13479 -0.0104629 -7.79447e-30)
(-0.118939 -0.0097756 0)
(-0.106118 -0.00915703 -6.38753e-30)
(-0.0969583 -0.00862958 0)
(-0.0921207 -0.00824676 0)
(-0.0907084 -0.00798275 -4.68365e-30)
(-0.0919631 -0.0076931 9.22149e-30)
(-0.0953569 -0.00749387 0)
(-0.0998507 -0.00732972 -4.4462e-30)
(-0.104941 -0.00717487 8.84268e-30)
(-0.110285 -0.00701861 0)
(-0.115686 -0.00685683 0)
(-0.121039 -0.0066881 0)
(-0.126291 -0.00651203 -4.40197e-30)
(-0.131417 -0.00632865 0)
(-0.136401 -0.00613814 0)
(-0.141233 -0.00594075 -4.40126e-30)
(-0.145905 -0.00573674 0)
(-0.150413 -0.00552643 4.40122e-30)
(-0.15475 -0.0053101 0)
(-0.158912 -0.00508809 0)
(-0.162894 -0.0048607 0)
(-0.166691 -0.00462823 8.80244e-30)
(-0.170301 -0.00439094 0)
(-0.173718 -0.00414909 -8.80244e-30)
(-0.176941 -0.00390289 0)
(-0.179964 -0.00365253 0)
(-0.182786 -0.00339823 8.80244e-30)
(-0.185402 -0.00314021 0)
(-0.18781 -0.00287873 0)
(-0.190008 -0.00261409 0)
(-0.191993 -0.00234661 0)
(-0.193763 -0.00207659 0)
(-0.195316 -0.00180435 4.40122e-30)
(-0.196651 -0.00153019 0)
(-0.197766 -0.00125439 0)
(-0.198659 -0.000977244 8.80244e-30)
(-0.199325 -0.000699033 0)
(-0.199762 -0.000419969 8.80244e-30)
(-0.199989 -0.000140191 0)
(0.199979 0.000261208 0)
(0.199558 0.000782468 0)
(0.198745 0.00130145 0)
(0.197506 0.00181721 0)
(0.195848 0.00232877 0)
(0.193781 0.00283511 0)
(0.191312 0.00333522 0)
(0.188447 0.00382808 0)
(0.18519 0.00431268 0)
(0.181549 0.00478797 0)
(0.177532 0.00525296 0)
(0.173147 0.00570663 0)
(0.168403 0.00614805 0)
(0.163312 0.00657636 0)
(0.157883 0.00699076 0)
(0.152129 0.00739046 0)
(0.14606 0.00777474 0)
(0.139692 0.00814285 0)
(0.133039 0.00849404 0)
(0.126119 0.0088276 0)
(0.118957 0.00914295 0)
(0.111595 0.00943984 0)
(0.104104 0.00971893 0)
(0.0966085 0.00998299 0)
(0.0893182 0.0102393 0)
(0.082536 0.0105028 0)
(0.0765869 0.0107985 0)
(0.0716633 0.0111575 0)
(0.0676894 0.0116062 0)
(0.064258 0.0121537 0)
(0.0607085 0.0127879 0)
(0.0563526 0.0134827 0)
(0.0506887 0.0142078 0)
(0.0434696 0.0149348 0)
(0.0346436 0.0156398 0)
(0.0242633 0.0163041 0)
(0.0124242 0.0169133 0)
(-0.000742387 0.0174567 0)
(-0.0151169 0.017927 0)
(-0.0306113 0.0183193 2.34723e-29)
(-0.0471292 0.0186304 0)
(-0.0645692 0.0188589 0)
(-0.0828321 0.0190041 2.30337e-29)
(-0.101815 0.0190667 0)
(-0.121408 0.0190478 0)
(-0.141485 0.0189491 -2.24113e-29)
(-0.161898 0.0187726 0)
(-0.182444 0.018521 0)
(-0.202807 0.018197 0)
(-0.222542 0.0178035 0)
(-0.240962 0.0173438 0)
(-0.256042 0.0168271 0)
(-0.26283 0.0162949 0)
(-0.25868 0.0156576 0)
(-0.245016 0.0149744 0)
(-0.226845 0.0142527 0)
(-0.207465 0.0135026 0)
(-0.188365 0.0127359 0)
(-0.170089 0.0119659 0)
(-0.152264 0.0112078 0)
(-0.134789 0.0104757 7.79444e-30)
(-0.118938 0.00978829 0)
(-0.106118 0.00916941 6.3875e-30)
(-0.0969581 0.00864159 0)
(-0.0921206 0.00825844 0)
(-0.0907085 0.0079941 4.68364e-30)
(-0.0919632 0.00770398 -9.22148e-30)
(-0.0953571 0.00750431 0)
(-0.0998509 0.00733967 4.4462e-30)
(-0.104942 0.00718431 -8.84267e-30)
(-0.110285 0.00702752 0)
(-0.115686 0.00686519 0)
(-0.121039 0.00669592 0)
(-0.126292 0.00651932 4.40197e-30)
(-0.131417 0.00633543 0)
(-0.136402 0.00614445 0)
(-0.141233 0.00594661 4.40126e-30)
(-0.145906 0.0057422 0)
(-0.150413 0.00553151 -4.40122e-30)
(-0.15475 0.00531484 0)
(-0.158912 0.0050925 0)
(-0.162894 0.0048648 0)
(-0.166691 0.00463204 -8.80244e-30)
(-0.170301 0.00439448 0)
(-0.173718 0.00415236 8.80244e-30)
(-0.176941 0.00390592 0)
(-0.179964 0.00365535 0)
(-0.182786 0.00340085 -8.80244e-30)
(-0.185402 0.00314265 0)
(-0.187811 0.00288101 0)
(-0.190008 0.0026162 0)
(-0.191993 0.00234855 0)
(-0.193763 0.00207838 0)
(-0.195316 0.00180599 -4.40122e-30)
(-0.196651 0.00153166 0)
(-0.197766 0.00125569 0)
(-0.198659 0.000978321 -8.80244e-30)
(-0.199325 0.00069982 0)
(-0.199762 0.000420419 -8.80244e-30)
(-0.199989 0.000140318 0)
(0.199979 0.000783465 0)
(0.199559 0.00234663 0)
(0.198745 0.00390299 0)
(0.197507 0.0054498 0)
(0.19585 0.00698413 0)
(0.193784 0.00850291 0)
(0.191317 0.0100031 0)
(0.188452 0.0114815 0)
(0.185197 0.0129352 0)
(0.181558 0.0143611 0)
(0.177543 0.015756 0)
(0.173159 0.0171171 0)
(0.168418 0.0184414 0)
(0.163328 0.0197264 0)
(0.157901 0.0209697 0)
(0.152148 0.022169 0)
(0.146081 0.0233221 0)
(0.139714 0.0244266 0)
(0.133062 0.0254804 0)
(0.126143 0.0264814 0)
(0.118982 0.0274278 0)
(0.111621 0.0283188 0)
(0.10413 0.0291565 0)
(0.0966341 0.0299491 0)
(0.0893432 0.0307184 0)
(0.0825601 0.0315092 0)
(0.0766097 0.0323965 0)
(0.071685 0.0334735 0)
(0.0677102 0.0348196 0)
(0.0642784 0.0364617 0)
(0.0607292 0.0383638 0)
(0.0563738 0.0404479 0)
(0.0507103 0.0426228 0)
(0.0434912 0.0448033 0)
(0.0346646 0.0469183 0)
(0.0242832 0.0489109 0)
(0.0124423 0.0507382 0)
(-0.000726864 0.0523684 0)
(-0.0151045 0.0537791 0)
(-0.0306026 0.0549557 0)
(-0.0471247 0.055889 0)
(-0.0645695 0.0565742 0)
(-0.0828375 0.0570099 0)
(-0.101826 0.0571976 0)
(-0.121425 0.0571407 0)
(-0.141508 0.0568444 0)
(-0.161928 0.056315 0)
(-0.18248 0.05556 0)
(-0.202849 0.0545877 0)
(-0.22259 0.0534068 0)
(-0.241011 0.0520272 0)
(-0.256097 0.0504756 0)
(-0.262877 0.0488783 0)
(-0.258717 0.0469656 0)
(-0.245045 0.0449148 0)
(-0.22687 0.0427486 0)
(-0.207487 0.0404971 0)
(-0.188384 0.0381959 0)
(-0.170107 0.0358852 0)
(-0.152281 0.0336104 0)
(-0.134804 0.0314141 0)
(-0.118952 0.0293532 0)
(-0.106134 0.0274988 0)
(-0.0969918 0.0259182 0)
(-0.092142 0.024762 0)
(-0.0907454 0.0239684 0)
(-0.0919973 0.0230978 0)
(-0.0953912 0.0225008 0)
(-0.0998864 0.0220085 0)
(-0.104978 0.0215435 0)
(-0.110323 0.0210738 0)
(-0.115724 0.0205873 0)
(-0.121077 0.0200798 0)
(-0.12633 0.0195503 0)
(-0.131455 0.0189988 0)
(-0.136438 0.0184261 0)
(-0.141269 0.0178327 0)
(-0.14594 0.0172196 0)
(-0.150447 0.0165877 0)
(-0.154783 0.0159378 0)
(-0.158943 0.0152709 0)
(-0.162922 0.014588 0)
(-0.166718 0.0138898 0)
(-0.170325 0.0131773 0)
(-0.173741 0.0124512 0)
(-0.176961 0.011712 0)
(-0.179982 0.0109605 0)
(-0.182802 0.0101973 0)
(-0.185416 0.00942293 0)
(-0.187822 0.00863826 0)
(-0.190018 0.00784414 0)
(-0.192001 0.00704152 0)
(-0.19377 0.00623135 0)
(-0.195321 0.00541453 0)
(-0.196654 0.00459196 0)
(-0.197768 0.00376446 0)
(-0.19866 0.00293286 0)
(-0.199326 0.00209793 0)
(-0.199763 0.00126036 0)
(-0.199989 0.000420678 0)
(0.199979 0.00130529 0)
(0.199559 0.0039095 0)
(0.198747 0.0065024 0)
(0.19751 0.00907945 0)
(0.195855 0.0116358 0)
(0.193791 0.0141663 0)
(0.191326 0.0166659 0)
(0.188465 0.0191295 0)
(0.185213 0.0215519 0)
(0.181577 0.023928 0)
(0.177565 0.0262527 0)
(0.173185 0.028521 0)
(0.168447 0.0307283 0)
(0.16336 0.0328702 0)
(0.157937 0.0349427 0)
(0.152187 0.0369419 0)
(0.146123 0.0388641 0)
(0.139759 0.0407056 0)
(0.133109 0.0424626 0)
(0.126192 0.0441317 0)
(0.119033 0.0457098 0)
(0.111673 0.0471957 0)
(0.104182 0.0485927 0)
(0.0966868 0.0499146 0)
(0.0893949 0.0511974 0)
(0.0826098 0.0525161 0)
(0.0766569 0.0539951 0)
(0.0717295 0.0557903 0)
(0.0677527 0.0580336 0)
(0.0643202 0.0607705 0)
(0.0607713 0.0639412 0)
(0.0564169 0.0674155 0)
(0.0507542 0.0710414 0)
(0.0435352 0.074677 0)
(0.0347075 0.0782034 0)
(0.0243237 0.0815262 0)
(0.0124791 0.0845733 0)
(-0.000695032 0.0872918 0)
(-0.0150789 0.0896445 0)
(-0.0305844 0.091607 0)
(-0.0471149 0.0931638 0)
(-0.0645692 0.0943069 0)
(-0.0828476 0.0950341 0)
(-0.101848 0.0953477 0)
(-0.121458 0.0952534 0)
(-0.141554 0.0947598 0)
(-0.161987 0.0938775 0)
(-0.182553 0.0926188 0)
(-0.202935 0.0909976 0)
(-0.222688 0.0890282 0)
(-0.241113 0.0867271 0)
(-0.256211 0.0841349 0)
(-0.262973 0.0814707 0)
(-0.258795 0.0782809 0)
(-0.245106 0.0748611 0)
(-0.226922 0.0712489 0)
(-0.207533 0.0674946 0)
(-0.188428 0.0636576 0)
(-0.170148 0.0598053 0)
(-0.152318 0.0560137 0)
(-0.134835 0.0523536 0)
(-0.118979 0.0489203 0)
(-0.106165 0.0458343 0)
(-0.0970596 0.0432102 0)
(-0.0921937 0.0412643 0)
(-0.0908043 0.0399176 0)
(-0.0920612 0.0384834 0)
(-0.0954532 0.0374973 0)
(-0.0999536 0.0366799 0)
(-0.10505 0.0359054 0)
(-0.110397 0.0351221 0)
(-0.1158 0.0343106 0)
(-0.121154 0.0334639 0)
(-0.126407 0.0325804 0)
(-0.131531 0.0316604 0)
(-0.136514 0.0307049 0)
(-0.141342 0.0297151 0)
(-0.146012 0.0286925 0)
(-0.150515 0.0276386 0)
(-0.154848 0.0265548 0)
(-0.159005 0.0254428 0)
(-0.162981 0.0243041 0)
(-0.166772 0.0231401 0)
(-0.170376 0.0219524 0)
(-0.173787 0.020742 0)
(-0.177002 0.0195101 0)
(-0.180019 0.0182576 0)
(-0.182834 0.0169857 0)
(-0.185444 0.0156954 0)
(-0.187847 0.014388 0)
(-0.190039 0.013065 0)
(-0.192018 0.0117279 0)
(-0.193783 0.0103783 0)
(-0.195331 0.00901768 0)
(-0.196661 0.00764757 0)
(-0.197773 0.00626932 0)
(-0.198663 0.0048843 0)
(-0.199327 0.0034938 0)
(-0.199763 0.00209894 0)
(-0.199989 0.000700583 0)
(0.199979 0.00182635 0)
(0.19956 0.00547012 0)
(0.198749 0.0090981 0)
(0.197515 0.012704 0)
(0.195862 0.0162811 0)
(0.193802 0.0198222 0)
(0.191341 0.0233202 0)
(0.188484 0.026768 0)
(0.185237 0.0301583 0)
(0.181606 0.0334841 0)
(0.177599 0.0367382 0)
(0.173225 0.0399137 0)
(0.168493 0.043004 0)
(0.163412 0.0460031 0)
(0.157993 0.0489052 0)
(0.152249 0.0517049 0)
(0.14619 0.0543972 0)
(0.13983 0.0569766 0)
(0.133183 0.059438 0)
(0.126269 0.0617764 0)
(0.119113 0.0639876 0)
(0.111754 0.0660698 0)
(0.104265 0.0680276 0)
(0.0967685 0.0698802 0)
(0.0894749 0.0716779 0)
(0.0826869 0.0735253 0)
(0.07673 0.0755967 0)
(0.0717986 0.07811 0)
(0.0678189 0.0812506 0)
(0.0643852 0.0850826 0)
(0.0608369 0.0895226 0)
(0.056484 0.0943884 0)
(0.0508226 0.0994672 0)
(0.0436036 0.10456 0)
(0.0347742 0.109501 0)
(0.0243869 0.114156 0)
(0.0125368 0.118426 0)
(-0.000644904 0.122235 0)
(-0.0150382 0.125533 0)
(-0.0305546 0.128283 0)
(-0.0470978 0.130466 0)
(-0.0645662 0.132069 0)
(-0.0828603 0.133089 0)
(-0.101877 0.13353 0)
(-0.121506 0.1334 0)
(-0.141621 0.13271 0)
(-0.162073 0.131475 0)
(-0.18266 0.129713 0)
(-0.203063 0.127442 0)
(-0.222836 0.124683 0)
(-0.241269 0.121458 0)
(-0.256386 0.117814 0)
(-0.263123 0.114078 0)
(-0.258915 0.10961 0)
(-0.245203 0.10482 0)
(-0.227004 0.0997613 0)
(-0.207608 0.0945032 0)
(-0.188497 0.0891296 0)
(-0.170214 0.0837355 0)
(-0.152378 0.0784281 0)
(-0.134891 0.0733073 0)
(-0.119032 0.0685073 0)
(-0.106217 0.0641994 0)
(-0.097158 0.0605482 0)
(-0.0922683 0.0577741 0)
(-0.0908335 0.0557065 0)
(-0.092168 0.0538499 0)
(-0.0955472 0.0525033 0)
(-0.100056 0.051363 0)
(-0.105161 0.0502765 0)
(-0.110513 0.0491768 0)
(-0.115919 0.0480374 0)
(-0.121275 0.0468491 0)
(-0.126527 0.0456095 0)
(-0.13165 0.0443191 0)
(-0.136631 0.042979 0)
(-0.141457 0.0415913 0)
(-0.146123 0.0401577 0)
(-0.150622 0.0386804 0)
(-0.15495 0.0371615 0)
(-0.159101 0.0356034 0)
(-0.163072 0.034008 0)
(-0.166857 0.0323776 0)
(-0.170454 0.0307141 0)
(-0.173858 0.029019 0)
(-0.177067 0.0272941 0)
(-0.180077 0.0255408 0)
(-0.182885 0.0237603 0)
(-0.185489 0.0219544 0)
(-0.187884 0.0201248 0)
(-0.19007 0.0182736 0)
(-0.192044 0.0164028 0)
(-0.193803 0.0145148 0)
(-0.195346 0.0126115 0)
(-0.196673 0.0106951 0)
(-0.197781 0.00876744 0)
(-0.198668 0.00683041 0)
(-0.199329 0.00488582 0)
(-0.199764 0.00293519 0)
(-0.199989 0.000979705 0)
(0.199979 0.00234629 0)
(0.199561 0.00702739 0)
(0.198752 0.0116883 0)
(0.197521 0.016321 0)
(0.195872 0.0209169 0)
(0.193817 0.0254668 0)
(0.191362 0.0299617 0)
(0.188511 0.0343924 0)
(0.185271 0.0387497 0)
(0.181648 0.0430244 0)
(0.177649 0.0472075 0)
(0.173283 0.0512899 0)
(0.168558 0.0552634 0)
(0.163485 0.0591199 0)
(0.158074 0.0628523 0)
(0.152336 0.0664535 0)
(0.146284 0.0699169 0)
(0.13993 0.0732355 0)
(0.133289 0.0764026 0)
(0.126379 0.0794118 0)
(0.119226 0.0822575 0)
(0.11187 0.0849376 0)
(0.104381 0.0874577 0)
(0.0968847 0.0898423 0)
(0.0895887 0.0921559 0)
(0.0827963 0.0945327 0)
(0.0768334 0.0971967 0)
(0.071896 0.100428 0)
(0.0679117 0.104467 0)
(0.0644759 0.109395 0)
(0.0609281 0.115106 0)
(0.0565771 0.121366 0)
(0.0509173 0.127901 0)
(0.0436983 0.134455 0)
(0.0348667 0.140814 0)
(0.0244746 0.146806 0)
(0.0126173 0.152302 0)
(-0.000574455 0.157207 0)
(-0.0149802 0.161452 0)
(-0.0305111 0.164994 0)
(-0.0470709 0.167805 0)
(-0.0645579 0.169871 0)
(-0.0828723 0.171187 0)
(-0.101911 0.171758 0)
(-0.121564 0.171593 0)
(-0.141704 0.170709 0)
(-0.162182 0.169123 0)
(-0.182796 0.166859 0)
(-0.203228 0.163939 0)
(-0.22303 0.160389 0)
(-0.241479 0.156235 0)
(-0.256628 0.151519 0)
(-0.263333 0.146702 0)
(-0.259076 0.140959 0)
(-0.245331 0.134802 0)
(-0.227115 0.128295 0)
(-0.207708 0.121531 0)
(-0.188591 0.114619 0)
(-0.170301 0.107681 0)
(-0.152458 0.100855 0)
(-0.134962 0.0942717 0)
(-0.119096 0.0881036 0)
(-0.106281 0.0825697 0)
(-0.0972645 0.0778813 0)
(-0.0923407 0.074231 0)
(-0.0909216 0.0714527 0)
(-0.0923191 0.0692201 0)
(-0.0956948 0.0675231 0)
(-0.100213 0.066059 0)
(-0.105324 0.0646572 0)
(-0.110681 0.0632376 0)
(-0.116089 0.0617672 0)
(-0.121446 0.0602344 0)
(-0.126697 0.0586361 0)
(-0.131819 0.0569726 0)
(-0.136796 0.0552458 0)
(-0.141618 0.0534578 0)
(-0.146278 0.0516112 0)
(-0.150772 0.0497088 0)
(-0.155093 0.0477532 0)
(-0.159237 0.0457475 0)
(-0.163199 0.0436943 0)
(-0.166976 0.0415964 0)
(-0.170564 0.0394562 0)
(-0.173959 0.0372761 0)
(-0.177158 0.0350579 0)
(-0.180158 0.0328035 0)
(-0.182957 0.0305148 0)
(-0.185551 0.0281938 0)
(-0.187937 0.0258427 0)
(-0.190115 0.0234642 0)
(-0.19208 0.0210611 0)
(-0.193832 0.018636 0)
(-0.195368 0.0161917 0)
(-0.196688 0.0137308 0)
(-0.197791 0.0112557 0)
(-0.198674 0.00876871 0)
(-0.199333 0.00627218 0)
(-0.199765 0.00376802 0)
(-0.199989 0.00125768 0)
(0.199979 0.00286465 0)
(0.199562 0.00858 0)
(0.198757 0.0142708 0)
(0.197529 0.0199275 0)
(0.195886 0.0255395 0)
(0.193838 0.0310959 0)
(0.19139 0.0365855 0)
(0.188549 0.0419973 0)
(0.185318 0.0473201 0)
(0.181705 0.0525428 0)
(0.177716 0.0576542 0)
(0.17336 0.0626435 0)
(0.168646 0.0675004 0)
(0.163583 0.0722152 0)
(0.158182 0.0767789 0)
(0.152454 0.0811832 0)
(0.14641 0.0854195 0)
(0.140063 0.0894796 0)
(0.133429 0.0933552 0)
(0.126524 0.0970382 0)
(0.119375 0.100522 0)
(0.112021 0.103804 0)
(0.104533 0.10689 0)
(0.0970355 0.10981 0)
(0.0897361 0.112643 0)
(0.0829379 0.115553 0)
(0.0769678 0.118811 0)
(0.0720233 0.122761 0)
(0.0680339 0.127696 0)
(0.0645961 0.13372 0)
(0.0610493 0.140702 0)
(0.0567007 0.148358 0)
(0.0510429 0.156352 0)
(0.0438238 0.164371 0)
(0.0349891 0.172151 0)
(0.0245907 0.179485 0)
(0.012724 0.186212 0)
(-0.00048063 0.192215 0)
(-0.0149021 0.197413 0)
(-0.030451 0.20175 0)
(-0.0470313 0.205193 0)
(-0.0645411 0.207725 0)
(-0.0828805 0.209339 0)
(-0.101946 0.210042 0)
(-0.121627 0.209846 0)
(-0.141798 0.208769 0)
(-0.162308 0.206835 0)
(-0.182954 0.20407 0)
(-0.203419 0.200505 0)
(-0.223259 0.19617 0)
(-0.241744 0.191097 0)
(-0.256874 0.18533 0)
(-0.263638 0.179309 0)
(-0.259282 0.172319 0)
(-0.2455 0.164803 0)
(-0.227261 0.156852 0)
(-0.207839 0.148581 0)
(-0.188711 0.140127 0)
(-0.170412 0.131641 0)
(-0.152556 0.123294 0)
(-0.135048 0.115245 0)
(-0.119175 0.107705 0)
(-0.106361 0.100941 0)
(-0.0973806 0.0952084 0)
(-0.0924289 0.0906546 0)
(-0.0910655 0.0871956 0)
(-0.0925175 0.0845952 0)
(-0.0959 0.0825521 0)
(-0.100428 0.0807643 0)
(-0.105547 0.0790452 0)
(-0.110908 0.0773029 0)
(-0.116318 0.0754986 0)
(-0.121674 0.0736182 0)
(-0.126924 0.071658 0)
(-0.132042 0.0696186 0)
(-0.137016 0.067502 0)
(-0.141832 0.0653111 0)
(-0.146486 0.0630489 0)
(-0.150972 0.0607189 0)
(-0.155284 0.0583245 0)
(-0.159418 0.0558692 0)
(-0.163369 0.0533565 0)
(-0.167135 0.0507896 0)
(-0.17071 0.0481718 0)
(-0.174093 0.0455058 0)
(-0.17728 0.0427939 0)
(-0.180267 0.0400385 0)
(-0.183053 0.0372418 0)
(-0.185634 0.0344063 0)
(-0.188009 0.0315348 0)
(-0.190174 0.0286304 0)
(-0.192128 0.0256965 0)
(-0.19387 0.0227364 0)
(-0.195397 0.0197533 0)
(-0.196709 0.0167503 0)
(-0.197805 0.0137304 0)
(-0.198683 0.0106963 0)
(-0.199337 0.00765079 0)
(-0.199767 0.00459615 0)
(-0.199989 0.00153408 0)
(0.199979 0.00338089 0)
(0.199564 0.0101263 0)
(0.198762 0.016843 0)
(0.197541 0.0235197 0)
(0.195905 0.0301443 0)
(0.193866 0.0367039 0)
(0.191429 0.0431855 0)
(0.188599 0.0495761 0)
(0.185381 0.0558626 0)
(0.181781 0.0620319 0)
(0.177806 0.068071 0)
(0.173464 0.0739669 0)
(0.168764 0.0797074 0)
(0.163714 0.0852813 0)
(0.158326 0.0906777 0)
(0.15261 0.0958865 0)
(0.146577 0.100898 0)
(0.140241 0.105701 0)
(0.133615 0.110287 0)
(0.126719 0.114646 0)
(0.119575 0.118769 0)
(0.112226 0.122654 0)
(0.10474 0.126307 0)
(0.0972409 0.129763 0)
(0.0899369 0.133116 0)
(0.0831303 0.136556 0)
(0.077149 0.140407 0)
(0.0721927 0.145076 0)
(0.0681937 0.15091 0)
(0.0647505 0.158033 0)
(0.0612026 0.166293 0)
(0.0568555 0.175352 0)
(0.0511991 0.184812 0)
(0.0439793 0.194303 0)
(0.0351407 0.203512 0)
(0.0247349 0.212194 0)
(0.0128568 0.220158 0)
(-0.000363317 0.227267 0)
(-0.0148037 0.233422 0)
(-0.0303742 0.238559 0)
(-0.046979 0.242639 0)
(-0.064516 0.24564 0)
(-0.0828848 0.247556 0)
(-0.101982 0.248394 0)
(-0.121697 0.248168 0)
(-0.141903 0.246901 0)
(-0.162451 0.24462 0)
(-0.183135 0.241358 0)
(-0.20364 0.23715 0)
(-0.223523 0.232033 0)
(-0.242049 0.226047 0)
(-0.257154 0.219242 0)
(-0.263975 0.211965 0)
(-0.259521 0.203718 0)
(-0.245701 0.19484 0)
(-0.227438 0.185439 0)
(-0.207997 0.175656 0)
(-0.188855 0.165653 0)
(-0.170541 0.155612 0)
(-0.152669 0.145735 0)
(-0.135145 0.13621 0)
(-0.119265 0.127287 0)
(-0.106459 0.11928 0)
(-0.0975042 0.112488 0)
(-0.0925866 0.107087 0)
(-0.0912772 0.103019 0)
(-0.0927683 0.0999845 0)
(-0.0961693 0.0975839 0)
(-0.10071 0.095471 0)
(-0.105837 0.0934339 0)
(-0.111202 0.0913675 0)
(-0.116613 0.0892271 0)
(-0.121969 0.0869966 0)
(-0.127217 0.0846717 0)
(-0.132331 0.0822532 0)
(-0.137299 0.0797438 0)
(-0.142108 0.0771467 0)
(-0.146754 0.0744659 0)
(-0.15123 0.0717054 0)
(-0.15553 0.0688693 0)
(-0.159652 0.0659619 0)
(-0.16359 0.0629874 0)
(-0.167341 0.0599499 0)
(-0.170901 0.0568529 0)
(-0.174268 0.0536999 0)
(-0.177438 0.0504938 0)
(-0.180409 0.0472372 0)
(-0.183178 0.0439329 0)
(-0.185743 0.0405837 0)
(-0.188101 0.037193 0)
(-0.190252 0.0337644 0)
(-0.192192 0.0303019 0)
(-0.19392 0.0268092 0)
(-0.195435 0.0232902 0)
(-0.196737 0.0197484 0)
(-0.197824 0.0161872 0)
(-0.198694 0.0126097 0)
(-0.199343 0.00901917 0)
(-0.199769 0.00541808 0)
(-0.199989 0.00180839 0)
(0.199979 0.00389433 0)
(0.199567 0.0116643 0)
(0.19877 0.0194015 0)
(0.197556 0.0270932 0)
(0.19593 0.0347257 0)
(0.193902 0.0422843 0)
(0.191479 0.0497542 0)
(0.188664 0.0571205 0)
(0.185463 0.0643684 0)
(0.18188 0.0714829 0)
(0.177923 0.0784488 0)
(0.173599 0.0852514 0)
(0.168916 0.0918766 0)
(0.163884 0.0983113 0)
(0.158512 0.104543 0)
(0.15281 0.11056 0)
(0.146791 0.11635 0)
(0.140465 0.121903 0)
(0.133849 0.127206 0)
(0.126958 0.132248 0)
(0.119819 0.137019 0)
(0.112471 0.141516 0)
(0.104983 0.145747 0)
(0.0974801 0.149751 0)
(0.0901689 0.153633 0)
(0.0833526 0.157615 0)
(0.0773602 0.162066 0)
(0.0723939 0.167455 0)
(0.0683882 0.174184 0)
(0.0649427 0.1824 0)
(0.0613964 0.191931 0)
(0.057052 0.202389 0)
(0.0513961 0.213315 0)
(0.0441732 0.22428 0)
(0.0353306 0.234923 0)
(0.0249165 0.244956 0)
(0.0130227 0.254161 0)
(-0.000217784 0.262377 0)
(-0.0146817 0.269494 0)
(-0.0302783 0.275435 0)
(-0.0469121 0.280154 0)
(-0.0644807 0.283628 0)
(-0.0828837 0.285849 0)
(-0.102018 0.286825 0)
(-0.121771 0.286572 0)
(-0.142018 0.285117 0)
(-0.162607 0.282492 0)
(-0.183335 0.278734 0)
(-0.203884 0.273885 0)
(-0.223813 0.267989 0)
(-0.242382 0.261091 0)
(-0.257467 0.253251 0)
(-0.264334 0.24469 0)
(-0.259793 0.235179 0)
(-0.245933 0.22493 0)
(-0.227643 0.214071 0)
(-0.208183 0.202768 0)
(-0.189025 0.191208 0)
(-0.170696 0.179603 0)
(-0.152804 0.168187 0)
(-0.135261 0.157178 0)
(-0.119375 0.146867 0)
(-0.106586 0.137618 0)
(-0.0976695 0.129779 0)
(-0.0927993 0.123556 0)
(-0.0915374 0.118879 0)
(-0.0930663 0.115398 0)
(-0.0964934 0.112635 0)
(-0.101052 0.110195 0)
(-0.10619 0.107836 0)
(-0.111563 0.105442 0)
(-0.116978 0.102961 0)
(-0.122335 0.100375 0)
(-0.127582 0.0976803 0)
(-0.132693 0.0948778 0)
(-0.137655 0.0919704 0)
(-0.142457 0.0889625 0)
(-0.147093 0.0858584 0)
(-0.151556 0.0826631 0)
(-0.155844 0.0793814 0)
(-0.159949 0.0760184 0)
(-0.16387 0.0725792 0)
(-0.167603 0.0690683 0)
(-0.171144 0.0654902 0)
(-0.17449 0.0618487 0)
(-0.17764 0.0581474 0)
(-0.18059 0.0543893 0)
(-0.183338 0.0505777 0)
(-0.185882 0.0467159 0)
(-0.18822 0.0428075 0)
(-0.190351 0.0388569 0)
(-0.192273 0.0348685 0)
(-0.193984 0.0308466 0)
(-0.195484 0.0267954 0)
(-0.196772 0.0227189 0)
(-0.197848 0.0186209 0)
(-0.198708 0.0145048 0)
(-0.19935 0.0103743 0)
(-0.199771 0.00623198 0)
(-0.199989 0.00208001 0)
(0.199979 0.00440408 0)
(0.199571 0.0131913 0)
(0.19878 0.0219419 0)
(0.197576 0.030642 0)
(0.195963 0.0392762 0)
(0.193951 0.0478282 0)
(0.191545 0.0562817 0)
(0.188751 0.06462 0)
(0.18557 0.0728263 0)
(0.18201 0.0808839 0)
(0.178076 0.0887756 0)
(0.173776 0.0964848 0)
(0.169116 0.103995 0)
(0.164107 0.111292 0)
(0.158756 0.118361 0)
(0.153075 0.125188 0)
(0.147074 0.13176 0)
(0.140766 0.138063 0)
(0.134164 0.144084 0)
(0.127287 0.149809 0)
(0.120158 0.155227 0)
(0.112816 0.160333 0)
(0.105332 0.165135 0)
(0.0978262 0.169678 0)
(0.0905061 0.174079 0)
(0.0836734 0.178589 0)
(0.0776588 0.18363 0)
(0.0726683 0.189736 0)
(0.0686414 0.197367 0)
(0.0651816 0.206693 0)
(0.0616288 0.217516 0)
(0.0572833 0.229395 0)
(0.0516285 0.241806 0)
(0.0444037 0.254262 0)
(0.035547 0.266353 0)
(0.0251138 0.27775 0)
(0.013204 0.288207 0)
(-5.62965e-05 0.297543 0)
(-0.0145448 0.305628 0)
(-0.0301695 0.31238 0)
(-0.0468349 0.317745 0)
(-0.0644381 0.321696 0)
(-0.0828784 0.324225 0)
(-0.102052 0.325342 0)
(-0.121847 0.325066 0)
(-0.142138 0.323426 0)
(-0.162773 0.320459 0)
(-0.183547 0.316207 0)
(-0.204142 0.310719 0)
(-0.224119 0.304043 0)
(-0.242728 0.296234 0)
(-0.2578 0.287361 0)
(-0.264698 0.277514 0)
(-0.260087 0.266727 0)
(-0.246188 0.255095 0)
(-0.227871 0.242768 0)
(-0.20839 0.229933 0)
(-0.189215 0.216806 0)
(-0.17087 0.203627 0)
(-0.152962 0.190665 0)
(-0.135407 0.178164 0)
(-0.119518 0.166457 0)
(-0.106743 0.155961 0)
(-0.0978649 0.147073 0)
(-0.0930513 0.140028 0)
(-0.0918471 0.134742 0)
(-0.093425 0.130809 0)
(-0.096889 0.127684 0)
(-0.101474 0.124916 0)
(-0.106629 0.122236 0)
(-0.112013 0.119512 0)
(-0.117434 0.116688 0)
(-0.122793 0.113745 0)
(-0.128039 0.110677 0)
(-0.133147 0.107486 0)
(-0.138102 0.104176 0)
(-0.142895 0.100752 0)
(-0.147519 0.0972197 0)
(-0.151968 0.0935846 0)
(-0.156238 0.0898527 0)
(-0.160325 0.0860298 0)
(-0.164225 0.0821218 0)
(-0.167935 0.0781343 0)
(-0.171452 0.0740723 0)
(-0.174773 0.0699404 0)
(-0.177896 0.0657426 0)
(-0.18082 0.0614826 0)
(-0.183541 0.057164 0)
(-0.186059 0.0527905 0)
(-0.188372 0.0483665 0)
(-0.190478 0.0438966 0)
(-0.192376 0.0393856 0)
(-0.194066 0.0348385 0)
(-0.195547 0.0302599 0)
(-0.196818 0.025654 0)
(-0.197878 0.0210249 0)
(-0.198727 0.0163765 0)
(-0.199359 0.0117124 0)
(-0.199775 0.0070356 0)
(-0.199989 0.00234817 0)
(0.19998 0.00490897 0)
(0.199575 0.0147038 0)
(0.198793 0.0244587 0)
(0.197602 0.0341584 0)
(0.196006 0.0437863 0)
(0.194014 0.0533248 0)
(0.191632 0.0627558 0)
(0.188863 0.0720612 0)
(0.18571 0.0812225 0)
(0.182179 0.0902212 0)
(0.178274 0.0990382 0)
(0.174003 0.107655 0)
(0.169372 0.116054 0)
(0.164389 0.124217 0)
(0.159063 0.13213 0)
(0.153403 0.139776 0)
(0.147421 0.14714 0)
(0.141126 0.154207 0)
(0.134534 0.160962 0)
(0.127662 0.16739 0)
(0.120533 0.173478 0)
(0.113187 0.17922 0)
(0.105695 0.184626 0)
(0.0981782 0.189744 0)
(0.0908443 0.194704 0)
(0.0839964 0.19978 0)
(0.0779666 0.205438 0)
(0.0729638 0.212268 0)
(0.0689292 0.220788 0)
(0.0654669 0.231193 0)
(0.0619151 0.243275 0)
(0.057571 0.256544 0)
(0.0519139 0.270418 0)
(0.044682 0.28435 0)
(0.035816 0.297878 0)
(0.0253672 0.310637 0)
(0.0134326 0.322346 0)
(0.000142208 0.3328 0)
(-0.0143792 0.341856 0)
(-0.0300387 0.349418 0)
(-0.0467409 0.355429 0)
(-0.0643827 0.359858 0)
(-0.0828632 0.362697 0)
(-0.102079 0.363956 0)
(-0.121917 0.363657 0)
(-0.142253 0.361833 0)
(-0.162934 0.358526 0)
(-0.183756 0.353781 0)
(-0.2044 0.347652 0)
(-0.224423 0.340193 0)
(-0.243072 0.331463 0)
(-0.25816 0.321537 0)
(-0.265044 0.310496 0)
(-0.260391 0.298403 0)
(-0.246452 0.285369 0)
(-0.228109 0.271558 0)
(-0.208611 0.257179 0)
(-0.189422 0.242473 0)
(-0.171061 0.227711 0)
(-0.153134 0.213195 0)
(-0.13557 0.199206 0)
(-0.119687 0.186114 0)
(-0.106937 0.174383 0)
(-0.098105 0.164458 0)
(-0.0933496 0.1566 0)
(-0.0922041 0.150708 0)
(-0.0938338 0.146321 0)
(-0.0973399 0.142823 0)
(-0.101957 0.139715 0)
(-0.107136 0.136701 0)
(-0.112538 0.133633 0)
(-0.117972 0.130453 0)
(-0.12334 0.127139 0)
(-0.12859 0.123685 0)
(-0.133698 0.120094 0)
(-0.13865 0.11637 0)
(-0.143434 0.112521 0)
(-0.148046 0.108551 0)
(-0.15248 0.104467 0)
(-0.156731 0.100277 0)
(-0.160795 0.0959879 0)
(-0.16467 0.0916053 0)
(-0.168352 0.0871362 0)
(-0.171839 0.0825863 0)
(-0.175129 0.077961 0)
(-0.17822 0.0732649 0)
(-0.18111 0.068502 0)
(-0.183798 0.0636766 0)
(-0.186283 0.0587928 0)
(-0.188563 0.0538553 0)
(-0.190638 0.0488694 0)
(-0.192508 0.0438402 0)
(-0.19417 0.038773 0)
(-0.195626 0.0336729 0)
(-0.196875 0.0285443 0)
(-0.197917 0.0233914 0)
(-0.19875 0.0182184 0)
(-0.199371 0.013029 0)
(-0.199779 0.00782614 0)
(-0.19999 0.00261194 0)
(0.19998 0.00540749 0)
(0.199582 0.0161975 0)
(0.198811 0.0269444 0)
(0.197636 0.0376322 0)
(0.196062 0.0482434 0)
(0.194097 0.0587591 0)
(0.191745 0.0691598 0)
(0.18901 0.079426 0)
(0.185894 0.0895376 0)
(0.182401 0.0994742 0)
(0.178536 0.109215 0)
(0.174304 0.118739 0)
(0.169712 0.128027 0)
(0.164767 0.137059 0)
(0.159477 0.145817 0)
(0.153851 0.154283 0)
(0.1479 0.162439 0)
(0.141634 0.170268 0)
(0.135068 0.177751 0)
(0.128216 0.18487 0)
(0.121104 0.191611 0)
(0.113769 0.197964 0)
(0.106279 0.203937 0)
(0.0987536 0.209584 0)
(0.0913987 0.215048 0)
(0.0845163 0.220635 0)
(0.0784413 0.226867 0)
(0.0733894 0.234411 0)
(0.0693097 0.243848 0)
(0.0658127 0.255395 0)
(0.0622382 0.268811 0)
(0.0578799 0.283546 0)
(0.0522117 0.298947 0)
(0.0449668 0.314406 0)
(0.0360836 0.32941 0)
(0.0256131 0.343556 0)
(0.0136529 0.356534 0)
(0.0003327 0.368119 0)
(-0.0142212 0.378153 0)
(-0.0299145 0.386532 0)
(-0.0466519 0.393192 0)
(-0.0643298 0.398101 0)
(-0.0828468 0.401251 0)
(-0.102099 0.402653 0)
(-0.121976 0.402333 0)
(-0.142351 0.400328 0)
(-0.163073 0.396682 0)
(-0.183938 0.391447 0)
(-0.204627 0.384682 0)
(-0.224696 0.376444 0)
(-0.243388 0.366799 0)
(-0.258504 0.355823 0)
(-0.265379 0.343602 0)
(-0.260684 0.330209 0)
(-0.246706 0.315768 0)
(-0.228341 0.300464 0)
(-0.208828 0.284527 0)
(-0.18963 0.268227 0)
(-0.171255 0.251861 0)
(-0.153303 0.235766 0)
(-0.135717 0.220255 0)
(-0.119846 0.205746 0)
(-0.107145 0.192758 0)
(-0.0983844 0.18178 0)
(-0.0937103 0.173097 0)
(-0.0926467 0.166597 0)
(-0.0943506 0.16176 0)
(-0.0979171 0.157901 0)
(-0.102579 0.154466 0)
(-0.107792 0.151127 0)
(-0.113216 0.147724 0)
(-0.118664 0.144192 0)
(-0.124041 0.140507 0)
(-0.129294 0.136666 0)
(-0.134399 0.132672 0)
(-0.139344 0.12853 0)
(-0.144116 0.124249 0)
(-0.148712 0.119834 0)
(-0.153125 0.115296 0)
(-0.157352 0.11064 0)
(-0.161388 0.105877 0)
(-0.165231 0.101014 0)
(-0.168878 0.0960571 0)
(-0.172328 0.0910147 0)
(-0.175578 0.0858923 0)
(-0.178628 0.0806953 0)
(-0.181476 0.0754285 0)
(-0.184123 0.0700964 0)
(-0.186566 0.0647037 0)
(-0.188805 0.0592556 0)
(-0.190841 0.0537577 0)
(-0.192673 0.0482156 0)
(-0.194302 0.0426348 0)
(-0.195726 0.0370206 0)
(-0.196947 0.0313777 0)
(-0.197966 0.0257103 0)
(-0.19878 0.0200225 0)
(-0.199386 0.0143182 0)
(-0.199784 0.00860009 0)
(-0.19999 0.00287016 0)
(0.19998 0.00589764 0)
(0.19959 0.0176662 0)
(0.198833 0.0293893 0)
(0.197681 0.0410504 0)
(0.196136 0.0526314 0)
(0.194206 0.0641124 0)
(0.191894 0.0754731 0)
(0.189203 0.0866926 0)
(0.186133 0.0977497 0)
(0.182688 0.108622 0)
(0.178871 0.119288 0)
(0.174686 0.129724 0)
(0.170139 0.139909 0)
(0.165234 0.149822 0)
(0.15998 0.159442 0)
(0.154384 0.16875 0)
(0.148456 0.177727 0)
(0.142204 0.186353 0)
(0.135644 0.194608 0)
(0.128792 0.202474 0)
(0.121672 0.209934 0)
(0.114323 0.21698 0)
(0.106815 0.223621 0)
(0.0992695 0.229911 0)
(0.091892 0.236 0)
(0.084986 0.242211 0)
(0.0788882 0.249097 0)
(0.0738173 0.257374 0)
(0.0697247 0.267679 0)
(0.0662205 0.280265 0)
(0.0626421 0.294895 0)
(0.0582779 0.310982 0)
(0.0525971 0.327821 0)
(0.045331 0.34474 0)
(0.0364188 0.361174 0)
(0.0259129 0.376675 0)
(0.0139128 0.390899 0)
(0.000549821 0.403597 0)
(-0.0140467 0.414593 0)
(-0.0297805 0.423775 0)
(-0.0465561 0.431073 0)
(-0.0642693 0.436451 0)
(-0.0828188 0.439902 0)
(-0.102101 0.44144 0)
(-0.122006 0.441093 0)
(-0.142408 0.438903 0)
(-0.163159 0.43492 0)
(-0.184054 0.4292 0)
(-0.204777 0.421806 0)
(-0.224885 0.412802 0)
(-0.24362 0.402255 0)
(-0.25877 0.390248 0)
(-0.265649 0.376869 0)
(-0.260928 0.362191 0)
(-0.246923 0.346351 0)
(-0.228545 0.329557 0)
(-0.20903 0.312066 0)
(-0.189834 0.294173 0)
(-0.171463 0.276208 0)
(-0.153508 0.258541 0)
(-0.135911 0.241517 0)
(-0.120034 0.225601 0)
(-0.107366 0.211375 0)
(-0.0986818 0.199382 0)
(-0.0940992 0.189916 0)
(-0.0931198 0.182829 0)
(-0.0948972 0.177538 0)
(-0.0985262 0.17329 0)
(-0.103241 0.169488 0)
(-0.108497 0.165781 0)
(-0.113958 0.162 0)
(-0.119438 0.158076 0)
(-0.124839 0.153985 0)
(-0.130109 0.149724 0)
(-0.135225 0.145297 0)
(-0.140173 0.140711 0)
(-0.144941 0.135973 0)
(-0.149525 0.131093 0)
(-0.153919 0.12608 0)
(-0.15812 0.120944 0)
(-0.162124 0.115693 0)
(-0.16593 0.110336 0)
(-0.169536 0.104882 0)
(-0.17294 0.0993395 0)
(-0.176142 0.093714 0)
(-0.179142 0.0880121 0)
(-0.181938 0.0822391 0)
(-0.184532 0.0764 0)
(-0.186922 0.0705 0)
(-0.189111 0.0645446 0)
(-0.191097 0.0585396 0)
(-0.192883 0.0524911 0)
(-0.194468 0.0464048 0)
(-0.195853 0.0402859 0)
(-0.197039 0.0341392 0)
(-0.198027 0.0279689 0)
(-0.198817 0.0217789 0)
(-0.199405 0.0155728 0)
(-0.199791 0.00935308 0)
(-0.19999 0.00312133 0)
(0.199981 0.00637673 0)
(0.1996 0.0191021 0)
(0.198864 0.0317803 0)
(0.197741 0.044395 0)
(0.196234 0.0569278 0)
(0.19435 0.0693584 0)
(0.192091 0.0816657 0)
(0.189458 0.0938279 0)
(0.186452 0.105822 0)
(0.183072 0.117625 0)
(0.179323 0.129212 0)
(0.175206 0.140558 0)
(0.170726 0.151638 0)
(0.165887 0.162429 0)
(0.160695 0.172907 0)
(0.155158 0.183049 0)
(0.149283 0.192831 0)
(0.143079 0.20223 0)
(0.136558 0.21122 0)
(0.129734 0.219778 0)
(0.12263 0.227882 0)
(0.115284 0.235519 0)
(0.107762 0.242697 0)
(0.100184 0.249476 0)
(0.0927568 0.256025 0)
(0.0857833 0.262706 0)
(0.0796054 0.27014 0)
(0.0744499 0.279131 0)
(0.0702776 0.290389 0)
(0.0667056 0.304186 0)
(0.0630729 0.32024 0)
(0.0586644 0.337885 0)
(0.0529433 0.356332 0)
(0.0456364 0.374843 0)
(0.0366807 0.392802 0)
(0.0261298 0.409722 0)
(0.0140849 0.425234 0)
(0.000678567 0.439069 0)
(-0.0139574 0.451041 0)
(-0.0297248 0.46103 0)
(-0.0465276 0.468963 0)
(-0.064261 0.474805 0)
(-0.0828237 0.478552 0)
(-0.102113 0.48022 0)
(-0.122019 0.479844 0)
(-0.142419 0.477471 0)
(-0.163167 0.473157 0)
(-0.184063 0.466964 0)
(-0.204791 0.45896 0)
(-0.224914 0.449213 0)
(-0.243674 0.437794 0)
(-0.258855 0.424788 0)
(-0.265751 0.410282 0)
(-0.261027 0.394341 0)
(-0.247012 0.377115 0)
(-0.228633 0.358832 0)
(-0.209125 0.339777 0)
(-0.189945 0.320271 0)
(-0.171589 0.300676 0)
(-0.153647 0.281395 0)
(-0.136071 0.2628 0)
(-0.120229 0.2454 0)
(-0.107611 0.229836 0)
(-0.099009 0.216716 0)
(-0.0945496 0.206379 0)
(-0.0937084 0.198667 0)
(-0.0956158 0.192933 0)
(-0.0993555 0.188341 0)
(-0.104158 0.184227 0)
(-0.109482 0.180206 0)
(-0.114993 0.176093 0)
(-0.120507 0.171814 0)
(-0.125931 0.167344 0)
(-0.131213 0.16268 0)
(-0.13633 0.157831 0)
(-0.14127 0.152803 0)
(-0.146021 0.14761 0)
(-0.150581 0.14226 0)
(-0.154943 0.136767 0)
(-0.159106 0.131141 0)
(-0.163066 0.125394 0)
(-0.166822 0.119536 0)
(-0.170372 0.113578 0)
(-0.173717 0.107527 0)
(-0.176857 0.101394 0)
(-0.179792 0.0951832 0)
(-0.182522 0.0889022 0)
(-0.185049 0.0825563 0)
(-0.187373 0.0761512 0)
(-0.189497 0.0696928 0)
(-0.191421 0.0631872 0)
(-0.193147 0.0566406 0)
(-0.194677 0.0500589 0)
(-0.196013 0.0434472 0)
(-0.197155 0.03681 0)
(-0.198105 0.0301514 0)
(-0.198864 0.0234749 0)
(-0.199429 0.0167836 0)
(-0.199799 0.0100796 0)
(-0.199991 0.00336363 0)
(0.199981 0.00684121 0)
(0.199614 0.0204946 0)
(0.198904 0.0341003 0)
(0.197819 0.047643 0)
(0.196363 0.0611046 0)
(0.194539 0.0744653 0)
(0.192348 0.0877038 0)
(0.18979 0.100798 0)
(0.186862 0.113724 0)
(0.183562 0.126458 0)
(0.179892 0.138974 0)
(0.17585 0.151246 0)
(0.171439 0.163247 0)
(0.166662 0.174952 0)
(0.161521 0.186337 0)
(0.156024 0.197376 0)
(0.150177 0.208046 0)
(0.14399 0.218323 0)
(0.137477 0.22818 0)
(0.130653 0.237593 0)
(0.123542 0.246539 0)
(0.11618 0.255001 0)
(0.108634 0.262982 0)
(0.101022 0.270537 0)
(0.0935476 0.277831 0)
(0.0865155 0.285231 0)
(0.080272 0.293378 0)
(0.0750528 0.303117 0)
(0.070826 0.31521 0)
(0.0672114 0.329978 0)
(0.0635448 0.347161 0)
(0.0591033 0.366073 0)
(0.0533427 0.38588 0)
(0.0459866 0.405785 0)
(0.0369729 0.425115 0)
(0.0263577 0.443334 0)
(0.0142476 0.460038 0)
(0.000780218 0.47493 0)
(-0.0139088 0.487807 0)
(-0.0297174 0.498539 0)
(-0.0465467 0.507049 0)
(-0.0642898 0.513301 0)
(-0.082845 0.517295 0)
(-0.102111 0.519053 0)
(-0.121981 0.518616 0)
(-0.142335 0.516039 0)
(-0.163032 0.511385 0)
(-0.183878 0.504724 0)
(-0.204564 0.49613 0)
(-0.22466 0.485674 0)
(-0.243415 0.473431 0)
(-0.258617 0.459486 0)
(-0.265556 0.443917 0)
(-0.260879 0.426778 0)
(-0.246908 0.40822 0)
(-0.228571 0.388494 0)
(-0.209104 0.367911 0)
(-0.189968 0.346821 0)
(-0.171654 0.325625 0)
(-0.15375 0.30477 0)
(-0.136218 0.284672 0)
(-0.120439 0.265897 0)
(-0.107906 0.249144 0)
(-0.0994049 0.235054 0)
(-0.0950548 0.223967 0)
(-0.0943253 0.215676 0)
(-0.0963433 0.209463 0)
(-0.100186 0.204429 0)
(-0.105079 0.199876 0)
(-0.110483 0.195404 0)
(-0.116064 0.190826 0)
(-0.121637 0.186068 0)
(-0.12711 0.181108 0)
(-0.132431 0.175945 0)
(-0.137575 0.170588 0)
(-0.14253 0.165046 0)
(-0.147285 0.159333 0)
(-0.151835 0.15346 0)
(-0.156176 0.14744 0)
(-0.160305 0.141286 0)
(-0.16422 0.135009 0)
(-0.167922 0.128623 0)
(-0.17141 0.122137 0)
(-0.174686 0.115562 0)
(-0.177751 0.108907 0)
(-0.180606 0.102179 0)
(-0.183254 0.0953847 0)
(-0.185698 0.0885302 0)
(-0.18794 0.0816215 0)
(-0.189983 0.0746647 0)
(-0.191829 0.0676659 0)
(-0.193481 0.0606315 0)
(-0.194942 0.0535669 0)
(-0.196214 0.0464772 0)
(-0.197301 0.0393664 0)
(-0.198204 0.0322379 0)
(-0.198924 0.0250948 0)
(-0.199459 0.0179393 0)
(-0.19981 0.0107726 0)
(-0.199991 0.00359471 0)
(0.199982 0.00728621 0)
(0.199633 0.0218292 0)
(0.198957 0.0363256 0)
(0.197925 0.0507615 0)
(0.196536 0.0651204 0)
(0.194794 0.0793831 0)
(0.192698 0.0935285 0)
(0.190243 0.107534 0)
(0.187426 0.121375 0)
(0.184244 0.135025 0)
(0.180693 0.148456 0)
(0.176773 0.161638 0)
(0.172483 0.174541 0)
(0.167821 0.187133 0)
(0.162789 0.199384 0)
(0.157388 0.211262 0)
(0.151621 0.222735 0)
(0.145493 0.23377 0)
(0.139013 0.244335 0)
(0.132195 0.254399 0)
(0.125065 0.263937 0)
(0.117662 0.272934 0)
(0.110056 0.281398 0)
(0.10237 0.289392 0)
(0.09481 0.297101 0)
(0.0876815 0.304934 0)
(0.0813333 0.313606 0)
(0.0760051 0.324061 0)
(0.0716689 0.337149 0)
(0.0679464 0.353219 0)
(0.0641722 0.371954 0)
(0.0596192 0.392568 0)
(0.0537396 0.414122 0)
(0.0462573 0.435733 0)
(0.0371153 0.45667 0)
(0.0263779 0.476359 0)
(0.0141581 0.49437 0)
(0.000599989 0.510393 0)
(-0.0141548 0.524219 0)
(-0.0300009 0.535714 0)
(-0.0468373 0.544805 0)
(-0.0645553 0.551461 0)
(-0.0830532 0.55569 0)
(-0.102231 0.557523 0)
(-0.121985 0.557014 0)
(-0.142201 0.55423 0)
(-0.162747 0.549245 0)
(-0.183436 0.542141 0)
(-0.203975 0.533 0)
(-0.223944 0.521899 0)
(-0.242612 0.508913 0)
(-0.257784 0.494123 0)
(-0.264766 0.477592 0)
(-0.260181 0.459344 0)
(-0.246313 0.439528 0)
(-0.22808 0.418409 0)
(-0.208722 0.396314 0)
(-0.189692 0.373615 0)
(-0.171472 0.35074 0)
(-0.153647 0.328166 0)
(-0.136193 0.306352 0)
(-0.120509 0.285923 0)
(-0.108106 0.267659 0)
(-0.0997858 0.252292 0)
(-0.0956529 0.240233 0)
(-0.0951408 0.231273 0)
(-0.097357 0.224614 0)
(-0.101375 0.219252 0)
(-0.10642 0.214411 0)
(-0.111951 0.209648 0)
(-0.117636 0.204756 0)
(-0.123293 0.199654 0)
(-0.128828 0.194319 0)
(-0.134189 0.188751 0)
(-0.139353 0.18296 0)
(-0.144307 0.17696 0)
(-0.149041 0.170766 0)
(-0.153554 0.164396 0)
(-0.157842 0.157866 0)
(-0.161906 0.151192 0)
(-0.165745 0.14439 0)
(-0.169362 0.137474 0)
(-0.172758 0.130459 0)
(-0.175936 0.123357 0)
(-0.178898 0.116178 0)
(-0.181647 0.108931 0)
(-0.184188 0.101624 0)
(-0.186524 0.0942642 0)
(-0.188659 0.0868574 0)
(-0.190598 0.0794103 0)
(-0.192344 0.0719294 0)
(-0.193902 0.0644209 0)
(-0.195276 0.05689 0)
(-0.196469 0.0493413 0)
(-0.197485 0.0417782 0)
(-0.198328 0.0342033 0)
(-0.198999 0.0266186 0)
(-0.199497 0.0190254 0)
(-0.199823 0.0114235 0)
(-0.199992 0.00381166 0)
(0.199983 0.00770542 0)
(0.199658 0.0230873 0)
(0.199028 0.0384261 0)
(0.198063 0.0537113 0)
(0.196762 0.0689293 0)
(0.195124 0.0840633 0)
(0.193145 0.0990943 0)
(0.190816 0.114001 0)
(0.18813 0.128759 0)
(0.185079 0.143343 0)
(0.181656 0.157725 0)
(0.177856 0.171875 0)
(0.173675 0.185763 0)
(0.169111 0.199361 0)
(0.164166 0.21264 0)
(0.158844 0.225569 0)
(0.153149 0.238113 0)
(0.147087 0.250238 0)
(0.140663 0.261901 0)
(0.133885 0.273062 0)
(0.126771 0.283682 0)
(0.119352 0.293729 0)
(0.11169 0.303198 0)
(0.103903 0.312144 0)
(0.0961967 0.320746 0)
(0.0888824 0.329417 0)
(0.0823229 0.33889 0)
(0.07678 0.350149 0)
(0.0722457 0.364098 0)
(0.0683522 0.381128 0)
(0.0644337 0.400945 0)
(0.0597548 0.422747 0)
(0.0537582 0.445554 0)
(0.0461621 0.468432 0)
(0.0369101 0.490596 0)
(0.026071 0.511426 0)
(0.0137616 0.530454 0)
(0.000132291 0.547345 0)
(-0.0146698 0.561873 0)
(-0.0305337 0.5739 0)
(-0.0473492 0.583349 0)
(-0.0650024 0.5902 0)
(-0.0833873 0.594469 0)
(-0.102402 0.596203 0)
(-0.121945 0.595472 0)
(-0.141908 0.59236 0)
(-0.162167 0.586963 0)
(-0.182553 0.579377 0)
(-0.202792 0.569699 0)
(-0.222489 0.558016 0)
(-0.240945 0.544405 0)
(-0.256016 0.528936 0)
(-0.263056 0.51164 0)
(-0.258649 0.492489 0)
(-0.24499 0.47161 0)
(-0.226972 0.449282 0)
(-0.207841 0.425847 0)
(-0.189047 0.401707 0)
(-0.17105 0.377325 0)
(-0.153412 0.353227 0)
(-0.136104 0.329925 0)
(-0.120549 0.308131 0)
(-0.108292 0.2887 0)
(-0.100138 0.272399 0)
(-0.0962023 0.259621 0)
(-0.0959274 0.250081 0)
(-0.0983901 0.242896 0)
(-0.102638 0.237004 0)
(-0.107883 0.231603 0)
(-0.113581 0.226243 0)
(-0.119399 0.220721 0)
(-0.125157 0.214966 0)
(-0.130762 0.208959 0)
(-0.136168 0.20271 0)
(-0.141355 0.196236 0)
(-0.146314 0.189556 0)
(-0.151037 0.182691 0)
(-0.155523 0.17566 0)
(-0.159772 0.168482 0)
(-0.163781 0.161175 0)
(-0.167552 0.153756 0)
(-0.171086 0.146238 0)
(-0.174386 0.138636 0)
(-0.177457 0.130961 0)
(-0.180303 0.123224 0)
(-0.18293 0.115433 0)
(-0.185343 0.107597 0)
(-0.18755 0.0997226 0)
(-0.189555 0.0918155 0)
(-0.191366 0.0838823 0)
(-0.192989 0.075929 0)
(-0.19443 0.0679609 0)
(-0.195694 0.0599827 0)
(-0.196788 0.0519979 0)
(-0.197717 0.0440087 0)
(-0.198484 0.0360164 0)
(-0.199093 0.0280216 0)
(-0.199544 0.0200238 0)
(-0.19984 0.0120213 0)
(-0.199992 0.00401081 0)
(0.199985 0.00808952 0)
(0.199693 0.024241 0)
(0.199126 0.0403549 0)
(0.198257 0.0564253 0)
(0.197081 0.0724424 0)
(0.195593 0.0883918 0)
(0.193786 0.104256 0)
(0.191647 0.120012 0)
(0.189165 0.135637 0)
(0.186327 0.1511 0)
(0.183122 0.166367 0)
(0.179538 0.181401 0)
(0.175562 0.196161 0)
(0.171182 0.2106 0)
(0.166384 0.224678 0)
(0.161162 0.238359 0)
(0.155518 0.25161 0)
(0.149462 0.264397 0)
(0.14301 0.276686 0)
(0.13618 0.288438 0)
(0.128996 0.29962 0)
(0.121496 0.310199 0)
(0.113745 0.320168 0)
(0.105862 0.329582 0)
(0.0980539 0.338629 0)
(0.0906312 0.34775 0)
(0.0839586 0.357747 0)
(0.0782977 0.369705 0)
(0.0736354 0.384631 0)
(0.0695945 0.402967 0)
(0.0654977 0.424377 0)
(0.0605974 0.447955 0)
(0.0543315 0.472599 0)
(0.0464268 0.497273 0)
(0.0368449 0.521118 0)
(0.0256742 0.54346 0)
(0.0130545 0.563799 0)
(-0.000836719 0.581781 0)
(-0.0158378 0.597185 0)
(-0.0318239 0.609873 0)
(-0.0486675 0.61978 0)
(-0.0662461 0.626896 0)
(-0.0844504 0.63125 0)
(-0.103178 0.63291 0)
(-0.12233 0.63197 0)
(-0.141809 0.628543 0)
(-0.161505 0.622758 0)
(-0.181272 0.614743 0)
(-0.200872 0.604626 0)
(-0.219954 0.592515 0)
(-0.237881 0.578498 0)
(-0.252618 0.562629 0)
(-0.259637 0.544883 0)
(-0.255478 0.525128 0)
(-0.242169 0.503421 0)
(-0.224533 0.480021 0)
(-0.205814 0.455276 0)
(-0.187456 0.429609 0)
(-0.169913 0.403521 0)
(-0.152721 0.37757 0)
(-0.13581 0.352308 0)
(-0.120587 0.328535 0)
(-0.10863 0.307251 0)
(-0.100781 0.289387 0)
(-0.097149 0.275433 0)
(-0.097165 0.265111 0)
(-0.0998963 0.257428 0)
(-0.104385 0.251175 0)
(-0.109842 0.245454 0)
(-0.115725 0.239772 0)
(-0.121703 0.233909 0)
(-0.1276 0.22779 0)
(-0.133323 0.2214 0)
(-0.138825 0.214747 0)
(-0.144084 0.20785 0)
(-0.149087 0.200729 0)
(-0.153822 0.193403 0)
(-0.158287 0.185894 0)
(-0.162477 0.178219 0)
(-0.166395 0.170399 0)
(-0.170046 0.162452 0)
(-0.17344 0.154397 0)
(-0.176585 0.146255 0)
(-0.17949 0.138044 0)
(-0.182164 0.129776 0)
(-0.184614 0.121466 0)
(-0.186849 0.113123 0)
(-0.188878 0.104754 0)
(-0.190709 0.0963683 0)
(-0.192352 0.0879719 0)
(-0.193813 0.0795709 0)
(-0.195103 0.0711708 0)
(-0.196227 0.0627755 0)
(-0.197194 0.0543876 0)
(-0.19801 0.046008 0)
(-0.198681 0.0376365 0)
(-0.199212 0.0292719 0)
(-0.199605 0.0209118 0)
(-0.199861 0.0125523 0)
(-0.199993 0.00418756 0)
(0.199987 0.00842695 0)
(0.199737 0.0252582 0)
(0.199249 0.0420665 0)
(0.198498 0.0588543 0)
(0.197473 0.0756195 0)
(0.196163 0.0923541 0)
(0.194553 0.109046 0)
(0.192625 0.125677 0)
(0.190361 0.142229 0)
(0.187745 0.158675 0)
(0.184764 0.174991 0)
(0.181406 0.191148 0)
(0.177664 0.207119 0)
(0.173537 0.222882 0)
(0.16901 0.238377 0)
(0.164054 0.253521 0)
(0.158643 0.268245 0)
(0.152765 0.282491 0)
(0.146423 0.296208 0)
(0.139627 0.309349 0)
(0.132401 0.321869 0)
(0.124779 0.333731 0)
(0.116829 0.34492 0)
(0.108666 0.35548 0)
(0.100497 0.365596 0)
(0.0926373 0.375716 0)
(0.0854692 0.38667 0)
(0.0792871 0.399611 0)
(0.0741125 0.415621 0)
(0.0695868 0.435185 0)
(0.065034 0.457951 0)
(0.0597072 0.482953 0)
(0.0530532 0.50901 0)
(0.0448098 0.535008 0)
(0.0349407 0.560021 0)
(0.0235338 0.583326 0)
(0.0107335 0.604389 0)
(-0.00325108 0.622831 0)
(-0.0182502 0.638446 0)
(-0.0341481 0.65109 0)
(-0.0508145 0.660712 0)
(-0.068135 0.667336 0)
(-0.0859939 0.671036 0)
(-0.104271 0.67192 0)
(-0.122847 0.670123 0)
(-0.141612 0.665807 0)
(-0.160456 0.659154 0)
(-0.179252 0.650358 0)
(-0.1978 0.639611 0)
(-0.215811 0.627081 0)
(-0.232753 0.612898 0)
(-0.246791 0.597118 0)
(-0.253653 0.57963 0)
(-0.249863 0.560114 0)
(-0.237164 0.53843 0)
(-0.220193 0.514729 0)
(-0.202135 0.489335 0)
(-0.184392 0.462693 0)
(-0.167424 0.435359 0)
(-0.150788 0.407966 0)
(-0.134405 0.381157 0)
(-0.11966 0.35583 0)
(-0.108149 0.333085 0)
(-0.10077 0.313945 0)
(-0.0976567 0.298936 0)
(-0.0982164 0.287746 0)
(-0.101491 0.2793 0)
(-0.106494 0.272303 0)
(-0.112407 0.265809 0)
(-0.118674 0.259308 0)
(-0.12496 0.252584 0)
(-0.131087 0.245569 0)
(-0.136967 0.238255 0)
(-0.142555 0.230658 0)
(-0.147833 0.222801 0)
(-0.152794 0.214712 0)
(-0.157435 0.206416 0)
(-0.161761 0.197941 0)
(-0.165782 0.189318 0)
(-0.169515 0.180581 0)
(-0.172979 0.171772 0)
(-0.176189 0.162921 0)
(-0.179148 0.154038 0)
(-0.181864 0.145133 0)
(-0.184344 0.136216 0)
(-0.186597 0.127295 0)
(-0.188633 0.118376 0)
(-0.190461 0.109467 0)
(-0.192094 0.100572 0)
(-0.19354 0.0916971 0)
(-0.194813 0.0828461 0)
(-0.195922 0.0740228 0)
(-0.196878 0.0652292 0)
(-0.197692 0.0564656 0)
(-0.198371 0.0477306 0)
(-0.198926 0.0390212 0)
(-0.19936 0.0303333 0)
(-0.19968 0.0216615 0)
(-0.199888 0.0129986 0)
(-0.199995 0.00433579 0)
(0.199994 0.00869303 0)
(0.199818 0.0260611 0)
(0.199467 0.0434182 0)
(0.198909 0.0607774 0)
(0.198129 0.0781447 0)
(0.197105 0.0955168 0)
(0.195812 0.112881 0)
(0.194216 0.130215 0)
(0.192283 0.147487 0)
(0.18998 0.164654 0)
(0.187276 0.181665 0)
(0.184143 0.198462 0)
(0.180565 0.214978 0)
(0.176522 0.231142 0)
(0.17206 0.247078 0)
(0.167176 0.262794 0)
(0.161843 0.27817 0)
(0.156046 0.29311 0)
(0.149775 0.307533 0)
(0.143026 0.321375 0)
(0.135811 0.334577 0)
(0.128158 0.347097 0)
(0.120129 0.358912 0)
(0.111843 0.370063 0)
(0.103507 0.380731 0)
(0.0954473 0.391377 0)
(0.0880577 0.402871 0)
(0.0816443 0.416439 0)
(0.0762205 0.433251 0)
(0.071406 0.453846 0)
(0.066508 0.477858 0)
(0.0607669 0.504245 0)
(0.0536196 0.531727 0)
(0.0448022 0.5591 0)
(0.0342966 0.585369 0)
(0.0222171 0.60977 0)
(0.00871934 0.631745 0)
(-0.0058875 0.650917 0)
(-0.0214152 0.667062 0)
(-0.0377788 0.680088 0)
(-0.0547773 0.690063 0)
(-0.0722161 0.696922 0)
(-0.0899269 0.700636 0)
(-0.107762 0.701294 0)
(-0.125584 0.699062 0)
(-0.143266 0.69416 0)
(-0.160694 0.68685 0)
(-0.177752 0.677422 0)
(-0.194286 0.66618 0)
(-0.210093 0.653409 0)
(-0.224824 0.63935 0)
(-0.237034 0.62413 0)
(-0.243019 0.607558 0)
(-0.239514 0.588968 0)
(-0.227901 0.567751 0)
(-0.212402 0.543827 0)
(-0.195968 0.517525 0)
(-0.179849 0.48946 0)
(-0.164397 0.460489 0)
(-0.149123 0.431229 0)
(-0.133898 0.402334 0)
(-0.12008 0.374848 0)
(-0.109272 0.350091 0)
(-0.102428 0.329294 0)
(-0.0997626 0.313094 0)
(-0.100711 0.301118 0)
(-0.104324 0.292122 0)
(-0.10962 0.284665 0)
(-0.115775 0.277724 0)
(-0.122225 0.270764 0)
(-0.128639 0.263564 0)
(-0.134843 0.256059 0)
(-0.140757 0.248244 0)
(-0.146344 0.240141 0)
(-0.151594 0.231779 0)
(-0.156509 0.223192 0)
(-0.161097 0.214417 0)
(-0.16537 0.205496 0)
(-0.169341 0.19648 0)
(-0.17303 0.187426 0)
(-0.176454 0.178352 0)
(-0.179573 0.169161 0)
(-0.182404 0.159892 0)
(-0.184952 0.150572 0)
(-0.187231 0.141223 0)
(-0.189255 0.131866 0)
(-0.191041 0.122514 0)
(-0.192607 0.113182 0)
(-0.193971 0.10388 0)
(-0.195152 0.0946166 0)
(-0.196165 0.0853991 0)
(-0.197028 0.0762318 0)
(-0.197756 0.0671168 0)
(-0.198361 0.0580535 0)
(-0.198858 0.0490387 0)
(-0.199256 0.0400672 0)
(-0.199563 0.0311319 0)
(-0.199785 0.0222243 0)
(-0.199926 0.0133335 0)
(-0.199998 0.00444683 0)
(0.199991 0.00892754 0)
(0.199872 0.026764 0)
(0.19965 0.0446194 0)
(0.199307 0.0625359 0)
(0.198826 0.0805473 0)
(0.198183 0.0986762 0)
(0.19735 0.116934 0)
(0.196293 0.135323 0)
(0.194971 0.15383 0)
(0.19334 0.172432 0)
(0.191351 0.191092 0)
(0.188951 0.20976 0)
(0.186085 0.228377 0)
(0.182698 0.246879 0)
(0.178728 0.265091 0)
(0.174194 0.282964 0)
(0.169123 0.300504 0)
(0.163505 0.317659 0)
(0.157322 0.334348 0)
(0.150565 0.35048 0)
(0.143234 0.36597 0)
(0.135345 0.380745 0)
(0.126946 0.394761 0)
(0.118135 0.408037 0)
(0.109097 0.420741 0)
(0.100149 0.433328 0)
(0.0917103 0.446701 0)
(0.08415 0.46217 0)
(0.077544 0.481006 0)
(0.0715581 0.50378 0)
(0.0655217 0.530031 0)
(0.0586791 0.558561 0)
(0.0504759 0.587958 0)
(0.0406727 0.616934 0)
(0.0292867 0.644443 0)
(0.0164634 0.669681 0)
(0.00240425 0.692067 0)
(-0.0126341 0.71121 0)
(-0.0284609 0.726813 0)
(-0.0449189 0.738743 0)
(-0.0617754 0.746873 0)
(-0.0788169 0.751307 0)
(-0.0958737 0.752239 0)
(-0.112806 0.749886 0)
(-0.12949 0.744512 0)
(-0.145809 0.736442 0)
(-0.161649 0.726067 0)
(-0.176889 0.713849 0)
(-0.191367 0.700335 0)
(-0.204872 0.68615 0)
(-0.217075 0.672012 0)
(-0.226825 0.658666 0)
(-0.231194 0.646166 0)
(-0.227519 0.632772 0)
(-0.216849 0.616105 0)
(-0.202701 0.595281 0)
(-0.187662 0.570776 0)
(-0.172879 0.543478 0)
(-0.158733 0.514291 0)
(-0.144796 0.484302 0)
(-0.130942 0.453976 0)
(-0.118411 0.424147 0)
(-0.108765 0.396393 0)
(-0.103012 0.372427 0)
(-0.101471 0.353342 0)
(-0.103641 0.338936 0)
(-0.108492 0.327829 0)
(-0.114911 0.318402 0)
(-0.121994 0.309539 0)
(-0.129161 0.300681 0)
(-0.1361 0.291611 0)
(-0.142668 0.282268 0)
(-0.148812 0.272658 0)
(-0.154515 0.262808 0)
(-0.159784 0.252758 0)
(-0.164635 0.242548 0)
(-0.169083 0.23222 0)
(-0.173149 0.221806 0)
(-0.176847 0.211325 0)
(-0.180166 0.200767 0)
(-0.183087 0.190133 0)
(-0.185658 0.179525 0)
(-0.18791 0.168964 0)
(-0.189872 0.158473 0)
(-0.191575 0.148067 0)
(-0.193046 0.137761 0)
(-0.194309 0.127563 0)
(-0.195388 0.117482 0)
(-0.196304 0.107519 0)
(-0.197076 0.0976764 0)
(-0.197723 0.0879534 0)
(-0.198261 0.0783466 0)
(-0.198703 0.0688504 0)
(-0.199063 0.0594568 0)
(-0.199352 0.0501553 0)
(-0.199578 0.0409337 0)
(-0.19975 0.031778 0)
(-0.199874 0.0226726 0)
(-0.199954 0.0135987 0)
(-0.199997 0.00453579 0)
)
;

boundaryField
{
    fuel
    {
        type            fixedValue;
        value           uniform (0.2 0 0);
    }
    air
    {
        type            fixedValue;
        value           uniform (-0.2 0 0);
    }
    outlet
    {
        type            pressureInletOutletVelocity;
        value           nonuniform List<vector> 
200
(
(0.199991 -0.00892768 0)
(0.199872 -0.0267645 0)
(0.19965 -0.0446202 0)
(0.199307 -0.0625369 0)
(0.198826 -0.0805484 0)
(0.198183 -0.0986773 0)
(0.19735 -0.116935 0)
(0.196293 -0.135324 0)
(0.194971 -0.153831 0)
(0.19334 -0.172433 0)
(0.191351 -0.191093 0)
(0.188951 -0.209761 0)
(0.186085 -0.228377 0)
(0.182698 -0.246879 0)
(0.178728 -0.265092 0)
(0.174195 -0.282964 0)
(0.169124 -0.300504 0)
(0.163505 -0.31766 0)
(0.157323 -0.334349 0)
(0.150566 -0.350481 0)
(0.143235 -0.365971 0)
(0.135347 -0.380746 0)
(0.126948 -0.394762 0)
(0.118136 -0.408039 0)
(0.109098 -0.420743 0)
(0.10015 -0.433329 0)
(0.091711 -0.446702 0)
(0.0841503 -0.462171 0)
(0.0775439 -0.481006 0)
(0.071558 -0.503779 0)
(0.0655218 -0.53003 0)
(0.0586798 -0.55856 0)
(0.0504772 -0.587957 0)
(0.0406747 -0.616934 0)
(0.0292895 -0.644445 0)
(0.0164666 -0.669684 0)
(0.00240761 -0.692072 0)
(-0.0126309 -0.711217 0)
(-0.0284578 -0.726823 0)
(-0.0449162 -0.738755 0)
(-0.0617733 -0.746889 0)
(-0.0788153 -0.751326 0)
(-0.0958726 -0.752262 0)
(-0.112806 -0.749912 0)
(-0.12949 -0.744541 0)
(-0.145809 -0.736474 0)
(-0.16165 -0.726102 0)
(-0.17689 -0.713886 0)
(-0.19137 -0.700375 0)
(-0.204875 -0.686191 0)
(-0.217079 -0.672053 0)
(-0.226834 -0.658707 0)
(-0.231214 -0.646206 0)
(-0.227552 -0.632817 0)
(-0.21689 -0.616158 0)
(-0.202742 -0.595342 0)
(-0.187701 -0.570843 0)
(-0.172913 -0.543548 0)
(-0.158764 -0.514362 0)
(-0.144824 -0.484372 0)
(-0.130966 -0.454043 0)
(-0.11843 -0.424208 0)
(-0.108777 -0.396444 0)
(-0.103017 -0.372466 0)
(-0.101469 -0.353369 0)
(-0.103633 -0.338955 0)
(-0.10848 -0.327843 0)
(-0.114898 -0.318414 0)
(-0.12198 -0.309549 0)
(-0.129148 -0.300691 0)
(-0.136088 -0.291621 0)
(-0.142658 -0.282278 0)
(-0.148802 -0.272668 0)
(-0.154507 -0.262818 0)
(-0.159778 -0.252767 0)
(-0.164628 -0.242558 0)
(-0.169077 -0.232229 0)
(-0.173145 -0.221815 0)
(-0.176843 -0.211333 0)
(-0.180162 -0.200775 0)
(-0.183084 -0.19014 0)
(-0.185656 -0.179532 0)
(-0.187908 -0.168971 0)
(-0.189871 -0.158479 0)
(-0.191574 -0.148073 0)
(-0.193045 -0.137766 0)
(-0.194308 -0.127568 0)
(-0.195387 -0.117486 0)
(-0.196303 -0.107523 0)
(-0.197076 -0.0976799 0)
(-0.197723 -0.0879566 0)
(-0.198261 -0.0783495 0)
(-0.198703 -0.068853 0)
(-0.199063 -0.0594591 0)
(-0.199352 -0.0501573 0)
(-0.199578 -0.0409354 0)
(-0.19975 -0.0317794 0)
(-0.199874 -0.0226736 0)
(-0.199954 -0.0135993 0)
(-0.199997 -0.00453597 0)
(0.199991 0.00892754 0)
(0.199872 0.026764 0)
(0.19965 0.0446194 0)
(0.199307 0.0625359 0)
(0.198826 0.0805473 0)
(0.198183 0.0986762 0)
(0.19735 0.116934 0)
(0.196293 0.135323 0)
(0.194971 0.15383 0)
(0.19334 0.172432 0)
(0.191351 0.191092 0)
(0.188951 0.20976 0)
(0.186085 0.228377 0)
(0.182698 0.246879 0)
(0.178728 0.265091 0)
(0.174194 0.282964 0)
(0.169123 0.300504 0)
(0.163505 0.317659 0)
(0.157322 0.334348 0)
(0.150565 0.35048 0)
(0.143234 0.36597 0)
(0.135345 0.380745 0)
(0.126946 0.394761 0)
(0.118135 0.408037 0)
(0.109097 0.420741 0)
(0.100149 0.433328 0)
(0.0917103 0.446701 0)
(0.08415 0.46217 0)
(0.077544 0.481006 0)
(0.0715581 0.50378 0)
(0.0655217 0.530031 0)
(0.0586791 0.558561 0)
(0.0504759 0.587958 0)
(0.0406727 0.616934 0)
(0.0292867 0.644443 0)
(0.0164634 0.669681 0)
(0.00240425 0.692067 0)
(-0.0126341 0.71121 0)
(-0.0284609 0.726813 0)
(-0.0449189 0.738743 0)
(-0.0617754 0.746873 0)
(-0.0788169 0.751307 0)
(-0.0958737 0.752239 0)
(-0.112806 0.749886 0)
(-0.12949 0.744512 0)
(-0.145809 0.736442 0)
(-0.161649 0.726067 0)
(-0.176889 0.713849 0)
(-0.191367 0.700335 0)
(-0.204872 0.68615 0)
(-0.217075 0.672012 0)
(-0.226825 0.658666 0)
(-0.231194 0.646166 0)
(-0.227519 0.632772 0)
(-0.216849 0.616105 0)
(-0.202701 0.595281 0)
(-0.187662 0.570776 0)
(-0.172879 0.543478 0)
(-0.158733 0.514291 0)
(-0.144796 0.484302 0)
(-0.130942 0.453976 0)
(-0.118411 0.424147 0)
(-0.108765 0.396393 0)
(-0.103012 0.372427 0)
(-0.101471 0.353342 0)
(-0.103641 0.338936 0)
(-0.108492 0.327829 0)
(-0.114911 0.318402 0)
(-0.121994 0.309539 0)
(-0.129161 0.300681 0)
(-0.1361 0.291611 0)
(-0.142668 0.282268 0)
(-0.148812 0.272658 0)
(-0.154515 0.262808 0)
(-0.159784 0.252758 0)
(-0.164635 0.242548 0)
(-0.169083 0.23222 0)
(-0.173149 0.221806 0)
(-0.176847 0.211325 0)
(-0.180166 0.200767 0)
(-0.183087 0.190133 0)
(-0.185658 0.179525 0)
(-0.18791 0.168964 0)
(-0.189872 0.158473 0)
(-0.191575 0.148067 0)
(-0.193046 0.137761 0)
(-0.194309 0.127563 0)
(-0.195388 0.117482 0)
(-0.196304 0.107519 0)
(-0.197076 0.0976764 0)
(-0.197723 0.0879534 0)
(-0.198261 0.0783466 0)
(-0.198703 0.0688504 0)
(-0.199063 0.0594568 0)
(-0.199352 0.0501553 0)
(-0.199578 0.0409337 0)
(-0.19975 0.031778 0)
(-0.199874 0.0226726 0)
(-0.199954 0.0135987 0)
(-0.199997 0.00453579 0)
)
;
    }
    frontAndBack
    {
        type            empty;
    }
}


// ************************************************************************* //
