/*--------------------------------*- C++ -*----------------------------------*\
  =========                 |
  \\      /  F ield         | OpenFOAM: The Open Source CFD Toolbox
   \\    /   O peration     | Website:  https://openfoam.org
    \\  /    A nd           | Version:  11
     \\/     M anipulation  |
\*---------------------------------------------------------------------------*/
FoamFile
{
    format      ascii;
    class       surfaceScalarField;
    location    "0.1";
    object      phi;
}
// * * * * * * * * * * * * * * * * * * * * * * * * * * * * * * * * * * * * * //

dimensions      [1 0 -1 0 0 0 0];

internalField   nonuniform List<scalar> 
7860
(
9.8738e-07
-1.83063e-08
9.86325e-07
-5.4769e-08
9.84639e-07
-9.10904e-08
9.82244e-07
-1.27299e-07
9.79035e-07
-1.63469e-07
9.74881e-07
-1.99637e-07
9.6963e-07
-2.35804e-07
9.63104e-07
-2.71933e-07
9.55108e-07
-3.07963e-07
9.4543e-07
-3.43809e-07
9.33843e-07
-3.7937e-07
9.2011e-07
-4.14529e-07
9.03981e-07
-4.49156e-07
8.85194e-07
-4.83112e-07
8.63507e-07
-5.16265e-07
8.39073e-07
-5.48625e-07
8.11896e-07
-5.80098e-07
7.81922e-07
-6.10538e-07
7.49074e-07
-6.3975e-07
7.13276e-07
-6.67481e-07
6.7447e-07
-6.93381e-07
6.32631e-07
-7.16898e-07
5.87797e-07
-7.37129e-07
5.40148e-07
-7.52638e-07
4.90197e-07
-7.61484e-07
4.38837e-07
-7.61957e-07
3.87321e-07
-7.53183e-07
3.3702e-07
-7.36073e-07
2.88986e-07
-7.13255e-07
2.43752e-07
-6.87991e-07
2.01396e-07
-6.62937e-07
1.61729e-07
-6.3958e-07
1.24471e-07
-6.18382e-07
8.93479e-08
-5.99177e-07
5.6133e-08
-5.81535e-07
2.46695e-08
-5.64986e-07
-5.14906e-09
-5.49133e-07
-3.34001e-08
-5.33689e-07
-6.00798e-08
-5.18487e-07
-8.51376e-08
-5.03257e-07
-1.08598e-07
-4.8786e-07
-1.30499e-07
-4.7228e-07
-1.50884e-07
-4.56535e-07
-1.69796e-07
-4.40674e-07
-1.87285e-07
-4.2477e-07
-2.03404e-07
-4.08913e-07
-2.18212e-07
-3.93206e-07
-2.31776e-07
-3.77767e-07
-2.44178e-07
-3.62732e-07
-2.55519e-07
-3.48264e-07
-2.65939e-07
-3.34576e-07
-2.75631e-07
-3.2196e-07
-2.84869e-07
-3.11111e-07
-2.9404e-07
-3.02373e-07
-3.03855e-07
-2.96856e-07
-3.15377e-07
-2.9715e-07
-3.29593e-07
-3.0901e-07
-3.46734e-07
-3.29343e-07
-3.66866e-07
-3.55288e-07
-3.90241e-07
-3.85715e-07
-4.17332e-07
-4.20332e-07
-4.48803e-07
-4.59259e-07
-4.85513e-07
-5.02533e-07
-5.28561e-07
-5.5058e-07
-5.80012e-07
-6.10189e-07
-6.40514e-07
-6.777e-07
-7.1059e-07
-7.50935e-07
-7.89349e-07
-8.24684e-07
-8.74942e-07
-8.89624e-07
-9.63241e-07
-9.333e-07
-1.05051e-06
-9.54449e-07
-1.12583e-06
-9.61547e-07
-1.19683e-06
-9.61167e-07
-1.26303e-06
-9.44417e-07
-1.32381e-06
-9.19277e-07
-1.37922e-06
-8.89679e-07
-1.42958e-06
-8.57522e-07
-1.47527e-06
-8.2377e-07
-1.51657e-06
-7.88953e-07
-1.55368e-06
-7.53387e-07
-1.58667e-06
-7.17247e-07
-1.61557e-06
-6.80594e-07
-1.64083e-06
-6.43447e-07
-1.66283e-06
-6.05951e-07
-1.68191e-06
-5.68241e-07
-1.69838e-06
-5.30433e-07
-1.71253e-06
-4.92621e-07
-1.72461e-06
-4.54881e-07
-1.73487e-06
-4.17272e-07
-1.74352e-06
-3.79843e-07
-1.75077e-06
-3.42629e-07
-1.75678e-06
-3.05659e-07
-1.76171e-06
-2.68952e-07
-1.76572e-06
-2.32519e-07
-1.76891e-06
-1.96357e-07
-1.7714e-06
-1.60444e-07
-1.77327e-06
-1.24734e-07
-1.77459e-06
-8.91484e-08
-1.77541e-06
-5.35727e-08
-1.79169e-08
9.87361e-07
-1.78666e-08
9.85956e-07
-5.33644e-08
9.835e-07
-8.86345e-08
9.7994e-07
-1.23739e-07
9.75181e-07
-1.5871e-07
9.69102e-07
-1.93558e-07
9.61563e-07
-2.28265e-07
9.52411e-07
-2.62781e-07
9.41489e-07
-2.97041e-07
9.28645e-07
-3.30966e-07
9.13744e-07
-3.64469e-07
8.96674e-07
-3.9746e-07
8.77362e-07
-4.29845e-07
8.5578e-07
-4.6153e-07
8.3195e-07
-4.92436e-07
8.05946e-07
-5.22623e-07
7.7772e-07
-5.51877e-07
7.47201e-07
-5.80028e-07
7.14343e-07
-6.06908e-07
6.79135e-07
-6.32301e-07
6.41599e-07
-6.55891e-07
6.018e-07
-6.77164e-07
5.59856e-07
-6.95265e-07
5.15986e-07
-7.08833e-07
4.70623e-07
-7.16119e-07
4.24415e-07
-7.1559e-07
3.78216e-07
-7.06573e-07
3.32919e-07
-6.90061e-07
2.89229e-07
-6.68563e-07
2.47532e-07
-6.45077e-07
2.07919e-07
-6.21984e-07
1.70305e-07
-6.00576e-07
1.34531e-07
-5.81222e-07
1.00441e-07
-5.63733e-07
6.79026e-08
-5.47691e-07
3.68166e-08
-5.32655e-07
7.11544e-09
-5.18252e-07
-2.12431e-08
-5.04219e-07
-4.82762e-08
-4.90411e-07
-7.39485e-08
-4.76597e-07
-9.82488e-08
-4.62624e-07
-1.21174e-07
-4.48465e-07
-1.42733e-07
-4.34133e-07
-1.62941e-07
-4.19668e-07
-1.81824e-07
-4.05134e-07
-1.9942e-07
-3.90606e-07
-2.15782e-07
-3.76173e-07
-2.30979e-07
-3.61938e-07
-2.45107e-07
-3.48013e-07
-2.58288e-07
-3.34534e-07
-2.70688e-07
-3.21675e-07
-2.82524e-07
-3.09678e-07
-2.94079e-07
-2.99183e-07
-3.05758e-07
-2.90442e-07
-3.18049e-07
-2.84512e-07
-3.31496e-07
-2.84029e-07
-3.46797e-07
-2.94854e-07
-3.64602e-07
-3.1331e-07
-3.85295e-07
-3.36966e-07
-4.09211e-07
-3.64832e-07
-4.36763e-07
-3.96601e-07
-4.68496e-07
-4.32313e-07
-5.05086e-07
-4.71871e-07
-5.47299e-07
-5.15995e-07
-5.96332e-07
-5.71014e-07
-6.53092e-07
-6.33282e-07
-7.17702e-07
-7.0093e-07
-7.89057e-07
-7.69234e-07
-8.66036e-07
-8.29501e-07
-9.46314e-07
-8.70369e-07
-1.02699e-06
-8.90523e-07
-1.09133e-06
-8.99201e-07
-1.15359e-06
-9.00105e-07
-1.21333e-06
-8.85977e-07
-1.26941e-06
-8.64067e-07
-1.32167e-06
-8.37892e-07
-1.37027e-06
-8.09163e-07
-1.41541e-06
-7.78758e-07
-1.45726e-06
-7.47157e-07
-1.49601e-06
-7.14667e-07
-1.53173e-06
-6.8154e-07
-1.56439e-06
-6.47941e-07
-1.59402e-06
-6.1382e-07
-1.62071e-06
-5.79271e-07
-1.64456e-06
-5.44388e-07
-1.66574e-06
-5.09257e-07
-1.68441e-06
-4.73951e-07
-1.70075e-06
-4.38534e-07
-1.71496e-06
-4.03062e-07
-1.72722e-06
-3.67582e-07
-1.73772e-06
-3.32137e-07
-1.74661e-06
-2.96764e-07
-1.75407e-06
-2.61496e-07
-1.76023e-06
-2.26358e-07
-1.76522e-06
-1.91363e-07
-1.76916e-06
-1.5651e-07
-1.77212e-06
-1.21773e-07
-1.77417e-06
-8.70932e-08
-1.77536e-06
-5.23896e-08
-1.75416e-08
9.87131e-07
-1.71967e-08
9.85142e-07
-5.13759e-08
9.81824e-07
-8.53165e-08
9.7713e-07
-1.19045e-07
9.71e-07
-1.52579e-07
9.63358e-07
-1.85916e-07
9.54122e-07
-2.19029e-07
9.43209e-07
-2.51868e-07
9.30539e-07
-2.84371e-07
9.1604e-07
-3.16466e-07
8.99652e-07
-3.48081e-07
8.8133e-07
-3.79138e-07
8.61048e-07
-4.09562e-07
8.38795e-07
-4.39278e-07
8.14562e-07
-4.68205e-07
7.88177e-07
-4.96241e-07
7.59567e-07
-5.23272e-07
7.28707e-07
-5.49178e-07
6.95606e-07
-5.73824e-07
6.603e-07
-5.97026e-07
6.22856e-07
-6.18497e-07
5.83374e-07
-6.37755e-07
5.42008e-07
-6.53993e-07
4.99024e-07
-6.65936e-07
4.54894e-07
-6.72021e-07
4.10298e-07
-6.70884e-07
3.66067e-07
-6.61996e-07
3.22987e-07
-6.46347e-07
2.81619e-07
-6.26284e-07
2.42209e-07
-6.04547e-07
2.0475e-07
-5.83278e-07
1.69097e-07
-5.63623e-07
1.35069e-07
-5.4589e-07
1.02506e-07
-5.29894e-07
7.12897e-08
-5.15242e-07
4.13339e-08
-5.01519e-07
1.2582e-08
-4.88374e-07
-1.50045e-08
-4.75563e-07
-4.14678e-08
-4.62934e-07
-6.68462e-08
-4.50255e-07
-9.11401e-08
-4.37417e-07
-1.14341e-07
-4.24399e-07
-1.36441e-07
-4.11214e-07
-1.57444e-07
-3.97891e-07
-1.77362e-07
-3.84483e-07
-1.96225e-07
-3.71051e-07
-2.14079e-07
-3.57667e-07
-2.30988e-07
-3.44416e-07
-2.47039e-07
-3.3139e-07
-2.62341e-07
-3.18703e-07
-2.77031e-07
-3.06506e-07
-2.91276e-07
-2.95016e-07
-3.0529e-07
-2.8484e-07
-3.19306e-07
-2.76209e-07
-3.33616e-07
-2.70195e-07
-3.486e-07
-2.6945e-07
-3.64926e-07
-2.79736e-07
-3.83222e-07
-2.96845e-07
-4.03922e-07
-3.18698e-07
-4.27393e-07
-3.44456e-07
-4.54011e-07
-3.73868e-07
-4.84197e-07
-4.0697e-07
-5.18422e-07
-4.43582e-07
-5.57436e-07
-4.84685e-07
-6.02361e-07
-5.3586e-07
-6.5404e-07
-5.93684e-07
-7.12822e-07
-6.56338e-07
-7.78089e-07
-7.1938e-07
-8.49264e-07
-7.74706e-07
-9.24698e-07
-8.12137e-07
-1.00302e-06
-8.30654e-07
-1.06213e-06
-8.40264e-07
-1.12169e-06
-8.41515e-07
-1.17982e-06
-8.29204e-07
-1.23492e-06
-8.09872e-07
-1.28669e-06
-7.86604e-07
-1.33518e-06
-7.60924e-07
-1.38045e-06
-7.33611e-07
-1.42259e-06
-7.05082e-07
-1.46171e-06
-6.75584e-07
-1.49797e-06
-6.45293e-07
-1.53157e-06
-6.14348e-07
-1.56254e-06
-5.82849e-07
-1.59094e-06
-5.50875e-07
-1.61683e-06
-5.18497e-07
-1.64031e-06
-4.85784e-07
-1.66146e-06
-4.52795e-07
-1.68041e-06
-4.19587e-07
-1.69726e-06
-3.86209e-07
-1.71214e-06
-3.52704e-07
-1.72516e-06
-3.19114e-07
-1.73645e-06
-2.85478e-07
-1.74611e-06
-2.51834e-07
-1.75425e-06
-2.18213e-07
-1.76098e-06
-1.8464e-07
-1.76637e-06
-1.51123e-07
-1.77049e-06
-1.1765e-07
-1.7734e-06
-8.41799e-08
-1.77515e-06
-5.06456e-08
-1.69552e-08
9.87038e-07
-1.64338e-08
9.84754e-07
-4.90927e-08
9.80946e-07
-8.15078e-08
9.7559e-07
-1.13689e-07
9.68654e-07
-1.45643e-07
9.60095e-07
-1.77358e-07
9.49868e-07
-2.08802e-07
9.37921e-07
-2.39922e-07
9.24205e-07
-2.70655e-07
9.0867e-07
-3.00932e-07
8.9127e-07
-3.3068e-07
8.71958e-07
-3.59827e-07
8.50692e-07
-3.88296e-07
8.27428e-07
-4.16014e-07
8.02125e-07
-4.42903e-07
7.74771e-07
-4.6889e-07
7.45388e-07
-4.93895e-07
7.14027e-07
-5.17827e-07
6.80752e-07
-5.40569e-07
6.4564e-07
-5.61948e-07
6.08776e-07
-5.8169e-07
5.70269e-07
-5.99332e-07
5.30266e-07
-6.14102e-07
4.88995e-07
-6.24782e-07
4.46838e-07
-6.2994e-07
4.04333e-07
-6.28332e-07
3.6215e-07
-6.1955e-07
3.20946e-07
-6.04604e-07
2.81197e-07
-5.85726e-07
2.43125e-07
-5.65455e-07
2.06733e-07
-5.45733e-07
1.71911e-07
-5.27582e-07
1.38512e-07
-5.11258e-07
1.06402e-07
-4.9657e-07
7.5479e-08
-4.83141e-07
4.56736e-08
-4.7058e-07
1.69404e-08
-4.58558e-07
-1.07495e-08
-4.46843e-07
-3.74177e-08
-4.35289e-07
-6.30719e-08
-4.23672e-07
-8.77175e-08
-4.11888e-07
-1.1136e-07
-3.99919e-07
-1.3401e-07
-3.8777e-07
-1.5568e-07
-3.75469e-07
-1.76394e-07
-3.63058e-07
-1.96184e-07
-3.5059e-07
-2.15093e-07
-3.38128e-07
-2.33177e-07
-3.25741e-07
-2.50506e-07
-3.13513e-07
-2.67163e-07
-3.01542e-07
-2.83251e-07
-2.89967e-07
-2.98887e-07
-2.78994e-07
-3.14224e-07
-2.69204e-07
-3.29442e-07
-2.60829e-07
-3.44757e-07
-2.54969e-07
-3.60519e-07
-2.54266e-07
-3.77494e-07
-2.64089e-07
-3.96211e-07
-2.80055e-07
-4.17084e-07
-3.00339e-07
-4.40499e-07
-3.24209e-07
-4.66859e-07
-3.51458e-07
-4.96604e-07
-3.82115e-07
-5.30168e-07
-4.15967e-07
-5.6837e-07
-4.54232e-07
-6.12148e-07
-5.01831e-07
-6.62228e-07
-5.55554e-07
-7.18823e-07
-6.13664e-07
-7.81192e-07
-6.72016e-07
-8.48868e-07
-7.23027e-07
-9.20363e-07
-7.57486e-07
-9.96825e-07
-7.74466e-07
-1.04959e-06
-7.85075e-07
-1.10572e-06
-7.8627e-07
-1.16114e-06
-7.7525e-07
-1.21407e-06
-7.57867e-07
-1.26432e-06
-7.3685e-07
-1.31191e-06
-7.13591e-07
-1.35684e-06
-6.88805e-07
-1.39912e-06
-6.62869e-07
-1.43874e-06
-6.35993e-07
-1.47574e-06
-6.08312e-07
-1.51017e-06
-5.79924e-07
-1.54211e-06
-5.50915e-07
-1.57162e-06
-5.21362e-07
-1.59878e-06
-4.91335e-07
-1.62367e-06
-4.60901e-07
-1.64635e-06
-4.30117e-07
-1.6669e-06
-3.99034e-07
-1.68541e-06
-3.677e-07
-1.70196e-06
-3.36157e-07
-1.71662e-06
-3.04447e-07
-1.72949e-06
-2.72609e-07
-1.74064e-06
-2.40684e-07
-1.75015e-06
-2.08709e-07
-1.75807e-06
-1.76714e-07
-1.76448e-06
-1.44717e-07
-1.76941e-06
-1.12713e-07
-1.77292e-06
-8.06726e-08
-1.77503e-06
-4.85413e-08
-1.6249e-08
9.86951e-07
-1.55841e-08
9.84415e-07
-4.65563e-08
9.80194e-07
-7.72871e-08
9.74278e-07
-1.07773e-07
9.66648e-07
-1.38013e-07
9.5728e-07
-1.6799e-07
9.46146e-07
-1.97667e-07
9.33215e-07
-2.26991e-07
9.18458e-07
-2.55898e-07
9.0185e-07
-2.84323e-07
8.83367e-07
-3.12198e-07
8.62995e-07
-3.39455e-07
8.40727e-07
-3.66029e-07
8.16569e-07
-3.91856e-07
7.90536e-07
-4.16872e-07
7.62654e-07
-4.41011e-07
7.32953e-07
-4.64199e-07
7.01466e-07
-4.86352e-07
6.68236e-07
-5.0736e-07
6.33312e-07
-5.27061e-07
5.96761e-07
-5.452e-07
5.58677e-07
-5.61342e-07
5.19211e-07
-5.74762e-07
4.78609e-07
-5.84322e-07
4.37276e-07
-5.8872e-07
3.95768e-07
-5.86829e-07
3.54743e-07
-5.78328e-07
3.14807e-07
-5.64207e-07
2.76363e-07
-5.46558e-07
2.39559e-07
-5.27716e-07
2.04351e-07
-5.0945e-07
1.70593e-07
-4.92679e-07
1.38124e-07
-4.77621e-07
1.06802e-07
-4.6409e-07
7.65229e-08
-4.51733e-07
4.72158e-08
-4.40183e-07
1.88367e-08
-4.29135e-07
-8.64179e-09
-4.18369e-07
-3.52373e-08
-4.07748e-07
-6.09508e-08
-3.97058e-07
-8.5781e-08
-3.86201e-07
-1.09727e-07
-3.75159e-07
-1.32793e-07
-3.63933e-07
-1.54986e-07
-3.52546e-07
-1.76321e-07
-3.41033e-07
-1.9682e-07
-3.29441e-07
-2.16516e-07
-3.17822e-07
-2.35449e-07
-3.06241e-07
-2.53667e-07
-2.9477e-07
-2.71231e-07
-2.83503e-07
-2.88211e-07
-2.7257e-07
-3.04686e-07
-2.62174e-07
-3.20778e-07
-2.52867e-07
-3.36687e-07
-2.44838e-07
-3.52572e-07
-2.39339e-07
-3.68903e-07
-2.38913e-07
-3.86368e-07
-2.48211e-07
-4.05433e-07
-2.63103e-07
-4.26479e-07
-2.81952e-07
-4.49872e-07
-3.04103e-07
-4.75998e-07
-3.2938e-07
-5.05275e-07
-3.57818e-07
-5.38103e-07
-3.89197e-07
-5.75207e-07
-4.24818e-07
-6.17551e-07
-4.69148e-07
-6.6577e-07
-5.19138e-07
-7.19993e-07
-5.73114e-07
-7.79445e-07
-6.27174e-07
-8.43824e-07
-6.74197e-07
-9.12031e-07
-7.05827e-07
-9.88742e-07
-7.2108e-07
-1.03544e-06
-7.32586e-07
-1.08974e-06
-7.33137e-07
-1.14354e-06
-7.23069e-07
-1.19507e-06
-7.07282e-07
-1.24425e-06
-6.88165e-07
-1.29112e-06
-6.66978e-07
-1.33569e-06
-6.44366e-07
-1.37796e-06
-6.20665e-07
-1.41792e-06
-5.96063e-07
-1.45557e-06
-5.70679e-07
-1.49091e-06
-5.44596e-07
-1.52394e-06
-5.17886e-07
-1.55469e-06
-4.90612e-07
-1.58319e-06
-4.62833e-07
-1.60949e-06
-4.34606e-07
-1.63363e-06
-4.0598e-07
-1.65566e-06
-3.77003e-07
-1.67564e-06
-3.47718e-07
-1.69363e-06
-3.18165e-07
-1.70969e-06
-2.88386e-07
-1.72388e-06
-2.58421e-07
-1.73625e-06
-2.28313e-07
-1.74686e-06
-1.98102e-07
-1.75575e-06
-1.67821e-07
-1.76297e-06
-1.37496e-07
-1.76856e-06
-1.07127e-07
-1.77254e-06
-7.66933e-08
-1.77493e-06
-4.61507e-08
-1.54464e-08
9.86894e-07
-1.46776e-08
9.84186e-07
-4.38478e-08
9.79682e-07
-7.27834e-08
9.73383e-07
-1.01474e-07
9.65282e-07
-1.29913e-07
9.55373e-07
-1.5808e-07
9.43643e-07
-1.85938e-07
9.30084e-07
-2.13432e-07
9.14688e-07
-2.40502e-07
8.97448e-07
-2.67084e-07
8.78363e-07
-2.93113e-07
8.57436e-07
-3.18528e-07
8.34675e-07
-3.43268e-07
8.10091e-07
-3.67273e-07
7.83702e-07
-3.90485e-07
7.55533e-07
-4.12844e-07
7.25614e-07
-4.34287e-07
6.93987e-07
-4.54737e-07
6.60703e-07
-4.74098e-07
6.25827e-07
-4.92225e-07
5.89441e-07
-5.0888e-07
5.51653e-07
-5.23656e-07
5.12619e-07
-5.35869e-07
4.72578e-07
-5.44447e-07
4.31908e-07
-5.482e-07
3.91129e-07
-5.46105e-07
3.50849e-07
-5.37915e-07
3.11633e-07
-5.24604e-07
2.73856e-07
-5.08135e-07
2.37655e-07
-4.90657e-07
2.02983e-07
-4.73777e-07
1.69699e-07
-4.58315e-07
1.37643e-07
-4.44454e-07
1.06671e-07
-4.32011e-07
7.66783e-08
-4.20655e-07
4.759e-08
-4.10045e-07
1.93594e-08
-3.99895e-07
-8.04279e-09
-3.90003e-07
-3.46347e-08
-3.80238e-07
-6.04176e-08
-3.70399e-07
-8.53892e-08
-3.60397e-07
-1.09548e-07
-3.50209e-07
-1.32893e-07
-3.39837e-07
-1.55429e-07
-3.29299e-07
-1.77165e-07
-3.18626e-07
-1.98114e-07
-3.07858e-07
-2.183e-07
-2.97045e-07
-2.37748e-07
-2.86241e-07
-2.56495e-07
-2.75517e-07
-2.74583e-07
-2.64959e-07
-2.92061e-07
-2.54692e-07
-3.08994e-07
-2.44926e-07
-3.25466e-07
-2.36168e-07
-3.41672e-07
-2.28572e-07
-3.57835e-07
-2.23506e-07
-3.74511e-07
-2.2344e-07
-3.92278e-07
-2.3221e-07
-4.11558e-07
-2.46081e-07
-4.32711e-07
-2.63578e-07
-4.56087e-07
-2.84115e-07
-4.82061e-07
-3.07539e-07
-5.11036e-07
-3.33885e-07
-5.43403e-07
-3.62936e-07
-5.79921e-07
-3.96029e-07
-6.21528e-07
-4.37194e-07
-6.68831e-07
-4.83574e-07
-7.21918e-07
-5.33567e-07
-7.79942e-07
-5.83529e-07
-8.42556e-07
-6.26798e-07
-9.08612e-07
-6.5582e-07
-9.87874e-07
-6.69627e-07
-1.02737e-06
-6.8032e-07
-1.08167e-06
-6.81008e-07
-1.1345e-06
-6.71974e-07
-1.18504e-06
-6.57695e-07
-1.23336e-06
-6.40341e-07
-1.27953e-06
-6.2106e-07
-1.32358e-06
-6.00443e-07
-1.36552e-06
-5.78794e-07
-1.40533e-06
-5.5628e-07
-1.44302e-06
-5.33005e-07
-1.47858e-06
-5.09044e-07
-1.51201e-06
-4.8446e-07
-1.54332e-06
-4.59307e-07
-1.57251e-06
-4.3364e-07
-1.59961e-06
-4.07507e-07
-1.62464e-06
-3.80953e-07
-1.64762e-06
-3.54021e-07
-1.66859e-06
-3.2675e-07
-1.68758e-06
-2.99178e-07
-1.70462e-06
-2.71345e-07
-1.71975e-06
-2.4329e-07
-1.73301e-06
-2.15057e-07
-1.74442e-06
-1.86686e-07
-1.75403e-06
-1.58215e-07
-1.76185e-06
-1.2967e-07
-1.76792e-06
-1.01058e-07
-1.77225e-06
-7.2362e-08
-1.77486e-06
-4.35468e-08
-1.45725e-08
9.86849e-07
-1.37259e-08
9.84006e-07
-4.10052e-08
9.79283e-07
-6.80602e-08
9.72684e-07
-9.48752e-08
9.64212e-07
-1.2144e-07
9.53867e-07
-1.47735e-07
9.41649e-07
-1.73719e-07
9.27558e-07
-1.99342e-07
9.11599e-07
-2.24543e-07
8.93778e-07
-2.49262e-07
8.74103e-07
-2.73439e-07
8.52591e-07
-2.97016e-07
8.29261e-07
-3.19938e-07
8.04139e-07
-3.42152e-07
7.77258e-07
-3.63606e-07
7.48659e-07
-3.84249e-07
7.1839e-07
-4.04024e-07
6.86507e-07
-4.22866e-07
6.53072e-07
-4.40688e-07
6.18161e-07
-4.57356e-07
5.81857e-07
-4.72648e-07
5.44273e-07
-4.86183e-07
5.05566e-07
-4.97317e-07
4.65977e-07
-5.05047e-07
4.25876e-07
-5.08284e-07
3.85763e-07
-5.06093e-07
3.46211e-07
-4.98287e-07
3.07734e-07
-4.85807e-07
2.70661e-07
-4.70487e-07
2.351e-07
-4.54307e-07
2.00989e-07
-4.3873e-07
1.68186e-07
-4.2449e-07
1.36532e-07
-4.11743e-07
1.05892e-07
-4.00309e-07
7.61621e-08
-3.89881e-07
4.72717e-08
-3.8014e-07
1.91762e-08
-3.70822e-07
-8.15178e-09
-3.6174e-07
-3.47284e-08
-3.5277e-07
-6.05527e-08
-3.43723e-07
-8.56197e-08
-3.34518e-07
-1.09924e-07
-3.25132e-07
-1.33462e-07
-3.15566e-07
-1.56231e-07
-3.05834e-07
-1.78235e-07
-2.95964e-07
-1.9948e-07
-2.85992e-07
-2.19978e-07
-2.75962e-07
-2.39745e-07
-2.65926e-07
-2.58806e-07
-2.55946e-07
-2.77191e-07
-2.46107e-07
-2.94939e-07
-2.36526e-07
-3.12116e-07
-2.27414e-07
-3.28811e-07
-2.19233e-07
-3.45171e-07
-2.12157e-07
-3.61473e-07
-2.07516e-07
-3.78298e-07
-2.07717e-07
-3.96214e-07
-2.15955e-07
-4.15619e-07
-2.28851e-07
-4.36853e-07
-2.45066e-07
-4.60252e-07
-2.64071e-07
-4.86174e-07
-2.85733e-07
-5.15007e-07
-3.10084e-07
-5.47114e-07
-3.36919e-07
-5.83299e-07
-3.67577e-07
-6.24429e-07
-4.05687e-07
-6.71051e-07
-4.48602e-07
-7.23174e-07
-4.94821e-07
-7.79887e-07
-5.40963e-07
-8.40887e-07
-5.80834e-07
-9.05458e-07
-6.07677e-07
-9.8097e-07
-6.20137e-07
-1.02023e-06
-6.29144e-07
-1.07379e-06
-6.29653e-07
-1.12576e-06
-6.21727e-07
-1.17552e-06
-6.08865e-07
-1.22324e-06
-5.93114e-07
-1.269e-06
-5.75557e-07
-1.31282e-06
-5.56751e-07
-1.3547e-06
-5.3698e-07
-1.39462e-06
-5.16395e-07
-1.43255e-06
-4.95089e-07
-1.46848e-06
-4.73127e-07
-1.50238e-06
-4.50561e-07
-1.53425e-06
-4.27439e-07
-1.56408e-06
-4.03807e-07
-1.59188e-06
-3.79708e-07
-1.61765e-06
-3.55182e-07
-1.64141e-06
-3.30266e-07
-1.66316e-06
-3.04996e-07
-1.68293e-06
-2.79409e-07
-1.70074e-06
-2.53541e-07
-1.7166e-06
-2.2743e-07
-1.73053e-06
-2.0112e-07
-1.74257e-06
-1.74652e-07
-1.75272e-06
-1.48064e-07
-1.761e-06
-1.21383e-07
-1.76744e-06
-9.46209e-08
-1.77204e-06
-6.77635e-08
-1.7748e-06
-4.0781e-08
-1.36445e-08
9.86816e-07
-1.27416e-08
9.83876e-07
-3.80649e-08
9.78992e-07
-6.31764e-08
9.72175e-07
-8.80577e-08
9.63432e-07
-1.12698e-07
9.52773e-07
-1.37075e-07
9.40205e-07
-1.61152e-07
9.25741e-07
-1.84877e-07
9.09393e-07
-2.08196e-07
8.91181e-07
-2.3105e-07
8.71125e-07
-2.53383e-07
8.49252e-07
-2.75143e-07
8.25593e-07
-2.96279e-07
8.00183e-07
-3.16743e-07
7.73063e-07
-3.36488e-07
7.44279e-07
-3.55468e-07
7.13881e-07
-3.73633e-07
6.81925e-07
-3.90924e-07
6.48471e-07
-4.07259e-07
6.13588e-07
-4.22517e-07
5.77355e-07
-4.36491e-07
5.39878e-07
-4.48824e-07
5.01309e-07
-4.58918e-07
4.61893e-07
-4.6584e-07
4.21998e-07
-4.68604e-07
3.8213e-07
-4.66369e-07
3.42861e-07
-4.58995e-07
3.04698e-07
-4.47384e-07
2.67956e-07
-4.33233e-07
2.32726e-07
-4.18351e-07
1.98933e-07
-4.04058e-07
1.66424e-07
-3.91013e-07
1.35035e-07
-3.79343e-07
1.04625e-07
-3.68879e-07
7.50878e-08
-3.59336e-07
4.63511e-08
-3.50421e-07
1.8369e-08
-3.41891e-07
-8.886e-09
-3.33575e-07
-3.5429e-08
-3.25358e-07
-6.12579e-08
-3.17063e-07
-8.63658e-08
-3.08617e-07
-1.10744e-07
-2.99999e-07
-1.34386e-07
-2.91206e-07
-1.57285e-07
-2.82253e-07
-1.79438e-07
-2.73164e-07
-2.00846e-07
-2.63971e-07
-2.21514e-07
-2.54714e-07
-2.41453e-07
-2.45442e-07
-2.60677e-07
-2.36212e-07
-2.79209e-07
-2.27104e-07
-2.97085e-07
-2.18229e-07
-3.14369e-07
-2.09795e-07
-3.31149e-07
-2.02217e-07
-3.47566e-07
-1.95684e-07
-3.63913e-07
-1.91458e-07
-3.80812e-07
-1.9185e-07
-3.98804e-07
-1.99537e-07
-4.18272e-07
-2.1147e-07
-4.39542e-07
-2.26436e-07
-4.62942e-07
-2.43954e-07
-4.88819e-07
-2.63907e-07
-5.1755e-07
-2.86323e-07
-5.49493e-07
-3.11007e-07
-5.85496e-07
-3.39268e-07
-6.26387e-07
-3.74352e-07
-6.72709e-07
-4.13821e-07
-7.24476e-07
-4.56258e-07
-7.80789e-07
-4.98526e-07
-8.41269e-07
-5.34858e-07
-9.03937e-07
-5.5905e-07
-9.64568e-07
-5.69834e-07
-1.01916e-06
-5.80729e-07
-1.07162e-06
-5.80501e-07
-1.12211e-06
-5.72986e-07
-1.17077e-06
-5.61127e-07
-1.21767e-06
-5.46702e-07
-1.26282e-06
-5.30662e-07
-1.30621e-06
-5.13495e-07
-1.3478e-06
-4.95448e-07
-1.38758e-06
-4.76652e-07
-1.4255e-06
-4.57186e-07
-1.46153e-06
-4.37104e-07
-1.49564e-06
-4.1645e-07
-1.52782e-06
-3.95266e-07
-1.55804e-06
-3.7359e-07
-1.58629e-06
-3.5146e-07
-1.61256e-06
-3.2891e-07
-1.63685e-06
-3.05975e-07
-1.65916e-06
-2.82686e-07
-1.67949e-06
-2.59077e-07
-1.69785e-06
-2.3518e-07
-1.71425e-06
-2.11035e-07
-1.72869e-06
-1.86681e-07
-1.74118e-06
-1.62159e-07
-1.75174e-06
-1.37507e-07
-1.76037e-06
-1.12753e-07
-1.76708e-06
-8.79093e-08
-1.77188e-06
-6.29648e-08
-1.77476e-06
-3.78941e-08
-1.26763e-08
9.86791e-07
-1.17322e-08
9.83776e-07
-3.50499e-08
9.7877e-07
-5.81699e-08
9.71785e-07
-8.10729e-08
9.62834e-07
-1.03747e-07
9.51931e-07
-1.26171e-07
9.39088e-07
-1.48309e-07
9.24325e-07
-1.70114e-07
9.07661e-07
-1.91531e-07
8.8912e-07
-2.12509e-07
8.68732e-07
-2.32995e-07
8.46529e-07
-2.5294e-07
8.22548e-07
-2.72298e-07
7.96831e-07
-2.91026e-07
7.69424e-07
-3.09083e-07
7.40379e-07
-3.26427e-07
7.09752e-07
-3.43014e-07
6.77605e-07
-3.58791e-07
6.44006e-07
-3.73686e-07
6.0903e-07
-3.87588e-07
5.72766e-07
-4.00305e-07
5.35327e-07
-4.1151e-07
4.96874e-07
-4.20646e-07
4.57658e-07
-4.26854e-07
4.18043e-07
-4.29234e-07
3.78516e-07
-4.27025e-07
3.39623e-07
-4.20127e-07
3.01837e-07
-4.09392e-07
2.65449e-07
-3.96389e-07
2.30533e-07
-3.82765e-07
1.97012e-07
-3.69712e-07
1.64736e-07
-3.57815e-07
1.33543e-07
-3.47182e-07
1.03298e-07
-3.37651e-07
7.38965e-08
-3.28959e-07
4.52676e-08
-3.20839e-07
1.73665e-08
-3.13068e-07
-9.83355e-09
-3.05489e-07
-3.63466e-08
-2.97996e-07
-6.21694e-08
-2.90428e-07
-8.72933e-08
-2.82717e-07
-1.11708e-07
-2.74844e-07
-1.35403e-07
-2.66806e-07
-1.5837e-07
-2.58616e-07
-1.80602e-07
-2.50295e-07
-2.02094e-07
-2.41873e-07
-2.22849e-07
-2.33387e-07
-2.42871e-07
-2.24879e-07
-2.6217e-07
-2.16405e-07
-2.80767e-07
-2.08039e-07
-2.9869e-07
-1.99884e-07
-3.16008e-07
-1.92141e-07
-3.32804e-07
-1.85183e-07
-3.49222e-07
-1.79204e-07
-3.6557e-07
-1.75384e-07
-3.82505e-07
-1.75904e-07
-4.0054e-07
-1.8302e-07
-4.20043e-07
-1.93988e-07
-4.41334e-07
-2.07713e-07
-4.6473e-07
-2.23764e-07
-4.90576e-07
-2.42034e-07
-5.19236e-07
-2.62548e-07
-5.51068e-07
-2.85126e-07
-5.86941e-07
-3.11021e-07
-6.27636e-07
-3.43127e-07
-6.7366e-07
-3.79218e-07
-7.24976e-07
-4.17984e-07
-7.80629e-07
-4.56541e-07
-8.40206e-07
-4.89584e-07
-9.01621e-07
-5.11542e-07
-9.60246e-07
-5.21458e-07
-1.01533e-06
-5.31567e-07
-1.06764e-06
-5.31414e-07
-1.11778e-06
-5.24557e-07
-1.16607e-06
-5.13748e-07
-1.21264e-06
-5.00614e-07
-1.25753e-06
-4.86024e-07
-1.30074e-06
-4.70415e-07
-1.34224e-06
-4.54009e-07
-1.38201e-06
-4.3692e-07
-1.42e-06
-4.19215e-07
-1.45617e-06
-4.00941e-07
-1.49049e-06
-3.82134e-07
-1.52293e-06
-3.62829e-07
-1.55346e-06
-3.43059e-07
-1.58206e-06
-3.22856e-07
-1.60872e-06
-3.02252e-07
-1.63342e-06
-2.81275e-07
-1.65616e-06
-2.59954e-07
-1.67691e-06
-2.38319e-07
-1.69569e-06
-2.16402e-07
-1.71249e-06
-1.94238e-07
-1.7273e-06
-1.71865e-07
-1.74014e-06
-1.49322e-07
-1.751e-06
-1.26646e-07
-1.75989e-06
-1.03865e-07
-1.76681e-06
-8.09916e-08
-1.77176e-06
-5.80161e-08
-1.77473e-06
-3.49165e-08
-1.16782e-08
9.86773e-07
-1.07042e-08
9.83702e-07
-3.19788e-08
9.78603e-07
-5.30713e-08
9.71492e-07
-7.39622e-08
9.62385e-07
-9.46399e-08
9.51298e-07
-1.15084e-07
9.38251e-07
-1.35262e-07
9.23264e-07
-1.55127e-07
9.06366e-07
-1.74633e-07
8.87585e-07
-1.93728e-07
8.66956e-07
-2.12367e-07
8.44519e-07
-2.30503e-07
8.20316e-07
-2.48095e-07
7.94395e-07
-2.65106e-07
7.66806e-07
-2.81497e-07
7.37606e-07
-2.97231e-07
7.06854e-07
-3.1227e-07
6.74614e-07
-3.26565e-07
6.40951e-07
-3.40051e-07
6.05942e-07
-3.52627e-07
5.69671e-07
-3.64117e-07
5.32249e-07
-3.74219e-07
4.93835e-07
-3.82423e-07
4.54678e-07
-3.87946e-07
4.15148e-07
-3.89975e-07
3.75736e-07
-3.87832e-07
3.36991e-07
-3.8145e-07
2.99379e-07
-3.71624e-07
2.63178e-07
-3.59784e-07
2.28453e-07
-3.47419e-07
1.95114e-07
-3.35594e-07
1.63006e-07
-3.24828e-07
1.31965e-07
-3.15209e-07
1.01852e-07
-3.06589e-07
7.25637e-08
-2.98726e-07
4.40293e-08
-2.91377e-07
1.62042e-08
-2.84343e-07
-1.0938e-08
-2.77481e-07
-3.74105e-08
-2.70694e-07
-6.32085e-08
-2.63834e-07
-8.83222e-08
-2.56842e-07
-1.1274e-07
-2.497e-07
-1.36448e-07
-2.42405e-07
-1.59437e-07
-2.34968e-07
-1.81696e-07
-2.27408e-07
-2.03219e-07
-2.19753e-07
-2.24003e-07
-2.12035e-07
-2.44052e-07
-2.04295e-07
-2.63372e-07
-1.96583e-07
-2.8198e-07
-1.88966e-07
-2.99905e-07
-1.81541e-07
-3.17215e-07
-1.74497e-07
-3.33992e-07
-1.68168e-07
-3.50385e-07
-1.62745e-07
-3.6671e-07
-1.5932e-07
-3.83654e-07
-1.59921e-07
-4.01704e-07
-1.66447e-07
-4.21218e-07
-1.76445e-07
-4.42506e-07
-1.88933e-07
-4.65884e-07
-2.03525e-07
-4.91689e-07
-2.20128e-07
-5.20284e-07
-2.38761e-07
-5.52007e-07
-2.59259e-07
-5.87761e-07
-2.82806e-07
-6.28291e-07
-3.11966e-07
-6.74079e-07
-3.44726e-07
-7.25063e-07
-3.79883e-07
-7.80267e-07
-4.14814e-07
-8.39292e-07
-4.4468e-07
-9.00101e-07
-4.64505e-07
-9.58168e-07
-4.73509e-07
-1.01288e-06
-4.82678e-07
-1.06489e-06
-4.82561e-07
-1.11476e-06
-4.76375e-07
-1.16279e-06
-4.66615e-07
-1.20913e-06
-4.54754e-07
-1.25382e-06
-4.41577e-07
-1.29688e-06
-4.27481e-07
-1.3383e-06
-4.12661e-07
-1.37803e-06
-3.97223e-07
-1.41604e-06
-3.81222e-07
-1.45228e-06
-3.647e-07
-1.48673e-06
-3.47688e-07
-1.51935e-06
-3.30215e-07
-1.5501e-06
-3.12311e-07
-1.57895e-06
-2.94002e-07
-1.60589e-06
-2.75316e-07
-1.63089e-06
-2.56277e-07
-1.65393e-06
-2.36913e-07
-1.675e-06
-2.17249e-07
-1.69409e-06
-1.97315e-07
-1.71118e-06
-1.77143e-07
-1.72628e-06
-1.56769e-07
-1.73937e-06
-1.36229e-07
-1.75046e-06
-1.15559e-07
-1.75954e-06
-9.47858e-08
-1.76661e-06
-7.39204e-08
-1.77167e-06
-5.29555e-08
-1.77471e-06
-3.18715e-08
-1.06581e-08
9.86758e-07
-9.66183e-09
9.83644e-07
-2.88648e-08
9.78475e-07
-4.79022e-08
9.71268e-07
-6.67551e-08
9.62041e-07
-8.54125e-08
9.50812e-07
-1.03856e-07
9.37605e-07
-1.22054e-07
9.22444e-07
-1.39966e-07
9.05359e-07
-1.57548e-07
8.86384e-07
-1.74754e-07
8.65557e-07
-1.9154e-07
8.42922e-07
-2.07868e-07
8.18525e-07
-2.23699e-07
7.92416e-07
-2.38998e-07
7.64651e-07
-2.53733e-07
7.35288e-07
-2.67872e-07
7.04389e-07
-2.81378e-07
6.72019e-07
-2.9421e-07
6.3825e-07
-3.06311e-07
6.03159e-07
-3.17586e-07
5.66835e-07
-3.27879e-07
5.29394e-07
-3.36915e-07
4.90999e-07
-3.4423e-07
4.51905e-07
-3.49117e-07
4.12481e-07
-3.50846e-07
3.73213e-07
-3.48815e-07
3.34637e-07
-3.42982e-07
2.97205e-07
-3.34079e-07
2.61179e-07
-3.234e-07
2.26614e-07
-3.12278e-07
1.93418e-07
-3.01661e-07
1.61435e-07
-2.92004e-07
1.30504e-07
-2.8338e-07
1.00486e-07
-2.75651e-07
7.12801e-08
-2.68601e-07
4.28161e-08
-2.6201e-07
1.505e-08
-2.55699e-07
-1.20439e-08
-2.4954e-07
-3.84779e-08
-2.43447e-07
-6.42466e-08
-2.37285e-07
-8.93391e-08
-2.31002e-07
-1.13742e-07
-2.24582e-07
-1.37443e-07
-2.18022e-07
-1.60427e-07
-2.11333e-07
-1.82684e-07
-2.04531e-07
-2.04206e-07
-1.97641e-07
-2.24989e-07
-1.90692e-07
-2.45032e-07
-1.83722e-07
-2.64343e-07
-1.76775e-07
-2.82936e-07
-1.69913e-07
-3.00839e-07
-1.63224e-07
-3.18122e-07
-1.56884e-07
-3.34866e-07
-1.51187e-07
-3.51225e-07
-1.4632e-07
-3.67517e-07
-1.43281e-07
-3.84454e-07
-1.43921e-07
-4.02505e-07
-1.4984e-07
-4.22016e-07
-1.58861e-07
-4.43294e-07
-1.70112e-07
-4.66649e-07
-1.83249e-07
-4.92416e-07
-1.98191e-07
-5.20953e-07
-2.14956e-07
-5.52593e-07
-2.33391e-07
-5.88253e-07
-2.54597e-07
-6.28657e-07
-2.80832e-07
-6.74271e-07
-3.10291e-07
-7.25012e-07
-3.41883e-07
-7.7989e-07
-3.73244e-07
-8.38522e-07
-4.00005e-07
-8.98919e-07
-4.17746e-07
-9.56581e-07
-4.25825e-07
-1.01091e-06
-4.34044e-07
-1.06262e-06
-4.3394e-07
-1.11226e-06
-4.28399e-07
-1.1601e-06
-4.19658e-07
-1.20628e-06
-4.09038e-07
-1.25087e-06
-3.9724e-07
-1.29386e-06
-3.84619e-07
-1.33523e-06
-3.71349e-07
-1.37497e-06
-3.57522e-07
-1.41302e-06
-3.43188e-07
-1.44934e-06
-3.28382e-07
-1.4839e-06
-3.13131e-07
-1.51666e-06
-2.9746e-07
-1.54758e-06
-2.81393e-07
-1.57663e-06
-2.64955e-07
-1.60377e-06
-2.48168e-07
-1.629e-06
-2.31056e-07
-1.65227e-06
-2.13641e-07
-1.67357e-06
-1.95946e-07
-1.69289e-06
-1.77998e-07
-1.71021e-06
-1.59827e-07
-1.72551e-06
-1.41465e-07
-1.73879e-06
-1.22947e-07
-1.75005e-06
-1.04304e-07
-1.75927e-06
-8.55635e-08
-1.76646e-06
-6.67347e-08
-1.7716e-06
-4.78114e-08
-1.7747e-06
-2.87759e-08
-9.62161e-09
9.86747e-07
-8.60851e-09
9.83601e-07
-2.57181e-08
9.78378e-07
-4.26792e-08
9.71097e-07
-5.94742e-08
9.61778e-07
-7.60932e-08
9.50441e-07
-9.25192e-08
9.37111e-07
-1.08724e-07
9.21815e-07
-1.24671e-07
9.04587e-07
-1.40319e-07
8.85463e-07
-1.55629e-07
8.64484e-07
-1.70562e-07
8.41697e-07
-1.85081e-07
8.17152e-07
-1.99154e-07
7.90901e-07
-2.12749e-07
7.63004e-07
-2.25838e-07
7.3352e-07
-2.38392e-07
7.02513e-07
-2.50379e-07
6.70052e-07
-2.61764e-07
6.36207e-07
-2.72495e-07
6.01056e-07
-2.82488e-07
5.6469e-07
-2.91602e-07
5.27222e-07
-2.9959e-07
4.8882e-07
-3.06038e-07
4.49738e-07
-3.10315e-07
4.10349e-07
-3.11774e-07
3.71143e-07
-3.09889e-07
3.32652e-07
-3.04635e-07
2.95322e-07
-2.96676e-07
2.59407e-07
-2.87167e-07
2.24952e-07
-2.77286e-07
1.9186e-07
-2.67868e-07
1.59973e-07
-2.59308e-07
1.29127e-07
-2.51666e-07
9.91868e-08
-2.44817e-07
7.00493e-08
-2.38567e-07
4.16456e-08
-2.32723e-07
1.39326e-08
-2.27125e-07
-1.31154e-08
-2.21662e-07
-3.95098e-08
-2.16254e-07
-6.52442e-08
-2.10783e-07
-9.03073e-08
-2.05203e-07
-1.14685e-07
-1.995e-07
-1.38363e-07
-1.93672e-07
-1.61326e-07
-1.87727e-07
-1.83564e-07
-1.81681e-07
-2.05067e-07
-1.75555e-07
-2.25829e-07
-1.69377e-07
-2.45849e-07
-1.63177e-07
-2.65134e-07
-1.56998e-07
-2.83697e-07
-1.50895e-07
-3.01567e-07
-1.44946e-07
-3.18814e-07
-1.3931e-07
-3.35521e-07
-1.34247e-07
-3.51844e-07
-1.29928e-07
-3.68097e-07
-1.27274e-07
-3.85017e-07
-1.27919e-07
-4.03058e-07
-1.33216e-07
-4.22558e-07
-1.41253e-07
-4.4382e-07
-1.51263e-07
-4.6715e-07
-1.62947e-07
-4.92881e-07
-1.76232e-07
-5.21365e-07
-1.91133e-07
-5.52936e-07
-2.07515e-07
-5.88521e-07
-2.26383e-07
-6.28825e-07
-2.49703e-07
-6.74305e-07
-2.75877e-07
-7.24869e-07
-3.03931e-07
-7.79516e-07
-3.31757e-07
-8.37883e-07
-3.55456e-07
-8.98012e-07
-3.71149e-07
-9.55397e-07
-3.7831e-07
-1.00947e-06
-3.85585e-07
-1.06096e-06
-3.85485e-07
-1.11041e-06
-3.80573e-07
-1.15811e-06
-3.72832e-07
-1.20418e-06
-3.6343e-07
-1.24868e-06
-3.52986e-07
-1.29161e-06
-3.41812e-07
-1.33296e-06
-3.30064e-07
-1.3727e-06
-3.17821e-07
-1.41077e-06
-3.05125e-07
-1.44716e-06
-2.92008e-07
-1.4818e-06
-2.78492e-07
-1.51466e-06
-2.64599e-07
-1.54571e-06
-2.50349e-07
-1.5749e-06
-2.35765e-07
-1.6022e-06
-2.20864e-07
-1.62759e-06
-2.05668e-07
-1.65104e-06
-1.90196e-07
-1.67251e-06
-1.74468e-07
-1.692e-06
-1.58509e-07
-1.70948e-06
-1.42345e-07
-1.72494e-06
-1.26006e-07
-1.73837e-06
-1.09523e-07
-1.74975e-06
-9.29246e-08
-1.75907e-06
-7.6235e-08
-1.76634e-06
-5.94639e-08
-1.77155e-06
-4.26051e-08
-1.77468e-06
-2.56428e-08
-8.57306e-09
9.86739e-07
-7.54678e-09
9.83567e-07
-2.25462e-08
9.78303e-07
-3.74148e-08
9.70965e-07
-5.21366e-08
9.61575e-07
-6.67028e-08
9.50154e-07
-8.10984e-08
9.36728e-07
-9.52983e-08
9.21327e-07
-1.0927e-07
9.03986e-07
-1.22978e-07
8.84743e-07
-1.36386e-07
8.63642e-07
-1.49461e-07
8.40731e-07
-1.62171e-07
8.16063e-07
-1.74485e-07
7.89692e-07
-1.86379e-07
7.61679e-07
-1.97827e-07
7.32086e-07
-2.08803e-07
7.00979e-07
-2.1928e-07
6.68427e-07
-2.29228e-07
6.34502e-07
-2.386e-07
5.99285e-07
-2.47323e-07
5.62866e-07
-2.55274e-07
5.25362e-07
-2.62234e-07
4.86945e-07
-2.67838e-07
4.4787e-07
-2.71534e-07
4.08512e-07
-2.72754e-07
3.69362e-07
-2.71045e-07
3.30947e-07
-2.66394e-07
2.93705e-07
-2.59394e-07
2.57879e-07
-2.51059e-07
2.2351e-07
-2.42416e-07
1.90498e-07
-2.34187e-07
1.58683e-07
-2.26713e-07
1.27901e-07
-2.20042e-07
9.80188e-08
-2.14063e-07
6.89338e-08
-2.08606e-07
4.05778e-08
-2.03502e-07
1.29082e-08
-1.98612e-07
-1.41003e-08
-1.93837e-07
-4.04584e-08
-1.8911e-07
-6.61592e-08
-1.84326e-07
-9.1191e-08
-1.79446e-07
-1.15539e-07
-1.74458e-07
-1.39189e-07
-1.69359e-07
-1.62125e-07
-1.64157e-07
-1.84335e-07
-1.58866e-07
-2.05809e-07
-1.53505e-07
-2.26542e-07
-1.48096e-07
-2.46532e-07
-1.42669e-07
-2.65784e-07
-1.3726e-07
-2.84313e-07
-1.31916e-07
-3.02145e-07
-1.26708e-07
-3.19354e-07
-1.21778e-07
-3.3602e-07
-1.17348e-07
-3.52303e-07
-1.13577e-07
-3.68514e-07
-1.11302e-07
-3.85415e-07
-1.11921e-07
-4.03443e-07
-1.16581e-07
-4.22931e-07
-1.23627e-07
-4.44177e-07
-1.32394e-07
-4.67485e-07
-1.42622e-07
-4.93184e-07
-1.5425e-07
-5.21625e-07
-1.67291e-07
-5.53143e-07
-1.81625e-07
-5.88672e-07
-1.98151e-07
-6.28903e-07
-2.18561e-07
-6.74286e-07
-2.41463e-07
-7.2472e-07
-2.65997e-07
-7.79196e-07
-2.90313e-07
-8.37361e-07
-3.10987e-07
-8.97282e-07
-3.24655e-07
-9.54452e-07
-3.30895e-07
-1.00831e-06
-3.37232e-07
-1.05963e-06
-3.37135e-07
-1.10895e-06
-3.32846e-07
-1.15655e-06
-3.26093e-07
-1.20255e-06
-3.17892e-07
-1.24699e-06
-3.08783e-07
-1.28989e-06
-2.99038e-07
-1.33123e-06
-2.88791e-07
-1.37097e-06
-2.7811e-07
-1.40908e-06
-2.67033e-07
-1.44551e-06
-2.55585e-07
-1.48022e-06
-2.43786e-07
-1.51317e-06
-2.31655e-07
-1.54431e-06
-2.19209e-07
-1.57361e-06
-2.06465e-07
-1.60103e-06
-1.93442e-07
-1.62654e-06
-1.80155e-07
-1.65012e-06
-1.66622e-07
-1.67172e-06
-1.52861e-07
-1.69134e-06
-1.38893e-07
-1.70894e-06
-1.24742e-07
-1.72452e-06
-1.10433e-07
-1.73805e-06
-9.59938e-08
-1.74952e-06
-8.1452e-08
-1.75893e-06
-6.68277e-08
-1.76626e-06
-5.21296e-08
-1.77151e-06
-3.73522e-08
-1.77468e-06
-2.24816e-08
-7.51551e-09
9.86733e-07
-6.47853e-09
9.83541e-07
-1.93548e-08
9.78245e-07
-3.21184e-08
9.70863e-07
-4.47552e-08
9.61418e-07
-5.72576e-08
9.49932e-07
-6.96126e-08
9.36433e-07
-8.17986e-08
9.2095e-07
-9.37875e-08
9.03521e-07
-1.05548e-07
8.84185e-07
-1.1705e-07
8.62987e-07
-1.28264e-07
8.39979e-07
-1.39162e-07
8.15213e-07
-1.4972e-07
7.88747e-07
-1.59914e-07
7.60642e-07
-1.69723e-07
7.30962e-07
-1.79127e-07
6.99774e-07
-1.88101e-07
6.67147e-07
-1.96618e-07
6.33157e-07
-2.0464e-07
5.97882e-07
-2.12104e-07
5.61416e-07
-2.18902e-07
5.23877e-07
-2.24847e-07
4.85435e-07
-2.29623e-07
4.46352e-07
-2.32756e-07
4.07005e-07
-2.3376e-07
3.67884e-07
-2.32251e-07
3.29515e-07
-2.28227e-07
2.92331e-07
-2.22201e-07
2.56569e-07
-2.15045e-07
2.22263e-07
-2.07638e-07
1.89311e-07
-2.00594e-07
1.5755e-07
-1.94199e-07
1.26819e-07
-1.88491e-07
9.69828e-08
-1.83376e-07
6.79402e-08
-1.78706e-07
3.96238e-08
-1.74336e-07
1.19911e-08
-1.70149e-07
-1.49825e-08
-1.6606e-07
-4.13075e-08
-1.62011e-07
-6.69764e-08
-1.57911e-07
-9.19772e-08
-1.53729e-07
-1.16295e-07
-1.49454e-07
-1.39914e-07
-1.45084e-07
-1.6282e-07
-1.40625e-07
-1.85e-07
-1.36088e-07
-2.06443e-07
-1.31491e-07
-2.27143e-07
-1.26854e-07
-2.47099e-07
-1.222e-07
-2.66316e-07
-1.17561e-07
-2.84808e-07
-1.12979e-07
-3.02603e-07
-1.08513e-07
-3.19773e-07
-1.04288e-07
-3.364e-07
-1.00493e-07
-3.52642e-07
-9.72658e-08
-3.68822e-07
-9.53564e-08
-3.85705e-07
-9.59261e-08
-4.03719e-07
-9.99391e-08
-4.23194e-07
-1.05989e-07
-4.44424e-07
-1.1351e-07
-4.67712e-07
-1.2228e-07
-4.93385e-07
-1.3225e-07
-5.21791e-07
-1.43429e-07
-5.53267e-07
-1.55717e-07
-5.88754e-07
-1.69896e-07
-6.28928e-07
-1.87397e-07
-6.74234e-07
-2.07031e-07
-7.24558e-07
-2.28056e-07
-7.78889e-07
-2.48882e-07
-8.36891e-07
-2.6656e-07
-8.9666e-07
-2.78231e-07
-9.53678e-07
-2.83559e-07
-1.0074e-06
-2.88965e-07
-1.05861e-06
-2.88869e-07
-1.10784e-06
-2.85193e-07
-1.15537e-06
-2.79415e-07
-1.20131e-06
-2.72403e-07
-1.24572e-06
-2.64616e-07
-1.2886e-06
-2.56285e-07
-1.32993e-06
-2.47523e-07
-1.36968e-06
-2.3839e-07
-1.40782e-06
-2.28917e-07
-1.44428e-06
-2.19125e-07
-1.47904e-06
-2.0903e-07
-1.51205e-06
-1.98649e-07
-1.54327e-06
-1.87995e-07
-1.57265e-06
-1.77084e-07
-1.60016e-06
-1.65931e-07
-1.62577e-06
-1.54549e-07
-1.64944e-06
-1.42953e-07
-1.67114e-06
-1.31158e-07
-1.69085e-06
-1.19183e-07
-1.70855e-06
-1.07047e-07
-1.7242e-06
-9.4774e-08
-1.73781e-06
-8.23875e-08
-1.74935e-06
-6.99109e-08
-1.75882e-06
-5.73619e-08
-1.7662e-06
-4.47483e-08
-1.77149e-06
-3.20648e-08
-1.77467e-06
-1.92995e-08
-6.45128e-09
9.86728e-07
-5.40532e-09
9.83521e-07
-1.61485e-08
9.782e-07
-2.67975e-08
9.70785e-07
-3.73402e-08
9.61298e-07
-4.77702e-08
9.49762e-07
-5.80768e-08
9.36205e-07
-6.82417e-08
9.20659e-07
-7.82413e-08
9.03161e-07
-8.80498e-08
8.83751e-07
-9.76413e-08
8.62478e-07
-1.06991e-07
8.39392e-07
-1.16076e-07
8.14547e-07
-1.24876e-07
7.88004e-07
-1.33371e-07
7.59823e-07
-1.41544e-07
7.30069e-07
-1.49378e-07
6.98812e-07
-1.56852e-07
6.66122e-07
-1.63944e-07
6.32073e-07
-1.70622e-07
5.96747e-07
-1.76833e-07
5.60236e-07
-1.82488e-07
5.22662e-07
-1.87428e-07
4.84196e-07
-1.9139e-07
4.45103e-07
-1.93977e-07
4.0576e-07
-1.94786e-07
3.6666e-07
-1.93498e-07
3.28326e-07
-1.90117e-07
2.91186e-07
-1.85077e-07
2.55473e-07
-1.79106e-07
2.21215e-07
-1.72934e-07
1.88308e-07
-1.67069e-07
1.56589e-07
-1.61747e-07
1.25896e-07
-1.56998e-07
9.60952e-08
-1.5274e-07
6.70858e-08
-1.48853e-07
3.88008e-08
-1.45215e-07
1.11984e-08
-1.41728e-07
-1.5746e-08
-1.38323e-07
-4.20424e-08
-1.34949e-07
-6.7683e-08
-1.31534e-07
-9.26555e-08
-1.28049e-07
-1.16945e-07
-1.24486e-07
-1.40535e-07
-1.20844e-07
-1.63412e-07
-1.17127e-07
-1.85562e-07
-1.13346e-07
-2.06974e-07
-1.09514e-07
-2.27642e-07
-1.05648e-07
-2.47565e-07
-1.01768e-07
-2.66748e-07
-9.79005e-08
-2.85204e-07
-9.40802e-08
-3.02963e-07
-9.03574e-08
-3.20096e-07
-8.68368e-08
-3.36686e-07
-8.36745e-08
-3.52893e-07
-8.09898e-08
-3.69049e-07
-7.94316e-08
-3.85916e-07
-7.9936e-08
-4.03918e-07
-8.32944e-08
-4.2338e-07
-8.83427e-08
-4.44597e-07
-9.46133e-08
-4.67868e-07
-1.01924e-07
-4.93521e-07
-1.10232e-07
-5.219e-07
-1.19549e-07
-5.53345e-07
-1.29788e-07
-5.88802e-07
-1.41613e-07
-6.28937e-07
-1.56203e-07
-6.74188e-07
-1.72569e-07
-7.24433e-07
-1.90095e-07
-7.78652e-07
-2.07451e-07
-8.36518e-07
-2.22169e-07
-8.96165e-07
-2.31859e-07
-9.53066e-07
-2.36279e-07
-1.00668e-06
-2.40757e-07
-1.05781e-06
-2.40655e-07
-1.10698e-06
-2.37586e-07
-1.15447e-06
-2.32776e-07
-1.20038e-06
-2.26944e-07
-1.24476e-06
-2.20469e-07
-1.28763e-06
-2.13542e-07
-1.32896e-06
-2.06256e-07
-1.36872e-06
-1.9866e-07
-1.40687e-06
-1.9078e-07
-1.44337e-06
-1.82634e-07
-1.47817e-06
-1.74234e-07
-1.51123e-06
-1.65594e-07
-1.5425e-06
-1.56726e-07
-1.57194e-06
-1.47642e-07
-1.59952e-06
-1.38354e-07
-1.62519e-06
-1.28873e-07
-1.64893e-06
-1.19212e-07
-1.67071e-06
-1.09383e-07
-1.69049e-06
-9.94022e-08
-1.70825e-06
-8.92856e-08
-1.72397e-06
-7.90528e-08
-1.73764e-06
-6.87242e-08
-1.74923e-06
-5.83193e-08
-1.75874e-06
-4.78531e-08
-1.76615e-06
-3.73321e-08
-1.77147e-06
-2.67517e-08
-1.77466e-06
-1.61017e-08
-5.3821e-09
9.86724e-07
-4.3283e-09
9.83506e-07
-1.29309e-08
9.78167e-07
-2.14579e-08
9.70726e-07
-2.98996e-08
9.61207e-07
-3.82507e-08
9.49633e-07
-4.65028e-08
9.36032e-07
-5.4641e-08
9.20437e-07
-6.26464e-08
9.02885e-07
-7.04983e-08
8.8342e-07
-7.81757e-08
8.62088e-07
-8.56588e-08
8.38941e-07
-9.29293e-08
8.14035e-07
-9.99706e-08
7.8743e-07
-1.06767e-07
7.59189e-07
-1.13305e-07
7.29377e-07
-1.1957e-07
6.98065e-07
-1.25547e-07
6.65322e-07
-1.31218e-07
6.31225e-07
-1.36556e-07
5.95855e-07
-1.4152e-07
5.59307e-07
-1.46037e-07
5.21701e-07
-1.49981e-07
4.83213e-07
-1.53139e-07
4.44106e-07
-1.55194e-07
4.04762e-07
-1.55823e-07
3.65673e-07
-1.54773e-07
3.27363e-07
-1.52051e-07
2.90255e-07
-1.48007e-07
2.54576e-07
-1.43224e-07
2.20355e-07
-1.38286e-07
1.87481e-07
-1.33597e-07
1.55794e-07
-1.29344e-07
1.2513e-07
-1.25548e-07
9.53561e-08
-1.22146e-07
6.63726e-08
-1.19039e-07
3.81127e-08
-1.1613e-07
1.05348e-08
-1.13342e-07
-1.63855e-08
-1.10618e-07
-4.26579e-08
-1.0792e-07
-6.82742e-08
-1.05188e-07
-9.32222e-08
-1.024e-07
-1.17487e-07
-9.95489e-08
-1.41052e-07
-9.66347e-08
-1.63902e-07
-9.36609e-08
-1.86024e-07
-9.06355e-08
-2.07408e-07
-8.7569e-08
-2.28047e-07
-8.44752e-08
-2.4794e-07
-8.13702e-08
-2.67091e-07
-7.82748e-08
-2.85515e-07
-7.52171e-08
-3.03241e-07
-7.22372e-08
-3.20342e-07
-6.94201e-08
-3.36901e-07
-6.68889e-08
-3.53078e-07
-6.47428e-08
-3.69221e-07
-6.35164e-08
-3.86069e-07
-6.39566e-08
-4.04058e-07
-6.66495e-08
-4.23509e-07
-7.06906e-08
-4.44715e-07
-7.57065e-08
-4.67974e-07
-8.15536e-08
-4.93611e-07
-8.81992e-08
-5.21969e-07
-9.56512e-08
-5.53391e-07
-1.03842e-07
-5.88828e-07
-1.13307e-07
-6.28938e-07
-1.2498e-07
-6.74161e-07
-1.38076e-07
-7.24371e-07
-1.52103e-07
-7.78532e-07
-1.66008e-07
-8.36259e-07
-1.77852e-07
-8.958e-07
-1.85538e-07
-9.52606e-07
-1.89033e-07
-1.00614e-06
-1.92584e-07
-1.05721e-06
-1.92474e-07
-1.10634e-06
-1.90006e-07
-1.1538e-06
-1.86161e-07
-1.19969e-06
-1.81504e-07
-1.24406e-06
-1.76335e-07
-1.28692e-06
-1.70805e-07
-1.32825e-06
-1.64988e-07
-1.36802e-06
-1.58922e-07
-1.40618e-06
-1.52629e-07
-1.44271e-06
-1.46121e-07
-1.47753e-06
-1.3941e-07
-1.51063e-06
-1.32505e-07
-1.54194e-06
-1.25417e-07
-1.57142e-06
-1.18155e-07
-1.59905e-06
-1.10728e-07
-1.62478e-06
-1.03146e-07
-1.64857e-06
-9.5419e-08
-1.6704e-06
-8.75565e-08
-1.69023e-06
-7.95707e-08
-1.70804e-06
-7.14754e-08
-1.7238e-06
-6.32861e-08
-1.73751e-06
-5.50193e-08
-1.74914e-06
-4.66909e-08
-1.75868e-06
-3.83129e-08
-1.76612e-06
-2.98905e-08
-1.77145e-06
-2.14198e-08
-1.77466e-06
-1.28926e-08
-4.30928e-09
9.86721e-07
-3.24849e-09
9.83495e-07
-9.70487e-09
9.78142e-07
-1.61045e-08
9.70682e-07
-2.244e-08
9.61139e-07
-2.87075e-08
9.49536e-07
-3.49003e-08
9.35903e-07
-4.10076e-08
9.20272e-07
-4.7015e-08
9.0268e-07
-5.29069e-08
8.83172e-07
-5.86675e-08
8.61795e-07
-6.42819e-08
8.38602e-07
-6.97363e-08
8.13649e-07
-7.50183e-08
7.86997e-07
-8.01164e-08
7.58709e-07
-8.50197e-08
7.28853e-07
-8.97179e-08
6.97496e-07
-9.41995e-08
6.64712e-07
-9.84508e-08
6.30577e-07
-1.02452e-07
5.95172e-07
-1.06173e-07
5.58593e-07
-1.09557e-07
5.20961e-07
-1.1251e-07
4.82452e-07
-1.14872e-07
4.43333e-07
-1.16405e-07
4.03986e-07
-1.16866e-07
3.64904e-07
-1.16067e-07
3.2661e-07
-1.14016e-07
2.89525e-07
-1.10975e-07
2.53872e-07
-1.07385e-07
2.19676e-07
-1.03681e-07
1.86828e-07
-1.00166e-07
1.55163e-07
-9.69778e-08
1.24521e-07
-9.41334e-08
9.47677e-08
-9.15831e-08
6.58037e-08
-8.92538e-08
3.7563e-08
-8.70731e-08
1.0004e-08
-8.49822e-08
-1.68974e-08
-8.294e-08
-4.31506e-08
-8.09162e-08
-6.87474e-08
-7.88667e-08
-9.36753e-08
-7.67754e-08
-1.17919e-07
-7.46372e-08
-1.41463e-07
-7.24512e-08
-1.64292e-07
-7.02206e-08
-1.86392e-07
-6.79511e-08
-2.07752e-07
-6.56508e-08
-2.28367e-07
-6.333e-08
-2.48234e-07
-6.10007e-08
-2.67359e-07
-5.86784e-08
-2.85755e-07
-5.63842e-08
-3.03451e-07
-5.41482e-08
-3.20523e-07
-5.20342e-08
-3.37053e-07
-5.0134e-08
-3.53204e-07
-4.85217e-08
-3.69339e-07
-4.76066e-08
-3.86169e-07
-4.79879e-08
-4.0415e-07
-5.00025e-08
-4.23597e-07
-5.30297e-08
-4.44798e-07
-5.67886e-08
-4.68048e-07
-6.11719e-08
-4.93673e-07
-6.61545e-08
-5.22013e-07
-7.1742e-08
-5.53415e-07
-7.78835e-08
-5.88835e-07
-8.49837e-08
-6.28927e-07
-9.37378e-08
-6.74135e-07
-1.03557e-07
-7.24343e-07
-1.14077e-07
-7.78525e-07
-1.24505e-07
-8.36231e-07
-1.33513e-07
-8.95607e-07
-1.39327e-07
-9.52331e-07
-1.41786e-07
-1.00579e-06
-1.44401e-07
-1.05681e-06
-1.44295e-07
-1.10591e-06
-1.42439e-07
-1.15334e-06
-1.39562e-07
-1.19921e-06
-1.3608e-07
-1.24357e-06
-1.32214e-07
-1.28642e-06
-1.28076e-07
-1.32775e-06
-1.23722e-07
-1.36752e-06
-1.19181e-07
-1.4057e-06
-1.14468e-07
-1.44223e-06
-1.09593e-07
-1.47708e-06
-1.04565e-07
-1.5102e-06
-9.93916e-08
-1.54154e-06
-9.40795e-08
-1.57106e-06
-8.86362e-08
-1.59872e-06
-8.30687e-08
-1.62448e-06
-7.73841e-08
-1.64831e-06
-7.15895e-08
-1.67017e-06
-6.56929e-08
-1.69004e-06
-5.97031e-08
-1.70788e-06
-5.36306e-08
-1.72368e-06
-4.7487e-08
-1.73742e-06
-4.1285e-08
-1.74907e-06
-3.50363e-08
-1.75863e-06
-2.87503e-08
-1.76609e-06
-2.24306e-08
-1.77144e-06
-1.60743e-08
-1.77466e-06
-9.67518e-09
-3.23383e-09
9.86719e-07
-2.16668e-09
9.83487e-07
-6.4729e-09
9.78124e-07
-1.07414e-08
9.70651e-07
-1.49671e-08
9.61091e-07
-1.91473e-08
9.49468e-07
-2.32777e-08
9.35812e-07
-2.73511e-08
9.20154e-07
-3.13577e-08
9.02535e-07
-3.52871e-08
8.82996e-07
-3.91289e-08
8.61587e-07
-4.28729e-08
8.3836e-07
-4.65101e-08
8.13374e-07
-5.0032e-08
7.86687e-07
-5.34311e-08
7.58366e-07
-5.67002e-08
7.28476e-07
-5.98322e-08
6.97087e-07
-6.28196e-08
6.64273e-07
-6.56532e-08
6.30109e-07
-6.83201e-08
5.94677e-07
-7.07991e-08
5.58074e-07
-7.30538e-08
5.20422e-07
-7.50206e-08
4.81897e-07
-7.65923e-08
4.42767e-07
-7.76106e-08
4.03417e-07
-7.79133e-08
3.6434e-07
-7.73757e-08
3.26056e-07
-7.6003e-08
2.88986e-07
-7.39725e-08
2.53351e-07
-7.15769e-08
2.19174e-07
-6.91071e-08
1.86343e-07
-6.67637e-08
1.54694e-07
-6.46387e-08
1.24067e-07
-6.27429e-08
9.43283e-08
-6.1043e-08
6.53784e-08
-5.94903e-08
3.71516e-08
-5.80365e-08
9.60653e-09
-5.66425e-08
-1.72808e-08
-5.52809e-08
-4.35196e-08
-5.39315e-08
-6.91017e-08
-5.25649e-08
-9.40144e-08
-5.11705e-08
-1.18243e-07
-4.97447e-08
-1.4177e-07
-4.82872e-08
-1.64582e-07
-4.67999e-08
-1.86665e-07
-4.52867e-08
-2.08008e-07
-4.3753e-08
-2.28604e-07
-4.22055e-08
-2.48452e-07
-4.06524e-08
-2.67557e-07
-3.9104e-08
-2.85932e-07
-3.75742e-08
-3.03606e-07
-3.60831e-08
-3.20655e-07
-3.46731e-08
-3.37159e-07
-3.34051e-08
-3.53283e-07
-3.2328e-08
-3.69389e-07
-3.17238e-08
-3.86228e-07
-3.20048e-08
-4.04215e-07
-3.33421e-08
-4.23664e-07
-3.53565e-08
-4.44862e-07
-3.78607e-08
-4.68105e-07
-4.07815e-08
-4.93719e-07
-4.41021e-08
-5.22043e-07
-4.78259e-08
-5.53427e-07
-5.19187e-08
-5.88828e-07
-5.66514e-08
-6.28899e-07
-6.24843e-08
-6.74084e-07
-6.90254e-08
-7.24269e-07
-7.60308e-08
-7.78434e-07
-8.29732e-08
-8.36213e-07
-8.90597e-08
-8.95555e-07
-9.31196e-08
-9.5224e-07
-9.45503e-08
-1.00565e-06
-9.6239e-08
-1.05663e-06
-9.61471e-08
-1.10569e-06
-9.49059e-08
-1.15308e-06
-9.29932e-08
-1.19893e-06
-9.06804e-08
-1.24327e-06
-8.81115e-08
-1.28611e-06
-8.53602e-08
-1.32743e-06
-8.24638e-08
-1.3672e-06
-7.94414e-08
-1.40538e-06
-7.63037e-08
-1.44192e-06
-7.30577e-08
-1.47678e-06
-6.97091e-08
-1.50991e-06
-6.62627e-08
-1.54127e-06
-6.27236e-08
-1.57081e-06
-5.90966e-08
-1.59849e-06
-5.53864e-08
-1.62428e-06
-5.15977e-08
-1.64813e-06
-4.77353e-08
-1.67002e-06
-4.38044e-08
-1.68991e-06
-3.98112e-08
-1.70778e-06
-3.57624e-08
-1.7236e-06
-3.16661e-08
-1.73736e-06
-2.75307e-08
-1.74903e-06
-2.3364e-08
-1.75861e-06
-1.91724e-08
-1.76608e-06
-1.49583e-08
-1.77143e-06
-1.07195e-08
-1.77466e-06
-6.45208e-09
-2.15658e-09
9.86718e-07
-1.0836e-09
9.83482e-07
-3.23712e-09
9.78113e-07
-5.37198e-09
9.70631e-07
-7.48549e-09
9.6106e-07
-9.5763e-09
9.49425e-07
-1.16422e-08
9.35753e-07
-1.36796e-08
9.20079e-07
-1.56836e-08
9.02441e-07
-1.7649e-08
8.82883e-07
-1.95705e-08
8.61453e-07
-2.14432e-08
8.38205e-07
-2.32623e-08
8.13196e-07
-2.50237e-08
7.86488e-07
-2.67236e-08
7.58144e-07
-2.83585e-08
7.28232e-07
-2.99247e-08
6.96822e-07
-3.14186e-08
6.63988e-07
-3.28355e-08
6.29804e-07
-3.4169e-08
5.94355e-07
-3.54084e-08
5.57736e-07
-3.65357e-08
5.2007e-07
-3.75188e-08
4.81535e-07
-3.83041e-08
4.42398e-07
-3.88125e-08
4.03045e-07
-3.89627e-08
3.6397e-07
-3.86924e-08
3.25692e-07
-3.80044e-08
2.88632e-07
-3.69876e-08
2.53008e-07
-3.57885e-08
2.18842e-07
-3.45526e-08
1.86022e-07
-3.338e-08
1.54384e-07
-3.23168e-08
1.23767e-07
-3.13682e-08
9.40367e-08
-3.05177e-08
6.50958e-08
-2.97407e-08
3.6878e-08
-2.90133e-08
9.34204e-09
-2.83158e-08
-1.7536e-08
-2.76346e-08
-4.37653e-08
-2.69595e-08
-6.93375e-08
-2.62759e-08
-9.42399e-08
-2.55784e-08
-1.18457e-07
-2.48653e-08
-1.41974e-07
-2.41364e-08
-1.64774e-07
-2.33927e-08
-1.86845e-07
-2.2636e-08
-2.08176e-07
-2.18691e-08
-2.2876e-07
-2.10953e-08
-2.48595e-07
-2.03187e-08
-2.67686e-07
-1.95445e-08
-2.86047e-07
-1.87796e-08
-3.03706e-07
-1.8034e-08
-3.20738e-07
-1.73291e-08
-3.37224e-07
-1.66951e-08
-3.53325e-07
-1.6157e-08
-3.69413e-07
-1.58572e-08
-3.8627e-07
-1.60012e-08
-4.04263e-07
-1.66697e-08
-4.23713e-07
-1.76761e-08
-4.44908e-07
-1.89273e-08
-4.68145e-07
-2.03868e-08
-4.93749e-07
-2.20461e-08
-5.22061e-07
-2.39067e-08
-5.5343e-07
-2.59516e-08
-5.88815e-07
-2.83163e-08
-6.28864e-07
-3.12297e-08
-6.74017e-07
-3.44957e-08
-7.24161e-07
-3.79926e-08
-7.78272e-07
-4.14576e-08
-8.36094e-07
-4.45304e-08
-8.95656e-07
-4.66694e-08
-9.52343e-07
-4.72906e-08
-1.00572e-06
-4.81012e-08
-1.05664e-06
-4.80413e-08
-1.10565e-06
-4.74192e-08
-1.153e-06
-4.64664e-08
-1.19881e-06
-4.53147e-08
-1.24312e-06
-4.40346e-08
-1.28594e-06
-4.26626e-08
-1.32725e-06
-4.12174e-08
-1.36701e-06
-3.97087e-08
-1.40519e-06
-3.8142e-08
-1.44173e-06
-3.65208e-08
-1.4766e-06
-3.4848e-08
-1.50974e-06
-3.31262e-08
-1.5411e-06
-3.13577e-08
-1.57066e-06
-2.95451e-08
-1.59835e-06
-2.76907e-08
-1.62415e-06
-2.57968e-08
-1.64802e-06
-2.38659e-08
-1.66993e-06
-2.19007e-08
-1.68983e-06
-1.99042e-08
-1.70772e-06
-1.78798e-08
-1.72355e-06
-1.58317e-08
-1.73732e-06
-1.3764e-08
-1.749e-06
-1.16808e-08
-1.75859e-06
-9.58518e-09
-1.76607e-06
-7.47823e-09
-1.77143e-06
-5.35896e-09
-1.77465e-06
-3.22538e-09
-1.07816e-09
9.86717e-07
1.06147e-13
9.8348e-07
5.11887e-13
9.78107e-07
4.7951e-13
9.70621e-07
2.68614e-13
9.61045e-07
-4.67066e-14
9.49403e-07
-4.36532e-13
9.35725e-07
-9.03895e-13
9.20042e-07
-1.42985e-12
9.02395e-07
-2.00174e-12
8.82827e-07
-2.60742e-12
8.61387e-07
-3.23606e-12
8.38129e-07
-3.87899e-12
8.13109e-07
-4.53035e-12
7.8639e-07
-5.18815e-12
7.58035e-07
-5.85333e-12
7.28112e-07
-6.52989e-12
6.96692e-07
-7.2247e-12
6.63848e-07
-7.94698e-12
6.29655e-07
-8.70719e-12
5.94198e-07
-9.51387e-12
5.57571e-07
-1.03675e-11
5.19899e-07
-1.12469e-11
4.81359e-07
-1.20922e-11
4.42219e-07
-1.27861e-11
4.02865e-07
-1.31577e-11
3.6379e-07
-1.30183e-11
3.25516e-07
-1.22461e-11
2.88459e-07
-1.08602e-11
2.5284e-07
-9.01809e-12
2.18679e-07
-6.93694e-12
1.85863e-07
-4.81098e-12
1.5423e-07
-2.77432e-12
1.23617e-07
-9.05906e-13
9.38913e-08
7.84404e-13
6.49547e-08
2.26237e-12
3.67411e-08
3.53921e-12
9.20955e-09
4.6183e-12
-1.7664e-08
5.51274e-12
-4.38886e-08
6.23702e-12
-6.94558e-08
6.8026e-12
-9.43531e-08
7.22314e-12
-1.18565e-07
7.51315e-12
-1.42076e-07
7.68773e-12
-1.64871e-07
7.76156e-12
-1.86936e-07
7.74889e-12
-2.0826e-07
7.66338e-12
-2.28837e-07
7.51771e-12
-2.48665e-07
7.32365e-12
-2.67749e-07
7.09231e-12
-2.86103e-07
6.83358e-12
-3.03754e-07
6.55627e-12
-3.20778e-07
6.27266e-12
-3.37255e-07
5.99912e-12
-3.53348e-07
5.80642e-12
-3.69432e-07
5.79046e-12
-3.8629e-07
6.04417e-12
-4.04285e-07
6.72959e-12
-4.23735e-07
7.73427e-12
-4.44928e-07
8.93611e-12
-4.68163e-07
1.03183e-11
-4.93763e-07
1.18751e-11
-5.22068e-07
1.35927e-11
-5.53428e-07
1.54337e-11
-5.88802e-07
1.74497e-11
-6.28834e-07
1.9713e-11
-6.73961e-07
2.19803e-11
-7.24065e-07
2.40767e-11
-7.78124e-07
2.59082e-11
-8.35955e-07
2.75702e-11
-8.95752e-07
2.85047e-11
-9.52485e-07
2.82119e-11
-1.00584e-06
2.83265e-11
-1.05672e-06
2.78459e-11
-1.10568e-06
2.68075e-11
-1.15299e-06
2.54073e-11
-1.19878e-06
2.3846e-11
-1.24307e-06
2.22612e-11
-1.28587e-06
2.07337e-11
-1.32717e-06
1.92994e-11
-1.36693e-06
1.79655e-11
-1.4051e-06
1.67258e-11
-1.44165e-06
1.55713e-11
-1.47651e-06
1.45004e-11
-1.50966e-06
1.3521e-11
-1.54103e-06
1.26467e-11
-1.57058e-06
1.189e-11
-1.59829e-06
1.12591e-11
-1.62409e-06
1.07518e-11
-1.64797e-06
1.0352e-11
-1.66988e-06
1.00262e-11
-1.6898e-06
9.71925e-12
-1.70769e-06
9.36059e-12
-1.72353e-06
8.88087e-12
-1.7373e-06
8.23628e-12
-1.74899e-06
7.42843e-12
-1.75858e-06
6.50089e-12
-1.76606e-06
5.50437e-12
-1.77143e-06
4.44025e-12
-1.77465e-06
3.11002e-12
8.53213e-13
9.86717e-07
1.08379e-09
9.8348e-07
3.23811e-09
9.78107e-07
5.37291e-09
9.70621e-07
7.48601e-09
9.61045e-07
9.5762e-09
9.49403e-07
1.16414e-08
9.35725e-07
1.36778e-08
9.20042e-07
1.56808e-08
9.02395e-07
1.7645e-08
8.82827e-07
1.95654e-08
8.61387e-07
2.14367e-08
8.38129e-07
2.32546e-08
8.13109e-07
2.50147e-08
7.8639e-07
2.67133e-08
7.58035e-07
2.83468e-08
7.28112e-07
2.99117e-08
6.96692e-07
3.14042e-08
6.63847e-07
3.28197e-08
6.29655e-07
3.41516e-08
5.94197e-07
3.53895e-08
5.57571e-07
3.6515e-08
5.19898e-07
3.74963e-08
4.81358e-07
3.828e-08
4.42218e-07
3.87869e-08
4.02864e-07
3.89364e-08
3.63789e-07
3.86663e-08
3.25514e-07
3.79798e-08
2.88458e-07
3.69657e-08
2.52839e-07
3.57703e-08
2.18678e-07
3.45384e-08
1.85862e-07
3.33701e-08
1.54229e-07
3.2311e-08
1.23616e-07
3.13662e-08
9.389e-08
3.0519e-08
6.49533e-08
2.9745e-08
3.67398e-08
2.90202e-08
9.2083e-09
2.83249e-08
-1.76652e-08
2.76454e-08
-4.38898e-08
2.69719e-08
-6.9457e-08
2.62894e-08
-9.43542e-08
2.55927e-08
-1.18566e-07
2.48803e-08
-1.42077e-07
2.41517e-08
-1.64872e-07
2.34081e-08
-1.86937e-07
2.26514e-08
-2.08261e-07
2.18843e-08
-2.28838e-07
2.11103e-08
-2.48666e-07
2.03333e-08
-2.6775e-07
1.95586e-08
-2.86103e-07
1.87932e-08
-3.03755e-07
1.8047e-08
-3.20779e-07
1.73416e-08
-3.37256e-07
1.6707e-08
-3.53348e-07
1.61685e-08
-3.69432e-07
1.58688e-08
-3.86291e-07
1.60135e-08
-4.04286e-07
1.66834e-08
-4.23735e-07
1.76919e-08
-4.44929e-07
1.89455e-08
-4.68164e-07
2.04078e-08
-4.93765e-07
2.20703e-08
-5.2207e-07
2.39345e-08
-5.53431e-07
2.59832e-08
-5.88806e-07
2.83521e-08
-6.28839e-07
3.12703e-08
-6.73968e-07
3.45412e-08
-7.24073e-07
3.80428e-08
-7.78133e-07
4.1512e-08
-8.35964e-07
4.45884e-08
-8.9576e-07
4.67289e-08
-9.52491e-07
4.73494e-08
-1.00584e-06
4.81595e-08
-1.05672e-06
4.80979e-08
-1.10569e-06
4.74731e-08
-1.153e-06
4.65172e-08
-1.19878e-06
4.53623e-08
-1.24307e-06
4.40789e-08
-1.28587e-06
4.27038e-08
-1.32717e-06
4.12557e-08
-1.36693e-06
3.97444e-08
-1.40511e-06
3.81751e-08
-1.44165e-06
3.65516e-08
-1.47652e-06
3.48767e-08
-1.50966e-06
3.3153e-08
-1.54103e-06
3.13828e-08
-1.57059e-06
2.95688e-08
-1.59829e-06
2.77132e-08
-1.6241e-06
2.58183e-08
-1.64797e-06
2.38867e-08
-1.66988e-06
2.19208e-08
-1.6898e-06
1.99236e-08
-1.70769e-06
1.78985e-08
-1.72353e-06
1.58494e-08
-1.7373e-06
1.37804e-08
-1.74899e-06
1.16956e-08
-1.75858e-06
9.59804e-09
-1.76606e-06
7.48914e-09
-1.77143e-06
5.36779e-09
-1.77465e-06
3.23158e-09
1.07985e-09
9.86718e-07
2.16687e-09
9.83482e-07
6.47386e-09
9.78113e-07
1.07423e-08
9.70631e-07
1.49675e-08
9.6106e-07
1.91472e-08
9.49425e-07
2.32768e-08
9.35753e-07
2.73492e-08
9.20079e-07
3.13548e-08
9.02441e-07
3.52832e-08
8.82883e-07
3.91237e-08
8.61453e-07
4.28665e-08
8.38205e-07
4.65025e-08
8.13196e-07
5.00231e-08
7.86487e-07
5.34209e-08
7.58143e-07
5.66887e-08
7.28231e-07
5.98194e-08
6.96821e-07
6.28054e-08
6.63987e-07
6.56376e-08
6.29803e-07
6.83029e-08
5.94354e-07
7.07803e-08
5.57735e-07
7.30334e-08
5.20068e-07
7.49983e-08
4.81533e-07
7.65684e-08
4.42396e-07
7.75851e-08
4.03042e-07
7.7887e-08
3.63966e-07
7.73495e-08
3.25689e-07
7.59781e-08
2.88628e-07
7.39501e-08
2.53004e-07
7.1558e-08
2.18838e-07
6.90923e-08
1.86018e-07
6.67531e-08
1.5438e-07
6.46322e-08
1.23762e-07
6.27401e-08
9.40326e-08
6.10438e-08
6.50918e-08
5.9494e-08
3.6874e-08
5.80429e-08
9.33818e-09
5.66511e-08
-1.75398e-08
5.52914e-08
-4.37691e-08
5.39435e-08
-6.93412e-08
5.25781e-08
-9.42435e-08
5.11845e-08
-1.18461e-07
4.97594e-08
-1.41977e-07
4.83022e-08
-1.64778e-07
4.6815e-08
-1.86849e-07
4.53018e-08
-2.08179e-07
4.37679e-08
-2.28763e-07
4.22201e-08
-2.48597e-07
4.06666e-08
-2.67688e-07
3.91177e-08
-2.86049e-07
3.75874e-08
-3.03708e-07
3.60957e-08
-3.2074e-07
3.46852e-08
-3.37225e-07
3.34168e-08
-3.53326e-07
3.23394e-08
-3.69414e-07
3.17354e-08
-3.86271e-07
3.20175e-08
-4.04265e-07
3.33565e-08
-4.23715e-07
3.53731e-08
-4.44911e-07
3.78799e-08
-4.68149e-07
4.08037e-08
-4.93755e-07
4.41277e-08
-5.22068e-07
4.78552e-08
-5.53439e-07
5.1952e-08
-5.88826e-07
5.66895e-08
-6.28878e-07
6.25277e-08
-6.74036e-07
6.90746e-08
-7.24183e-07
7.60858e-08
-7.78296e-07
8.30337e-08
-8.36116e-07
8.91243e-08
-8.95675e-07
9.31851e-08
-9.52359e-07
9.46149e-08
-1.00573e-06
9.63017e-08
-1.05665e-06
9.62061e-08
-1.10566e-06
9.4961e-08
-1.15301e-06
9.30443e-08
-1.19881e-06
9.07278e-08
-1.24313e-06
8.81554e-08
-1.28595e-06
8.54009e-08
-1.32725e-06
8.25016e-08
-1.36702e-06
7.94766e-08
-1.40519e-06
7.63365e-08
-1.44174e-06
7.30883e-08
-1.4766e-06
6.97375e-08
-1.50974e-06
6.62893e-08
-1.54111e-06
6.27486e-08
-1.57066e-06
5.91201e-08
-1.59836e-06
5.54086e-08
-1.62416e-06
5.16189e-08
-1.64803e-06
4.77556e-08
-1.66993e-06
4.3824e-08
-1.68984e-06
3.983e-08
-1.70772e-06
3.57805e-08
-1.72355e-06
3.16831e-08
-1.73732e-06
2.75464e-08
-1.749e-06
2.33782e-08
-1.75859e-06
1.91849e-08
-1.76607e-06
1.4969e-08
-1.77143e-06
1.07283e-08
-1.77465e-06
6.45831e-09
2.1583e-09
9.86719e-07
3.24867e-09
9.83487e-07
9.70579e-09
9.78124e-07
1.61054e-08
9.70651e-07
2.24405e-08
9.61091e-07
2.87073e-08
9.49468e-07
3.48994e-08
9.35812e-07
4.10058e-08
9.20155e-07
4.70122e-08
9.02535e-07
5.2903e-08
8.82996e-07
5.86624e-08
8.61587e-07
6.42756e-08
8.3836e-07
6.97289e-08
8.13373e-07
7.50096e-08
7.86687e-07
8.01064e-08
7.58365e-07
8.50085e-08
7.28475e-07
8.97053e-08
6.97086e-07
9.41856e-08
6.64271e-07
9.84355e-08
6.30106e-07
1.02435e-07
5.94675e-07
1.06154e-07
5.58071e-07
1.09537e-07
5.20418e-07
1.12488e-07
4.81893e-07
1.14848e-07
4.42763e-07
1.1638e-07
4.03412e-07
1.1684e-07
3.64334e-07
1.16041e-07
3.2605e-07
1.1399e-07
2.88979e-07
1.10952e-07
2.53344e-07
1.07365e-07
2.19167e-07
1.03665e-07
1.86336e-07
1.00154e-07
1.54687e-07
9.69701e-08
1.24061e-07
9.41296e-08
9.43215e-08
9.15829e-08
6.53716e-08
8.92567e-08
3.71449e-08
8.70787e-08
9.59988e-09
8.49902e-08
-1.72874e-08
8.29499e-08
-4.35262e-08
8.09277e-08
-6.91081e-08
7.88793e-08
-9.40207e-08
7.67889e-08
-1.18249e-07
7.46513e-08
-1.41776e-07
7.24657e-08
-1.64588e-07
7.02352e-08
-1.8667e-07
6.79656e-08
-2.08013e-07
6.56651e-08
-2.28609e-07
6.3344e-08
-2.48456e-07
6.10142e-08
-2.67561e-07
5.86915e-08
-2.85935e-07
5.63968e-08
-3.03609e-07
5.41602e-08
-3.20657e-07
5.20458e-08
-3.3716e-07
5.01452e-08
-3.53284e-07
4.85329e-08
-3.6939e-07
4.76184e-08
-3.8623e-07
4.80011e-08
-4.04218e-07
5.00179e-08
-4.23668e-07
5.30477e-08
-4.44868e-07
5.68095e-08
-4.68113e-07
6.1196e-08
-4.93728e-07
6.61822e-08
-5.22054e-07
7.17737e-08
-5.53441e-07
7.79195e-08
-5.88846e-07
8.50249e-08
-6.28922e-07
9.37848e-08
-6.74112e-07
1.03611e-07
-7.24302e-07
1.14136e-07
-7.7847e-07
1.2457e-07
-8.36248e-07
1.33582e-07
-8.95588e-07
1.39395e-07
-9.52269e-07
1.41853e-07
-1.00568e-06
1.44464e-07
-1.05665e-06
1.44354e-07
-1.10571e-06
1.42494e-07
-1.1531e-06
1.39612e-07
-1.19894e-06
1.36126e-07
-1.24328e-06
1.32257e-07
-1.28612e-06
1.28116e-07
-1.32744e-06
1.23759e-07
-1.36721e-06
1.19215e-07
-1.40539e-06
1.14499e-07
-1.44193e-06
1.09623e-07
-1.47679e-06
1.04593e-07
-1.50992e-06
9.94174e-08
-1.54128e-06
9.41038e-08
-1.57082e-06
8.86592e-08
-1.5985e-06
8.30905e-08
-1.62428e-06
7.74048e-08
-1.64814e-06
7.16094e-08
-1.67003e-06
6.57119e-08
-1.68992e-06
5.97213e-08
-1.70778e-06
5.36478e-08
-1.7236e-06
4.75032e-08
-1.73736e-06
4.12998e-08
-1.74903e-06
3.50497e-08
-1.75861e-06
2.87621e-08
-1.76608e-06
2.24408e-08
-1.77143e-06
1.60828e-08
-1.77466e-06
9.6813e-09
3.23555e-09
9.86721e-07
4.32848e-09
9.83495e-07
1.29318e-08
9.78142e-07
2.14587e-08
9.70682e-07
2.98999e-08
9.61139e-07
3.82505e-08
9.49537e-07
4.65017e-08
9.35903e-07
5.46391e-08
9.20272e-07
6.26436e-08
9.02681e-07
7.04944e-08
8.83172e-07
7.81707e-08
8.61795e-07
8.56527e-08
8.38602e-07
9.29221e-08
8.13649e-07
9.99622e-08
7.86996e-07
1.06758e-07
7.58708e-07
1.13294e-07
7.28851e-07
1.19558e-07
6.97494e-07
1.25534e-07
6.6471e-07
1.31203e-07
6.30574e-07
1.3654e-07
5.95169e-07
1.41502e-07
5.58589e-07
1.46017e-07
5.20956e-07
1.49959e-07
4.82447e-07
1.53115e-07
4.43327e-07
1.55169e-07
4.0398e-07
1.55796e-07
3.64897e-07
1.54746e-07
3.26603e-07
1.52024e-07
2.89516e-07
1.47982e-07
2.53864e-07
1.43203e-07
2.19667e-07
1.38269e-07
1.86819e-07
1.33584e-07
1.55154e-07
1.29335e-07
1.24512e-07
1.25543e-07
9.47582e-08
1.22145e-07
6.57942e-08
1.19041e-07
3.75534e-08
1.16135e-07
9.99448e-09
1.13349e-07
-1.69069e-08
1.10627e-07
-4.316e-08
1.07931e-07
-6.87567e-08
1.05199e-07
-9.36844e-08
1.02412e-07
-1.17928e-07
9.95622e-08
-1.41471e-07
9.66483e-08
-1.643e-07
9.36747e-08
-1.86399e-07
9.06491e-08
-2.07759e-07
8.75824e-08
-2.28373e-07
8.44883e-08
-2.4824e-07
8.13828e-08
-2.67364e-07
7.8287e-08
-2.85759e-07
7.52288e-08
-3.03455e-07
7.22484e-08
-3.20526e-07
6.94309e-08
-3.37054e-07
6.68995e-08
-3.53205e-07
6.47536e-08
-3.6934e-07
6.35283e-08
-3.86172e-07
6.39706e-08
-4.04154e-07
6.66662e-08
-4.23603e-07
7.07102e-08
-4.44805e-07
7.57293e-08
-4.68058e-07
8.158e-08
-4.93684e-07
8.82294e-08
-5.22028e-07
9.56856e-08
-5.53433e-07
1.03881e-07
-5.88857e-07
1.13351e-07
-6.28955e-07
1.25031e-07
-6.74169e-07
1.38132e-07
-7.24381e-07
1.52165e-07
-7.78566e-07
1.66075e-07
-8.36271e-07
1.77921e-07
-8.95647e-07
1.85606e-07
-9.5237e-07
1.89099e-07
-1.00582e-06
1.92647e-07
-1.05684e-06
1.92531e-07
-1.10594e-06
1.90058e-07
-1.15336e-06
1.86209e-07
-1.19923e-06
1.81549e-07
-1.24359e-06
1.76377e-07
-1.28644e-06
1.70843e-07
-1.32777e-06
1.65024e-07
-1.36754e-06
1.58955e-07
-1.40571e-06
1.52659e-07
-1.44225e-06
1.46149e-07
-1.4771e-06
1.39436e-07
-1.51021e-06
1.3253e-07
-1.54155e-06
1.25441e-07
-1.57107e-06
1.18177e-07
-1.59873e-06
1.10749e-07
-1.62449e-06
1.03166e-07
-1.64832e-06
9.5438e-08
-1.67018e-06
8.75746e-08
-1.69005e-06
7.95878e-08
-1.70789e-06
7.14915e-08
-1.72369e-06
6.33011e-08
-1.73742e-06
5.50331e-08
-1.74907e-06
4.67033e-08
-1.75864e-06
3.83239e-08
-1.7661e-06
2.99e-08
-1.77144e-06
2.14278e-08
-1.77466e-06
1.28985e-08
4.31094e-09
9.86724e-07
5.40547e-09
9.83506e-07
1.61493e-08
9.78167e-07
2.67981e-08
9.70726e-07
3.73404e-08
9.61207e-07
4.77698e-08
9.49633e-07
5.80757e-08
9.36032e-07
6.82398e-08
9.20438e-07
7.82386e-08
9.02886e-07
8.80461e-08
8.8342e-07
9.76365e-08
8.62088e-07
1.06985e-07
8.3894e-07
1.16069e-07
8.14034e-07
1.24868e-07
7.87429e-07
1.33362e-07
7.59187e-07
1.41534e-07
7.29375e-07
1.49366e-07
6.98062e-07
1.56839e-07
6.65319e-07
1.63929e-07
6.31222e-07
1.70606e-07
5.95852e-07
1.76815e-07
5.59303e-07
1.82468e-07
5.21696e-07
1.87407e-07
4.83207e-07
1.91367e-07
4.441e-07
1.93952e-07
4.04755e-07
1.94759e-07
3.65665e-07
1.9347e-07
3.27354e-07
1.9009e-07
2.90245e-07
1.85051e-07
2.54566e-07
1.79083e-07
2.20344e-07
1.72915e-07
1.8747e-07
1.67054e-07
1.55782e-07
1.61736e-07
1.25118e-07
1.56991e-07
9.53441e-08
1.52738e-07
6.63605e-08
1.48854e-07
3.81005e-08
1.45219e-07
1.05225e-08
1.41734e-07
-1.63978e-08
1.38331e-07
-4.26701e-08
1.34959e-07
-6.82863e-08
1.31545e-07
-9.32339e-08
1.28061e-07
-1.17498e-07
1.24498e-07
-1.41062e-07
1.20856e-07
-1.63912e-07
1.1714e-07
-1.86034e-07
1.13358e-07
-2.07417e-07
1.09526e-07
-2.28055e-07
1.0566e-07
-2.47947e-07
1.01779e-07
-2.67097e-07
9.79114e-08
-2.8552e-07
9.40906e-08
-3.03245e-07
9.03673e-08
-3.20344e-07
8.68464e-08
-3.36902e-07
8.36841e-08
-3.53079e-07
8.09998e-08
-3.69221e-07
7.94431e-08
-3.8607e-07
7.9951e-08
-4.04061e-07
8.33126e-08
-4.23514e-07
8.83642e-08
-4.44723e-07
9.46384e-08
-4.67985e-07
1.01952e-07
-4.93625e-07
1.10265e-07
-5.21987e-07
1.19586e-07
-5.53413e-07
1.2983e-07
-5.88855e-07
1.41661e-07
-6.28972e-07
1.56257e-07
-6.74201e-07
1.72629e-07
-7.24418e-07
1.90161e-07
-7.78581e-07
2.07521e-07
-8.36307e-07
2.2224e-07
-8.95848e-07
2.31927e-07
-9.52649e-07
2.36344e-07
-1.00618e-06
2.40818e-07
-1.05725e-06
2.40711e-07
-1.10638e-06
2.37637e-07
-1.15383e-06
2.32823e-07
-1.19972e-06
2.26987e-07
-1.24408e-06
2.20509e-07
-1.28694e-06
2.13578e-07
-1.32827e-06
2.0629e-07
-1.36804e-06
1.98691e-07
-1.40621e-06
1.9081e-07
-1.44273e-06
1.82661e-07
-1.47755e-06
1.7426e-07
-1.51064e-06
1.65618e-07
-1.54195e-06
1.56749e-07
-1.57144e-06
1.47663e-07
-1.59906e-06
1.38374e-07
-1.62479e-06
1.28892e-07
-1.64858e-06
1.19229e-07
-1.6704e-06
1.094e-07
-1.69023e-06
9.9418e-08
-1.70804e-06
8.93004e-08
-1.72381e-06
7.90664e-08
-1.73751e-06
6.87366e-08
-1.74914e-06
5.83305e-08
-1.75868e-06
4.78631e-08
-1.76612e-06
3.73408e-08
-1.77145e-06
2.6759e-08
-1.77466e-06
1.61071e-08
5.38364e-09
9.86728e-07
6.47865e-09
9.83522e-07
1.93554e-08
9.78201e-07
3.21188e-08
9.70786e-07
4.47553e-08
9.61299e-07
5.72571e-08
9.49763e-07
6.96115e-08
9.36206e-07
8.17968e-08
9.2066e-07
9.37848e-08
9.03161e-07
1.05545e-07
8.83752e-07
1.17046e-07
8.62478e-07
1.28259e-07
8.39391e-07
1.39156e-07
8.14547e-07
1.49712e-07
7.88002e-07
1.59905e-07
7.59821e-07
1.69713e-07
7.30067e-07
1.79115e-07
6.98809e-07
1.88088e-07
6.66118e-07
1.96604e-07
6.32069e-07
2.04624e-07
5.96742e-07
2.12087e-07
5.60231e-07
2.18883e-07
5.22656e-07
2.24826e-07
4.8419e-07
2.296e-07
4.45095e-07
2.32731e-07
4.05752e-07
2.33733e-07
3.66651e-07
2.32222e-07
3.28316e-07
2.28197e-07
2.91175e-07
2.22173e-07
2.55461e-07
2.1502e-07
2.21203e-07
2.07617e-07
1.88295e-07
2.00577e-07
1.56576e-07
1.94186e-07
1.25882e-07
1.88483e-07
9.60807e-08
1.83372e-07
6.7071e-08
1.78705e-07
3.87858e-08
1.74338e-07
1.11834e-08
1.70153e-07
-1.5761e-08
1.66067e-07
-4.20572e-08
1.62019e-07
-6.76976e-08
1.57921e-07
-9.26697e-08
1.5374e-07
-1.16959e-07
1.49465e-07
-1.40548e-07
1.45095e-07
-1.63424e-07
1.40636e-07
-1.85573e-07
1.36099e-07
-2.06984e-07
1.31502e-07
-2.27651e-07
1.26864e-07
-2.47573e-07
1.22209e-07
-2.66754e-07
1.1757e-07
-2.8521e-07
1.12987e-07
-3.02967e-07
1.08521e-07
-3.20099e-07
1.04296e-07
-3.36688e-07
1.00501e-07
-3.52894e-07
9.72746e-08
-3.69049e-07
9.53674e-08
-3.85917e-07
9.59421e-08
-4.0392e-07
9.99592e-08
-4.23385e-07
1.06013e-07
-4.44604e-07
1.13538e-07
-4.67879e-07
1.22312e-07
-4.93536e-07
1.32286e-07
-5.2192e-07
1.4347e-07
-5.5337e-07
1.55762e-07
-5.88835e-07
1.69947e-07
-6.28977e-07
1.87455e-07
-6.74235e-07
2.07095e-07
-7.24487e-07
2.28126e-07
-7.78707e-07
2.48956e-07
-8.36572e-07
2.66633e-07
-8.96218e-07
2.78298e-07
-9.53116e-07
2.83622e-07
-1.00673e-06
2.89023e-07
-1.05786e-06
2.88922e-07
-1.10703e-06
2.85242e-07
-1.15451e-06
2.7946e-07
-1.20041e-06
2.72444e-07
-1.2448e-06
2.64653e-07
-1.28766e-06
2.56319e-07
-1.32899e-06
2.47555e-07
-1.36875e-06
2.38419e-07
-1.4069e-06
2.28944e-07
-1.4434e-06
2.1915e-07
-1.4782e-06
2.09054e-07
-1.51125e-06
1.9867e-07
-1.54252e-06
1.88016e-07
-1.57196e-06
1.77104e-07
-1.59953e-06
1.65949e-07
-1.62521e-06
1.54566e-07
-1.64895e-06
1.42969e-07
-1.67072e-06
1.31173e-07
-1.6905e-06
1.19197e-07
-1.70826e-06
1.0706e-07
-1.72398e-06
9.47861e-08
-1.73764e-06
8.23986e-08
-1.74923e-06
6.99208e-08
-1.75874e-06
5.73707e-08
-1.76615e-06
4.47559e-08
-1.77147e-06
3.20712e-08
-1.77466e-06
1.93042e-08
6.45262e-09
9.86733e-07
7.54684e-09
9.83541e-07
2.25466e-08
9.78245e-07
3.7415e-08
9.70864e-07
5.21365e-08
9.61419e-07
6.67022e-08
9.49933e-07
8.10972e-08
9.36434e-07
9.52964e-08
9.20951e-07
1.09267e-07
9.03521e-07
1.22975e-07
8.84185e-07
1.36382e-07
8.62987e-07
1.49456e-07
8.39978e-07
1.62164e-07
8.15212e-07
1.74478e-07
7.88745e-07
1.86371e-07
7.6064e-07
1.97817e-07
7.30959e-07
2.08792e-07
6.9977e-07
2.19269e-07
6.67143e-07
2.29215e-07
6.33152e-07
2.38585e-07
5.97877e-07
2.47307e-07
5.6141e-07
2.55256e-07
5.2387e-07
2.62214e-07
4.85428e-07
2.67815e-07
4.46344e-07
2.71509e-07
4.06996e-07
2.72726e-07
3.67874e-07
2.71014e-07
3.29504e-07
2.66363e-07
2.92318e-07
2.59364e-07
2.56555e-07
2.51031e-07
2.22249e-07
2.42392e-07
1.89296e-07
2.34168e-07
1.57535e-07
2.26699e-07
1.26803e-07
2.20032e-07
9.6966e-08
2.14057e-07
6.7923e-08
2.08604e-07
3.96064e-08
2.03503e-07
1.19736e-08
1.98615e-07
-1.49999e-08
1.93842e-07
-4.13247e-08
1.89117e-07
-6.69933e-08
1.84334e-07
-9.19936e-08
1.79455e-07
-1.16311e-07
1.74467e-07
-1.39929e-07
1.69368e-07
-1.62834e-07
1.64166e-07
-1.85013e-07
1.58875e-07
-2.06454e-07
1.53513e-07
-2.27153e-07
1.48104e-07
-2.47108e-07
1.42677e-07
-2.66323e-07
1.37267e-07
-2.84814e-07
1.31923e-07
-3.02607e-07
1.26714e-07
-3.19775e-07
1.21784e-07
-3.36399e-07
1.17355e-07
-3.5264e-07
1.13584e-07
-3.6882e-07
1.11312e-07
-3.85704e-07
1.11938e-07
-4.03721e-07
1.16603e-07
-4.23198e-07
1.23653e-07
-4.44432e-07
1.32425e-07
-4.67724e-07
1.42658e-07
-4.93402e-07
1.5429e-07
-5.21814e-07
1.67336e-07
-5.53296e-07
1.81675e-07
-5.88792e-07
1.98208e-07
-6.28975e-07
2.18625e-07
-6.74289e-07
2.41534e-07
-7.24621e-07
2.66073e-07
-7.78955e-07
2.90393e-07
-8.36957e-07
3.11063e-07
-8.96727e-07
3.24724e-07
-9.53744e-07
3.30958e-07
-1.00746e-06
3.37289e-07
-1.05867e-06
3.37186e-07
-1.1079e-06
3.32892e-07
-1.15542e-06
3.26134e-07
-1.20136e-06
3.1793e-07
-1.24577e-06
3.08818e-07
-1.28864e-06
2.9907e-07
-1.32997e-06
2.8882e-07
-1.36972e-06
2.78137e-07
-1.40785e-06
2.67058e-07
-1.44432e-06
2.55608e-07
-1.47907e-06
2.43808e-07
-1.51208e-06
2.31675e-07
-1.54329e-06
2.19227e-07
-1.57267e-06
2.06482e-07
-1.60018e-06
1.93458e-07
-1.62579e-06
1.8017e-07
-1.64945e-06
1.66636e-07
-1.67115e-06
1.52874e-07
-1.69086e-06
1.38905e-07
-1.70856e-06
1.24753e-07
-1.72421e-06
1.10443e-07
-1.73782e-06
9.60032e-08
-1.74936e-06
8.14604e-08
-1.75882e-06
6.68351e-08
-1.7662e-06
5.2136e-08
-1.77149e-06
3.73575e-08
-1.77467e-06
2.24855e-08
7.51661e-09
9.86739e-07
8.60854e-09
9.83567e-07
2.57183e-08
9.78303e-07
4.26793e-08
9.70966e-07
5.9474e-08
9.61575e-07
7.60925e-08
9.50154e-07
9.2518e-08
9.36729e-07
1.08722e-07
9.21328e-07
1.24668e-07
9.03986e-07
1.40316e-07
8.84743e-07
1.55625e-07
8.63641e-07
1.70557e-07
8.4073e-07
1.85075e-07
8.16061e-07
1.99147e-07
7.8969e-07
2.12741e-07
7.61676e-07
2.25829e-07
7.32083e-07
2.38382e-07
7.00975e-07
2.50368e-07
6.68422e-07
2.61752e-07
6.34496e-07
2.7248e-07
5.99278e-07
2.82472e-07
5.62858e-07
2.91584e-07
5.25354e-07
2.9957e-07
4.86935e-07
3.06015e-07
4.47859e-07
3.1029e-07
4.08501e-07
3.11745e-07
3.6935e-07
3.09858e-07
3.30934e-07
3.04602e-07
2.9369e-07
2.96643e-07
2.57864e-07
2.87136e-07
2.23494e-07
2.7726e-07
1.90481e-07
2.67847e-07
1.58665e-07
2.59291e-07
1.27883e-07
2.51654e-07
9.79994e-08
2.44809e-07
6.89139e-08
2.38563e-07
4.05577e-08
2.32722e-07
1.2888e-08
2.27127e-07
-1.41202e-08
2.21665e-07
-4.04781e-08
2.16259e-07
-6.61784e-08
2.10789e-07
-9.12096e-08
2.05209e-07
-1.15557e-07
1.99507e-07
-1.39205e-07
1.93679e-07
-1.6214e-07
1.87734e-07
-1.84349e-07
1.81688e-07
-2.05822e-07
1.75561e-07
-2.26553e-07
1.69382e-07
-2.46541e-07
1.63182e-07
-2.65791e-07
1.57003e-07
-2.84317e-07
1.50899e-07
-3.02148e-07
1.44949e-07
-3.19354e-07
1.39313e-07
-3.36019e-07
1.34251e-07
-3.523e-07
1.29934e-07
-3.68511e-07
1.27283e-07
-3.85413e-07
1.27938e-07
-4.03443e-07
1.3324e-07
-4.22934e-07
1.41282e-07
-4.44184e-07
1.51298e-07
-4.67497e-07
1.62986e-07
-4.93202e-07
1.76276e-07
-5.21651e-07
1.91183e-07
-5.53176e-07
2.0757e-07
-5.88716e-07
2.26445e-07
-6.28958e-07
2.49773e-07
-6.74352e-07
2.75956e-07
-7.24793e-07
3.04015e-07
-7.79273e-07
3.31843e-07
-8.37438e-07
3.55536e-07
-8.97361e-07
3.71219e-07
-9.54529e-07
3.78373e-07
-1.00838e-06
3.85641e-07
-1.0597e-06
3.85534e-07
-1.10902e-06
3.80616e-07
-1.15661e-06
3.7287e-07
-1.20261e-06
3.63464e-07
-1.24705e-06
3.53017e-07
-1.28994e-06
3.41841e-07
-1.33128e-06
3.3009e-07
-1.37102e-06
3.17844e-07
-1.40912e-06
3.05147e-07
-1.44555e-06
2.92028e-07
-1.48026e-06
2.7851e-07
-1.5132e-06
2.64615e-07
-1.54434e-06
2.50365e-07
-1.57363e-06
2.35779e-07
-1.60105e-06
2.20878e-07
-1.62656e-06
2.0568e-07
-1.65014e-06
1.90207e-07
-1.67174e-06
1.74479e-07
-1.69135e-06
1.58519e-07
-1.70896e-06
1.42354e-07
-1.72453e-06
1.26014e-07
-1.73805e-06
1.0953e-07
-1.74952e-06
9.29313e-08
-1.75893e-06
7.62408e-08
-1.76626e-06
5.94688e-08
-1.77152e-06
4.26091e-08
-1.77468e-06
2.56457e-08
8.57387e-09
9.86748e-07
9.66181e-09
9.83601e-07
2.88649e-08
9.78378e-07
4.7902e-08
9.71098e-07
6.67546e-08
9.61778e-07
8.54117e-08
9.50441e-07
1.03855e-07
9.37111e-07
1.22052e-07
9.21815e-07
1.39964e-07
9.04587e-07
1.57545e-07
8.85462e-07
1.7475e-07
8.64483e-07
1.91536e-07
8.41696e-07
2.07863e-07
8.17149e-07
2.23693e-07
7.90898e-07
2.38991e-07
7.63e-07
2.53725e-07
7.33515e-07
2.67863e-07
7.02508e-07
2.81368e-07
6.70045e-07
2.94199e-07
6.362e-07
3.06297e-07
6.01048e-07
3.17571e-07
5.6468e-07
3.27862e-07
5.27212e-07
3.36895e-07
4.88809e-07
3.44207e-07
4.49726e-07
3.49091e-07
4.10336e-07
3.50816e-07
3.71128e-07
3.48782e-07
3.32636e-07
3.42947e-07
2.95306e-07
3.34044e-07
2.59389e-07
3.23367e-07
2.24933e-07
3.12248e-07
1.9184e-07
3.01636e-07
1.59952e-07
2.91984e-07
1.29106e-07
2.83365e-07
9.91647e-08
2.75641e-07
7.00269e-08
2.68594e-07
4.16231e-08
2.62006e-07
1.391e-08
2.55698e-07
-1.31378e-08
2.49542e-07
-3.95318e-08
2.43449e-07
-6.52656e-08
2.37288e-07
-9.0328e-08
2.31006e-07
-1.14705e-07
2.24586e-07
-1.38381e-07
2.18027e-07
-1.61344e-07
2.11337e-07
-1.8358e-07
2.04535e-07
-2.05081e-07
1.97644e-07
-2.2584e-07
1.90695e-07
-2.45859e-07
1.83723e-07
-2.65141e-07
1.76776e-07
-2.83702e-07
1.69914e-07
-3.01569e-07
1.63224e-07
-3.18813e-07
1.56884e-07
-3.35517e-07
1.51188e-07
-3.51839e-07
1.46323e-07
-3.6809e-07
1.43289e-07
-3.85012e-07
1.4394e-07
-4.03055e-07
1.49866e-07
-4.22559e-07
1.58893e-07
-4.43826e-07
1.7015e-07
-4.67163e-07
1.83293e-07
-4.929e-07
1.98241e-07
-5.21393e-07
2.15012e-07
-5.52974e-07
2.33452e-07
-5.88571e-07
2.54668e-07
-6.28889e-07
2.80912e-07
-6.74382e-07
3.10378e-07
-7.24956e-07
3.41977e-07
-7.79608e-07
3.73339e-07
-8.37975e-07
4.00089e-07
-8.98103e-07
4.17816e-07
-9.55483e-07
4.25885e-07
-1.00955e-06
4.34096e-07
-1.06104e-06
4.33986e-07
-1.11048e-06
4.2844e-07
-1.15818e-06
4.19694e-07
-1.20425e-06
4.0907e-07
-1.24874e-06
3.97268e-07
-1.29167e-06
3.84644e-07
-1.33301e-06
3.71372e-07
-1.37275e-06
3.57542e-07
-1.41082e-06
3.43207e-07
-1.4472e-06
3.28399e-07
-1.48184e-06
3.13146e-07
-1.5147e-06
2.97473e-07
-1.54574e-06
2.81405e-07
-1.57493e-06
2.64966e-07
-1.60223e-06
2.48178e-07
-1.62761e-06
2.31065e-07
-1.65106e-06
2.13649e-07
-1.67253e-06
1.95953e-07
-1.69202e-06
1.78005e-07
-1.7095e-06
1.59833e-07
-1.72495e-06
1.41471e-07
-1.73837e-06
1.22952e-07
-1.74975e-06
1.04309e-07
-1.75908e-06
8.55676e-08
-1.76635e-06
6.67381e-08
-1.77155e-06
4.78141e-08
-1.77468e-06
2.87777e-08
9.62214e-09
9.86758e-07
1.07041e-08
9.83645e-07
3.19786e-08
9.78476e-07
5.3071e-08
9.71269e-07
7.39616e-08
9.62041e-07
9.4639e-08
9.50813e-07
1.15083e-07
9.37605e-07
1.3526e-07
9.22444e-07
1.55125e-07
9.05358e-07
1.7463e-07
8.86383e-07
1.93725e-07
8.65556e-07
2.12363e-07
8.4292e-07
2.30499e-07
8.18522e-07
2.4809e-07
7.92412e-07
2.651e-07
7.64646e-07
2.8149e-07
7.35282e-07
2.97223e-07
7.04381e-07
3.1226e-07
6.72011e-07
3.26554e-07
6.38241e-07
3.40039e-07
6.03148e-07
3.52613e-07
5.66823e-07
3.64101e-07
5.29381e-07
3.742e-07
4.90985e-07
3.82401e-07
4.5189e-07
3.8792e-07
4.12464e-07
3.89944e-07
3.73195e-07
3.87797e-07
3.34618e-07
3.81412e-07
2.97185e-07
3.71586e-07
2.61157e-07
3.59748e-07
2.26591e-07
3.47386e-07
1.93394e-07
3.35566e-07
1.61411e-07
3.24805e-07
1.30479e-07
3.15192e-07
1.00461e-07
3.06576e-07
7.12544e-08
2.98717e-07
4.27902e-08
2.91372e-07
1.50243e-08
2.8434e-07
-1.20693e-08
2.7748e-07
-3.8503e-08
2.70694e-07
-6.4271e-08
2.63835e-07
-8.93627e-08
2.56843e-07
-1.13765e-07
2.49701e-07
-1.37464e-07
2.42406e-07
-1.60446e-07
2.34969e-07
-1.82702e-07
2.27408e-07
-2.04222e-07
2.19752e-07
-2.25002e-07
2.12034e-07
-2.45043e-07
2.04293e-07
-2.6435e-07
1.9658e-07
-2.8294e-07
1.88962e-07
-3.0084e-07
1.81537e-07
-3.18119e-07
1.74493e-07
-3.34861e-07
1.68165e-07
-3.51216e-07
1.62745e-07
-3.67507e-07
1.59327e-07
-3.84445e-07
1.59941e-07
-4.02499e-07
1.66475e-07
-4.22014e-07
1.7648e-07
-4.43298e-07
1.88975e-07
-4.6666e-07
2.03573e-07
-4.92436e-07
2.20182e-07
-5.20982e-07
2.38823e-07
-5.52634e-07
2.59326e-07
-5.88307e-07
2.82884e-07
-6.28725e-07
3.12054e-07
-6.74353e-07
3.44822e-07
-7.25107e-07
3.79986e-07
-7.79991e-07
4.14917e-07
-8.38625e-07
4.44772e-07
-8.99024e-07
4.64579e-07
-9.56682e-07
4.73569e-07
-1.01101e-06
4.82729e-07
-1.06271e-06
4.82605e-07
-1.11234e-06
4.76413e-07
-1.16017e-06
4.66647e-07
-1.20636e-06
4.54782e-07
-1.25093e-06
4.41601e-07
-1.29392e-06
4.27502e-07
-1.33529e-06
4.1268e-07
-1.37502e-06
3.97239e-07
-1.41307e-06
3.81237e-07
-1.44939e-06
3.64713e-07
-1.48395e-06
3.47699e-07
-1.5167e-06
3.30225e-07
-1.54762e-06
3.12319e-07
-1.57666e-06
2.9401e-07
-1.6038e-06
2.75322e-07
-1.62902e-06
2.56283e-07
-1.65229e-06
2.36918e-07
-1.67359e-06
2.17254e-07
-1.69291e-06
1.97319e-07
-1.71022e-06
1.77147e-07
-1.72552e-06
1.56772e-07
-1.7388e-06
1.36232e-07
-1.75005e-06
1.15562e-07
-1.75928e-06
9.4788e-08
-1.76646e-06
7.3922e-08
-1.7716e-06
5.29567e-08
-1.7747e-06
3.18721e-08
1.06583e-08
9.86773e-07
1.17321e-08
9.83702e-07
3.50495e-08
9.78603e-07
5.81694e-08
9.71493e-07
8.10722e-08
9.62386e-07
1.03746e-07
9.51299e-07
1.2617e-07
9.38251e-07
1.48308e-07
9.23264e-07
1.70112e-07
9.06365e-07
1.9153e-07
8.87583e-07
2.12507e-07
8.66954e-07
2.32992e-07
8.44516e-07
2.52937e-07
8.20312e-07
2.72294e-07
7.94389e-07
2.91021e-07
7.668e-07
3.09077e-07
7.37598e-07
3.2642e-07
7.06845e-07
3.43006e-07
6.74603e-07
3.58782e-07
6.40939e-07
3.73675e-07
6.05928e-07
3.87575e-07
5.69656e-07
4.0029e-07
5.32233e-07
4.11492e-07
4.93817e-07
4.20625e-07
4.54659e-07
4.26828e-07
4.15127e-07
4.29202e-07
3.75714e-07
4.26988e-07
3.36967e-07
4.20086e-07
2.99354e-07
4.0935e-07
2.63153e-07
3.96348e-07
2.28426e-07
3.82728e-07
1.95087e-07
3.6968e-07
1.62978e-07
3.57789e-07
1.31936e-07
3.47161e-07
1.01823e-07
3.37635e-07
7.25344e-08
3.28947e-07
4.4e-08
3.2083e-07
1.6175e-08
3.13062e-07
-1.09669e-08
3.05485e-07
-3.74389e-08
2.97994e-07
-6.32362e-08
2.90426e-07
-8.83491e-08
2.82715e-07
-1.12765e-07
2.74842e-07
-1.36473e-07
2.66805e-07
-1.59459e-07
2.58614e-07
-1.81716e-07
2.50292e-07
-2.03237e-07
2.41869e-07
-2.24019e-07
2.33381e-07
-2.44065e-07
2.24873e-07
-2.63381e-07
2.16398e-07
-2.81986e-07
2.08031e-07
-2.99907e-07
1.99875e-07
-3.17212e-07
1.92132e-07
-3.33984e-07
1.85175e-07
-3.50373e-07
1.792e-07
-3.66695e-07
1.75388e-07
-3.83641e-07
1.75924e-07
-4.01694e-07
1.83051e-07
-4.21213e-07
1.94027e-07
-4.42509e-07
2.0776e-07
-4.65894e-07
2.23817e-07
-4.91709e-07
2.42094e-07
-5.20314e-07
2.62615e-07
-5.52049e-07
2.85198e-07
-5.87817e-07
3.11103e-07
-6.28364e-07
3.43219e-07
-6.74175e-07
3.79318e-07
-7.25185e-07
4.1809e-07
-7.80414e-07
4.5665e-07
-8.39454e-07
4.89687e-07
-9.00261e-07
5.11632e-07
-9.58313e-07
5.21541e-07
-1.013e-06
5.31639e-07
-1.06499e-06
5.31467e-07
-1.11485e-06
5.24596e-07
-1.16288e-06
5.13776e-07
-1.20921e-06
5.00637e-07
-1.2539e-06
4.86042e-07
-1.29696e-06
4.70431e-07
-1.33836e-06
4.54022e-07
-1.37809e-06
4.36931e-07
-1.41609e-06
4.19225e-07
-1.45234e-06
4.00949e-07
-1.48678e-06
3.8214e-07
-1.51939e-06
3.62834e-07
-1.55014e-06
3.43063e-07
-1.57899e-06
3.2286e-07
-1.60592e-06
3.02255e-07
-1.63092e-06
2.81277e-07
-1.65395e-06
2.59955e-07
-1.67502e-06
2.3832e-07
-1.6941e-06
2.16403e-07
-1.7112e-06
1.94238e-07
-1.72629e-06
1.71865e-07
-1.73938e-06
1.49322e-07
-1.75046e-06
1.26646e-07
-1.75954e-06
1.03865e-07
-1.76661e-06
8.09914e-08
-1.77167e-06
5.80158e-08
-1.77471e-06
3.49162e-08
1.16781e-08
9.86791e-07
1.27414e-08
9.83777e-07
3.80644e-08
9.7877e-07
6.31757e-08
9.71785e-07
8.8057e-08
9.62835e-07
1.12697e-07
9.51931e-07
1.37074e-07
9.39088e-07
1.61151e-07
9.24324e-07
1.84876e-07
9.07659e-07
2.08194e-07
8.89118e-07
2.31048e-07
8.68729e-07
2.53381e-07
8.46524e-07
2.75141e-07
8.22542e-07
2.96276e-07
7.96823e-07
3.16739e-07
7.69415e-07
3.36484e-07
7.40369e-07
3.55463e-07
7.0974e-07
3.73627e-07
6.77592e-07
3.90916e-07
6.43991e-07
4.0725e-07
6.09013e-07
4.22506e-07
5.72747e-07
4.36477e-07
5.35306e-07
4.48807e-07
4.96852e-07
4.58897e-07
4.57634e-07
4.65815e-07
4.18017e-07
4.68573e-07
3.78489e-07
4.6633e-07
3.39594e-07
4.58951e-07
3.01808e-07
4.47338e-07
2.65418e-07
4.33188e-07
2.30502e-07
4.18309e-07
1.9698e-07
4.04023e-07
1.64703e-07
3.90983e-07
1.3351e-07
3.79318e-07
1.03265e-07
3.6886e-07
7.38627e-08
3.59321e-07
4.52337e-08
3.50409e-07
1.73327e-08
3.41882e-07
-9.86704e-09
3.33569e-07
-3.63796e-08
3.25352e-07
-6.22017e-08
3.17058e-07
-8.73247e-08
3.08612e-07
-1.11738e-07
2.99994e-07
-1.35432e-07
2.91201e-07
-1.58397e-07
2.82247e-07
-1.80627e-07
2.73157e-07
-2.02117e-07
2.63962e-07
-2.22869e-07
2.54705e-07
-2.42887e-07
2.45431e-07
-2.62183e-07
2.362e-07
-2.80775e-07
2.27091e-07
-2.98694e-07
2.18216e-07
-3.16005e-07
2.09782e-07
-3.32791e-07
2.02207e-07
-3.49203e-07
1.95678e-07
-3.65547e-07
1.9146e-07
-3.82484e-07
1.9187e-07
-4.00524e-07
1.9957e-07
-4.20034e-07
2.11512e-07
-4.41333e-07
2.26486e-07
-4.6474e-07
2.44012e-07
-4.90597e-07
2.63973e-07
-5.19269e-07
2.86396e-07
-5.51116e-07
3.11086e-07
-5.87005e-07
3.39356e-07
-6.2772e-07
3.74451e-07
-6.7377e-07
4.13928e-07
-7.25115e-07
4.56372e-07
-7.80797e-07
4.98642e-07
-8.40391e-07
5.34968e-07
-9.01806e-07
5.59146e-07
-9.6041e-07
5.69919e-07
-1.01547e-06
5.80798e-07
-1.06776e-06
5.8055e-07
-1.11789e-06
5.73019e-07
-1.16617e-06
5.6115e-07
-1.21273e-06
5.46718e-07
-1.25762e-06
5.30675e-07
-1.30082e-06
5.13505e-07
-1.34232e-06
4.95456e-07
-1.38208e-06
4.76658e-07
-1.42006e-06
4.5719e-07
-1.45623e-06
4.37106e-07
-1.49054e-06
4.16452e-07
-1.52298e-06
3.95266e-07
-1.5535e-06
3.7359e-07
-1.5821e-06
3.51459e-07
-1.60876e-06
3.28909e-07
-1.63345e-06
3.05973e-07
-1.65618e-06
2.82684e-07
-1.67694e-06
2.59074e-07
-1.69571e-06
2.35177e-07
-1.7125e-06
2.11032e-07
-1.72732e-06
1.86678e-07
-1.74015e-06
1.62156e-07
-1.75101e-06
1.37505e-07
-1.7599e-06
1.12751e-07
-1.76681e-06
8.79072e-08
-1.77176e-06
6.29629e-08
-1.77473e-06
3.78926e-08
1.26759e-08
9.86816e-07
1.37257e-08
9.83876e-07
4.10046e-08
9.78992e-07
6.80595e-08
9.72175e-07
9.48744e-08
9.63432e-07
1.2144e-07
9.52772e-07
1.47734e-07
9.40204e-07
1.73719e-07
9.25739e-07
1.99341e-07
9.09391e-07
2.24542e-07
8.91178e-07
2.49261e-07
8.71121e-07
2.73438e-07
8.49246e-07
2.97015e-07
8.25585e-07
3.19937e-07
8.00174e-07
3.4215e-07
7.73052e-07
3.63604e-07
7.44266e-07
3.84246e-07
7.13867e-07
4.0402e-07
6.81909e-07
4.22861e-07
6.48453e-07
4.40681e-07
6.13567e-07
4.57347e-07
5.77333e-07
4.72636e-07
5.39853e-07
4.86168e-07
5.01282e-07
4.97298e-07
4.61863e-07
5.05022e-07
4.21967e-07
5.08251e-07
3.82097e-07
5.06053e-07
3.42827e-07
4.9824e-07
3.04663e-07
4.85756e-07
2.6792e-07
4.70437e-07
2.32689e-07
4.54261e-07
1.98896e-07
4.38689e-07
1.66386e-07
4.24456e-07
1.34997e-07
4.11714e-07
1.04586e-07
4.00286e-07
7.50488e-08
3.89862e-07
4.63119e-08
3.80125e-07
1.83299e-08
3.7081e-07
-8.9249e-09
3.6173e-07
-3.54675e-08
3.52761e-07
-6.12958e-08
3.43715e-07
-8.64028e-08
3.3451e-07
-1.1078e-07
3.25124e-07
-1.3442e-07
3.15557e-07
-1.57317e-07
3.05824e-07
-1.79468e-07
2.95953e-07
-2.00874e-07
2.85979e-07
-2.21539e-07
2.75947e-07
-2.41474e-07
2.65909e-07
-2.60692e-07
2.55927e-07
-2.79218e-07
2.46086e-07
-2.97086e-07
2.36503e-07
-3.14362e-07
2.27392e-07
-3.31139e-07
2.19211e-07
-3.47549e-07
2.12139e-07
-3.6389e-07
2.07508e-07
-3.80788e-07
2.07733e-07
-3.98784e-07
2.15985e-07
-4.1826e-07
2.28893e-07
-4.39542e-07
2.45119e-07
-4.62954e-07
2.64133e-07
-4.88846e-07
2.85803e-07
-5.17593e-07
3.10163e-07
-5.49553e-07
3.37005e-07
-5.85575e-07
3.67674e-07
-6.26488e-07
4.05795e-07
-6.72836e-07
4.48722e-07
-7.24629e-07
4.94948e-07
-7.80965e-07
5.41091e-07
-8.41456e-07
5.8095e-07
-9.04133e-07
6.07775e-07
-9.64737e-07
6.202e-07
-1.0193e-06
6.29194e-07
-1.07174e-06
6.29687e-07
-1.12222e-06
6.21749e-07
-1.17088e-06
6.0888e-07
-1.21777e-06
5.93123e-07
-1.26291e-06
5.75564e-07
-1.30629e-06
5.56755e-07
-1.34788e-06
5.36981e-07
-1.38765e-06
5.16394e-07
-1.42557e-06
4.95087e-07
-1.46159e-06
4.73124e-07
-1.4957e-06
4.50557e-07
-1.52787e-06
4.27435e-07
-1.55808e-06
4.03802e-07
-1.58633e-06
3.79702e-07
-1.61259e-06
3.55176e-07
-1.63688e-06
3.3026e-07
-1.65919e-06
3.0499e-07
-1.67952e-06
2.79402e-07
-1.69787e-06
2.53534e-07
-1.71426e-06
2.27424e-07
-1.7287e-06
2.01114e-07
-1.74119e-06
1.74646e-07
-1.75174e-06
1.48059e-07
-1.76037e-06
1.21379e-07
-1.76708e-06
9.46168e-08
-1.77188e-06
6.776e-08
-1.77476e-06
4.07784e-08
1.36438e-08
9.86849e-07
1.46774e-08
9.84007e-07
4.3847e-08
9.79283e-07
7.27826e-08
9.72685e-07
1.01473e-07
9.64212e-07
1.29912e-07
9.53866e-07
1.5808e-07
9.41648e-07
1.85938e-07
9.27556e-07
2.13432e-07
9.11596e-07
2.40503e-07
8.93773e-07
2.67084e-07
8.74097e-07
2.93114e-07
8.52583e-07
3.18529e-07
8.29251e-07
3.43268e-07
8.04127e-07
3.67273e-07
7.77245e-07
3.90485e-07
7.48644e-07
4.12843e-07
7.18372e-07
4.34285e-07
6.86486e-07
4.54734e-07
6.5305e-07
4.74093e-07
6.18135e-07
4.92218e-07
5.8183e-07
5.08871e-07
5.44243e-07
5.23643e-07
5.05533e-07
5.35851e-07
4.65942e-07
5.44423e-07
4.25839e-07
5.48167e-07
3.85724e-07
5.46063e-07
3.46171e-07
5.37865e-07
3.07692e-07
5.2455e-07
2.70619e-07
5.0808e-07
2.35057e-07
4.90605e-07
2.00946e-07
4.73731e-07
1.68142e-07
4.58276e-07
1.36488e-07
4.44421e-07
1.05848e-07
4.31984e-07
7.61172e-08
4.20633e-07
4.72266e-08
4.10026e-07
1.9131e-08
3.9988e-07
-8.19693e-09
3.8999e-07
-3.47732e-08
3.80226e-07
-6.05971e-08
3.70388e-07
-8.56635e-08
3.60385e-07
-1.09967e-07
3.50197e-07
-1.33504e-07
3.39824e-07
-1.56272e-07
3.29285e-07
-1.78274e-07
3.1861e-07
-1.99517e-07
3.07841e-07
-2.20013e-07
2.97025e-07
-2.39778e-07
2.8622e-07
-2.58834e-07
2.75493e-07
-2.77211e-07
2.64933e-07
-2.94949e-07
2.54663e-07
-3.12115e-07
2.44895e-07
-3.28803e-07
2.36137e-07
-3.45158e-07
2.28545e-07
-3.61453e-07
2.2349e-07
-3.78272e-07
2.23451e-07
-3.96189e-07
2.32238e-07
-4.15602e-07
2.46123e-07
-4.36851e-07
2.63632e-07
-4.60269e-07
2.84179e-07
-4.86212e-07
3.07613e-07
-5.15066e-07
3.33967e-07
-5.47193e-07
3.63026e-07
-5.83397e-07
3.96131e-07
-6.24548e-07
4.3731e-07
-6.71191e-07
4.83704e-07
-7.23335e-07
5.33707e-07
-7.80063e-07
5.83671e-07
-8.41079e-07
6.26918e-07
-9.05751e-07
6.55913e-07
-9.81127e-07
6.69681e-07
-1.02037e-06
6.80363e-07
-1.07392e-06
6.81036e-07
-1.12588e-06
6.71989e-07
-1.17564e-06
6.57701e-07
-1.22335e-06
6.40342e-07
-1.2691e-06
6.21058e-07
-1.31291e-06
6.00438e-07
-1.35478e-06
5.78787e-07
-1.39469e-06
5.56273e-07
-1.43262e-06
5.32997e-07
-1.46854e-06
5.09035e-07
-1.50244e-06
4.8445e-07
-1.5343e-06
4.59297e-07
-1.56413e-06
4.3363e-07
-1.59192e-06
4.07496e-07
-1.61769e-06
3.80942e-07
-1.64144e-06
3.5401e-07
-1.66319e-06
3.26739e-07
-1.68296e-06
2.99168e-07
-1.70076e-06
2.71334e-07
-1.71661e-06
2.4328e-07
-1.73055e-06
2.15047e-07
-1.74258e-06
1.86677e-07
-1.75272e-06
1.58207e-07
-1.76101e-06
1.29663e-07
-1.76744e-06
1.01052e-07
-1.77204e-06
7.23569e-08
-1.7748e-06
4.35431e-08
1.45715e-08
9.86894e-07
1.55839e-08
9.84186e-07
4.65555e-08
9.79682e-07
7.72863e-08
9.73382e-07
1.07773e-07
9.65282e-07
1.38013e-07
9.55371e-07
1.6799e-07
9.43641e-07
1.97668e-07
9.30082e-07
2.26992e-07
9.14684e-07
2.559e-07
8.97443e-07
2.84326e-07
8.78356e-07
3.122e-07
8.57427e-07
3.39458e-07
8.34664e-07
3.66032e-07
8.10078e-07
3.91858e-07
7.83687e-07
4.16874e-07
7.55515e-07
4.41012e-07
7.25593e-07
4.642e-07
6.93963e-07
4.86352e-07
6.60676e-07
5.07358e-07
6.25797e-07
5.27057e-07
5.89409e-07
5.45193e-07
5.51618e-07
5.61331e-07
5.1258e-07
5.74746e-07
4.72536e-07
5.84299e-07
4.31864e-07
5.88687e-07
3.91083e-07
5.86786e-07
3.50802e-07
5.78274e-07
3.11585e-07
5.64147e-07
2.73807e-07
5.46497e-07
2.37605e-07
5.27658e-07
2.02933e-07
5.09399e-07
1.69649e-07
4.92635e-07
1.37591e-07
4.77584e-07
1.0662e-07
4.64059e-07
7.66265e-08
4.51707e-07
4.75379e-08
4.40162e-07
1.93072e-08
4.29116e-07
-8.09492e-09
4.18353e-07
-3.46866e-08
4.07732e-07
-6.04691e-08
3.97043e-07
-8.54403e-08
3.86187e-07
-1.09598e-07
3.75144e-07
-1.32943e-07
3.63917e-07
-1.55479e-07
3.52529e-07
-1.77215e-07
3.41015e-07
-1.98165e-07
3.29421e-07
-2.18351e-07
3.17802e-07
-2.37799e-07
3.06219e-07
-2.56544e-07
2.94748e-07
-2.74624e-07
2.8348e-07
-2.92089e-07
2.72546e-07
-3.09006e-07
2.6215e-07
-3.25469e-07
2.52841e-07
-3.41684e-07
2.44816e-07
-3.57849e-07
2.39331e-07
-3.74491e-07
2.38942e-07
-3.92239e-07
2.48261e-07
-4.1152e-07
2.63165e-07
-4.32689e-07
2.82021e-07
-4.56093e-07
3.04178e-07
-4.82097e-07
3.29462e-07
-5.11103e-07
3.57906e-07
-5.43499e-07
3.89292e-07
-5.80042e-07
4.24925e-07
-6.21674e-07
4.69271e-07
-6.68999e-07
5.19277e-07
-7.22101e-07
5.73262e-07
-7.80132e-07
6.2732e-07
-8.4276e-07
6.74316e-07
-9.08938e-07
7.05909e-07
-9.88037e-07
7.21115e-07
-1.02751e-06
7.32608e-07
-1.08181e-06
7.33146e-07
-1.13464e-06
7.23072e-07
-1.18516e-06
7.0728e-07
-1.23347e-06
6.88158e-07
-1.27963e-06
6.66967e-07
-1.32367e-06
6.44353e-07
-1.3656e-06
6.20651e-07
-1.40541e-06
5.96049e-07
-1.44309e-06
5.70663e-07
-1.47865e-06
5.4458e-07
-1.51207e-06
5.1787e-07
-1.54337e-06
4.90596e-07
-1.57256e-06
4.62817e-07
-1.59965e-06
4.3459e-07
-1.62468e-06
4.05964e-07
-1.64765e-06
3.76988e-07
-1.66862e-06
3.47703e-07
-1.6876e-06
3.18151e-07
-1.70464e-06
2.88372e-07
-1.71977e-06
2.58408e-07
-1.73302e-06
2.283e-07
-1.74443e-06
1.98089e-07
-1.75404e-06
1.67811e-07
-1.76186e-06
1.37486e-07
-1.76793e-06
1.07119e-07
-1.77226e-06
7.66865e-08
-1.77486e-06
4.61459e-08
1.54451e-08
9.86951e-07
1.64336e-08
9.84415e-07
4.90919e-08
9.80194e-07
8.15071e-08
9.74278e-07
1.13689e-07
9.66647e-07
1.45643e-07
9.57279e-07
1.77359e-07
9.46143e-07
2.08803e-07
9.33211e-07
2.39924e-07
9.18453e-07
2.70658e-07
9.01843e-07
3.00936e-07
8.83359e-07
3.30685e-07
8.62984e-07
3.59832e-07
8.40714e-07
3.88301e-07
8.16553e-07
4.16019e-07
7.90518e-07
4.42908e-07
7.62633e-07
4.68894e-07
7.32928e-07
4.93899e-07
7.01438e-07
5.1783e-07
6.68204e-07
5.4057e-07
6.33277e-07
5.61947e-07
5.96722e-07
5.81686e-07
5.58634e-07
5.99324e-07
5.19165e-07
6.14088e-07
4.7856e-07
6.2476e-07
4.37223e-07
6.29907e-07
3.95713e-07
6.28287e-07
3.54687e-07
6.19492e-07
3.14751e-07
6.04539e-07
2.76306e-07
5.85659e-07
2.39502e-07
5.65391e-07
2.04293e-07
5.45676e-07
1.70535e-07
5.27533e-07
1.38065e-07
5.11216e-07
1.06743e-07
4.96534e-07
7.64639e-08
4.83111e-07
4.71567e-08
4.70555e-07
1.87776e-08
4.58536e-07
-8.70081e-09
4.46823e-07
-3.5296e-08
4.3527e-07
-6.10091e-08
4.23654e-07
-8.58387e-08
4.1187e-07
-1.09785e-07
3.999e-07
-1.32849e-07
3.8775e-07
-1.55042e-07
3.75448e-07
-1.76376e-07
3.63036e-07
-1.96876e-07
3.50567e-07
-2.16571e-07
3.38103e-07
-2.35503e-07
3.25716e-07
-2.5372e-07
3.13487e-07
-2.71279e-07
3.01517e-07
-2.88251e-07
2.89942e-07
-3.04715e-07
2.78969e-07
-3.20797e-07
2.69179e-07
-3.367e-07
2.60807e-07
-3.52575e-07
2.54957e-07
-3.68879e-07
2.54278e-07
-3.86327e-07
2.64132e-07
-4.05393e-07
2.80116e-07
-4.26457e-07
3.00411e-07
-4.49879e-07
3.24288e-07
-4.76037e-07
3.51544e-07
-5.05347e-07
3.82208e-07
-5.3821e-07
4.16067e-07
-5.75341e-07
4.54345e-07
-6.17714e-07
5.01964e-07
-6.65963e-07
5.55706e-07
-7.20212e-07
6.13829e-07
-7.79682e-07
6.72182e-07
-8.441e-07
7.23168e-07
-9.12379e-07
7.57592e-07
-9.88957e-07
7.74519e-07
-1.03559e-06
7.85118e-07
-1.08988e-06
7.8629e-07
-1.14367e-06
7.7525e-07
-1.19519e-06
7.57857e-07
-1.24437e-06
7.36834e-07
-1.29122e-06
7.13573e-07
-1.33579e-06
6.88785e-07
-1.37805e-06
6.62848e-07
-1.418e-06
6.35971e-07
-1.45564e-06
6.08289e-07
-1.49097e-06
5.79902e-07
-1.524e-06
5.50892e-07
-1.55474e-06
5.21339e-07
-1.58324e-06
4.91313e-07
-1.60953e-06
4.6088e-07
-1.63366e-06
4.30096e-07
-1.65569e-06
3.99014e-07
-1.67567e-06
3.67681e-07
-1.69366e-06
3.36139e-07
-1.70971e-06
3.04429e-07
-1.7239e-06
2.72592e-07
-1.73626e-06
2.40668e-07
-1.74687e-06
2.08694e-07
-1.75576e-06
1.76701e-07
-1.76298e-06
1.44705e-07
-1.76856e-06
1.12703e-07
-1.77254e-06
8.06643e-08
-1.77493e-06
4.85354e-08
1.62473e-08
9.87038e-07
1.71966e-08
9.84754e-07
5.13751e-08
9.80946e-07
8.5316e-08
9.75589e-07
1.19045e-07
9.68652e-07
1.5258e-07
9.60093e-07
1.85918e-07
9.49865e-07
2.19032e-07
9.37917e-07
2.51872e-07
9.24199e-07
2.84376e-07
9.08663e-07
3.16472e-07
8.9126e-07
3.48087e-07
8.71946e-07
3.79145e-07
8.50677e-07
4.0957e-07
8.2741e-07
4.39286e-07
8.02104e-07
4.68213e-07
7.74746e-07
4.96249e-07
7.4536e-07
5.23279e-07
7.13994e-07
5.49185e-07
6.80716e-07
5.73829e-07
6.45599e-07
5.9703e-07
6.08732e-07
6.18498e-07
5.7022e-07
6.37751e-07
5.30213e-07
6.53983e-07
4.88938e-07
6.65917e-07
4.46777e-07
6.71989e-07
4.0427e-07
6.70837e-07
3.62085e-07
6.61935e-07
3.2088e-07
6.46276e-07
2.81131e-07
6.2621e-07
2.43058e-07
6.04477e-07
2.06667e-07
5.83214e-07
1.71844e-07
5.63567e-07
1.38445e-07
5.45843e-07
1.06334e-07
5.29854e-07
7.54115e-08
5.15208e-07
4.56062e-08
5.01489e-07
1.68733e-08
4.88348e-07
-1.08162e-08
4.75539e-07
-3.74836e-08
4.62911e-07
-6.31368e-08
4.50233e-07
-8.77812e-08
4.37394e-07
-1.11423e-07
4.24376e-07
-1.34071e-07
4.11189e-07
-1.55739e-07
3.97866e-07
-1.76452e-07
3.84456e-07
-1.9624e-07
3.71023e-07
-2.15147e-07
3.57638e-07
-2.3323e-07
3.44386e-07
-2.50556e-07
3.3136e-07
-2.67211e-07
3.18673e-07
-2.83294e-07
3.06477e-07
-2.98926e-07
2.94989e-07
-3.14257e-07
2.84816e-07
-3.29466e-07
2.76191e-07
-3.4476e-07
2.70188e-07
-3.60467e-07
2.69466e-07
-3.77433e-07
2.79789e-07
-3.96163e-07
2.96917e-07
-4.17061e-07
3.18782e-07
-4.40508e-07
3.44547e-07
-4.66901e-07
3.73966e-07
-4.96681e-07
4.07073e-07
-5.30291e-07
4.4369e-07
-5.68509e-07
4.84812e-07
-6.12317e-07
5.36006e-07
-6.62432e-07
5.93849e-07
-7.19061e-07
6.56518e-07
-7.81465e-07
7.19565e-07
-8.49185e-07
7.74868e-07
-9.20697e-07
8.12262e-07
-9.97067e-07
8.30707e-07
-1.04975e-06
8.40308e-07
-1.10588e-06
8.41532e-07
-1.16128e-06
8.29197e-07
-1.2142e-06
8.09853e-07
-1.26444e-06
7.86578e-07
-1.31202e-06
7.60895e-07
-1.35694e-06
7.3358e-07
-1.39921e-06
7.0505e-07
-1.43882e-06
6.75552e-07
-1.47581e-06
6.45263e-07
-1.51023e-06
6.14318e-07
-1.54216e-06
5.8282e-07
-1.57167e-06
5.50847e-07
-1.59883e-06
5.1847e-07
-1.62371e-06
4.85757e-07
-1.64638e-06
4.5277e-07
-1.66693e-06
4.19563e-07
-1.68543e-06
3.86185e-07
-1.70198e-06
3.52682e-07
-1.71664e-06
3.19093e-07
-1.72951e-06
2.85458e-07
-1.74065e-06
2.51815e-07
-1.75016e-06
2.18195e-07
-1.75808e-06
1.84624e-07
-1.76448e-06
1.51109e-07
-1.76942e-06
1.17638e-07
-1.77292e-06
8.41701e-08
-1.77503e-06
5.06386e-08
1.69532e-08
9.87131e-07
1.78665e-08
9.85142e-07
5.33637e-08
9.81824e-07
8.86342e-08
9.7713e-07
1.23739e-07
9.70998e-07
1.58711e-07
9.63355e-07
1.93561e-07
9.54119e-07
2.28268e-07
9.43205e-07
2.62786e-07
9.30533e-07
2.97047e-07
9.16031e-07
3.30973e-07
8.99641e-07
3.64478e-07
8.81316e-07
3.9747e-07
8.61031e-07
4.29855e-07
8.38775e-07
4.61541e-07
8.14538e-07
4.92448e-07
7.88149e-07
5.22635e-07
7.59535e-07
5.51889e-07
7.2867e-07
5.8004e-07
6.95563e-07
6.06918e-07
6.60252e-07
6.3231e-07
6.22803e-07
6.55897e-07
5.83315e-07
6.77165e-07
5.41944e-07
6.9526e-07
4.98955e-07
7.08817e-07
4.54821e-07
7.16088e-07
4.10222e-07
7.15542e-07
3.65989e-07
7.06508e-07
3.22909e-07
6.89985e-07
2.81541e-07
6.68482e-07
2.42132e-07
6.44999e-07
2.04674e-07
6.21912e-07
1.69021e-07
6.00514e-07
1.34993e-07
5.81169e-07
1.02431e-07
5.63688e-07
7.12146e-08
5.47653e-07
4.12595e-08
5.32621e-07
1.25083e-08
5.18222e-07
-1.50773e-08
5.04191e-07
-4.15397e-08
4.90385e-07
-6.6917e-08
4.76571e-07
-9.12094e-08
4.62597e-07
-1.14408e-07
4.48437e-07
-1.36506e-07
4.34103e-07
-1.57506e-07
4.19638e-07
-1.77421e-07
4.05102e-07
-1.96281e-07
3.90572e-07
-2.14132e-07
3.76138e-07
-2.31037e-07
3.61901e-07
-2.47083e-07
3.47976e-07
-2.6238e-07
3.34496e-07
-2.77063e-07
3.21637e-07
-2.91301e-07
3.09642e-07
-3.05307e-07
2.99149e-07
-3.19313e-07
2.90413e-07
-3.33612e-07
2.84494e-07
-3.48584e-07
2.84034e-07
-3.6491e-07
2.94906e-07
-3.83218e-07
3.13388e-07
-4.03937e-07
3.37059e-07
-4.27434e-07
3.64934e-07
-4.54079e-07
3.96712e-07
-4.84296e-07
4.32431e-07
-5.18553e-07
4.71994e-07
-5.57598e-07
5.16136e-07
-6.02558e-07
5.71176e-07
-6.54273e-07
6.33466e-07
-7.1309e-07
7.01128e-07
-7.78392e-07
7.69435e-07
-8.49605e-07
8.29673e-07
-9.25013e-07
8.70495e-07
-1.00327e-06
8.90558e-07
-1.06232e-06
8.99226e-07
-1.12186e-06
9.00113e-07
-1.17997e-06
8.85961e-07
-1.23505e-06
8.64037e-07
-1.28682e-06
8.37855e-07
-1.33529e-06
8.09123e-07
-1.38055e-06
7.78716e-07
-1.42268e-06
7.47116e-07
-1.46179e-06
7.14626e-07
-1.49804e-06
6.81501e-07
-1.53163e-06
6.47903e-07
-1.5626e-06
6.13783e-07
-1.59099e-06
5.79235e-07
-1.61687e-06
5.44355e-07
-1.64034e-06
5.09225e-07
-1.66149e-06
4.7392e-07
-1.68044e-06
4.38505e-07
-1.69728e-06
4.03034e-07
-1.71216e-06
3.67556e-07
-1.72518e-06
3.32112e-07
-1.73646e-06
2.96741e-07
-1.74612e-06
2.61474e-07
-1.75426e-06
2.26338e-07
-1.76098e-06
1.91345e-07
-1.76637e-06
1.56494e-07
-1.77049e-06
1.21759e-07
-1.7734e-06
8.70821e-08
-1.77515e-06
5.23818e-08
1.75393e-08
9.87361e-07
1.83063e-08
9.85956e-07
5.47684e-08
9.835e-07
9.10903e-08
9.79939e-07
1.273e-07
9.7518e-07
1.63471e-07
9.691e-07
1.99641e-07
9.6156e-07
2.35809e-07
9.52407e-07
2.7194e-07
9.41483e-07
3.07971e-07
9.28637e-07
3.43819e-07
9.13733e-07
3.79382e-07
8.9666e-07
4.14542e-07
8.77345e-07
4.4917e-07
8.55759e-07
4.83127e-07
8.31924e-07
5.16281e-07
8.05916e-07
5.48641e-07
7.77685e-07
5.80115e-07
7.47161e-07
6.10555e-07
7.14298e-07
6.39765e-07
6.79083e-07
6.67496e-07
6.41541e-07
6.93393e-07
6.01735e-07
7.16905e-07
5.59785e-07
7.37129e-07
5.15908e-07
7.52627e-07
4.7054e-07
7.61456e-07
4.24328e-07
7.6191e-07
3.78125e-07
7.53116e-07
3.32828e-07
7.35992e-07
2.89138e-07
7.13167e-07
2.47442e-07
6.87905e-07
2.0783e-07
6.62857e-07
1.70217e-07
6.3951e-07
1.34445e-07
6.18322e-07
1.00355e-07
5.99126e-07
6.78182e-08
5.81491e-07
3.6733e-08
5.64948e-07
7.03262e-09
5.49098e-07
-2.13253e-08
5.33657e-07
-4.83576e-08
5.18457e-07
-7.4028e-08
5.03226e-07
-9.83258e-08
4.87828e-07
-1.21248e-07
4.72246e-07
-1.42803e-07
4.565e-07
-1.63007e-07
4.40637e-07
-1.81886e-07
4.24731e-07
-1.99477e-07
4.08872e-07
-2.15833e-07
3.93163e-07
-2.31025e-07
3.77722e-07
-2.45147e-07
3.62686e-07
-2.58322e-07
3.48219e-07
-2.70715e-07
3.34531e-07
-2.82543e-07
3.21916e-07
-2.94089e-07
3.1107e-07
-3.05762e-07
3.02339e-07
-3.18049e-07
2.96835e-07
-3.31498e-07
2.97155e-07
-3.46812e-07
3.09072e-07
-3.64638e-07
3.29436e-07
-3.85355e-07
3.55397e-07
-4.09297e-07
3.85834e-07
-4.36876e-07
4.20458e-07
-4.68638e-07
4.59392e-07
-5.05256e-07
5.02671e-07
-5.47495e-07
5.50729e-07
-5.96559e-07
6.10372e-07
-6.53346e-07
6.77905e-07
-7.17983e-07
7.51156e-07
-7.89366e-07
8.24905e-07
-8.66365e-07
8.89807e-07
-9.46604e-07
9.33419e-07
-1.02724e-06
9.5447e-07
-1.09153e-06
9.61556e-07
-1.15377e-06
9.61157e-07
-1.21349e-06
9.44383e-07
-1.26955e-06
9.1923e-07
-1.32179e-06
8.89626e-07
-1.37038e-06
8.57467e-07
-1.4155e-06
8.23716e-07
-1.45734e-06
7.88901e-07
-1.49608e-06
7.53337e-07
-1.53179e-06
7.17199e-07
-1.56445e-06
6.80548e-07
-1.59407e-06
6.43403e-07
-1.62075e-06
6.05909e-07
-1.64459e-06
5.68202e-07
-1.66576e-06
5.30396e-07
-1.68443e-06
4.92586e-07
-1.70077e-06
4.54848e-07
-1.71498e-06
4.17241e-07
-1.72724e-06
3.79814e-07
-1.73773e-06
3.42602e-07
-1.74662e-06
3.05633e-07
-1.75408e-06
2.68929e-07
-1.76024e-06
2.32497e-07
-1.76523e-06
1.96337e-07
-1.76916e-06
1.60426e-07
-1.77212e-06
1.24719e-07
-1.77417e-06
8.91364e-08
-1.77536e-06
5.35642e-08
1.79144e-08
9.8738e-07
9.86325e-07
9.84639e-07
9.82243e-07
9.79034e-07
9.74879e-07
9.69627e-07
9.631e-07
9.55102e-07
9.45422e-07
9.33833e-07
9.20096e-07
9.03963e-07
8.85171e-07
8.63479e-07
8.39039e-07
8.11856e-07
7.81875e-07
7.4902e-07
7.13214e-07
6.74399e-07
6.32551e-07
5.87707e-07
5.40049e-07
4.9009e-07
4.38724e-07
3.87205e-07
3.36905e-07
2.88874e-07
2.43643e-07
2.0129e-07
1.61626e-07
1.24371e-07
8.92512e-08
5.60384e-08
2.45762e-08
-5.24126e-09
-3.34905e-08
-6.01672e-08
-8.52214e-08
-1.08678e-07
-1.30575e-07
-1.50955e-07
-1.69861e-07
-1.87345e-07
-2.03458e-07
-2.1826e-07
-2.31819e-07
-2.44214e-07
-2.55549e-07
-2.65963e-07
-2.7565e-07
-2.84883e-07
-2.94052e-07
-3.03871e-07
-3.15405e-07
-3.29643e-07
-3.46806e-07
-3.66961e-07
-3.9036e-07
-4.17476e-07
-4.48972e-07
-4.85707e-07
-5.28777e-07
-5.80266e-07
-6.40798e-07
-7.10901e-07
-7.89682e-07
-8.75275e-07
-9.63526e-07
-1.05076e-06
-1.12604e-06
-1.19701e-06
-1.26318e-06
-1.32394e-06
-1.37933e-06
-1.42968e-06
-1.47536e-06
-1.51664e-06
-1.55375e-06
-1.58672e-06
-1.61562e-06
-1.64087e-06
-1.66286e-06
-1.68193e-06
-1.6984e-06
-1.71255e-06
-1.72463e-06
-1.73488e-06
-1.74353e-06
-1.75077e-06
-1.75678e-06
-1.76172e-06
-1.76572e-06
-1.76891e-06
-1.7714e-06
-1.77327e-06
-1.77459e-06
-1.77541e-06
)
;

boundaryField
{
    fuel
    {
        type            calculated;
        value           nonuniform List<scalar> 
40
(
-9.87801e-07
-9.87801e-07
-9.87801e-07
-9.87801e-07
-9.87801e-07
-9.87801e-07
-9.87801e-07
-9.87801e-07
-9.87801e-07
-9.87801e-07
-9.87801e-07
-9.87801e-07
-9.87801e-07
-9.87801e-07
-9.87801e-07
-9.87801e-07
-9.87801e-07
-9.87801e-07
-9.87801e-07
-9.87801e-07
-9.87801e-07
-9.87801e-07
-9.87801e-07
-9.87801e-07
-9.87801e-07
-9.87801e-07
-9.87801e-07
-9.87801e-07
-9.87801e-07
-9.87801e-07
-9.87801e-07
-9.87801e-07
-9.87801e-07
-9.87801e-07
-9.87801e-07
-9.87801e-07
-9.87801e-07
-9.87801e-07
-9.87801e-07
-9.87801e-07
)
;
    }
    air
    {
        type            calculated;
        value           nonuniform List<scalar> 
40
(
-1.77573e-06
-1.77573e-06
-1.77573e-06
-1.77573e-06
-1.77573e-06
-1.77573e-06
-1.77573e-06
-1.77573e-06
-1.77573e-06
-1.77573e-06
-1.77573e-06
-1.77573e-06
-1.77573e-06
-1.77573e-06
-1.77573e-06
-1.77573e-06
-1.77573e-06
-1.77573e-06
-1.77573e-06
-1.77573e-06
-1.77573e-06
-1.77573e-06
-1.77573e-06
-1.77573e-06
-1.77573e-06
-1.77573e-06
-1.77573e-06
-1.77573e-06
-1.77573e-06
-1.77573e-06
-1.77573e-06
-1.77573e-06
-1.77573e-06
-1.77573e-06
-1.77573e-06
-1.77573e-06
-1.77573e-06
-1.77573e-06
-1.77573e-06
-1.77573e-06
)
;
    }
    outlet
    {
        type            calculated;
        value           nonuniform List<scalar> 
200
(
1.87265e-08
5.58243e-08
9.27759e-08
1.29694e-07
1.66678e-07
2.0379e-07
2.41055e-07
2.78459e-07
3.15959e-07
3.53487e-07
3.90957e-07
4.28262e-07
4.65285e-07
5.01898e-07
5.37951e-07
5.73057e-07
6.07271e-07
6.40505e-07
6.72584e-07
7.03256e-07
7.32151e-07
7.58687e-07
7.81909e-07
8.00265e-07
8.11504e-07
8.13576e-07
8.05246e-07
7.87255e-07
7.6247e-07
7.34614e-07
7.06787e-07
6.80764e-07
6.57128e-07
6.3573e-07
6.16108e-07
5.97735e-07
5.80165e-07
5.63083e-07
5.46246e-07
5.29335e-07
5.12284e-07
4.9509e-07
4.77777e-07
4.60397e-07
4.43026e-07
4.25757e-07
4.08697e-07
3.91974e-07
3.75736e-07
3.60167e-07
3.45512e-07
3.32113e-07
3.20709e-07
3.11796e-07
3.06733e-07
3.08365e-07
3.2211e-07
3.44751e-07
3.73095e-07
4.06116e-07
4.43678e-07
4.86041e-07
5.33447e-07
5.86337e-07
6.51479e-07
7.256e-07
8.06052e-07
8.86983e-07
9.57797e-07
1.00451e-06
1.02614e-06
1.03259e-06
1.03038e-06
1.00936e-06
9.7924e-07
9.44638e-07
9.07663e-07
8.69345e-07
8.302e-07
7.90473e-07
7.50215e-07
7.09495e-07
6.68702e-07
6.27946e-07
5.8732e-07
5.46905e-07
5.06769e-07
4.66965e-07
4.27531e-07
3.88495e-07
3.49871e-07
3.11669e-07
2.7389e-07
2.36524e-07
1.99551e-07
1.62932e-07
1.26603e-07
9.04674e-08
5.43946e-08
1.8239e-08
1.87266e-08
5.58239e-08
9.27761e-08
1.29696e-07
1.6668e-07
2.03795e-07
2.41061e-07
2.78467e-07
3.15969e-07
3.535e-07
3.90971e-07
4.28279e-07
4.65303e-07
5.01918e-07
5.37972e-07
5.73079e-07
6.07294e-07
6.40528e-07
6.72608e-07
7.03279e-07
7.32171e-07
7.58703e-07
7.81918e-07
8.00262e-07
8.11482e-07
8.13532e-07
8.05177e-07
7.87167e-07
7.62373e-07
7.34517e-07
7.06698e-07
6.80685e-07
6.57059e-07
6.35671e-07
6.16057e-07
5.97691e-07
5.80125e-07
5.63046e-07
5.4621e-07
5.29298e-07
5.12246e-07
4.9505e-07
4.77735e-07
4.60353e-07
4.4298e-07
4.25709e-07
4.08647e-07
3.91922e-07
3.75683e-07
3.60114e-07
3.45458e-07
3.32062e-07
3.20664e-07
3.1176e-07
3.06714e-07
3.08378e-07
3.22189e-07
3.4486e-07
3.73219e-07
4.06249e-07
4.43818e-07
4.86187e-07
5.33597e-07
5.86496e-07
6.51681e-07
7.25824e-07
8.06292e-07
8.87224e-07
9.57993e-07
1.00463e-06
1.02615e-06
1.03258e-06
1.03035e-06
1.0093e-06
9.79174e-07
9.44569e-07
9.07594e-07
8.69278e-07
8.30135e-07
7.90412e-07
7.50158e-07
7.09441e-07
6.68651e-07
6.27899e-07
5.87276e-07
5.46864e-07
5.06731e-07
4.66929e-07
4.27498e-07
3.88463e-07
3.49842e-07
3.11642e-07
2.73864e-07
2.36501e-07
1.9953e-07
1.62914e-07
1.26588e-07
9.04549e-08
5.43859e-08
1.82365e-08
)
;
    }
    frontAndBack
    {
        type            empty;
    }
}


// ************************************************************************* //
