/*--------------------------------*- C++ -*----------------------------------*\
  =========                 |
  \\      /  F ield         | OpenFOAM: The Open Source CFD Toolbox
   \\    /   O peration     | Website:  https://openfoam.org
    \\  /    A nd           | Version:  11
     \\/     M anipulation  |
\*---------------------------------------------------------------------------*/
FoamFile
{
    format      ascii;
    class       volVectorField;
    location    "0.1";
    object      U;
}
// * * * * * * * * * * * * * * * * * * * * * * * * * * * * * * * * * * * * * //

dimensions      [0 1 -1 0 0 0 0];

internalField   nonuniform List<vector> 
4000
(
(0.149989 -0.007078 0)
(0.149877 -0.0211542 0)
(0.149674 -0.0351762 0)
(0.149368 -0.049183 0)
(0.148946 -0.0632123 0)
(0.148392 -0.0772883 0)
(0.147684 -0.0914198 0)
(0.146797 -0.105602 0)
(0.145702 -0.119817 0)
(0.144369 -0.134041 0)
(0.142763 -0.148239 0)
(0.140849 -0.162372 0)
(0.13859 -0.176393 0)
(0.135948 -0.190254 0)
(0.13289 -0.203897 0)
(0.129384 -0.217176 0)
(0.125469 -0.230122 0)
(0.121147 -0.242711 0)
(0.116414 -0.254903 0)
(0.111277 -0.266658 0)
(0.105764 -0.277956 0)
(0.0999344 -0.288826 0)
(0.0939021 -0.299381 0)
(0.0878414 -0.309867 0)
(0.0819685 -0.320698 0)
(0.0764781 -0.332431 0)
(0.0714662 -0.345627 0)
(0.0668676 -0.360634 0)
(0.0624368 -0.377426 0)
(0.0578151 -0.395616 0)
(0.0526497 -0.41462 0)
(0.04669 -0.433821 0)
(0.0398151 -0.45267 0)
(0.0320086 -0.470717 0)
(0.023318 -0.487608 0)
(0.0138217 -0.503076 0)
(0.00361084 -0.516925 0)
(-0.00719177 -0.529016 0)
(-0.0184799 -0.539223 0)
(-0.0301466 -0.547451 0)
(-0.0420785 -0.553738 0)
(-0.0541869 -0.558115 0)
(-0.0663954 -0.560621 0)
(-0.0786325 -0.561321 0)
(-0.0908296 -0.560301 0)
(-0.102921 -0.557671 0)
(-0.114843 -0.553565 0)
(-0.126531 -0.548143 0)
(-0.137923 -0.541594 0)
(-0.148953 -0.534143 0)
(-0.159536 -0.526058 0)
(-0.169532 -0.517651 0)
(-0.178775 -0.50926 0)
(-0.186997 -0.501283 0)
(-0.193288 -0.494088 0)
(-0.195625 -0.487471 0)
(-0.192535 -0.480047 0)
(-0.185058 -0.470265 0)
(-0.175424 -0.45764 0)
(-0.165093 -0.442445 0)
(-0.154718 -0.425166 0)
(-0.144648 -0.406299 0)
(-0.135062 -0.386344 0)
(-0.125738 -0.365703 0)
(-0.116546 -0.344626 0)
(-0.108001 -0.323495 0)
(-0.100792 -0.302998 0)
(-0.0955496 -0.283939 0)
(-0.0929281 -0.267083 0)
(-0.0931369 -0.252977 0)
(-0.0953787 -0.241572 0)
(-0.0982706 -0.232128 0)
(-0.101505 -0.223606 0)
(-0.105556 -0.215468 0)
(-0.110088 -0.207495 0)
(-0.114603 -0.199518 0)
(-0.118883 -0.191453 0)
(-0.12285 -0.183282 0)
(-0.126483 -0.175009 0)
(-0.12978 -0.166642 0)
(-0.132732 -0.158173 0)
(-0.13533 -0.149605 0)
(-0.137609 -0.141018 0)
(-0.139597 -0.132436 0)
(-0.141326 -0.123879 0)
(-0.142821 -0.115364 0)
(-0.144109 -0.106905 0)
(-0.145212 -0.0985144 0)
(-0.146151 -0.0902004 0)
(-0.146945 -0.0819688 0)
(-0.147613 -0.073823 0)
(-0.148169 -0.0657649 0)
(-0.148628 -0.0577949 0)
(-0.149003 -0.0499112 0)
(-0.149305 -0.0421094 0)
(-0.149543 -0.0343815 0)
(-0.149726 -0.0267139 0)
(-0.149859 -0.0190862 0)
(-0.149947 -0.0114708 0)
(-0.149996 -0.00383849 0)
(0.149996 -0.00686924 0)
(0.149856 -0.0205393 0)
(0.149573 -0.0341379 0)
(0.149122 -0.0476793 0)
(0.148495 -0.0611795 0)
(0.147676 -0.0746438 0)
(0.146648 -0.088064 0)
(0.145387 -0.10142 0)
(0.143869 -0.114682 0)
(0.14207 -0.127814 0)
(0.139969 -0.140776 0)
(0.137545 -0.153522 0)
(0.134785 -0.166005 0)
(0.131679 -0.178178 0)
(0.128222 -0.190011 0)
(0.124451 -0.201631 0)
(0.120345 -0.212941 0)
(0.115903 -0.223872 0)
(0.111129 -0.234373 0)
(0.106041 -0.244414 0)
(0.100679 -0.253992 0)
(0.0951193 -0.263156 0)
(0.0894894 -0.272037 0)
(0.0839675 -0.280894 0)
(0.078755 -0.290145 0)
(0.0740147 -0.30033 0)
(0.0698004 -0.311982 0)
(0.0660035 -0.325434 0)
(0.0623507 -0.340681 0)
(0.0584724 -0.357396 0)
(0.0540114 -0.375053 0)
(0.048711 -0.393078 0)
(0.0424417 -0.410945 0)
(0.0351801 -0.428217 0)
(0.0269689 -0.444548 0)
(0.0178822 -0.459678 0)
(0.00800646 -0.473416 0)
(-0.00255011 -0.485637 0)
(-0.0136895 -0.496288 0)
(-0.0253272 -0.505362 0)
(-0.0373573 -0.512749 0)
(-0.0496889 -0.518414 0)
(-0.0622389 -0.522363 0)
(-0.0749292 -0.524637 0)
(-0.0876855 -0.525299 0)
(-0.100437 -0.524435 0)
(-0.113119 -0.522147 0)
(-0.125668 -0.518559 0)
(-0.138028 -0.513804 0)
(-0.150144 -0.508034 0)
(-0.161942 -0.501406 0)
(-0.173289 -0.494074 0)
(-0.184022 -0.486169 0)
(-0.193847 -0.47778 0)
(-0.201624 -0.468891 0)
(-0.204786 -0.459236 0)
(-0.201545 -0.448231 0)
(-0.193292 -0.4354 0)
(-0.182741 -0.42064 0)
(-0.171524 -0.404067 0)
(-0.160311 -0.385923 0)
(-0.149439 -0.366542 0)
(-0.139051 -0.346356 0)
(-0.128838 -0.325887 0)
(-0.118656 -0.305474 0)
(-0.10915 -0.285591 0)
(-0.101121 -0.266911 0)
(-0.0951978 -0.250131 0)
(-0.0920111 -0.235796 0)
(-0.0917349 -0.224084 0)
(-0.0934586 -0.214653 0)
(-0.0956541 -0.206808 0)
(-0.0981433 -0.199878 0)
(-0.101597 -0.193438 0)
(-0.105673 -0.187134 0)
(-0.109859 -0.180758 0)
(-0.113932 -0.174224 0)
(-0.117801 -0.16751 0)
(-0.121432 -0.16063 0)
(-0.124812 -0.153616 0)
(-0.127945 -0.146513 0)
(-0.130836 -0.139337 0)
(-0.133464 -0.132019 0)
(-0.13584 -0.124585 0)
(-0.137971 -0.117063 0)
(-0.139869 -0.109478 0)
(-0.141548 -0.101851 0)
(-0.143023 -0.0942 0)
(-0.14431 -0.0865406 0)
(-0.145424 -0.078885 0)
(-0.146381 -0.0712439 0)
(-0.147197 -0.0636261 0)
(-0.147884 -0.0560391 0)
(-0.148456 -0.048488 0)
(-0.148925 -0.0409754 0)
(-0.1493 -0.0334999 0)
(-0.14959 -0.026055 0)
(-0.149799 -0.0186273 0)
(-0.149932 -0.0111975 0)
(-0.149998 -0.0037455 0)
(0.149988 -0.00665729 0)
(0.149787 -0.0199011 0)
(0.149395 -0.033067 0)
(0.148792 -0.0461617 0)
(0.147972 -0.0591948 0)
(0.146929 -0.0721682 0)
(0.145651 -0.0850736 0)
(0.144124 -0.097894 0)
(0.142337 -0.110607 0)
(0.140277 -0.123188 0)
(0.137934 -0.13561 0)
(0.1353 -0.147848 0)
(0.132371 -0.159874 0)
(0.129142 -0.171665 0)
(0.125617 -0.183191 0)
(0.12178 -0.194393 0)
(0.117616 -0.205222 0)
(0.11312 -0.215638 0)
(0.108303 -0.225614 0)
(0.103189 -0.235132 0)
(0.0978294 -0.244202 0)
(0.0923055 -0.252876 0)
(0.0867486 -0.261289 0)
(0.0813369 -0.269695 0)
(0.0762682 -0.278491 0)
(0.0717027 -0.288187 0)
(0.0676965 -0.299276 0)
(0.064145 -0.312055 0)
(0.0607778 -0.326512 0)
(0.0572268 -0.342337 0)
(0.0531351 -0.359049 0)
(0.0482421 -0.37612 0)
(0.0424102 -0.393068 0)
(0.0356044 -0.409485 0)
(0.0278564 -0.42505 0)
(0.0192313 -0.439515 0)
(0.00980758 -0.452697 0)
(-0.000325404 -0.464462 0)
(-0.0110852 -0.474728 0)
(-0.0224109 -0.48344 0)
(-0.0342399 -0.490578 0)
(-0.0464993 -0.49614 0)
(-0.0591167 -0.500139 0)
(-0.0720222 -0.502608 0)
(-0.0851492 -0.503592 0)
(-0.0984352 -0.503152 0)
(-0.111822 -0.501362 0)
(-0.125257 -0.498307 0)
(-0.138688 -0.494082 0)
(-0.152059 -0.488785 0)
(-0.165286 -0.482514 0)
(-0.178203 -0.475357 0)
(-0.190583 -0.467378 0)
(-0.201982 -0.4586 0)
(-0.210944 -0.448972 0)
(-0.214483 -0.43829 0)
(-0.210741 -0.426216 0)
(-0.201505 -0.412589 0)
(-0.189812 -0.397478 0)
(-0.177397 -0.38103 0)
(-0.164983 -0.363454 0)
(-0.152942 -0.345023 0)
(-0.141407 -0.326063 0)
(-0.13009 -0.306916 0)
(-0.118925 -0.287939 0)
(-0.108619 -0.269614 0)
(-0.0999963 -0.252519 0)
(-0.0936679 -0.237223 0)
(-0.0902018 -0.224154 0)
(-0.0897059 -0.213415 0)
(-0.0912739 -0.204685 0)
(-0.0932376 -0.197403 0)
(-0.0954769 -0.190941 0)
(-0.0988001 -0.18494 0)
(-0.102788 -0.179064 0)
(-0.106921 -0.173114 0)
(-0.11097 -0.167001 0)
(-0.114841 -0.160698 0)
(-0.118489 -0.154208 0)
(-0.121899 -0.147546 0)
(-0.125071 -0.140735 0)
(-0.128016 -0.133808 0)
(-0.130741 -0.126791 0)
(-0.133246 -0.119699 0)
(-0.135537 -0.112544 0)
(-0.137619 -0.105338 0)
(-0.139502 -0.0980921 0)
(-0.141194 -0.0908176 0)
(-0.142703 -0.0835235 0)
(-0.144041 -0.0762182 0)
(-0.145216 -0.0689095 0)
(-0.146241 -0.0616048 0)
(-0.147123 -0.0543111 0)
(-0.147873 -0.0470339 0)
(-0.148499 -0.0397772 0)
(-0.149009 -0.0325415 0)
(-0.14941 -0.0253228 0)
(-0.149704 -0.0181107 0)
(-0.149896 -0.0108895 0)
(-0.149994 -0.00364305 0)
(0.149987 -0.006385 0)
(0.149756 -0.0190829 0)
(0.149305 -0.031694 0)
(0.148615 -0.0442181 0)
(0.147682 -0.056659 0)
(0.146507 -0.0690136 0)
(0.145083 -0.0812695 0)
(0.143401 -0.0934065 0)
(0.141455 -0.1054 0)
(0.139236 -0.117222 0)
(0.136738 -0.128842 0)
(0.133952 -0.140231 0)
(0.130873 -0.151357 0)
(0.127494 -0.162187 0)
(0.12381 -0.172691 0)
(0.119815 -0.182842 0)
(0.115515 -0.192614 0)
(0.11092 -0.201986 0)
(0.106052 -0.210938 0)
(0.100943 -0.219464 0)
(0.095647 -0.227579 0)
(0.0902505 -0.235345 0)
(0.0848842 -0.242897 0)
(0.0797212 -0.25049 0)
(0.0749457 -0.258509 0)
(0.070699 -0.26744 0)
(0.0670163 -0.277745 0)
(0.0637771 -0.289699 0)
(0.060704 -0.30328 0)
(0.0574287 -0.318193 0)
(0.0535964 -0.333982 0)
(0.0489475 -0.350154 0)
(0.0433426 -0.366255 0)
(0.036743 -0.381906 0)
(0.0291746 -0.396807 0)
(0.0206966 -0.410728 0)
(0.0113814 -0.423496 0)
(0.00130965 -0.434988 0)
(-0.0094349 -0.445123 0)
(-0.0207845 -0.453843 0)
(-0.0326792 -0.461115 0)
(-0.0450554 -0.466925 0)
(-0.0578534 -0.471273 0)
(-0.0710168 -0.474178 0)
(-0.0844913 -0.475668 0)
(-0.0982246 -0.475784 0)
(-0.112166 -0.474576 0)
(-0.126263 -0.4721 0)
(-0.140462 -0.468417 0)
(-0.154697 -0.463586 0)
(-0.168859 -0.457664 0)
(-0.182739 -0.450699 0)
(-0.19605 -0.442716 0)
(-0.208236 -0.433719 0)
(-0.217628 -0.423664 0)
(-0.221019 -0.412407 0)
(-0.216655 -0.39977 0)
(-0.206658 -0.385758 0)
(-0.194222 -0.370515 0)
(-0.181081 -0.354213 0)
(-0.167979 -0.337054 0)
(-0.155314 -0.319282 0)
(-0.143213 -0.301189 0)
(-0.13138 -0.283083 0)
(-0.119779 -0.265278 0)
(-0.10913 -0.248204 0)
(-0.100239 -0.232374 0)
(-0.0936935 -0.218292 0)
(-0.0900259 -0.206329 0)
(-0.0893096 -0.196562 0)
(-0.0906983 -0.18867 0)
(-0.0923341 -0.182157 0)
(-0.0941996 -0.176387 0)
(-0.097307 -0.171087 0)
(-0.101105 -0.165929 0)
(-0.105084 -0.160717 0)
(-0.109032 -0.15536 0)
(-0.112851 -0.149827 0)
(-0.116493 -0.144112 0)
(-0.119933 -0.138221 0)
(-0.123159 -0.132167 0)
(-0.126171 -0.125964 0)
(-0.128971 -0.119626 0)
(-0.131564 -0.11317 0)
(-0.133956 -0.106613 0)
(-0.136152 -0.0999697 0)
(-0.138159 -0.093255 0)
(-0.139983 -0.0864806 0)
(-0.141631 -0.0796572 0)
(-0.14311 -0.0727948 0)
(-0.144427 -0.0659023 0)
(-0.145588 -0.0589888 0)
(-0.146601 -0.0520626 0)
(-0.147472 -0.0451316 0)
(-0.148207 -0.0382016 0)
(-0.148811 -0.0312758 0)
(-0.149289 -0.0243528 0)
(-0.149643 -0.0174253 0)
(-0.149874 -0.0104807 0)
(-0.149993 -0.00350661 0)
(0.149985 -0.00607853 0)
(0.149728 -0.0181654 0)
(0.149228 -0.0301645 0)
(0.148463 -0.0420723 0)
(0.147435 -0.0538894 0)
(0.146145 -0.0656108 0)
(0.14459 -0.0772231 0)
(0.142764 -0.0887067 0)
(0.140663 -0.100038 0)
(0.138283 -0.111192 0)
(0.13562 -0.122142 0)
(0.13267 -0.132864 0)
(0.129433 -0.143332 0)
(0.125909 -0.153522 0)
(0.122099 -0.163411 0)
(0.118009 -0.172974 0)
(0.113645 -0.182187 0)
(0.109018 -0.191028 0)
(0.104146 -0.199479 0)
(0.0990581 -0.207532 0)
(0.0938056 -0.215202 0)
(0.0884722 -0.222545 0)
(0.0831875 -0.22969 0)
(0.0781234 -0.236874 0)
(0.0734616 -0.244451 0)
(0.0693409 -0.252864 0)
(0.0657948 -0.262526 0)
(0.0627014 -0.27368 0)
(0.059784 -0.286307 0)
(0.0566772 -0.300148 0)
(0.0530293 -0.314801 0)
(0.0485809 -0.329829 0)
(0.0431886 -0.344824 0)
(0.0368056 -0.35944 0)
(0.0294481 -0.373399 0)
(0.0211647 -0.386483 0)
(0.0120178 -0.398529 0)
(0.00207701 -0.409415 0)
(-0.00858021 -0.419056 0)
(-0.0198922 -0.427396 0)
(-0.0318064 -0.434398 0)
(-0.0442636 -0.440044 0)
(-0.0572086 -0.44433 0)
(-0.0705883 -0.447264 0)
(-0.0843516 -0.448863 0)
(-0.0984471 -0.449152 0)
(-0.112823 -0.448166 0)
(-0.127423 -0.44594 0)
(-0.142184 -0.442514 0)
(-0.157023 -0.437927 0)
(-0.171808 -0.432215 0)
(-0.186295 -0.425408 0)
(-0.200149 -0.417519 0)
(-0.212727 -0.408559 0)
(-0.222202 -0.398486 0)
(-0.225305 -0.387188 0)
(-0.220449 -0.374604 0)
(-0.209944 -0.360831 0)
(-0.19703 -0.346027 0)
(-0.183421 -0.330365 0)
(-0.169857 -0.31404 0)
(-0.156754 -0.297281 0)
(-0.144233 -0.280351 0)
(-0.131994 -0.263532 0)
(-0.120033 -0.247106 0)
(-0.109101 -0.231452 0)
(-0.0999909 -0.217016 0)
(-0.0932685 -0.204218 0)
(-0.0894315 -0.193356 0)
(-0.0885347 -0.184457 0)
(-0.0898706 -0.177216 0)
(-0.0912776 -0.171249 0)
(-0.0928492 -0.165858 0)
(-0.0958596 -0.160913 0)
(-0.0995483 -0.156096 0)
(-0.103427 -0.151229 0)
(-0.1073 -0.146231 0)
(-0.111074 -0.141073 0)
(-0.1147 -0.135749 0)
(-0.118154 -0.130265 0)
(-0.121423 -0.12463 0)
(-0.124501 -0.118858 0)
(-0.127387 -0.11296 0)
(-0.130079 -0.10695 0)
(-0.132581 -0.100839 0)
(-0.134894 -0.0946399 0)
(-0.137023 -0.0883623 0)
(-0.138971 -0.0820165 0)
(-0.140745 -0.0756117 0)
(-0.142347 -0.0691565 0)
(-0.143784 -0.0626591 0)
(-0.14506 -0.0561283 0)
(-0.146181 -0.0495725 0)
(-0.14715 -0.043 0)
(-0.147973 -0.0364175 0)
(-0.148653 -0.0298293 0)
(-0.149194 -0.0232355 0)
(-0.149595 -0.0166306 0)
(-0.149857 -0.0100043 0)
(-0.149992 -0.00334715 0)
(0.149984 -0.00574489 0)
(0.14971 -0.0171671 0)
(0.149176 -0.0285019 0)
(0.14836 -0.039743 0)
(0.147267 -0.0508885 0)
(0.145899 -0.0619313 0)
(0.144257 -0.0728569 0)
(0.142338 -0.0836445 0)
(0.14014 -0.0942703 0)
(0.137662 -0.104709 0)
(0.134904 -0.114936 0)
(0.131867 -0.124925 0)
(0.12855 -0.134652 0)
(0.124955 -0.144094 0)
(0.121086 -0.153228 0)
(0.116947 -0.162029 0)
(0.112545 -0.170478 0)
(0.107892 -0.178556 0)
(0.103006 -0.186249 0)
(0.0979197 -0.193556 0)
(0.0926873 -0.200497 0)
(0.0873955 -0.207136 0)
(0.0821762 -0.213607 0)
(0.0771995 -0.220145 0)
(0.0726414 -0.227099 0)
(0.0686319 -0.234895 0)
(0.0651949 -0.243922 0)
(0.0622012 -0.254401 0)
(0.0593711 -0.266294 0)
(0.0563419 -0.27934 0)
(0.0527675 -0.29315 0)
(0.0483936 -0.307309 0)
(0.0430788 -0.321437 0)
(0.0367755 -0.335214 0)
(0.0294961 -0.348385 0)
(0.0212844 -0.36075 0)
(0.0121966 -0.372158 0)
(0.0022964 -0.382497 0)
(-0.00834357 -0.391686 0)
(-0.0196664 -0.39967 0)
(-0.0316247 -0.406411 0)
(-0.0441633 -0.411888 0)
(-0.05723 -0.41609 0)
(-0.0707746 -0.419019 0)
(-0.0847469 -0.420683 0)
(-0.0990951 -0.421098 0)
(-0.113764 -0.420286 0)
(-0.128694 -0.418271 0)
(-0.143812 -0.41508 0)
(-0.159022 -0.410742 0)
(-0.174171 -0.405281 0)
(-0.188991 -0.398718 0)
(-0.20313 -0.391071 0)
(-0.215847 -0.382353 0)
(-0.225156 -0.372529 0)
(-0.227856 -0.361511 0)
(-0.222597 -0.349291 0)
(-0.211775 -0.336009 0)
(-0.198578 -0.321828 0)
(-0.184688 -0.30692 0)
(-0.17085 -0.29147 0)
(-0.157488 -0.275691 0)
(-0.144722 -0.259823 0)
(-0.132258 -0.244115 0)
(-0.120113 -0.228822 0)
(-0.109052 -0.214279 0)
(-0.0998574 -0.200884 0)
(-0.093084 -0.18902 0)
(-0.0891892 -0.178963 0)
(-0.0881929 -0.170745 0)
(-0.089617 -0.164097 0)
(-0.090815 -0.158568 0)
(-0.0920973 -0.153687 0)
(-0.0951174 -0.149238 0)
(-0.0987375 -0.144915 0)
(-0.102539 -0.14055 0)
(-0.106346 -0.136061 0)
(-0.110069 -0.131417 0)
(-0.113659 -0.126609 0)
(-0.117093 -0.121638 0)
(-0.120358 -0.116513 0)
(-0.123447 -0.111243 0)
(-0.126359 -0.10584 0)
(-0.129092 -0.100316 0)
(-0.131647 -0.094682 0)
(-0.134024 -0.0889493 0)
(-0.136225 -0.0831282 0)
(-0.138252 -0.0772283 0)
(-0.140107 -0.0712586 0)
(-0.141794 -0.0652274 0)
(-0.143315 -0.0591433 0)
(-0.144673 -0.0530151 0)
(-0.145871 -0.0468519 0)
(-0.146912 -0.0406623 0)
(-0.147799 -0.0344542 0)
(-0.148536 -0.0282327 0)
(-0.149122 -0.0219991 0)
(-0.149559 -0.0157495 0)
(-0.149844 -0.00947552 0)
(-0.149992 -0.00317002 0)
(0.149984 -0.00539197 0)
(0.149695 -0.0161117 0)
(0.149135 -0.0267467 0)
(0.14828 -0.0372891 0)
(0.147136 -0.0477359 0)
(0.145706 -0.0580792 0)
(0.143993 -0.0683042 0)
(0.141996 -0.0783909 0)
(0.139715 -0.0883166 0)
(0.13715 -0.0980577 0)
(0.134303 -0.107591 0)
(0.131175 -0.116893 0)
(0.12777 -0.125944 0)
(0.124091 -0.134723 0)
(0.120144 -0.14321 0)
(0.115934 -0.151386 0)
(0.111473 -0.159235 0)
(0.106773 -0.166742 0)
(0.101857 -0.173897 0)
(0.0967593 -0.180701 0)
(0.0915343 -0.187175 0)
(0.0862706 -0.193378 0)
(0.0811002 -0.199435 0)
(0.0761919 -0.205559 0)
(0.0717176 -0.212068 0)
(0.0678013 -0.219344 0)
(0.0644601 -0.227737 0)
(0.061558 -0.237444 0)
(0.0588116 -0.248438 0)
(0.055858 -0.260486 0)
(0.0523535 -0.273245 0)
(0.0480465 -0.28634 0)
(0.0427972 -0.299425 0)
(0.0365569 -0.312207 0)
(0.0293357 -0.324449 0)
(0.0211741 -0.335964 0)
(0.0121249 -0.346609 0)
(0.00224806 -0.356276 0)
(-0.00838745 -0.364888 0)
(-0.0197279 -0.37239 0)
(-0.0317283 -0.378744 0)
(-0.0443357 -0.383924 0)
(-0.0574994 -0.387918 0)
(-0.0711698 -0.390721 0)
(-0.085296 -0.392336 0)
(-0.0998245 -0.392773 0)
(-0.114697 -0.392045 0)
(-0.129848 -0.39017 0)
(-0.145197 -0.387167 0)
(-0.160637 -0.383058 0)
(-0.176 -0.377863 0)
(-0.191011 -0.3716 0)
(-0.205295 -0.364289 0)
(-0.218031 -0.355943 0)
(-0.227128 -0.346543 0)
(-0.229445 -0.336032 0)
(-0.223832 -0.32442 0)
(-0.212764 -0.311845 0)
(-0.199381 -0.298468 0)
(-0.185329 -0.28446 0)
(-0.171343 -0.269998 0)
(-0.157844 -0.255283 0)
(-0.144945 -0.240538 0)
(-0.132353 -0.225991 0)
(-0.120107 -0.211877 0)
(-0.108969 -0.198498 0)
(-0.0997158 -0.186214 0)
(-0.092887 -0.175363 0)
(-0.0889255 -0.166181 0)
(-0.0878533 -0.158694 0)
(-0.0890819 -0.152604 0)
(-0.0901521 -0.147207 0)
(-0.0914338 -0.142771 0)
(-0.0943995 -0.138706 0)
(-0.0979578 -0.134734 0)
(-0.101704 -0.130717 0)
(-0.10547 -0.126585 0)
(-0.109167 -0.122311 0)
(-0.112745 -0.117887 0)
(-0.116181 -0.113313 0)
(-0.11946 -0.108596 0)
(-0.122576 -0.103742 0)
(-0.125524 -0.0987623 0)
(-0.128301 -0.0936651 0)
(-0.130906 -0.0884601 0)
(-0.13334 -0.0831567 0)
(-0.135602 -0.0777636 0)
(-0.137694 -0.0722892 0)
(-0.139615 -0.0667411 0)
(-0.141369 -0.0611271 0)
(-0.142955 -0.0554553 0)
(-0.144376 -0.049734 0)
(-0.145634 -0.0439722 0)
(-0.146731 -0.0381786 0)
(-0.147667 -0.0323613 0)
(-0.148446 -0.0265259 0)
(-0.149068 -0.0206745 0)
(-0.149531 -0.014804 0)
(-0.149835 -0.00890747 0)
(-0.149991 -0.00297967 0)
(0.149983 -0.00502435 0)
(0.149685 -0.0150127 0)
(0.149105 -0.0249199 0)
(0.148222 -0.0347376 0)
(0.14704 -0.0444616 0)
(0.145565 -0.0540837 0)
(0.143802 -0.0635893 0)
(0.141749 -0.0729588 0)
(0.13941 -0.0821701 0)
(0.136785 -0.0912007 0)
(0.133879 -0.100028 0)
(0.130695 -0.108632 0)
(0.127237 -0.116992 0)
(0.123511 -0.125089 0)
(0.119523 -0.132904 0)
(0.115281 -0.140422 0)
(0.110796 -0.147626 0)
(0.106082 -0.154504 0)
(0.101161 -0.161047 0)
(0.0960655 -0.167257 0)
(0.0908521 -0.173156 0)
(0.0856081 -0.178803 0)
(0.0804653 -0.184319 0)
(0.0755915 -0.189913 0)
(0.0711555 -0.195887 0)
(0.0672776 -0.202604 0)
(0.0639711 -0.21039 0)
(0.061097 -0.219419 0)
(0.0583712 -0.22965 0)
(0.0554329 -0.240858 0)
(0.0519423 -0.252717 0)
(0.0476515 -0.264878 0)
(0.0424218 -0.277025 0)
(0.0362039 -0.288889 0)
(0.0290058 -0.300253 0)
(0.0208648 -0.310949 0)
(0.0118309 -0.320844 0)
(0.0019614 -0.32984 0)
(-0.00867848 -0.337865 0)
(-0.0200375 -0.344865 0)
(-0.0320715 -0.350804 0)
(-0.0447292 -0.355657 0)
(-0.0579605 -0.359408 0)
(-0.0717159 -0.362049 0)
(-0.0859435 -0.363581 0)
(-0.100588 -0.364008 0)
(-0.115588 -0.363341 0)
(-0.130874 -0.361591 0)
(-0.14636 -0.358774 0)
(-0.161932 -0.354909 0)
(-0.17741 -0.350013 0)
(-0.192512 -0.344103 0)
(-0.206846 -0.337198 0)
(-0.219538 -0.329314 0)
(-0.228423 -0.320443 0)
(-0.230409 -0.310551 0)
(-0.224508 -0.299662 0)
(-0.213252 -0.287903 0)
(-0.199737 -0.275426 0)
(-0.185579 -0.262386 0)
(-0.171501 -0.248953 0)
(-0.157924 -0.23531 0)
(-0.144952 -0.221664 0)
(-0.132296 -0.208222 0)
(-0.120009 -0.195198 0)
(-0.108856 -0.182866 0)
(-0.0996058 -0.171553 0)
(-0.0927976 -0.161566 0)
(-0.088879 -0.153122 0)
(-0.0877303 -0.146243 0)
(-0.0882059 -0.14064 0)
(-0.0893006 -0.135686 0)
(-0.0912342 -0.131642 0)
(-0.0941469 -0.127947 0)
(-0.0975978 -0.124341 0)
(-0.101265 -0.120694 0)
(-0.104972 -0.116942 0)
(-0.108624 -0.113057 0)
(-0.112172 -0.10903 0)
(-0.11559 -0.104861 0)
(-0.118863 -0.100555 0)
(-0.121983 -0.0961183 0)
(-0.124944 -0.0915586 0)
(-0.127743 -0.0868841 0)
(-0.130378 -0.0821034 0)
(-0.132848 -0.0772247 0)
(-0.13515 -0.072256 0)
(-0.137286 -0.0672047 0)
(-0.139254 -0.062078 0)
(-0.141055 -0.0568832 0)
(-0.142689 -0.0516279 0)
(-0.144156 -0.0463201 0)
(-0.145458 -0.0409687 0)
(-0.146595 -0.0355825 0)
(-0.147569 -0.0301693 0)
(-0.148379 -0.0247354 0)
(-0.149027 -0.019283 0)
(-0.149511 -0.0138097 0)
(-0.149827 -0.00830978 0)
(-0.149991 -0.00277939 0)
(0.149983 -0.00464583 0)
(0.149677 -0.0138813 0)
(0.149082 -0.0230404 0)
(0.148177 -0.0321143 0)
(0.146966 -0.0410988 0)
(0.145457 -0.0499856 0)
(0.143654 -0.0587606 0)
(0.141558 -0.0674052 0)
(0.139171 -0.0758988 0)
(0.136498 -0.0842202 0)
(0.133541 -0.0923491 0)
(0.130306 -0.100266 0)
(0.126799 -0.107953 0)
(0.123025 -0.115394 0)
(0.118992 -0.122572 0)
(0.114708 -0.129474 0)
(0.110186 -0.136085 0)
(0.10544 -0.142395 0)
(0.100494 -0.148398 0)
(0.0953826 -0.154098 0)
(0.0901628 -0.159516 0)
(0.0849244 -0.164708 0)
(0.079801 -0.169787 0)
(0.0749601 -0.174944 0)
(0.070568 -0.180454 0)
(0.0667402 -0.186646 0)
(0.0634832 -0.193812 0)
(0.0606518 -0.202108 0)
(0.0579574 -0.211498 0)
(0.0550394 -0.221779 0)
(0.0515606 -0.232655 0)
(0.0472768 -0.243812 0)
(0.0420522 -0.25496 0)
(0.0358389 -0.265854 0)
(0.0286445 -0.276297 0)
(0.0205055 -0.286132 0)
(0.0114702 -0.295239 0)
(0.00159529 -0.303524 0)
(-0.009057 -0.31092 0)
(-0.020437 -0.317378 0)
(-0.0325007 -0.322861 0)
(-0.0451976 -0.327345 0)
(-0.0584781 -0.330814 0)
(-0.0722922 -0.333257 0)
(-0.0865873 -0.334674 0)
(-0.101306 -0.335066 0)
(-0.116386 -0.33444 0)
(-0.131753 -0.332806 0)
(-0.147319 -0.330177 0)
(-0.162963 -0.326569 0)
(-0.178498 -0.321998 0)
(-0.193636 -0.316482 0)
(-0.207972 -0.310037 0)
(-0.220592 -0.302682 0)
(-0.22928 -0.294416 0)
(-0.23099 -0.28522 0)
(-0.22486 -0.275123 0)
(-0.213462 -0.264242 0)
(-0.199855 -0.252716 0)
(-0.185628 -0.24069 0)
(-0.171495 -0.228317 0)
(-0.157874 -0.21577 0)
(-0.14486 -0.203234 0)
(-0.132168 -0.190901 0)
(-0.11986 -0.178966 0)
(-0.108699 -0.167679 0)
(-0.0994446 -0.157333 0)
(-0.092629 -0.148206 0)
(-0.0886896 -0.140487 0)
(-0.0874786 -0.134182 0)
(-0.0878444 -0.129063 0)
(-0.088909 -0.124754 0)
(-0.0908777 -0.121028 0)
(-0.0937842 -0.117612 0)
(-0.0972106 -0.114294 0)
(-0.100851 -0.110951 0)
(-0.104533 -0.107518 0)
(-0.108168 -0.103968 0)
(-0.111705 -0.100291 0)
(-0.115119 -0.0964855 0)
(-0.118394 -0.0925545 0)
(-0.121523 -0.0885027 0)
(-0.124499 -0.0843364 0)
(-0.127318 -0.0800621 0)
(-0.129977 -0.0756871 0)
(-0.132475 -0.0712183 0)
(-0.134809 -0.0666625 0)
(-0.136979 -0.0620264 0)
(-0.138982 -0.0573162 0)
(-0.140819 -0.0525386 0)
(-0.142489 -0.0477005 0)
(-0.143991 -0.0428097 0)
(-0.145326 -0.0378744 0)
(-0.146494 -0.0329032 0)
(-0.147495 -0.0279038 0)
(-0.148329 -0.0228824 0)
(-0.148997 -0.0178414 0)
(-0.149495 -0.012779 0)
(-0.149822 -0.00768993 0)
(-0.149991 -0.00257173 0)
(0.149982 -0.00425903 0)
(0.149671 -0.0127254 0)
(0.149065 -0.0211206 0)
(0.148143 -0.0294362 0)
(0.146911 -0.0376677 0)
(0.145376 -0.0458072 0)
(0.143543 -0.0538414 0)
(0.141414 -0.0617527 0)
(0.138993 -0.0695218 0)
(0.136283 -0.0771291 0)
(0.13329 -0.0845558 0)
(0.130019 -0.091784 0)
(0.126476 -0.0987973 0)
(0.12267 -0.10558 0)
(0.118607 -0.112119 0)
(0.114298 -0.1184 0)
(0.109755 -0.124412 0)
(0.104993 -0.130145 0)
(0.100036 -0.135594 0)
(0.0949188 -0.140763 0)
(0.0896992 -0.145673 0)
(0.0844669 -0.150378 0)
(0.0793552 -0.154983 0)
(0.0745309 -0.159666 0)
(0.0701581 -0.164683 0)
(0.0663495 -0.170338 0)
(0.0631083 -0.176894 0)
(0.0602864 -0.184491 0)
(0.0575939 -0.193087 0)
(0.0546712 -0.202493 0)
(0.051184 -0.212436 0)
(0.0468908 -0.222629 0)
(0.0416578 -0.232811 0)
(0.0354376 -0.242759 0)
(0.0282375 -0.252294 0)
(0.0200928 -0.261275 0)
(0.0110507 -0.269593 0)
(0.00116732 -0.277163 0)
(-0.00949718 -0.283922 0)
(-0.0208945 -0.289826 0)
(-0.0329801 -0.294841 0)
(-0.0457041 -0.298942 0)
(-0.059017 -0.302113 0)
(-0.0728684 -0.304346 0)
(-0.0872049 -0.305636 0)
(-0.101968 -0.305985 0)
(-0.117094 -0.305398 0)
(-0.132506 -0.303882 0)
(-0.148112 -0.30145 0)
(-0.16379 -0.298116 0)
(-0.179348 -0.293894 0)
(-0.19449 -0.288801 0)
(-0.208804 -0.282855 0)
(-0.221344 -0.276073 0)
(-0.229854 -0.268462 0)
(-0.231328 -0.260008 0)
(-0.22501 -0.250743 0)
(-0.213502 -0.240774 0)
(-0.199827 -0.230225 0)
(-0.185551 -0.21923 0)
(-0.171383 -0.207928 0)
(-0.157735 -0.196476 0)
(-0.144696 -0.185044 0)
(-0.131981 -0.173805 0)
(-0.119665 -0.162934 0)
(-0.108506 -0.152659 0)
(-0.0992594 -0.143248 0)
(-0.0924514 -0.134949 0)
(-0.0885134 -0.127935 0)
(-0.0872883 -0.12221 0)
(-0.0876309 -0.117573 0)
(-0.0886794 -0.11369 0)
(-0.0906371 -0.11032 0)
(-0.09353 -0.107225 0)
(-0.096939 -0.104219 0)
(-0.100561 -0.10119 0)
(-0.104227 -0.0980812 0)
(-0.107847 -0.0948666 0)
(-0.111374 -0.0915365 0)
(-0.114782 -0.088089 0)
(-0.118057 -0.0845259 0)
(-0.12119 -0.0808512 0)
(-0.124175 -0.07707 0)
(-0.127007 -0.073188 0)
(-0.129684 -0.0692114 0)
(-0.132201 -0.0651461 0)
(-0.134558 -0.0609983 0)
(-0.136752 -0.0567737 0)
(-0.138781 -0.052478 0)
(-0.140644 -0.0481172 0)
(-0.14234 -0.0436977 0)
(-0.143868 -0.0392267 0)
(-0.145228 -0.034712 0)
(-0.146419 -0.0301617 0)
(-0.14744 -0.0255834 0)
(-0.148292 -0.0209828 0)
(-0.148974 -0.0163625 0)
(-0.149484 -0.0117209 0)
(-0.149818 -0.00705354 0)
(-0.14999 -0.00235859 0)
(0.149982 -0.00386597 0)
(0.149666 -0.0115508 0)
(0.149052 -0.0191704 0)
(0.148117 -0.0267165 0)
(0.146869 -0.034185 0)
(0.145314 -0.0415684 0)
(0.143458 -0.0488543 0)
(0.141304 -0.0560266 0)
(0.138854 -0.0630674 0)
(0.136116 -0.0699589 0)
(0.133092 -0.0766838 0)
(0.129791 -0.0832259 0)
(0.126219 -0.0895706 0)
(0.122383 -0.0957042 0)
(0.118293 -0.101614 0)
(0.113958 -0.107289 0)
(0.109391 -0.112718 0)
(0.104609 -0.117894 0)
(0.0996346 -0.122813 0)
(0.0945048 -0.127479 0)
(0.0892776 -0.131912 0)
(0.0840443 -0.136161 0)
(0.0789391 -0.140323 0)
(0.0741287 -0.144561 0)
(0.0697759 -0.149105 0)
(0.0659899 -0.154229 0)
(0.0627696 -0.160169 0)
(0.0599619 -0.167047 0)
(0.0572746 -0.174825 0)
(0.054348 -0.18333 0)
(0.0508502 -0.192317 0)
(0.046543 -0.201528 0)
(0.0412951 -0.210728 0)
(0.0350605 -0.219718 0)
(0.0278469 -0.228335 0)
(0.0196895 -0.236452 0)
(0.0106347 -0.24397 0)
(0.000738964 -0.250814 0)
(-0.00993923 -0.256926 0)
(-0.0213526 -0.262264 0)
(-0.0334559 -0.266798 0)
(-0.0461997 -0.270505 0)
(-0.0595346 -0.27337 0)
(-0.0734098 -0.275383 0)
(-0.0877713 -0.27654 0)
(-0.10256 -0.276843 0)
(-0.11771 -0.276294 0)
(-0.133144 -0.274901 0)
(-0.148769 -0.272673 0)
(-0.164459 -0.269625 0)
(-0.180018 -0.265769 0)
(-0.195149 -0.261122 0)
(-0.20943 -0.2557 0)
(-0.221892 -0.249521 0)
(-0.230246 -0.242597 0)
(-0.231522 -0.234917 0)
(-0.225048 -0.22651 0)
(-0.213453 -0.217473 0)
(-0.199727 -0.207918 0)
(-0.185419 -0.197966 0)
(-0.171227 -0.187744 0)
(-0.157564 -0.177392 0)
(-0.14451 -0.167063 0)
(-0.131784 -0.156915 0)
(-0.119467 -0.147105 0)
(-0.108318 -0.137839 0)
(-0.0990839 -0.129356 0)
(-0.092289 -0.121881 0)
(-0.0883591 -0.115566 0)
(-0.08713 -0.110415 0)
(-0.0874598 -0.106245 0)
(-0.0884947 -0.102753 0)
(-0.0904392 -0.0997208 0)
(-0.0933189 -0.0969348 0)
(-0.096715 -0.0942279 0)
(-0.100325 -0.0915006 0)
(-0.10398 -0.0887017 0)
(-0.107593 -0.085808 0)
(-0.111116 -0.0828106 0)
(-0.114523 -0.0797072 0)
(-0.1178 -0.0764992 0)
(-0.120938 -0.0731898 0)
(-0.123931 -0.0697831 0)
(-0.126774 -0.0662841 0)
(-0.129463 -0.0626978 0)
(-0.131996 -0.0590296 0)
(-0.13437 -0.0552845 0)
(-0.136582 -0.0514677 0)
(-0.138631 -0.0475843 0)
(-0.140514 -0.0436395 0)
(-0.14223 -0.0396392 0)
(-0.143777 -0.03559 0)
(-0.145155 -0.0314991 0)
(-0.146362 -0.0273741 0)
(-0.147399 -0.023222 0)
(-0.148264 -0.0190484 0)
(-0.148958 -0.0148558 0)
(-0.149475 -0.0106426 0)
(-0.149815 -0.0064048 0)
(-0.14999 -0.00214141 0)
(0.149982 -0.00346814 0)
(0.149663 -0.010362 0)
(0.149042 -0.0171969 0)
(0.148098 -0.0239651 0)
(0.146836 -0.0306626 0)
(0.145267 -0.0372829 0)
(0.143393 -0.0438144 0)
(0.141219 -0.0502424 0)
(0.138748 -0.0565509 0)
(0.135987 -0.0627236 0)
(0.132941 -0.0687449 0)
(0.129617 -0.0746003 0)
(0.126022 -0.0802765 0)
(0.122164 -0.0857615 0)
(0.118053 -0.091044 0)
(0.113699 -0.096114 0)
(0.109115 -0.100962 0)
(0.104317 -0.105582 0)
(0.099331 -0.109971 0)
(0.0941923 -0.114132 0)
(0.0889599 -0.118084 0)
(0.0837256 -0.121872 0)
(0.0786239 -0.125585 0)
(0.0738211 -0.12937 0)
(0.0694787 -0.133435 0)
(0.0657038 -0.138024 0)
(0.0624919 -0.14335 0)
(0.0596871 -0.149515 0)
(0.0569954 -0.156485 0)
(0.0540574 -0.164101 0)
(0.0505436 -0.172145 0)
(0.0462183 -0.180385 0)
(0.0409522 -0.188613 0)
(0.0347005 -0.19665 0)
(0.0274713 -0.204354 0)
(0.0192993 -0.21161 0)
(0.010231 -0.21833 0)
(0.000322845 -0.224448 0)
(-0.0103677 -0.22991 0)
(-0.0217942 -0.234681 0)
(-0.0339108 -0.238731 0)
(-0.0466683 -0.242041 0)
(-0.0600172 -0.244596 0)
(-0.0739063 -0.246388 0)
(-0.0882815 -0.247412 0)
(-0.103083 -0.247669 0)
(-0.118244 -0.247162 0)
(-0.133686 -0.245897 0)
(-0.149315 -0.243882 0)
(-0.165004 -0.241131 0)
(-0.180553 -0.237654 0)
(-0.195663 -0.233468 0)
(-0.209908 -0.228586 0)
(-0.222303 -0.223027 0)
(-0.230516 -0.216818 0)
(-0.231625 -0.209931 0)
(-0.225021 -0.202397 0)
(-0.213354 -0.194302 0)
(-0.199591 -0.185749 0)
(-0.185259 -0.176845 0)
(-0.171053 -0.167703 0)
(-0.157381 -0.158449 0)
(-0.144319 -0.14922 0)
(-0.131588 -0.140155 0)
(-0.119275 -0.131396 0)
(-0.108138 -0.123126 0)
(-0.09892 -0.115557 0)
(-0.092142 -0.108891 0)
(-0.0882259 -0.103261 0)
(-0.0870011 -0.09867 0)
(-0.0873266 -0.0949542 0)
(-0.0883549 -0.0918436 0)
(-0.0902918 -0.0891432 0)
(-0.0931623 -0.0866621 0)
(-0.0965487 -0.0842517 0)
(-0.10015 -0.0818232 0)
(-0.103798 -0.079331 0)
(-0.107405 -0.0767544 0)
(-0.110924 -0.0740849 0)
(-0.11433 -0.0713204 0)
(-0.117609 -0.068462 0)
(-0.12075 -0.0655123 0)
(-0.123749 -0.0624747 0)
(-0.1266 -0.0593535 0)
(-0.129299 -0.056153 0)
(-0.131844 -0.0528778 0)
(-0.134231 -0.0495325 0)
(-0.136456 -0.0461213 0)
(-0.138519 -0.0426488 0)
(-0.140417 -0.0391196 0)
(-0.142148 -0.0355392 0)
(-0.143709 -0.0319133 0)
(-0.145101 -0.0282486 0)
(-0.146321 -0.0245521 0)
(-0.147368 -0.0208303 0)
(-0.148244 -0.0170883 0)
(-0.148945 -0.0133283 0)
(-0.149469 -0.009549 0)
(-0.149813 -0.00574686 0)
(-0.14999 -0.00192123 0)
(0.149982 -0.00306663 0)
(0.14966 -0.00916233 0)
(0.149035 -0.0152055 0)
(0.148083 -0.0211891 0)
(0.146812 -0.0271098 0)
(0.14523 -0.0329613 0)
(0.143342 -0.0387337 0)
(0.141153 -0.0444136 0)
(0.138666 -0.0499867 0)
(0.135887 -0.0554385 0)
(0.132823 -0.0607552 0)
(0.129479 -0.0659239 0)
(0.125865 -0.070933 0)
(0.121989 -0.0757718 0)
(0.11786 -0.0804306 0)
(0.113489 -0.0849005 0)
(0.108889 -0.0891739 0)
(0.104078 -0.0932448 0)
(0.099079 -0.0971107 0)
(0.0939304 -0.100776 0)
(0.0886911 -0.104257 0)
(0.0834537 -0.107595 0)
(0.0783534 -0.110867 0)
(0.0735563 -0.114206 0)
(0.069223 -0.117795 0)
(0.0654582 -0.12185 0)
(0.0622543 -0.126556 0)
(0.0594523 -0.132003 0)
(0.0567561 -0.138157 0)
(0.0538069 -0.144879 0)
(0.0502769 -0.151974 0)
(0.0459328 -0.159241 0)
(0.0406475 -0.166494 0)
(0.0343773 -0.173578 0)
(0.027131 -0.180368 0)
(0.0189434 -0.186762 0)
(0.00986069 -0.192684 0)
(-6.00555e-05 -0.198074 0)
(-0.0107622 -0.202886 0)
(-0.0222001 -0.207088 0)
(-0.0343274 -0.210654 0)
(-0.0470947 -0.213566 0)
(-0.0604526 -0.215811 0)
(-0.07435 -0.217382 0)
(-0.088732 -0.218275 0)
(-0.103539 -0.218489 0)
(-0.118702 -0.218027 0)
(-0.134145 -0.216895 0)
(-0.149771 -0.215101 0)
(-0.165452 -0.212654 0)
(-0.180987 -0.209566 0)
(-0.196072 -0.20585 0)
(-0.210279 -0.201518 0)
(-0.222626 -0.196588 0)
(-0.23069 -0.191134 0)
(-0.231672 -0.185043 0)
(-0.224959 -0.178387 0)
(-0.213235 -0.17124 0)
(-0.199443 -0.163692 0)
(-0.185095 -0.155837 0)
(-0.170881 -0.147776 0)
(-0.157204 -0.139618 0)
(-0.144139 -0.131486 0)
(-0.131407 -0.1235 0)
(-0.119101 -0.115787 0)
(-0.107977 -0.108506 0)
(-0.0987756 -0.101845 0)
(-0.0920146 -0.0959785 0)
(-0.0881122 -0.0910261 0)
(-0.0868927 -0.0869876 0)
(-0.0872162 -0.0837189 0)
(-0.0882403 -0.0809829 0)
(-0.090172 -0.0786077 0)
(-0.093037 -0.0764255 0)
(-0.0964176 -0.0743057 0)
(-0.100013 -0.0721702 0)
(-0.103657 -0.0699789 0)
(-0.10726 -0.0677132 0)
(-0.110778 -0.0653657 0)
(-0.114184 -0.0629345 0)
(-0.117464 -0.0604201 0)
(-0.120609 -0.0578248 0)
(-0.123612 -0.0551516 0)
(-0.12647 -0.0524039 0)
(-0.129177 -0.0495855 0)
(-0.13173 -0.0467003 0)
(-0.134126 -0.0437521 0)
(-0.136363 -0.0407447 0)
(-0.138436 -0.0376821 0)
(-0.140345 -0.0345684 0)
(-0.142087 -0.0314082 0)
(-0.143659 -0.0282069 0)
(-0.14506 -0.0249703 0)
(-0.146289 -0.0217047 0)
(-0.147346 -0.0184161 0)
(-0.148228 -0.015109 0)
(-0.148936 -0.0117854 0)
(-0.149464 -0.00844413 0)
(-0.149811 -0.00508205 0)
(-0.14999 -0.00169884 0)
(0.149982 -0.00266231 0)
(0.149658 -0.00795423 0)
(0.149029 -0.0132003 0)
(0.148071 -0.0183944 0)
(0.146792 -0.0235334 0)
(0.145202 -0.0286119 0)
(0.143304 -0.0336212 0)
(0.141102 -0.0385497 0)
(0.138602 -0.0433847 0)
(0.13581 -0.0481136 0)
(0.132731 -0.0527243 0)
(0.129373 -0.0572057 0)
(0.125744 -0.0615475 0)
(0.121853 -0.0657407 0)
(0.11771 -0.0697767 0)
(0.113325 -0.073648 0)
(0.108712 -0.0773481 0)
(0.103889 -0.0808718 0)
(0.0988805 -0.0842172 0)
(0.0937237 -0.0873882 0)
(0.0884784 -0.0903998 0)
(0.0832378 -0.0932874 0)
(0.0781376 -0.0961199 0)
(0.0733438 -0.0990116 0)
(0.0690161 -0.102124 0)
(0.0652574 -0.105643 0)
(0.0620575 -0.109727 0)
(0.059255 -0.114455 0)
(0.0565524 -0.119794 0)
(0.053591 -0.125622 0)
(0.0500446 -0.131771 0)
(0.0456822 -0.138067 0)
(0.0403782 -0.14435 0)
(0.0340903 -0.150484 0)
(0.0268276 -0.156362 0)
(0.018625 -0.161898 0)
(0.0095287 -0.167024 0)
(-0.000403628 -0.171688 0)
(-0.011116 -0.175851 0)
(-0.0225634 -0.179486 0)
(-0.0346989 -0.182569 0)
(-0.0474732 -0.185085 0)
(-0.0608369 -0.187023 0)
(-0.0747385 -0.188376 0)
(-0.0891231 -0.18914 0)
(-0.10393 -0.189315 0)
(-0.119093 -0.188903 0)
(-0.134531 -0.187909 0)
(-0.15015 -0.18634 0)
(-0.165819 -0.184205 0)
(-0.181336 -0.181514 0)
(-0.196395 -0.178278 0)
(-0.210565 -0.174508 0)
(-0.222872 -0.17022 0)
(-0.230805 -0.165522 0)
(-0.231689 -0.160234 0)
(-0.224885 -0.15446 0)
(-0.213114 -0.148264 0)
(-0.1993 -0.141722 0)
(-0.18494 -0.134916 0)
(-0.170721 -0.127934 0)
(-0.157043 -0.12087 0)
(-0.143977 -0.113829 0)
(-0.131245 -0.106918 0)
(-0.118946 -0.100244 0)
(-0.107835 -0.0939454 0)
(-0.0986474 -0.0881847 0)
(-0.0919011 -0.0831124 0)
(-0.0880118 -0.0788303 0)
(-0.0867998 -0.0753382 0)
(-0.0871251 -0.0725115 0)
(-0.0881489 -0.0701454 0)
(-0.0900789 -0.0680915 0)
(-0.0929408 -0.0662051 0)
(-0.0963176 -0.0643731 0)
(-0.0999093 -0.0625277 0)
(-0.10355 -0.0606341 0)
(-0.107152 -0.0586761 0)
(-0.110668 -0.0566473 0)
(-0.114074 -0.0545459 0)
(-0.117356 -0.0523722 0)
(-0.120503 -0.0501282 0)
(-0.123511 -0.0478162 0)
(-0.126373 -0.0454391 0)
(-0.129086 -0.0430003 0)
(-0.131646 -0.0405029 0)
(-0.134049 -0.0379502 0)
(-0.136293 -0.0353456 0)
(-0.138375 -0.0326922 0)
(-0.140292 -0.0299938 0)
(-0.142041 -0.0272543 0)
(-0.143621 -0.0244784 0)
(-0.14503 -0.0216712 0)
(-0.146266 -0.0188384 0)
(-0.147329 -0.0159851 0)
(-0.148217 -0.0131154 0)
(-0.148929 -0.010231 0)
(-0.149461 -0.00733081 0)
(-0.14981 -0.00441211 0)
(-0.14999 -0.00147479 0)
(0.149982 -0.0022558 0)
(0.149656 -0.00673967 0)
(0.149024 -0.0111845 0)
(0.148062 -0.0155851 0)
(0.146778 -0.0199388 0)
(0.14518 -0.024241 0)
(0.143274 -0.0284842 0)
(0.141063 -0.0326585 0)
(0.138553 -0.0367532 0)
(0.13575 -0.0407575 0)
(0.132659 -0.0446611 0)
(0.12929 -0.0484546 0)
(0.125649 -0.0521292 0)
(0.121746 -0.0556773 0)
(0.117591 -0.0590918 0)
(0.113195 -0.0623662 0)
(0.108572 -0.0654951 0)
(0.103739 -0.0684744 0)
(0.0987211 -0.0713024 0)
(0.0935567 -0.0739826 0)
(0.0883058 -0.0765279 0)
(0.0830619 -0.0789687 0)
(0.0779611 -0.0813638 0)
(0.0731696 -0.0838105 0)
(0.0688461 -0.0864456 0)
(0.0650921 -0.0894264 0)
(0.0618953 -0.0928872 0)
(0.0590919 -0.0968918 0)
(0.0563831 -0.101412 0)
(0.0534104 -0.106345 0)
(0.0498491 -0.111549 0)
(0.0454698 -0.116874 0)
(0.0401487 -0.122186 0)
(0.0338444 -0.127373 0)
(0.0265666 -0.132342 0)
(0.0183502 -0.13702 0)
(0.00924147 -0.141351 0)
(-0.000701319 -0.145292 0)
(-0.0114226 -0.14881 0)
(-0.022878 -0.151879 0)
(-0.0350201 -0.154482 0)
(-0.0477995 -0.156604 0)
(-0.0611668 -0.158237 0)
(-0.0750705 -0.159374 0)
(-0.0894554 -0.160013 0)
(-0.104261 -0.160153 0)
(-0.119419 -0.159795 0)
(-0.134851 -0.158945 0)
(-0.150461 -0.157607 0)
(-0.166117 -0.155789 0)
(-0.181616 -0.153501 0)
(-0.196649 -0.150752 0)
(-0.210785 -0.147551 0)
(-0.223061 -0.143913 0)
(-0.23088 -0.139967 0)
(-0.231688 -0.135489 0)
(-0.224809 -0.130601 0)
(-0.213 -0.125357 0)
(-0.199169 -0.119821 0)
(-0.184802 -0.114063 0)
(-0.17058 -0.108157 0)
(-0.156903 -0.102183 0)
(-0.143837 -0.0962305 0)
(-0.131107 -0.0903893 0)
(-0.118816 -0.08475 0)
(-0.107716 -0.0794298 0)
(-0.0985412 -0.0745654 0)
(-0.0918079 -0.0702837 0)
(-0.0879294 -0.066669 0)
(-0.0867231 -0.063719 0)
(-0.0870505 -0.0613305 0)
(-0.088075 -0.0593303 0)
(-0.0900049 -0.0575935 0)
(-0.0928656 -0.0559992 0)
(-0.0962405 -0.054452 0)
(-0.0998301 -0.052894 0)
(-0.103469 -0.0512954 0)
(-0.107069 -0.0496426 0)
(-0.110586 -0.0479298 0)
(-0.113992 -0.0461554 0)
(-0.117275 -0.0443199 0)
(-0.120425 -0.0424245 0)
(-0.123435 -0.0404714 0)
(-0.126301 -0.038463 0)
(-0.129018 -0.0364018 0)
(-0.131583 -0.0342907 0)
(-0.133992 -0.0321324 0)
(-0.136242 -0.0299296 0)
(-0.138329 -0.0276851 0)
(-0.140252 -0.0254018 0)
(-0.142008 -0.0230834 0)
(-0.143594 -0.0207336 0)
(-0.145008 -0.018357 0)
(-0.146249 -0.0159582 0)
(-0.147316 -0.0135418 0)
(-0.148208 -0.0111113 0)
(-0.148924 -0.00866809 0)
(-0.149458 -0.00621123 0)
(-0.149809 -0.00373835 0)
(-0.14999 -0.00124951 0)
(0.149982 -0.00184764 0)
(0.149655 -0.00552017 0)
(0.149021 -0.00916067 0)
(0.148055 -0.0127648 0)
(0.146766 -0.0163303 0)
(0.145163 -0.0198535 0)
(0.143251 -0.0233282 0)
(0.141033 -0.0267463 0)
(0.138516 -0.0300989 0)
(0.135704 -0.0333771 0)
(0.132604 -0.0365725 0)
(0.129226 -0.0396774 0)
(0.125576 -0.0426845 0)
(0.121663 -0.0455876 0)
(0.117499 -0.048381 0)
(0.113094 -0.0510593 0)
(0.108462 -0.0536182 0)
(0.103622 -0.0560542 0)
(0.0985966 -0.0583662 0)
(0.0934261 -0.0605571 0)
(0.0881703 -0.0626376 0)
(0.0829234 -0.0646329 0)
(0.0778218 -0.0665913 0)
(0.0730315 -0.068593 0)
(0.0687109 -0.0707501 0)
(0.0649601 -0.0731914 0)
(0.061765 -0.0760262 0)
(0.05896 -0.079306 0)
(0.0562453 -0.0830071 0)
(0.0532625 -0.0870445 0)
(0.0496881 -0.0913015 0)
(0.0452942 -0.095657 0)
(0.0399582 -0.100001 0)
(0.0336397 -0.104242 0)
(0.0263486 -0.108304 0)
(0.0181203 -0.112128 0)
(0.00900077 -0.115668 0)
(-0.000950959 -0.118888 0)
(-0.0116798 -0.121761 0)
(-0.0231416 -0.124268 0)
(-0.0352889 -0.126393 0)
(-0.0480721 -0.128125 0)
(-0.0614417 -0.129456 0)
(-0.0753461 -0.130381 0)
(-0.0897301 -0.130898 0)
(-0.104533 -0.131007 0)
(-0.119686 -0.130708 0)
(-0.135111 -0.130005 0)
(-0.150711 -0.128903 0)
(-0.166354 -0.127407 0)
(-0.181836 -0.125526 0)
(-0.196845 -0.123268 0)
(-0.210952 -0.120641 0)
(-0.223204 -0.117657 0)
(-0.230929 -0.114456 0)
(-0.231679 -0.110796 0)
(-0.224738 -0.106798 0)
(-0.212898 -0.102505 0)
(-0.199055 -0.0979736 0)
(-0.184683 -0.0932609 0)
(-0.17046 -0.0884284 0)
(-0.156784 -0.0835423 0)
(-0.14372 -0.078675 0)
(-0.130993 -0.0739001 0)
(-0.118709 -0.0692916 0)
(-0.107621 -0.064946 0)
(-0.0984596 -0.0609761 0)
(-0.0917388 -0.0574862 0)
(-0.0878695 -0.0545382 0)
(-0.0866627 -0.0521221 0)
(-0.0869911 -0.0501659 0)
(-0.0880167 -0.0485281 0)
(-0.0899477 -0.0471054 0)
(-0.0928085 -0.0458012 0)
(-0.0961829 -0.0445371 0)
(-0.0997715 -0.043265 0)
(-0.103409 -0.0419599 0)
(-0.107009 -0.0406105 0)
(-0.110525 -0.039212 0)
(-0.113932 -0.0377629 0)
(-0.117216 -0.0362637 0)
(-0.120367 -0.0347153 0)
(-0.12338 -0.0331195 0)
(-0.126248 -0.0314782 0)
(-0.128969 -0.0297934 0)
(-0.131537 -0.0280676 0)
(-0.13395 -0.0263027 0)
(-0.136204 -0.0245011 0)
(-0.138296 -0.0226651 0)
(-0.140224 -0.0207971 0)
(-0.141984 -0.0188999 0)
(-0.143574 -0.0169767 0)
(-0.144992 -0.0150314 0)
(-0.146237 -0.0130677 0)
(-0.147307 -0.0110894 0)
(-0.148202 -0.00909942 0)
(-0.14892 -0.00709891 0)
(-0.149456 -0.005087 0)
(-0.149809 -0.00306175 0)
(-0.14999 -0.00102333 0)
(0.149982 -0.00143823 0)
(0.149654 -0.00429695 0)
(0.149018 -0.00713071 0)
(0.14805 -0.00993607 0)
(0.146758 -0.0127113 0)
(0.145151 -0.0154535 0)
(0.143234 -0.0181579 0)
(0.141011 -0.0208181 0)
(0.138488 -0.0234272 0)
(0.135669 -0.0259782 0)
(0.132564 -0.0284645 0)
(0.129178 -0.0308801 0)
(0.125521 -0.0332195 0)
(0.121601 -0.0354776 0)
(0.11743 -0.0376501 0)
(0.113018 -0.039733 0)
(0.10838 -0.0417226 0)
(0.103532 -0.0436166 0)
(0.0985016 -0.0454139 0)
(0.0933261 -0.0471168 0)
(0.0880663 -0.048734 0)
(0.0828169 -0.050285 0)
(0.0777144 -0.0518077 0)
(0.0729249 -0.0533646 0)
(0.0686063 -0.0550432 0)
(0.0648578 -0.0569436 0)
(0.0616638 -0.0591505 0)
(0.0588572 -0.0617034 0)
(0.0561375 -0.0645836 0)
(0.0531463 -0.0677244 0)
(0.0495611 -0.0710352 0)
(0.0451551 -0.0744218 0)
(0.0398069 -0.077799 0)
(0.0334766 -0.0810951 0)
(0.0261747 -0.0842519 0)
(0.0179366 -0.0872234 0)
(0.00880812 -0.0899737 0)
(-0.00115093 -0.0924754 0)
(-0.0118857 -0.0947072 0)
(-0.0233528 -0.0966538 0)
(-0.035504 -0.0983034 0)
(-0.04829 -0.0996473 0)
(-0.0616611 -0.100679 0)
(-0.0755657 -0.101396 0)
(-0.0899485 -0.101794 0)
(-0.104749 -0.101875 0)
(-0.119898 -0.101639 0)
(-0.135316 -0.101087 0)
(-0.150907 -0.100225 0)
(-0.166539 -0.0990567 0)
(-0.182005 -0.0975872 0)
(-0.196994 -0.0958238 0)
(-0.211073 -0.0937706 0)
(-0.223307 -0.0914435 0)
(-0.230957 -0.0889619 0)
(-0.231661 -0.0861655 0)
(-0.224674 -0.083043 0)
(-0.212811 -0.079698 0)
(-0.198961 -0.0761664 0)
(-0.184587 -0.0724974 0)
(-0.170364 -0.0687372 0)
(-0.156689 -0.0649371 0)
(-0.143626 -0.0611528 0)
(-0.130901 -0.0574412 0)
(-0.118623 -0.0538599 0)
(-0.107547 -0.050484 0)
(-0.0984005 -0.0474024 0)
(-0.0916761 -0.0446967 0)
(-0.0878584 -0.0424489 0)
(-0.0866203 -0.0405482 0)
(-0.0869471 -0.0390106 0)
(-0.0879746 -0.0377321 0)
(-0.0899065 -0.0366225 0)
(-0.0927683 -0.0356079 0)
(-0.0961428 -0.0346265 0)
(-0.0997309 -0.0336396 0)
(-0.103368 -0.032627 0)
(-0.106967 -0.0315798 0)
(-0.110483 -0.0304943 0)
(-0.11389 -0.0293692 0)
(-0.117174 -0.0282049 0)
(-0.120327 -0.0270023 0)
(-0.123341 -0.0257625 0)
(-0.126211 -0.0244872 0)
(-0.128934 -0.0231779 0)
(-0.131505 -0.0218365 0)
(-0.133921 -0.0204645 0)
(-0.136178 -0.0190638 0)
(-0.138273 -0.017636 0)
(-0.140203 -0.0161832 0)
(-0.141966 -0.0147074 0)
(-0.143559 -0.0132114 0)
(-0.144981 -0.0116978 0)
(-0.146228 -0.0101699 0)
(-0.147301 -0.00863056 0)
(-0.148198 -0.00708202 0)
(-0.148917 -0.00552521 0)
(-0.149455 -0.00395941 0)
(-0.149808 -0.0023831 0)
(-0.14999 -0.000796491 0)
(0.149981 -0.00102791 0)
(0.149653 -0.00307101 0)
(0.149016 -0.0050963 0)
(0.148047 -0.00710125 0)
(0.146752 -0.00908465 0)
(0.145142 -0.0110444 0)
(0.143222 -0.0129771 0)
(0.140995 -0.0148782 0)
(0.138468 -0.0167426 0)
(0.135645 -0.0185655 0)
(0.132534 -0.020342 0)
(0.129144 -0.0220679 0)
(0.125481 -0.0237392 0)
(0.121557 -0.0253523 0)
(0.11738 -0.0269041 0)
(0.112963 -0.0283917 0)
(0.10832 -0.0298127 0)
(0.103468 -0.0311651 0)
(0.0984331 -0.0324485 0)
(0.0932538 -0.0336644 0)
(0.087991 -0.034819 0)
(0.0827395 -0.0359265 0)
(0.0776363 -0.0370139 0)
(0.0728473 -0.0381261 0)
(0.06853 -0.0393256 0)
(0.064783 -0.0406839 0)
(0.0615896 -0.0422614 0)
(0.0587817 -0.0440861 0)
(0.056058 -0.0461441 0)
(0.0530604 -0.0483878 0)
(0.0494669 -0.0507524 0)
(0.0450518 -0.0531707 0)
(0.0396942 -0.0555819 0)
(0.0333549 -0.0579349 0)
(0.0260447 -0.0601882 0)
(0.017799 -0.062309 0)
(0.00866377 -0.0642718 0)
(-0.00130084 -0.0660569 0)
(-0.0120402 -0.0676492 0)
(-0.023511 -0.0690377 0)
(-0.0356652 -0.0702141 0)
(-0.0484531 -0.0711722 0)
(-0.0618252 -0.0719074 0)
(-0.0757297 -0.0724172 0)
(-0.0901114 -0.0727 0)
(-0.104909 -0.0727555 0)
(-0.120054 -0.0725844 0)
(-0.135468 -0.0721885 0)
(-0.151052 -0.0715702 0)
(-0.166676 -0.0707326 0)
(-0.18213 -0.0696797 0)
(-0.197103 -0.0684152 0)
(-0.211158 -0.0669428 0)
(-0.223373 -0.0652659 0)
(-0.230968 -0.0634905 0)
(-0.231629 -0.0615701 0)
(-0.224621 -0.0593158 0)
(-0.212747 -0.0569117 0)
(-0.198892 -0.0543838 0)
(-0.184517 -0.0517605 0)
(-0.170293 -0.0490738 0)
(-0.156618 -0.0463595 0)
(-0.143555 -0.043657 0)
(-0.13083 -0.0410065 0)
(-0.118556 -0.038449 0)
(-0.107488 -0.0360383 0)
(-0.0983543 -0.0338379 0)
(-0.0916134 -0.0319051 0)
(-0.0878432 -0.0303327 0)
(-0.086618 -0.0290226 0)
(-0.0869184 -0.0278673 0)
(-0.0879546 -0.0269415 0)
(-0.0898877 -0.0261449 0)
(-0.0927485 -0.0254199 0)
(-0.0961213 -0.0247208 0)
(-0.0997075 -0.0240183 0)
(-0.103343 -0.0232973 0)
(-0.106941 -0.0225512 0)
(-0.110456 -0.0217775 0)
(-0.113863 -0.0209753 0)
(-0.117147 -0.0201449 0)
(-0.1203 -0.019287 0)
(-0.123315 -0.0184024 0)
(-0.126186 -0.0174922 0)
(-0.12891 -0.0165577 0)
(-0.131483 -0.0156 0)
(-0.133901 -0.0146204 0)
(-0.136159 -0.0136202 0)
(-0.138257 -0.0126005 0)
(-0.140189 -0.0115628 0)
(-0.141954 -0.0105087 0)
(-0.14355 -0.0094399 0)
(-0.144973 -0.0083586 0)
(-0.146222 -0.00726697 0)
(-0.147296 -0.00616712 0)
(-0.148195 -0.00506068 0)
(-0.148915 -0.0039483 0)
(-0.149454 -0.00282943 0)
(-0.149808 -0.00170299 0)
(-0.14999 -0.000569183 0)
(0.149981 -0.000616967 0)
(0.149653 -0.00184324 0)
(0.149015 -0.00305887 0)
(0.148044 -0.00426231 0)
(0.146749 -0.00545281 0)
(0.145137 -0.00662913 0)
(0.143214 -0.00778918 0)
(0.140985 -0.00893023 0)
(0.138455 -0.0100493 0)
(0.135629 -0.0111433 0)
(0.132516 -0.0122096 0)
(0.129122 -0.0132453 0)
(0.125456 -0.0142483 0)
(0.121528 -0.0152163 0)
(0.117348 -0.0161475 0)
(0.112928 -0.0170401 0)
(0.108281 -0.0178927 0)
(0.103426 -0.0187041 0)
(0.0983886 -0.019474 0)
(0.0932068 -0.0202034 0)
(0.087942 -0.0208961 0)
(0.0826892 -0.0215605 0)
(0.0775853 -0.0222129 0)
(0.0727966 -0.0228804 0)
(0.0684801 -0.0236004 0)
(0.064734 -0.0244158 0)
(0.061541 -0.0253628 0)
(0.0587321 -0.026458 0)
(0.0560057 -0.027693 0)
(0.0530038 -0.0290391 0)
(0.0494047 -0.0304576 0)
(0.0449834 -0.031908 0)
(0.0396195 -0.0333539 0)
(0.0332741 -0.0347648 0)
(0.0259582 -0.0361158 0)
(0.0177075 -0.0373873 0)
(0.00856767 -0.0385639 0)
(-0.00140068 -0.0396339 0)
(-0.012143 -0.0405882 0)
(-0.0236164 -0.0414203 0)
(-0.0357724 -0.0421251 0)
(-0.0485616 -0.042699 0)
(-0.0619341 -0.0431392 0)
(-0.0758385 -0.0434441 0)
(-0.0902192 -0.0436128 0)
(-0.105015 -0.0436451 0)
(-0.120158 -0.0435416 0)
(-0.135568 -0.043303 0)
(-0.151147 -0.0429309 0)
(-0.166765 -0.0424273 0)
(-0.182211 -0.0417944 0)
(-0.197173 -0.0410346 0)
(-0.211213 -0.0401498 0)
(-0.223414 -0.039144 0)
(-0.230962 -0.0380847 0)
(-0.231608 -0.0369354 0)
(-0.224588 -0.0355802 0)
(-0.212708 -0.0341363 0)
(-0.198849 -0.0326183 0)
(-0.184471 -0.0310437 0)
(-0.170247 -0.0294314 0)
(-0.156571 -0.0278026 0)
(-0.143507 -0.026181 0)
(-0.130782 -0.0245905 0)
(-0.118509 -0.0230555 0)
(-0.107447 -0.0216083 0)
(-0.098321 -0.0202873 0)
(-0.0915565 -0.019126 0)
(-0.0878134 -0.0182002 0)
(-0.0866417 -0.0174683 0)
(-0.0869067 -0.0167268 0)
(-0.0879541 -0.0161593 0)
(-0.0898871 -0.0156774 0)
(-0.0927451 -0.015242 0)
(-0.0961145 -0.0148238 0)
(-0.0996979 -0.0144038 0)
(-0.103331 -0.0139727 0)
(-0.106927 -0.0135263 0)
(-0.110441 -0.013063 0)
(-0.113847 -0.0125826 0)
(-0.117131 -0.012085 0)
(-0.120284 -0.0115708 0)
(-0.123299 -0.0110406 0)
(-0.126171 -0.0104949 0)
(-0.128896 -0.0099345 0)
(-0.13147 -0.00936018 0)
(-0.133888 -0.00877265 0)
(-0.136148 -0.00817265 0)
(-0.138247 -0.00756095 0)
(-0.140181 -0.00693838 0)
(-0.141947 -0.00630589 0)
(-0.143544 -0.0056646 0)
(-0.144968 -0.00501576 0)
(-0.146218 -0.00436072 0)
(-0.147294 -0.00370074 0)
(-0.148193 -0.00303681 0)
(-0.148914 -0.0023693 0)
(-0.149453 -0.00169788 0)
(-0.149808 -0.00102191 0)
(-0.14999 -0.000341561 0)
(0.149981 -0.000205668 0)
(0.149653 -0.000614402 0)
(0.149015 -0.0010197 0)
(0.148043 -0.00142097 0)
(0.146747 -0.00181795 0)
(0.145134 -0.00221022 0)
(0.14321 -0.00259709 0)
(0.14098 -0.00297763 0)
(0.138449 -0.00335084 0)
(0.135622 -0.00371572 0)
(0.132507 -0.00407133 0)
(0.129111 -0.00441677 0)
(0.125444 -0.00475128 0)
(0.121514 -0.00507413 0)
(0.117333 -0.00538468 0)
(0.112911 -0.00568237 0)
(0.108262 -0.00596671 0)
(0.103406 -0.00623733 0)
(0.0983668 -0.00649412 0)
(0.0931837 -0.00673743 0)
(0.087918 -0.00696848 0)
(0.0826645 -0.00719013 0)
(0.0775604 -0.00740782 0)
(0.0727717 -0.00763052 0)
(0.0684556 -0.00787075 0)
(0.06471 -0.00814274 0)
(0.061517 -0.00845848 0)
(0.0587075 -0.00882346 0)
(0.0559798 -0.00923486 0)
(0.0529756 -0.00968313 0)
(0.0493737 -0.0101553 0)
(0.0449492 -0.010638 0)
(0.0395821 -0.0111192 0)
(0.0332337 -0.0115886 0)
(0.025915 -0.012038 0)
(0.0176616 -0.0124609 0)
(0.00851952 -0.0128522 0)
(-0.00145073 -0.0132081 0)
(-0.0121946 -0.0135254 0)
(-0.0236693 -0.0138021 -2.55132e-29)
(-0.0358262 -0.0140364 0)
(-0.0486159 -0.0142271 0)
(-0.0619887 -0.0143733 -2.48485e-29)
(-0.0758929 -0.0144745 0)
(-0.0902731 -0.0145304 0)
(-0.105068 -0.0145409 2.40915e-29)
(-0.120209 -0.0145061 0)
(-0.135617 -0.0144264 0)
(-0.151194 -0.0143022 0)
(-0.166809 -0.0141342 0)
(-0.182251 -0.0139231 0)
(-0.197207 -0.0136697 0)
(-0.21124 -0.0133747 0)
(-0.223436 -0.0130394 0)
(-0.230961 -0.0126877 0)
(-0.231599 -0.012305 0)
(-0.224571 -0.0118531 0)
(-0.212686 -0.0113712 0)
(-0.198826 -0.0108648 0)
(-0.184448 -0.0103396 0)
(-0.170222 -0.00980196 -1.01404e-29)
(-0.156546 -0.00925896 0)
(-0.143482 -0.00871837 -9.57891e-30)
(-0.130756 -0.00818811 0)
(-0.118484 -0.00767622 0)
(-0.107424 -0.00719338 -8.09798e-30)
(-0.0983011 -0.00675253 1.49609e-29)
(-0.0915177 -0.00636517 0)
(-0.0877895 -0.00606185 -6.08646e-30)
(-0.0866605 -0.00583211 1.16546e-29)
(-0.0869079 -0.00557754 0)
(-0.0879615 -0.00538316 0)
(-0.0898935 -0.00522035 0)
(-0.0927487 -0.00507506 -5.41078e-30)
(-0.0961151 -0.00493616 0)
(-0.099696 -0.00479677 0)
(-0.103327 -0.0046536 -5.36072e-30)
(-0.106922 -0.00450525 0)
(-0.110435 -0.00435122 5.35622e-30)
(-0.11384 -0.0041914 0)
(-0.117124 -0.00402584 0)
(-0.120277 -0.0038547 0)
(-0.123292 -0.00367816 1.07102e-29)
(-0.126164 -0.00349647 0)
(-0.128889 -0.00330985 -1.07101e-29)
(-0.131463 -0.00311855 0)
(-0.133882 -0.00292282 0)
(-0.136143 -0.00272291 1.07101e-29)
(-0.138242 -0.00251908 0)
(-0.140177 -0.0023116 0)
(-0.141944 -0.00210082 0)
(-0.143541 -0.0018871 0)
(-0.144966 -0.00167087 0)
(-0.146217 -0.0014526 5.35503e-30)
(-0.147292 -0.0012327 0)
(-0.148192 -0.0010115 0)
(-0.148913 -0.000789114 1.07101e-29)
(-0.149453 -0.000565429 0)
(-0.149807 -0.000340258 1.07101e-29)
(-0.14999 -0.000113755 0)
(0.149981 0.000205745 0)
(0.149653 0.000614784 0)
(0.149015 0.00102005 0)
(0.148043 0.00142117 0)
(0.146747 0.00181791 0)
(0.145134 0.00220988 0)
(0.14321 0.00259639 0)
(0.14098 0.00297653 0)
(0.138449 0.00334931 0)
(0.135622 0.00371373 0)
(0.132507 0.00406885 0)
(0.129111 0.00441381 0)
(0.125444 0.00474782 0)
(0.121514 0.00507017 0)
(0.117333 0.00538022 0)
(0.112911 0.0056774 0)
(0.108262 0.00596121 0)
(0.103406 0.00623128 0)
(0.0983667 0.00648749 0)
(0.0931837 0.00673018 0)
(0.0879179 0.00696056 0)
(0.0826644 0.0071815 0)
(0.0775603 0.00739845 0)
(0.0727717 0.00762044 0)
(0.0684556 0.00786007 0)
(0.0647099 0.0081317 0)
(0.061517 0.00844747 0)
(0.0587075 0.00881298 0)
(0.0559798 0.00922543 0)
(0.0529755 0.00967523 0)
(0.0493736 0.0101493 0)
(0.0449491 0.0106343 0)
(0.0395819 0.0111178 0)
(0.0332334 0.0115897 0)
(0.0259147 0.0120416 0)
(0.0176613 0.0124669 0)
(0.00851908 0.0128606 0)
(-0.00145122 0.0132186 0)
(-0.0121951 0.0135379 0)
(-0.0236698 0.0138163 2.55132e-29)
(-0.0358268 0.0140522 0)
(-0.0486165 0.0142443 0)
(-0.0619894 0.0143916 2.48485e-29)
(-0.0758936 0.0144937 0)
(-0.0902738 0.0145503 0)
(-0.105069 0.0145612 -2.40915e-29)
(-0.12021 0.0145267 0)
(-0.135618 0.0144471 0)
(-0.151195 0.0143229 0)
(-0.166809 0.0141547 0)
(-0.182252 0.0139433 0)
(-0.197207 0.0136894 0)
(-0.21124 0.0133939 0)
(-0.223436 0.0130581 0)
(-0.23096 0.0127062 0)
(-0.231598 0.0123235 0)
(-0.224569 0.0118722 0)
(-0.212684 0.0113911 0)
(-0.198824 0.0108853 0)
(-0.184446 0.0103606 0)
(-0.170221 0.00982315 1.01404e-29)
(-0.156545 0.00928011 0)
(-0.143481 0.00873924 9.57888e-30)
(-0.130755 0.00820846 0)
(-0.118483 0.00769581 0)
(-0.107423 0.00721197 8.09792e-30)
(-0.0983004 0.00676996 -1.49608e-29)
(-0.0915171 0.00638144 0)
(-0.087789 0.00607719 6.08639e-30)
(-0.0866601 0.00584666 -1.16545e-29)
(-0.0869076 0.00559117 0)
(-0.0879614 0.0053961 0)
(-0.0898935 0.00523262 0)
(-0.0927488 0.00508663 5.41077e-30)
(-0.0961153 0.00494699 0)
(-0.0996963 0.00480688 0)
(-0.103327 0.00466301 5.36072e-30)
(-0.106923 0.004514 0)
(-0.110435 0.00435936 -5.35622e-30)
(-0.113841 0.00419897 0)
(-0.117124 0.00403288 0)
(-0.120277 0.00386124 0)
(-0.123292 0.00368426 -1.07102e-29)
(-0.126164 0.00350215 0)
(-0.128889 0.00331516 1.07101e-29)
(-0.131463 0.00312355 0)
(-0.133883 0.00292756 0)
(-0.136143 0.00272744 -1.07101e-29)
(-0.138242 0.00252345 0)
(-0.140177 0.00231584 0)
(-0.141944 0.00210492 0)
(-0.143541 0.00189105 0)
(-0.144966 0.00167462 0)
(-0.146217 0.00145608 -5.35503e-30)
(-0.147292 0.00123584 0)
(-0.148192 0.00101425 0)
(-0.148913 0.000791441 -1.07101e-29)
(-0.149453 0.000567308 0)
(-0.149807 0.000341574 -1.07101e-29)
(-0.14999 0.000114113 0)
(0.149981 0.000617039 0)
(0.149653 0.00184361 0)
(0.149015 0.00305922 0)
(0.148044 0.00426251 0)
(0.146749 0.00545277 0)
(0.145137 0.0066288 0)
(0.143214 0.0077885 0)
(0.140985 0.00892915 0)
(0.138455 0.0100478 0)
(0.135629 0.0111414 0)
(0.132516 0.0122071 0)
(0.129122 0.0132424 0)
(0.125456 0.0142449 0)
(0.121528 0.0152124 0)
(0.117348 0.0161431 0)
(0.112928 0.0170352 0)
(0.108281 0.0178872 0)
(0.103426 0.0186981 0)
(0.0983884 0.0194674 0)
(0.0932066 0.0201962 0)
(0.0879418 0.0208882 0)
(0.082689 0.0215519 0)
(0.0775851 0.0222036 0)
(0.0727964 0.0228704 0)
(0.06848 0.0235898 0)
(0.064734 0.0244049 0)
(0.061541 0.0253519 0)
(0.0587321 0.0264477 0)
(0.0560057 0.0276837 0)
(0.0530036 0.0290314 0)
(0.0494044 0.0304517 0)
(0.0449829 0.0319043 0)
(0.0396188 0.0333526 0)
(0.0332732 0.034766 0)
(0.0259572 0.0361194 0)
(0.0177063 0.0373933 0)
(0.00856632 0.0385722 0)
(-0.00140216 0.0396444 0)
(-0.0121446 0.0406007 0)
(-0.0236181 0.0414346 0)
(-0.0357743 0.042141 0)
(-0.0485635 0.0427161 0)
(-0.0619361 0.0431574 0)
(-0.0758406 0.0434632 0)
(-0.0902213 0.0436326 0)
(-0.105017 0.0436654 0)
(-0.12016 0.0435621 0)
(-0.13557 0.0433237 0)
(-0.15115 0.0429515 0)
(-0.166767 0.0424477 0)
(-0.182213 0.0418144 0)
(-0.197175 0.0410542 0)
(-0.211215 0.0401688 0)
(-0.223415 0.0391625 0)
(-0.23096 0.0381031 0)
(-0.231604 0.0369537 0)
(-0.224583 0.0355992 0)
(-0.212702 0.034156 0)
(-0.198844 0.0326387 0)
(-0.184466 0.0310645 0)
(-0.170242 0.0294524 0)
(-0.156567 0.0278237 0)
(-0.143503 0.0262018 0)
(-0.130778 0.0246109 0)
(-0.118506 0.0230752 0)
(-0.107444 0.0216272 0)
(-0.0983189 0.0203052 0)
(-0.0915549 0.0191429 0)
(-0.0878121 0.0182163 0)
(-0.0866406 0.0174834 0)
(-0.0869059 0.016741 0)
(-0.0879537 0.0161727 0)
(-0.0898871 0.0156899 0)
(-0.0927454 0.0152537 0)
(-0.0961151 0.0148346 0)
(-0.0996985 0.0144139 0)
(-0.103332 0.0139821 0)
(-0.106928 0.013535 0)
(-0.110442 0.0130711 0)
(-0.113848 0.0125901 0)
(-0.117132 0.012092 0)
(-0.120284 0.0115773 0)
(-0.123299 0.0110466 0)
(-0.126172 0.0105005 0)
(-0.128896 0.00993979 0)
(-0.13147 0.00936516 0)
(-0.133889 0.00877737 0)
(-0.136149 0.00817716 0)
(-0.138247 0.00756528 0)
(-0.140181 0.00694256 0)
(-0.141947 0.00630993 0)
(-0.143544 0.00566848 0)
(-0.144968 0.00501943 0)
(-0.146218 0.00436411 0)
(-0.147294 0.00370381 0)
(-0.148193 0.00303949 0)
(-0.148914 0.00237159 0)
(-0.149453 0.00169974 0)
(-0.149808 0.00102322 0)
(-0.14999 0.000341922 0)
(0.149981 0.00102798 0)
(0.149653 0.00307137 0)
(0.149016 0.00509663 0)
(0.148047 0.00710143 0)
(0.146752 0.0090846 0)
(0.145142 0.0110441 0)
(0.143222 0.0129764 0)
(0.140995 0.0148771 0)
(0.138468 0.0167411 0)
(0.135645 0.0185635 0)
(0.132534 0.0203396 0)
(0.129144 0.022065 0)
(0.125481 0.0237358 0)
(0.121557 0.0253485 0)
(0.11738 0.0268998 0)
(0.112963 0.0283869 0)
(0.10832 0.0298073 0)
(0.103468 0.0311592 0)
(0.0984328 0.032442 0)
(0.0932535 0.0336573 0)
(0.0879907 0.0348113 0)
(0.0827392 0.035918 0)
(0.077636 0.0370047 0)
(0.0728471 0.0381163 0)
(0.0685299 0.0393153 0)
(0.0647831 0.0406733 0)
(0.0615898 0.0422509 0)
(0.0587818 0.0440761 0)
(0.0560581 0.0461351 0)
(0.0530603 0.0483803 0)
(0.0494665 0.0507467 0)
(0.045051 0.0531672 0)
(0.0396931 0.0555808 0)
(0.0333535 0.0579362 0)
(0.0260429 0.0601919 0)
(0.0177969 0.0623152 0)
(0.00866146 0.0642802 0)
(-0.0013034 0.0660674 0)
(-0.0120429 0.0676617 0)
(-0.023514 0.069052 0)
(-0.0356683 0.07023 0)
(-0.0484564 0.0711893 0)
(-0.0618286 0.0719257 0)
(-0.0757333 0.0724362 0)
(-0.090115 0.0727196 0)
(-0.104913 0.0727756 0)
(-0.120058 0.0726048 0)
(-0.135471 0.0722089 0)
(-0.151056 0.0715904 0)
(-0.166679 0.0707526 0)
(-0.182133 0.0696994 0)
(-0.197106 0.0684344 0)
(-0.21116 0.0669614 0)
(-0.223374 0.065284 0)
(-0.230965 0.0635085 0)
(-0.231623 0.0615882 0)
(-0.224613 0.0593345 0)
(-0.212738 0.0569311 0)
(-0.198884 0.0544039 0)
(-0.184509 0.051781 0)
(-0.170286 0.0490946 0)
(-0.156611 0.0463803 0)
(-0.143549 0.0436775 0)
(-0.130825 0.0410267 0)
(-0.118551 0.0384687 0)
(-0.107484 0.0360573 0)
(-0.0983512 0.0338562 0)
(-0.0916113 0.0319226 0)
(-0.0878419 0.0303495 0)
(-0.0866173 0.0290383 0)
(-0.0869183 0.027882 0)
(-0.0879549 0.0269551 0)
(-0.0898883 0.0261575 0)
(-0.0927495 0.0254316 0)
(-0.0961224 0.0247316 0)
(-0.0997087 0.0240282 0)
(-0.103344 0.0233065 0)
(-0.106942 0.0225598 0)
(-0.110457 0.0217854 0)
(-0.113864 0.0209827 0)
(-0.117148 0.0201518 0)
(-0.120301 0.0192933 0)
(-0.123315 0.0184083 0)
(-0.126187 0.0174977 0)
(-0.128911 0.0165629 0)
(-0.131484 0.0156049 0)
(-0.133901 0.0146251 0)
(-0.13616 0.0136246 0)
(-0.138257 0.0126048 0)
(-0.14019 0.0115669 0)
(-0.141955 0.0105126 0)
(-0.14355 0.00944366 0)
(-0.144973 0.00836214 0)
(-0.146222 0.00727023 0)
(-0.147296 0.00617006 0)
(-0.148195 0.00506327 0)
(-0.148915 0.00395051 0)
(-0.149454 0.00283126 0)
(-0.149808 0.0017043 0)
(-0.14999 0.000569547 0)
(0.149982 0.0014383 0)
(0.149654 0.00429729 0)
(0.149018 0.00713101 0)
(0.14805 0.0099362 0)
(0.146758 0.0127112 0)
(0.145151 0.0154532 0)
(0.143234 0.0181572 0)
(0.141011 0.020817 0)
(0.138488 0.0234257 0)
(0.135669 0.0259763 0)
(0.132564 0.0284622 0)
(0.129178 0.0308773 0)
(0.125521 0.0332162 0)
(0.121601 0.0354739 0)
(0.11743 0.0376459 0)
(0.113018 0.0397283 0)
(0.108379 0.0417174 0)
(0.103532 0.0436108 0)
(0.0985013 0.0454075 0)
(0.0933257 0.0471099 0)
(0.0880659 0.0487264 0)
(0.0828165 0.0502768 0)
(0.077714 0.0517988 0)
(0.0729247 0.0533551 0)
(0.0686063 0.0550332 0)
(0.064858 0.0569334 0)
(0.0616641 0.0591404 0)
(0.0588576 0.0616939 0)
(0.0561377 0.064575 0)
(0.0531463 0.0677173 0)
(0.0495606 0.0710299 0)
(0.0451542 0.0744186 0)
(0.0398055 0.0777981 0)
(0.0334747 0.0810966 0)
(0.0261723 0.0842559 0)
(0.0179337 0.0872297 0)
(0.00880482 0.0899823 0)
(-0.0011546 0.0924861 0)
(-0.0118897 0.0947198 0)
(-0.0233571 0.0966681 0)
(-0.0355086 0.0983192 0)
(-0.0482947 0.0996643 0)
(-0.061666 0.100697 0)
(-0.0755708 0.101415 0)
(-0.0899537 0.101814 0)
(-0.104754 0.101895 0)
(-0.119903 0.101658 0)
(-0.135321 0.101107 0)
(-0.150912 0.100245 0)
(-0.166544 0.0990761 0)
(-0.182009 0.0976062 0)
(-0.196997 0.0958424 0)
(-0.211076 0.0937887 0)
(-0.223307 0.0914612 0)
(-0.230954 0.0889798 0)
(-0.231652 0.0861823 0)
(-0.224662 0.0830608 0)
(-0.212798 0.0797167 0)
(-0.198948 0.0761858 0)
(-0.184575 0.0725173 0)
(-0.170353 0.0687574 0)
(-0.156679 0.0649572 0)
(-0.143618 0.0611728 0)
(-0.130893 0.0574607 0)
(-0.118617 0.0538788 0)
(-0.107541 0.0505022 0)
(-0.0983966 0.04742 0)
(-0.0916736 0.0447136 0)
(-0.0878573 0.042465 0)
(-0.0866203 0.0405633 0)
(-0.0869479 0.0390248 0)
(-0.0879758 0.0377453 0)
(-0.0899079 0.0366347 0)
(-0.0927701 0.0356191 0)
(-0.0961447 0.0346368 0)
(-0.0997328 0.0336491 0)
(-0.10337 0.0326359 0)
(-0.106969 0.0315881 0)
(-0.110485 0.0305019 0)
(-0.113892 0.0293763 0)
(-0.117176 0.0282116 0)
(-0.120328 0.0270085 0)
(-0.123342 0.0257683 0)
(-0.126212 0.0244926 0)
(-0.128935 0.023183 0)
(-0.131506 0.0218413 0)
(-0.133921 0.020469 0)
(-0.136178 0.0190681 0)
(-0.138273 0.0176401 0)
(-0.140204 0.0161871 0)
(-0.141967 0.0147111 0)
(-0.14356 0.0132149 0)
(-0.144981 0.0117011 0)
(-0.146228 0.0101729 0)
(-0.147301 0.00863328 0)
(-0.148198 0.00708442 0)
(-0.148917 0.00552729 0)
(-0.149455 0.00396116 0)
(-0.149808 0.00238437 0)
(-0.14999 0.000796848 0)
(0.149982 0.0018477 0)
(0.149655 0.00552048 0)
(0.149021 0.00916094 0)
(0.148055 0.0127649 0)
(0.146767 0.0163302 0)
(0.145163 0.0198531 0)
(0.143251 0.0233275 0)
(0.141033 0.0267453 0)
(0.138516 0.0300975 0)
(0.135704 0.0333753 0)
(0.132604 0.0365703 0)
(0.129226 0.0396747 0)
(0.125576 0.0426814 0)
(0.121663 0.045584 0)
(0.117499 0.0483769 0)
(0.113094 0.0510547 0)
(0.108462 0.0536131 0)
(0.103621 0.0560486 0)
(0.0985962 0.0583601 0)
(0.0934256 0.0605504 0)
(0.0881698 0.0626303 0)
(0.082923 0.0646249 0)
(0.0778215 0.0665827 0)
(0.0730314 0.0685837 0)
(0.068711 0.0707405 0)
(0.0649605 0.0731816 0)
(0.0617656 0.0760166 0)
(0.0589606 0.079297 0)
(0.0562458 0.0829992 0)
(0.0532626 0.0870381 0)
(0.0496877 0.0912968 0)
(0.0452931 0.0956544 0)
(0.0399565 0.100001 0)
(0.0336372 0.104244 0)
(0.0263455 0.108308 0)
(0.0181166 0.112134 0)
(0.00899652 0.115676 0)
(-0.000955703 0.118899 0)
(-0.0116849 0.121774 0)
(-0.0231472 0.124282 0)
(-0.0352947 0.126408 0)
(-0.0480782 0.128141 0)
(-0.061448 0.129473 0)
(-0.0753525 0.130399 0)
(-0.0897366 0.130917 0)
(-0.104539 0.131026 0)
(-0.119693 0.130727 0)
(-0.135117 0.130024 0)
(-0.150717 0.128921 0)
(-0.16636 0.127426 0)
(-0.181841 0.125545 0)
(-0.19685 0.123286 0)
(-0.210955 0.120658 0)
(-0.223205 0.117674 0)
(-0.230923 0.114473 0)
(-0.231668 0.110813 0)
(-0.224722 0.106815 0)
(-0.212882 0.102523 0)
(-0.199038 0.0979919 0)
(-0.184668 0.0932796 0)
(-0.170447 0.0884473 0)
(-0.156772 0.0835612 0)
(-0.14371 0.0786937 0)
(-0.130984 0.0739183 0)
(-0.118701 0.0693092 0)
(-0.107614 0.0649629 0)
(-0.098455 0.0609923 0)
(-0.0917361 0.0575018 0)
(-0.0878686 0.0545532 0)
(-0.0866633 0.0521364 0)
(-0.0869925 0.0501795 0)
(-0.0880187 0.0485409 0)
(-0.08995 0.0471172 0)
(-0.0928109 0.0458121 0)
(-0.0961854 0.0445471 0)
(-0.0997739 0.0432743 0)
(-0.103412 0.0419685 0)
(-0.107011 0.0406184 0)
(-0.110527 0.0392193 0)
(-0.113934 0.0377698 0)
(-0.117218 0.03627 0)
(-0.120369 0.0347212 0)
(-0.123381 0.033125 0)
(-0.12625 0.0314833 0)
(-0.12897 0.0297983 0)
(-0.131539 0.0280721 0)
(-0.133951 0.026307 0)
(-0.136205 0.0245052 0)
(-0.138297 0.022669 0)
(-0.140224 0.0208008 0)
(-0.141984 0.0189034 0)
(-0.143574 0.01698 0)
(-0.144993 0.0150344 0)
(-0.146237 0.0130705 0)
(-0.147308 0.0110919 0)
(-0.148202 0.00910164 0)
(-0.14892 0.00710084 0)
(-0.149456 0.00508863 0)
(-0.149809 0.00306294 0)
(-0.14999 0.00102367 0)
(0.149982 0.00225585 0)
(0.149656 0.00673994 0)
(0.149024 0.0111847 0)
(0.148062 0.0155852 0)
(0.146778 0.0199386 0)
(0.14518 0.0242406 0)
(0.143274 0.0284835 0)
(0.141063 0.0326575 0)
(0.138553 0.0367518 0)
(0.13575 0.0407557 0)
(0.132659 0.0446589 0)
(0.129289 0.048452 0)
(0.125649 0.0521262 0)
(0.121746 0.0556738 0)
(0.117591 0.0590878 0)
(0.113195 0.0623618 0)
(0.108571 0.0654903 0)
(0.103738 0.068469 0)
(0.0987206 0.0712965 0)
(0.0935562 0.073976 0)
(0.0883052 0.0765207 0)
(0.0830614 0.0789609 0)
(0.0779608 0.0813554 0)
(0.0731694 0.0838015 0)
(0.0688463 0.0864364 0)
(0.0650927 0.0894171 0)
(0.0618962 0.0928782 0)
(0.0590928 0.0968836 0)
(0.0563838 0.101405 0)
(0.0534107 0.10634 0)
(0.0498487 0.111545 0)
(0.0454686 0.116872 0)
(0.0401467 0.122186 0)
(0.0338415 0.127375 0)
(0.0265628 0.132346 0)
(0.0183458 0.137027 0)
(0.00923629 0.141361 0)
(-0.000707105 0.145304 0)
(-0.011429 0.148822 0)
(-0.0228848 0.151893 0)
(-0.0350272 0.154497 0)
(-0.0478069 0.156621 0)
(-0.0611744 0.158254 0)
(-0.0750782 0.159392 0)
(-0.0894631 0.160031 0)
(-0.104269 0.160171 0)
(-0.119427 0.159814 0)
(-0.134858 0.158963 0)
(-0.150468 0.157625 0)
(-0.166124 0.155807 0)
(-0.181622 0.153518 0)
(-0.196654 0.150768 0)
(-0.210788 0.147566 0)
(-0.223061 0.143927 0)
(-0.230873 0.139982 0)
(-0.231673 0.135504 0)
(-0.22479 0.130617 0)
(-0.212979 0.125373 0)
(-0.199149 0.119838 0)
(-0.184784 0.11408 0)
(-0.170563 0.108174 0)
(-0.156888 0.1022 0)
(-0.143824 0.0962476 0)
(-0.131096 0.0904059 0)
(-0.118806 0.0847659 0)
(-0.107708 0.0794451 0)
(-0.0985357 0.0745802 0)
(-0.0918046 0.0702981 0)
(-0.0879282 0.066683 0)
(-0.0867238 0.0637326 0)
(-0.0870523 0.0613434 0)
(-0.0880776 0.0593423 0)
(-0.0900082 0.0576047 0)
(-0.0928689 0.0560096 0)
(-0.0962438 0.0544615 0)
(-0.0998333 0.0529027 0)
(-0.103472 0.0513035 0)
(-0.107072 0.04965 0)
(-0.110588 0.0479367 0)
(-0.113995 0.0461618 0)
(-0.117277 0.0443258 0)
(-0.120427 0.0424301 0)
(-0.123437 0.0404766 0)
(-0.126303 0.0384678 0)
(-0.12902 0.0364064 0)
(-0.131585 0.034295 0)
(-0.133993 0.0321364 0)
(-0.136243 0.0299334 0)
(-0.138331 0.0276886 0)
(-0.140253 0.0254052 0)
(-0.142009 0.0230865 0)
(-0.143595 0.0207365 0)
(-0.145009 0.0183597 0)
(-0.14625 0.0159607 0)
(-0.147317 0.013544 0)
(-0.148209 0.0111132 0)
(-0.148924 0.00866982 0)
(-0.149458 0.00621269 0)
(-0.149809 0.00373941 0)
(-0.14999 0.00124982 0)
(0.149982 0.00266234 0)
(0.149658 0.00795443 0)
(0.149029 0.0132004 0)
(0.148071 0.0183944 0)
(0.146792 0.0235332 0)
(0.145202 0.0286115 0)
(0.143304 0.0336205 0)
(0.141102 0.0385487 0)
(0.138602 0.0433833 0)
(0.13581 0.0481119 0)
(0.132731 0.0527222 0)
(0.129373 0.0572032 0)
(0.125744 0.0615447 0)
(0.121853 0.0657374 0)
(0.117709 0.069773 0)
(0.113325 0.0736439 0)
(0.108712 0.0773434 0)
(0.103889 0.0808666 0)
(0.0988799 0.0842115 0)
(0.093723 0.0873819 0)
(0.0884777 0.0903929 0)
(0.0832372 0.0932799 0)
(0.0781371 0.0961117 0)
(0.0733437 0.0990031 0)
(0.0690163 0.102115 0)
(0.065258 0.105634 0)
(0.0620586 0.109719 0)
(0.0592562 0.114447 0)
(0.0565534 0.119787 0)
(0.0535914 0.125617 0)
(0.0500443 0.131769 0)
(0.0456809 0.138066 0)
(0.0403759 0.144351 0)
(0.034087 0.150488 0)
(0.0268233 0.156368 0)
(0.0186198 0.161906 0)
(0.00952269 0.167033 0)
(-0.000410338 0.171699 0)
(-0.0111233 0.175864 0)
(-0.0225712 0.1795 0)
(-0.0347071 0.182584 0)
(-0.0474818 0.185101 0)
(-0.0608456 0.18704 0)
(-0.0747474 0.188392 0)
(-0.089132 0.189157 0)
(-0.103939 0.189332 0)
(-0.119101 0.18892 0)
(-0.134539 0.187925 0)
(-0.150158 0.186356 0)
(-0.165827 0.184221 0)
(-0.181343 0.181529 0)
(-0.1964 0.178292 0)
(-0.210568 0.174522 0)
(-0.222871 0.170233 0)
(-0.230796 0.165535 0)
(-0.231671 0.160247 0)
(-0.224861 0.154474 0)
(-0.213088 0.148278 0)
(-0.199275 0.141737 0)
(-0.184918 0.134932 0)
(-0.170701 0.127949 0)
(-0.157025 0.120885 0)
(-0.143962 0.113844 0)
(-0.131232 0.106932 0)
(-0.118935 0.100258 0)
(-0.107826 0.0939589 0)
(-0.0986411 0.0881979 0)
(-0.0918974 0.0831252 0)
(-0.0880107 0.0788429 0)
(-0.0868009 0.0753505 0)
(-0.0871277 0.0725233 0)
(-0.0881522 0.0701564 0)
(-0.0900827 0.0681019 0)
(-0.0929448 0.0662147 0)
(-0.0963216 0.0643819 0)
(-0.0999132 0.0625358 0)
(-0.103553 0.0606416 0)
(-0.107155 0.058683 0)
(-0.110672 0.0566537 0)
(-0.114078 0.0545518 0)
(-0.117359 0.0523777 0)
(-0.120506 0.0501333 0)
(-0.123513 0.0478209 0)
(-0.126375 0.0454435 0)
(-0.129088 0.0430044 0)
(-0.131648 0.0405068 0)
(-0.134051 0.0379539 0)
(-0.136295 0.035349 0)
(-0.138376 0.0326954 0)
(-0.140293 0.0299968 0)
(-0.142042 0.0272571 0)
(-0.143622 0.024481 0)
(-0.145031 0.0216736 0)
(-0.146267 0.0188406 0)
(-0.147329 0.015987 0)
(-0.148217 0.0131171 0)
(-0.148929 0.0102325 0)
(-0.149461 0.00733206 0)
(-0.14981 0.00441301 0)
(-0.14999 0.00147504 0)
(0.149982 0.00306665 0)
(0.14966 0.00916245 0)
(0.149035 0.0152055 0)
(0.148083 0.0211891 0)
(0.146812 0.0271095 0)
(0.14523 0.0329609 0)
(0.143343 0.038733 0)
(0.141153 0.0444126 0)
(0.138666 0.0499854 0)
(0.135887 0.0554369 0)
(0.132823 0.0607533 0)
(0.129479 0.0659217 0)
(0.125865 0.0709304 0)
(0.121989 0.0757688 0)
(0.11786 0.0804271 0)
(0.113489 0.0848966 0)
(0.108889 0.0891695 0)
(0.104077 0.0932398 0)
(0.0990782 0.0971052 0)
(0.0939296 0.10077 0)
(0.0886903 0.10425 0)
(0.0834529 0.107587 0)
(0.0783528 0.110859 0)
(0.073556 0.114197 0)
(0.0692232 0.117787 0)
(0.0654589 0.121842 0)
(0.0622554 0.126549 0)
(0.0594535 0.131997 0)
(0.0567572 0.138152 0)
(0.0538074 0.144875 0)
(0.0502765 0.151973 0)
(0.0459313 0.159241 0)
(0.0406448 0.166497 0)
(0.0343735 0.173583 0)
(0.0271261 0.180374 0)
(0.0189374 0.186771 0)
(0.00985379 0.192694 0)
(-6.77343e-05 0.198085 0)
(-0.0107706 0.202899 0)
(-0.022209 0.207102 0)
(-0.0343367 0.210668 0)
(-0.0471044 0.213581 0)
(-0.0604625 0.215827 0)
(-0.0743599 0.217398 0)
(-0.0887419 0.21829 0)
(-0.103548 0.218504 0)
(-0.118712 0.218042 0)
(-0.134154 0.21691 0)
(-0.14978 0.215114 0)
(-0.16546 0.212667 0)
(-0.180993 0.209579 0)
(-0.196076 0.205862 0)
(-0.210281 0.20153 0)
(-0.222624 0.196599 0)
(-0.230679 0.191144 0)
(-0.23165 0.185054 0)
(-0.22493 0.178398 0)
(-0.213205 0.171252 0)
(-0.199414 0.163705 0)
(-0.185069 0.15585 0)
(-0.170857 0.147789 0)
(-0.157184 0.139631 0)
(-0.144122 0.131498 0)
(-0.131392 0.123513 0)
(-0.119088 0.115799 0)
(-0.107967 0.108517 0)
(-0.0987685 0.101856 0)
(-0.0920105 0.0959896 0)
(-0.0881111 0.0910372 0)
(-0.0868942 0.0869986 0)
(-0.0872194 0.0837296 0)
(-0.0882443 0.0809931 0)
(-0.0901765 0.0786173 0)
(-0.0930417 0.0764345 0)
(-0.0964223 0.074314 0)
(-0.100018 0.0721778 0)
(-0.103661 0.0699859 0)
(-0.107265 0.0677196 0)
(-0.110782 0.0653716 0)
(-0.114188 0.0629398 0)
(-0.117467 0.0604251 0)
(-0.120612 0.0578294 0)
(-0.123615 0.0551558 0)
(-0.126473 0.0524078 0)
(-0.129179 0.0495891 0)
(-0.131732 0.0467036 0)
(-0.134128 0.0437552 0)
(-0.136365 0.0407476 0)
(-0.138438 0.0376848 0)
(-0.140347 0.0345709 0)
(-0.142088 0.0314105 0)
(-0.14366 0.028209 0)
(-0.145061 0.0249723 0)
(-0.14629 0.0217065 0)
(-0.147346 0.0184177 0)
(-0.148229 0.0151103 0)
(-0.148936 0.0117866 0)
(-0.149464 0.00844511 0)
(-0.149811 0.00508276 0)
(-0.14999 0.00169904 0)
(0.149982 0.00346814 0)
(0.149663 0.0103621 0)
(0.149042 0.0171968 0)
(0.148098 0.0239649 0)
(0.146837 0.0306624 0)
(0.145267 0.0372824 0)
(0.143393 0.0438137 0)
(0.141219 0.0502415 0)
(0.138748 0.0565498 0)
(0.135987 0.0627222 0)
(0.132941 0.0687431 0)
(0.129616 0.0745982 0)
(0.126021 0.0802741 0)
(0.122163 0.0857587 0)
(0.118052 0.0910408 0)
(0.113698 0.0961103 0)
(0.109114 0.100958 0)
(0.104316 0.105578 0)
(0.0993299 0.109965 0)
(0.0941912 0.114126 0)
(0.0889588 0.118078 0)
(0.0837245 0.121865 0)
(0.078623 0.125578 0)
(0.0738206 0.129362 0)
(0.0694788 0.133427 0)
(0.0657044 0.138017 0)
(0.062493 0.143343 0)
(0.0596884 0.14951 0)
(0.0569964 0.156481 0)
(0.0540578 0.164099 0)
(0.050543 0.172145 0)
(0.0462165 0.180387 0)
(0.0409491 0.188617 0)
(0.0346961 0.196656 0)
(0.0274657 0.204361 0)
(0.0192926 0.211619 0)
(0.0102233 0.218341 0)
(0.000314272 0.224459 0)
(-0.010377 0.229923 0)
(-0.0218041 0.234694 0)
(-0.0339213 0.238745 0)
(-0.0466791 0.242055 0)
(-0.0600282 0.24461 0)
(-0.0739175 0.246402 0)
(-0.0882925 0.247426 0)
(-0.103094 0.247682 0)
(-0.118254 0.247174 0)
(-0.133696 0.245908 0)
(-0.149325 0.243893 0)
(-0.165012 0.24114 0)
(-0.18056 0.237663 0)
(-0.195668 0.233476 0)
(-0.20991 0.228593 0)
(-0.222299 0.223033 0)
(-0.230502 0.216824 0)
(-0.231598 0.209938 0)
(-0.224987 0.202404 0)
(-0.213319 0.194311 0)
(-0.199557 0.185759 0)
(-0.185228 0.176855 0)
(-0.171026 0.167713 0)
(-0.157357 0.158459 0)
(-0.144299 0.14923 0)
(-0.131571 0.140165 0)
(-0.119261 0.131406 0)
(-0.108127 0.123135 0)
(-0.0989124 0.115566 0)
(-0.0921379 0.1089 0)
(-0.0882251 0.10327 0)
(-0.0870032 0.0986797 0)
(-0.0873302 0.0949638 0)
(-0.0883593 0.0918528 0)
(-0.0902968 0.0891519 0)
(-0.0931677 0.0866702 0)
(-0.0965541 0.0842591 0)
(-0.100155 0.0818299 0)
(-0.103803 0.0793372 0)
(-0.10741 0.07676 0)
(-0.110929 0.07409 0)
(-0.114335 0.0713251 0)
(-0.117613 0.0684663 0)
(-0.120754 0.0655161 0)
(-0.123752 0.0624782 0)
(-0.126603 0.0593567 0)
(-0.129302 0.056156 0)
(-0.131847 0.0528806 0)
(-0.134233 0.0495349 0)
(-0.136459 0.0461236 0)
(-0.138521 0.0426509 0)
(-0.140419 0.0391216 0)
(-0.142149 0.035541 0)
(-0.14371 0.0319149 0)
(-0.145102 0.0282502 0)
(-0.146321 0.0245535 0)
(-0.147369 0.0208315 0)
(-0.148244 0.0170894 0)
(-0.148945 0.0133292 0)
(-0.149469 0.00954971 0)
(-0.149813 0.00574736 0)
(-0.14999 0.00192138 0)
(0.149982 0.00386596 0)
(0.149666 0.0115508 0)
(0.149052 0.0191703 0)
(0.148118 0.0267163 0)
(0.146869 0.0341847 0)
(0.145314 0.041568 0)
(0.143458 0.0488537 0)
(0.141304 0.0560258 0)
(0.138854 0.0630664 0)
(0.136115 0.0699576 0)
(0.133092 0.0766822 0)
(0.129791 0.0832241 0)
(0.126219 0.0895685 0)
(0.122383 0.0957018 0)
(0.118292 0.101611 0)
(0.113957 0.107286 0)
(0.10939 0.112715 0)
(0.104608 0.11789 0)
(0.0996332 0.122809 0)
(0.0945034 0.127474 0)
(0.0892762 0.131906 0)
(0.0840429 0.136155 0)
(0.0789379 0.140316 0)
(0.0741279 0.144553 0)
(0.0697756 0.149098 0)
(0.0659902 0.154222 0)
(0.0627704 0.160164 0)
(0.059963 0.167043 0)
(0.0572755 0.174823 0)
(0.0543481 0.183329 0)
(0.0508492 0.192318 0)
(0.0465407 0.201532 0)
(0.0412914 0.210734 0)
(0.0350554 0.219724 0)
(0.0278405 0.228343 0)
(0.0196817 0.236462 0)
(0.0106259 0.243981 0)
(0.000729216 0.250826 0)
(-0.00994979 0.256938 0)
(-0.0213638 0.262277 0)
(-0.0334677 0.266812 0)
(-0.0462119 0.270518 0)
(-0.0595471 0.273383 0)
(-0.0734224 0.275395 0)
(-0.0877838 0.276552 0)
(-0.102572 0.276854 0)
(-0.117722 0.276304 0)
(-0.133155 0.274909 0)
(-0.148779 0.272681 0)
(-0.164468 0.269631 0)
(-0.180025 0.265774 0)
(-0.195153 0.261126 0)
(-0.20943 0.255703 0)
(-0.221886 0.249524 0)
(-0.230228 0.242599 0)
(-0.23149 0.23492 0)
(-0.225008 0.226514 0)
(-0.213412 0.217477 0)
(-0.199689 0.207924 0)
(-0.185384 0.197972 0)
(-0.171197 0.187751 0)
(-0.157537 0.177399 0)
(-0.144488 0.167071 0)
(-0.131765 0.156922 0)
(-0.119451 0.147113 0)
(-0.108305 0.137847 0)
(-0.0990753 0.129364 0)
(-0.0922843 0.121889 0)
(-0.0883582 0.115574 0)
(-0.0871325 0.110423 0)
(-0.0874642 0.106252 0)
(-0.0885001 0.10276 0)
(-0.0904451 0.0997283 0)
(-0.093325 0.096942 0)
(-0.096721 0.0942346 0)
(-0.100331 0.0915065 0)
(-0.103986 0.088707 0)
(-0.107598 0.0858128 0)
(-0.111121 0.0828148 0)
(-0.114528 0.079711 0)
(-0.117804 0.0765026 0)
(-0.120942 0.0731928 0)
(-0.123934 0.0697858 0)
(-0.126777 0.0662865 0)
(-0.129466 0.0627 0)
(-0.131999 0.0590315 0)
(-0.134373 0.0552863 0)
(-0.136585 0.0514693 0)
(-0.138633 0.0475857 0)
(-0.140516 0.0436408 0)
(-0.142231 0.0396404 0)
(-0.143778 0.0355911 0)
(-0.145156 0.0315001 0)
(-0.146363 0.027375 0)
(-0.147399 0.0232228 0)
(-0.148265 0.0190491 0)
(-0.148958 0.0148563 0)
(-0.149476 0.010643 0)
(-0.149815 0.00640507 0)
(-0.14999 0.00214149 0)
(0.149982 0.00425899 0)
(0.149671 0.0127252 0)
(0.149065 0.0211204 0)
(0.148143 0.0294359 0)
(0.146911 0.0376673 0)
(0.145376 0.0458068 0)
(0.143543 0.0538408 0)
(0.141414 0.061752 0)
(0.138993 0.0695209 0)
(0.136283 0.0771281 0)
(0.133289 0.0845546 0)
(0.130018 0.0917825 0)
(0.126476 0.0987955 0)
(0.122669 0.105578 0)
(0.118606 0.112117 0)
(0.114297 0.118397 0)
(0.109754 0.124408 0)
(0.104991 0.130141 0)
(0.100034 0.135589 0)
(0.094917 0.140758 0)
(0.0896973 0.145668 0)
(0.084465 0.150372 0)
(0.0793536 0.154976 0)
(0.0745296 0.159659 0)
(0.0701574 0.164677 0)
(0.0663494 0.170332 0)
(0.0631089 0.17689 0)
(0.0602871 0.184488 0)
(0.0575944 0.193087 0)
(0.0546709 0.202494 0)
(0.0511826 0.212439 0)
(0.0468879 0.222634 0)
(0.0416534 0.232817 0)
(0.0354316 0.242767 0)
(0.0282301 0.252304 0)
(0.020084 0.261286 0)
(0.0110407 0.269604 0)
(0.0011563 0.277175 0)
(-0.00950911 0.283935 0)
(-0.0209072 0.289839 0)
(-0.0329934 0.294853 0)
(-0.0457179 0.298954 0)
(-0.0590312 0.302125 0)
(-0.0728828 0.304356 0)
(-0.0872193 0.305646 0)
(-0.101982 0.305993 0)
(-0.117107 0.305405 0)
(-0.132518 0.303888 0)
(-0.148124 0.301454 0)
(-0.1638 0.298117 0)
(-0.179356 0.293894 0)
(-0.194495 0.2888 0)
(-0.208804 0.282852 0)
(-0.221336 0.27607 0)
(-0.229832 0.268458 0)
(-0.231291 0.260005 0)
(-0.224964 0.250742 0)
(-0.213455 0.240774 0)
(-0.199783 0.230227 0)
(-0.185512 0.219232 0)
(-0.171348 0.207932 0)
(-0.157705 0.19648 0)
(-0.14467 0.185048 0)
(-0.13196 0.173809 0)
(-0.119648 0.162938 0)
(-0.108494 0.152664 0)
(-0.0992524 0.143253 0)
(-0.0924497 0.134955 0)
(-0.088516 0.12794 0)
(-0.0872928 0.122215 0)
(-0.0876356 0.117578 0)
(-0.0886842 0.113696 0)
(-0.0906426 0.110326 0)
(-0.0935364 0.107231 0)
(-0.096946 0.104225 0)
(-0.100568 0.101195 0)
(-0.104233 0.0980856 0)
(-0.107853 0.0948705 0)
(-0.11138 0.0915399 0)
(-0.114788 0.0880919 0)
(-0.118062 0.0845284 0)
(-0.121195 0.0808533 0)
(-0.124179 0.0770718 0)
(-0.127011 0.0731896 0)
(-0.129687 0.0692127 0)
(-0.132205 0.0651473 0)
(-0.134561 0.0609993 0)
(-0.136754 0.0567745 0)
(-0.138783 0.0524786 0)
(-0.140646 0.0481177 0)
(-0.142342 0.0436982 0)
(-0.14387 0.0392271 0)
(-0.145229 0.0347124 0)
(-0.146419 0.030162 0)
(-0.147441 0.0255836 0)
(-0.148293 0.020983 0)
(-0.148975 0.0163627 0)
(-0.149484 0.011721 0)
(-0.149818 0.00705357 0)
(-0.14999 0.00235861 0)
(0.149983 0.00464578 0)
(0.149677 0.0138811 0)
(0.149082 0.0230401 0)
(0.148177 0.0321141 0)
(0.146966 0.0410985 0)
(0.145457 0.0499853 0)
(0.143654 0.0587602 0)
(0.141558 0.0674047 0)
(0.139171 0.0758981 0)
(0.136497 0.0842195 0)
(0.133541 0.0923482 0)
(0.130306 0.100265 0)
(0.126798 0.107952 0)
(0.123024 0.115393 0)
(0.11899 0.122571 0)
(0.114707 0.129471 0)
(0.110184 0.136082 0)
(0.105438 0.142392 0)
(0.100492 0.148395 0)
(0.0953804 0.154094 0)
(0.0901604 0.159511 0)
(0.0849221 0.164703 0)
(0.0797988 0.169781 0)
(0.0749583 0.174938 0)
(0.0705669 0.180449 0)
(0.0667397 0.186641 0)
(0.0634834 0.193809 0)
(0.0606521 0.202107 0)
(0.0579575 0.211499 0)
(0.0550386 0.221782 0)
(0.0515586 0.23266 0)
(0.0472732 0.243818 0)
(0.0420469 0.254968 0)
(0.0358319 0.265864 0)
(0.0286359 0.276308 0)
(0.0204954 0.286144 0)
(0.0114587 0.295251 0)
(0.00158257 0.303536 0)
(-0.00907079 0.310932 0)
(-0.0204518 0.31739 0)
(-0.0325162 0.322873 0)
(-0.0452137 0.327356 0)
(-0.0584947 0.330823 0)
(-0.072309 0.333266 0)
(-0.0866042 0.334681 0)
(-0.101323 0.335071 0)
(-0.116402 0.334443 0)
(-0.131769 0.332807 0)
(-0.147333 0.330176 0)
(-0.162975 0.326566 0)
(-0.178509 0.321994 0)
(-0.193642 0.316476 0)
(-0.207972 0.31003 0)
(-0.22058 0.302673 0)
(-0.229252 0.294407 0)
(-0.230946 0.285211 0)
(-0.224806 0.275116 0)
(-0.213408 0.264237 0)
(-0.199805 0.252713 0)
(-0.185583 0.240687 0)
(-0.171456 0.228316 0)
(-0.157841 0.215768 0)
(-0.144832 0.203233 0)
(-0.132145 0.1909 0)
(-0.119842 0.178965 0)
(-0.108686 0.167678 0)
(-0.0994377 0.157334 0)
(-0.092628 0.148208 0)
(-0.0886933 0.14049 0)
(-0.0874845 0.134186 0)
(-0.0878502 0.129067 0)
(-0.0889146 0.124759 0)
(-0.0908839 0.121033 0)
(-0.0937913 0.117617 0)
(-0.0972181 0.114299 0)
(-0.100858 0.110954 0)
(-0.104541 0.107521 0)
(-0.108175 0.10397 0)
(-0.111711 0.100293 0)
(-0.115125 0.0964874 0)
(-0.1184 0.092556 0)
(-0.121528 0.088504 0)
(-0.124503 0.0843373 0)
(-0.127322 0.0800628 0)
(-0.129981 0.0756876 0)
(-0.132479 0.0712186 0)
(-0.134812 0.0666627 0)
(-0.136981 0.0620264 0)
(-0.138984 0.0573161 0)
(-0.140821 0.0525384 0)
(-0.14249 0.0477003 0)
(-0.143993 0.0428095 0)
(-0.145327 0.0378742 0)
(-0.146495 0.0329029 0)
(-0.147496 0.0279036 0)
(-0.14833 0.0228822 0)
(-0.148997 0.0178412 0)
(-0.149495 0.0127787 0)
(-0.149822 0.00768974 0)
(-0.149991 0.00257168 0)
(0.149983 0.00502429 0)
(0.149685 0.0150124 0)
(0.149105 0.0249196 0)
(0.148222 0.0347373 0)
(0.14704 0.0444613 0)
(0.145565 0.0540835 0)
(0.143802 0.0635891 0)
(0.141749 0.0729585 0)
(0.139409 0.0821697 0)
(0.136785 0.0912003 0)
(0.133878 0.100028 0)
(0.130694 0.108632 0)
(0.127236 0.116991 0)
(0.12351 0.125088 0)
(0.119522 0.132903 0)
(0.11528 0.140421 0)
(0.110794 0.147624 0)
(0.10608 0.154501 0)
(0.101158 0.161044 0)
(0.0960627 0.167253 0)
(0.0908491 0.173151 0)
(0.0856051 0.178798 0)
(0.0804625 0.184314 0)
(0.0755891 0.189907 0)
(0.0711537 0.195882 0)
(0.0672766 0.202601 0)
(0.0639707 0.210389 0)
(0.0610969 0.219419 0)
(0.0583708 0.229652 0)
(0.0554315 0.240863 0)
(0.0519396 0.252724 0)
(0.047647 0.264887 0)
(0.0424154 0.277035 0)
(0.0361957 0.2889 0)
(0.0289957 0.300265 0)
(0.0208531 0.310961 0)
(0.0118175 0.320857 0)
(0.00194669 0.329853 0)
(-0.00869444 0.337877 0)
(-0.0200546 0.344877 0)
(-0.0320896 0.350815 0)
(-0.044748 0.355667 0)
(-0.05798 0.359416 0)
(-0.0717357 0.362055 0)
(-0.0859635 0.363585 0)
(-0.100608 0.36401 0)
(-0.115608 0.36334 0)
(-0.130893 0.361586 0)
(-0.146377 0.358767 0)
(-0.161946 0.354898 0)
(-0.177419 0.349998 0)
(-0.192516 0.344087 0)
(-0.206845 0.33718 0)
(-0.219526 0.329293 0)
(-0.228393 0.32042 0)
(-0.230359 0.310528 0)
(-0.224446 0.299642 0)
(-0.213189 0.287886 0)
(-0.19968 0.275411 0)
(-0.185529 0.262374 0)
(-0.171459 0.248942 0)
(-0.157889 0.2353 0)
(-0.144922 0.221654 0)
(-0.132272 0.208213 0)
(-0.11999 0.195189 0)
(-0.108842 0.182859 0)
(-0.0995979 0.171548 0)
(-0.0927953 0.161564 0)
(-0.0888826 0.153122 0)
(-0.0877376 0.146246 0)
(-0.0882132 0.140643 0)
(-0.0893077 0.135689 0)
(-0.0912418 0.131645 0)
(-0.0941548 0.12795 0)
(-0.0976061 0.124344 0)
(-0.101273 0.120696 0)
(-0.104979 0.116944 0)
(-0.108631 0.113058 0)
(-0.112179 0.109031 0)
(-0.115596 0.104862 0)
(-0.118869 0.100555 0)
(-0.121988 0.0961183 0)
(-0.124949 0.0915583 0)
(-0.127748 0.0868837 0)
(-0.130382 0.0821028 0)
(-0.132851 0.077224 0)
(-0.135153 0.0722552 0)
(-0.137289 0.0672037 0)
(-0.139256 0.062077 0)
(-0.141057 0.0568822 0)
(-0.14269 0.0516268 0)
(-0.144158 0.0463191 0)
(-0.145459 0.0409677 0)
(-0.146596 0.0355815 0)
(-0.147569 0.0301685 0)
(-0.14838 0.0247346 0)
(-0.149028 0.0192823 0)
(-0.149511 0.0138092 0)
(-0.149828 0.00830934 0)
(-0.149991 0.00277928 0)
(0.149984 0.00539191 0)
(0.149695 0.0161114 0)
(0.149135 0.0267464 0)
(0.14828 0.0372889 0)
(0.147136 0.0477357 0)
(0.145706 0.058079 0)
(0.143993 0.0683041 0)
(0.141996 0.0783909 0)
(0.139714 0.0883166 0)
(0.137149 0.0980577 0)
(0.134302 0.107591 0)
(0.131174 0.116893 0)
(0.127769 0.125944 0)
(0.12409 0.134723 0)
(0.120142 0.143209 0)
(0.115932 0.151385 0)
(0.11147 0.159234 0)
(0.10677 0.16674 0)
(0.101854 0.173895 0)
(0.0967558 0.180698 0)
(0.0915307 0.187172 0)
(0.0862669 0.193375 0)
(0.0810966 0.199431 0)
(0.0761888 0.205555 0)
(0.0717152 0.212065 0)
(0.0677997 0.219342 0)
(0.0644591 0.227737 0)
(0.0615574 0.237447 0)
(0.0588107 0.248442 0)
(0.055856 0.260494 0)
(0.05235 0.273254 0)
(0.0480411 0.286351 0)
(0.0427897 0.299437 0)
(0.0365473 0.31222 0)
(0.029324 0.324463 0)
(0.0211605 0.335978 0)
(0.0121095 0.346623 0)
(0.00223105 0.35629 0)
(-0.00840594 0.364901 0)
(-0.0197477 0.372402 0)
(-0.0317493 0.378754 0)
(-0.0443578 0.383933 0)
(-0.0575224 0.387925 0)
(-0.0711935 0.390725 0)
(-0.0853204 0.392337 0)
(-0.0998494 0.392771 0)
(-0.114722 0.392039 0)
(-0.129873 0.390159 0)
(-0.145221 0.387151 0)
(-0.160658 0.383036 0)
(-0.176016 0.377834 0)
(-0.19102 0.371567 0)
(-0.205296 0.364251 0)
(-0.218021 0.355902 0)
(-0.227097 0.346497 0)
(-0.229387 0.335983 0)
(-0.223757 0.324374 0)
(-0.212688 0.311805 0)
(-0.199313 0.298437 0)
(-0.185272 0.284433 0)
(-0.171296 0.269976 0)
(-0.157806 0.255263 0)
(-0.144914 0.240519 0)
(-0.132328 0.225973 0)
(-0.120086 0.21186 0)
(-0.108954 0.198484 0)
(-0.0997052 0.186202 0)
(-0.0928816 0.175355 0)
(-0.088927 0.166177 0)
(-0.0878651 0.158694 0)
(-0.0890944 0.152604 0)
(-0.0901594 0.147208 0)
(-0.091442 0.142773 0)
(-0.0944087 0.138708 0)
(-0.097967 0.134735 0)
(-0.101713 0.130717 0)
(-0.105479 0.126585 0)
(-0.109174 0.122311 0)
(-0.112752 0.117886 0)
(-0.116188 0.113312 0)
(-0.119466 0.108594 0)
(-0.122582 0.103741 0)
(-0.125529 0.0987609 0)
(-0.128305 0.0936636 0)
(-0.130911 0.0884585 0)
(-0.133344 0.083155 0)
(-0.135606 0.0777619 0)
(-0.137697 0.0722874 0)
(-0.139618 0.0667393 0)
(-0.141371 0.0611253 0)
(-0.142957 0.0554535 0)
(-0.144378 0.0497323 0)
(-0.145636 0.0439705 0)
(-0.146732 0.038177 0)
(-0.147668 0.0323598 0)
(-0.148447 0.0265247 0)
(-0.149068 0.0206734 0)
(-0.149531 0.0148031 0)
(-0.149835 0.0089068 0)
(-0.149991 0.00297949 0)
(0.149984 0.00574482 0)
(0.14971 0.0171668 0)
(0.149176 0.0285016 0)
(0.14836 0.0397428 0)
(0.147267 0.0508884 0)
(0.145899 0.0619314 0)
(0.144257 0.0728571 0)
(0.142337 0.0836448 0)
(0.140139 0.0942708 0)
(0.137662 0.10471 0)
(0.134904 0.114936 0)
(0.131865 0.124926 0)
(0.128548 0.134653 0)
(0.124953 0.144095 0)
(0.121084 0.153228 0)
(0.116945 0.162029 0)
(0.112542 0.170478 0)
(0.107888 0.178555 0)
(0.103002 0.186248 0)
(0.0979156 0.193554 0)
(0.0926829 0.200495 0)
(0.0873911 0.207133 0)
(0.0821718 0.213604 0)
(0.0771956 0.220141 0)
(0.0726381 0.227097 0)
(0.0686295 0.234894 0)
(0.0651932 0.243924 0)
(0.0621998 0.254405 0)
(0.0593694 0.266301 0)
(0.0563391 0.27935 0)
(0.052763 0.293162 0)
(0.0483869 0.307323 0)
(0.0430699 0.321451 0)
(0.0367642 0.335229 0)
(0.0294825 0.348401 0)
(0.0212686 0.360766 0)
(0.0121788 0.372174 0)
(0.00227679 0.382512 0)
(-0.00836485 0.3917 0)
(-0.0196892 0.399682 0)
(-0.031649 0.406422 0)
(-0.0441889 0.411896 0)
(-0.057257 0.416096 0)
(-0.070803 0.419022 0)
(-0.0847767 0.420683 0)
(-0.0991265 0.421094 0)
(-0.113798 0.420278 0)
(-0.128729 0.418259 0)
(-0.143848 0.415064 0)
(-0.159056 0.41072 0)
(-0.174197 0.405253 0)
(-0.189008 0.398684 0)
(-0.203138 0.39103 0)
(-0.215848 0.382306 0)
(-0.225138 0.372477 0)
(-0.227798 0.361454 0)
(-0.222505 0.349236 0)
(-0.211674 0.335957 0)
(-0.198487 0.321781 0)
(-0.184613 0.306877 0)
(-0.170792 0.291432 0)
(-0.157444 0.275656 0)
(-0.14469 0.25979 0)
(-0.132232 0.244085 0)
(-0.120093 0.228794 0)
(-0.109036 0.214254 0)
(-0.0998472 0.200863 0)
(-0.0930791 0.189003 0)
(-0.0891894 0.178951 0)
(-0.0882053 0.170738 0)
(-0.0896329 0.164093 0)
(-0.0908239 0.158565 0)
(-0.0921063 0.153685 0)
(-0.0951274 0.149236 0)
(-0.0987469 0.144914 0)
(-0.102548 0.140549 0)
(-0.106355 0.13606 0)
(-0.110077 0.131416 0)
(-0.113667 0.126607 0)
(-0.1171 0.121636 0)
(-0.120364 0.11651 0)
(-0.123453 0.111241 0)
(-0.126364 0.105838 0)
(-0.129097 0.100313 0)
(-0.131651 0.0946792 0)
(-0.134027 0.0889465 0)
(-0.136228 0.0831254 0)
(-0.138255 0.0772256 0)
(-0.14011 0.0712558 0)
(-0.141796 0.0652247 0)
(-0.143317 0.0591407 0)
(-0.144674 0.0530126 0)
(-0.145872 0.0468494 0)
(-0.146913 0.0406601 0)
(-0.1478 0.0344521 0)
(-0.148536 0.0282309 0)
(-0.149122 0.0219976 0)
(-0.149559 0.0157483 0)
(-0.149844 0.00947461 0)
(-0.149992 0.00316976 0)
(0.149985 0.00607847 0)
(0.149728 0.0181651 0)
(0.149228 0.0301642 0)
(0.148463 0.0420721 0)
(0.147435 0.0538894 0)
(0.146145 0.065611 0)
(0.14459 0.0772236 0)
(0.142764 0.0887075 0)
(0.140663 0.100039 0)
(0.138282 0.111193 0)
(0.135619 0.122143 0)
(0.132669 0.132865 0)
(0.129432 0.143333 0)
(0.125907 0.153523 0)
(0.122097 0.163412 0)
(0.118006 0.172975 0)
(0.113641 0.182188 0)
(0.109014 0.191029 0)
(0.104141 0.199479 0)
(0.0990532 0.207531 0)
(0.0938004 0.215201 0)
(0.0884667 0.222543 0)
(0.0831821 0.229688 0)
(0.0781184 0.236872 0)
(0.0734573 0.244451 0)
(0.0693375 0.252865 0)
(0.0657922 0.26253 0)
(0.0626992 0.273687 0)
(0.0597814 0.286317 0)
(0.0566734 0.300161 0)
(0.0530237 0.314816 0)
(0.048573 0.329846 0)
(0.0431781 0.344841 0)
(0.0367925 0.359458 0)
(0.0294324 0.373417 0)
(0.0211467 0.386501 0)
(0.0119976 0.398546 0)
(0.0020548 0.40943 0)
(-0.00860426 0.41907 0)
(-0.0199179 0.427408 0)
(-0.0318337 0.434408 0)
(-0.0442925 0.440052 0)
(-0.0572388 0.444335 0)
(-0.07062 0.447266 0)
(-0.0843846 0.448862 0)
(-0.0984816 0.449148 0)
(-0.112859 0.448159 0)
(-0.12746 0.44593 0)
(-0.142222 0.442501 0)
(-0.157061 0.437911 0)
(-0.171842 0.432196 0)
(-0.186323 0.425382 0)
(-0.200168 0.417487 0)
(-0.212734 0.408519 0)
(-0.222185 0.39844 0)
(-0.225248 0.387135 0)
(-0.220357 0.374549 0)
(-0.209841 0.360774 0)
(-0.196935 0.345969 0)
(-0.183342 0.330308 0)
(-0.169795 0.313984 0)
(-0.156706 0.297227 0)
(-0.144198 0.280301 0)
(-0.131967 0.263486 0)
(-0.120012 0.247064 0)
(-0.109085 0.231416 0)
(-0.0999804 0.216986 0)
(-0.0932644 0.204194 0)
(-0.0894353 0.193338 0)
(-0.0885477 0.184442 0)
(-0.0898852 0.177206 0)
(-0.0912875 0.171242 0)
(-0.0928578 0.165853 0)
(-0.0958684 0.16091 0)
(-0.0995575 0.156093 0)
(-0.103436 0.151225 0)
(-0.107308 0.146227 0)
(-0.111082 0.141069 0)
(-0.114708 0.135745 0)
(-0.118161 0.130261 0)
(-0.121429 0.124626 0)
(-0.124507 0.118854 0)
(-0.127392 0.112956 0)
(-0.130084 0.106946 0)
(-0.132585 0.100835 0)
(-0.134898 0.0946359 0)
(-0.137026 0.0883584 0)
(-0.138974 0.0820128 0)
(-0.140747 0.0756081 0)
(-0.142349 0.0691529 0)
(-0.143786 0.0626557 0)
(-0.145062 0.056125 0)
(-0.146182 0.0495694 0)
(-0.147151 0.0429971 0)
(-0.147974 0.0364149 0)
(-0.148654 0.029827 0)
(-0.149194 0.0232336 0)
(-0.149595 0.016629 0)
(-0.149857 0.0100032 0)
(-0.149992 0.00334683 0)
(0.149987 0.00638495 0)
(0.149756 0.0190826 0)
(0.149305 0.0316937 0)
(0.148614 0.0442181 0)
(0.147682 0.0566592 0)
(0.146507 0.0690141 0)
(0.145082 0.0812703 0)
(0.143401 0.0934076 0)
(0.141454 0.105401 0)
(0.139235 0.117223 0)
(0.136736 0.128844 0)
(0.13395 0.140233 0)
(0.130871 0.151359 0)
(0.127492 0.16219 0)
(0.123807 0.172693 0)
(0.119812 0.182844 0)
(0.115511 0.192616 0)
(0.110916 0.201987 0)
(0.106047 0.210939 0)
(0.100937 0.219464 0)
(0.0956409 0.227579 0)
(0.0902442 0.235345 0)
(0.0848779 0.242897 0)
(0.0797153 0.250489 0)
(0.0749405 0.25851 0)
(0.0706947 0.267443 0)
(0.0670128 0.277752 0)
(0.0637739 0.289709 0)
(0.0607004 0.303293 0)
(0.0574238 0.31821 0)
(0.0535894 0.334001 0)
(0.0489378 0.350174 0)
(0.0433301 0.366276 0)
(0.0367277 0.381927 0)
(0.0291565 0.396828 0)
(0.0206759 0.410748 0)
(0.0113583 0.423515 0)
(0.00128443 0.435006 0)
(-0.00946201 0.445139 0)
(-0.0208133 0.453856 0)
(-0.0327095 0.461126 0)
(-0.0450871 0.466933 0)
(-0.0578864 0.471278 0)
(-0.0710509 0.474179 0)
(-0.0845265 0.475666 0)
(-0.0982607 0.475779 0)
(-0.112203 0.474568 0)
(-0.126301 0.472089 0)
(-0.1405 0.468403 0)
(-0.154735 0.463569 0)
(-0.168895 0.457646 0)
(-0.182773 0.450677 0)
(-0.19608 0.442691 0)
(-0.208259 0.43369 0)
(-0.217629 0.423631 0)
(-0.220972 0.412368 0)
(-0.216564 0.399723 0)
(-0.206553 0.385704 0)
(-0.194125 0.370455 0)
(-0.181 0.35415 0)
(-0.167914 0.336989 0)
(-0.155264 0.319218 0)
(-0.143176 0.301128 0)
(-0.131351 0.283026 0)
(-0.119754 0.265226 0)
(-0.109112 0.248158 0)
(-0.100227 0.232336 0)
(-0.0936889 0.218261 0)
(-0.0900316 0.206305 0)
(-0.0893226 0.196543 0)
(-0.0907106 0.188657 0)
(-0.0923427 0.182147 0)
(-0.094208 0.17638 0)
(-0.0973169 0.171082 0)
(-0.101116 0.165925 0)
(-0.105094 0.160712 0)
(-0.109041 0.155355 0)
(-0.11286 0.149822 0)
(-0.116501 0.144106 0)
(-0.11994 0.138216 0)
(-0.123165 0.132162 0)
(-0.126176 0.125958 0)
(-0.128975 0.11962 0)
(-0.131568 0.113164 0)
(-0.13396 0.106607 0)
(-0.136156 0.0999647 0)
(-0.138162 0.0932502 0)
(-0.139986 0.0864759 0)
(-0.141634 0.0796527 0)
(-0.143112 0.0727904 0)
(-0.144429 0.0658981 0)
(-0.14559 0.0589848 0)
(-0.146602 0.0520589 0)
(-0.147473 0.0451281 0)
(-0.148207 0.0381985 0)
(-0.148812 0.0312731 0)
(-0.14929 0.0243505 0)
(-0.149643 0.0174234 0)
(-0.149874 0.0104793 0)
(-0.149993 0.00350622 0)
(0.149988 0.00665726 0)
(0.149787 0.0199009 0)
(0.149395 0.0330669 0)
(0.148792 0.0461618 0)
(0.147972 0.0591953 0)
(0.146929 0.0721691 0)
(0.14565 0.0850749 0)
(0.144124 0.0978957 0)
(0.142336 0.110609 0)
(0.140276 0.123191 0)
(0.137932 0.135613 0)
(0.135298 0.147851 0)
(0.132368 0.159878 0)
(0.12914 0.171669 0)
(0.125613 0.183195 0)
(0.121776 0.194397 0)
(0.117612 0.205226 0)
(0.113115 0.215642 0)
(0.108297 0.225617 0)
(0.103183 0.235135 0)
(0.0978221 0.244204 0)
(0.0922978 0.252878 0)
(0.0867407 0.261291 0)
(0.0813294 0.269697 0)
(0.0762613 0.278495 0)
(0.0716967 0.288193 0)
(0.0676914 0.299285 0)
(0.0641403 0.312068 0)
(0.0607726 0.326529 0)
(0.0572202 0.342358 0)
(0.0531263 0.359072 0)
(0.0482306 0.376145 0)
(0.0423957 0.393093 0)
(0.0355869 0.40951 0)
(0.027836 0.425075 0)
(0.0192081 0.439539 0)
(0.00978196 0.452718 0)
(-0.000353159 0.464482 0)
(-0.0111149 0.474745 0)
(-0.0224425 0.483454 0)
(-0.034273 0.490589 0)
(-0.0465337 0.496147 0)
(-0.0591521 0.500143 0)
(-0.0720583 0.502608 0)
(-0.0851859 0.503588 0)
(-0.0984724 0.503144 0)
(-0.11186 0.501351 0)
(-0.125294 0.498293 0)
(-0.138724 0.494064 0)
(-0.152094 0.488765 0)
(-0.165318 0.482492 0)
(-0.17823 0.475333 0)
(-0.190605 0.467352 0)
(-0.201995 0.458573 0)
(-0.210939 0.448944 0)
(-0.214447 0.438259 0)
(-0.210673 0.426174 0)
(-0.201423 0.412536 0)
(-0.189732 0.397415 0)
(-0.177327 0.38096 0)
(-0.164926 0.36338 0)
(-0.152896 0.344947 0)
(-0.141371 0.325988 0)
(-0.130061 0.306845 0)
(-0.118901 0.287874 0)
(-0.108602 0.269555 0)
(-0.0999851 0.252468 0)
(-0.0936644 0.237181 0)
(-0.0902075 0.224122 0)
(-0.0897181 0.213392 0)
(-0.0912869 0.204668 0)
(-0.0932473 0.19739 0)
(-0.0954855 0.19093 0)
(-0.0988101 0.184931 0)
(-0.102799 0.179056 0)
(-0.106931 0.173106 0)
(-0.110979 0.166993 0)
(-0.11485 0.16069 0)
(-0.118497 0.1542 0)
(-0.121906 0.147538 0)
(-0.125077 0.140728 0)
(-0.128022 0.133801 0)
(-0.130746 0.126784 0)
(-0.13325 0.119692 0)
(-0.13554 0.112537 0)
(-0.137623 0.105331 0)
(-0.139505 0.0980861 0)
(-0.141196 0.0908119 0)
(-0.142705 0.0835181 0)
(-0.144042 0.076213 0)
(-0.145218 0.0689046 0)
(-0.146242 0.0616002 0)
(-0.147124 0.0543067 0)
(-0.147874 0.0470299 0)
(-0.1485 0.0397736 0)
(-0.14901 0.0325383 0)
(-0.14941 0.0253201 0)
(-0.149704 0.0181085 0)
(-0.149896 0.010888 0)
(-0.149994 0.0036426 0)
(0.149996 0.00686922 0)
(0.149856 0.020539 0)
(0.149573 0.0341378 0)
(0.149122 0.0476796 0)
(0.148494 0.0611801 0)
(0.147676 0.0746449 0)
(0.146648 0.0880656 0)
(0.145386 0.101422 0)
(0.143868 0.114685 0)
(0.142069 0.127818 0)
(0.139967 0.14078 0)
(0.137543 0.153526 0)
(0.134782 0.166009 0)
(0.131676 0.178182 0)
(0.128218 0.190016 0)
(0.124447 0.201636 0)
(0.12034 0.212946 0)
(0.115898 0.223877 0)
(0.111123 0.234378 0)
(0.106034 0.244418 0)
(0.100671 0.253996 0)
(0.0951109 0.26316 0)
(0.0894807 0.27204 0)
(0.083959 0.280898 0)
(0.078747 0.29015 0)
(0.0740075 0.300338 0)
(0.069794 0.311994 0)
(0.0659973 0.32545 0)
(0.0623439 0.340702 0)
(0.0584639 0.35742 0)
(0.0540005 0.37508 0)
(0.0486971 0.393106 0)
(0.0424246 0.410974 0)
(0.0351597 0.428246 0)
(0.0269454 0.444576 0)
(0.0178559 0.459704 0)
(0.0079774 0.47344 0)
(-0.00258167 0.485659 0)
(-0.0137233 0.496307 0)
(-0.025363 0.505377 0)
(-0.0373945 0.512761 0)
(-0.049727 0.518422 0)
(-0.0622776 0.522367 0)
(-0.0749681 0.524636 0)
(-0.0877242 0.525293 0)
(-0.100476 0.524424 0)
(-0.113156 0.522133 0)
(-0.125704 0.51854 0)
(-0.138063 0.513782 0)
(-0.150177 0.508009 0)
(-0.161972 0.501378 0)
(-0.173315 0.494042 0)
(-0.184041 0.486134 0)
(-0.193858 0.477742 0)
(-0.201621 0.468849 0)
(-0.204758 0.459188 0)
(-0.201491 0.448173 0)
(-0.193226 0.435332 0)
(-0.182677 0.420562 0)
(-0.171468 0.403981 0)
(-0.160265 0.385831 0)
(-0.149402 0.366448 0)
(-0.139021 0.346264 0)
(-0.128812 0.325799 0)
(-0.118634 0.305392 0)
(-0.109131 0.285518 0)
(-0.101107 0.266848 0)
(-0.095191 0.250079 0)
(-0.0920134 0.235756 0)
(-0.0917439 0.224055 0)
(-0.0934704 0.214633 0)
(-0.0956648 0.206792 0)
(-0.0981527 0.199866 0)
(-0.101607 0.193427 0)
(-0.105683 0.187123 0)
(-0.109869 0.180748 0)
(-0.11394 0.174214 0)
(-0.117809 0.1675 0)
(-0.121439 0.160621 0)
(-0.124819 0.153607 0)
(-0.127951 0.146505 0)
(-0.130841 0.139328 0)
(-0.133469 0.13201 0)
(-0.135844 0.124577 0)
(-0.137974 0.117055 0)
(-0.139872 0.10947 0)
(-0.141551 0.101844 0)
(-0.143025 0.0941936 0)
(-0.144312 0.0865345 0)
(-0.145425 0.0788792 0)
(-0.146382 0.0712384 0)
(-0.147198 0.063621 0)
(-0.147885 0.0560343 0)
(-0.148457 0.0484836 0)
(-0.148925 0.0409714 0)
(-0.149301 0.0334964 0)
(-0.14959 0.026052 0)
(-0.149799 0.0186249 0)
(-0.149932 0.0111957 0)
(-0.149998 0.00374501 0)
(0.149989 0.00707801 0)
(0.149877 0.0211541 0)
(0.149674 0.0351762 0)
(0.149368 0.0491835 0)
(0.148946 0.0632133 0)
(0.148392 0.0772899 0)
(0.147684 0.0914221 0)
(0.146797 0.105605 0)
(0.145702 0.119821 0)
(0.144368 0.134046 0)
(0.142761 0.148245 0)
(0.140847 0.162378 0)
(0.138587 0.1764 0)
(0.135945 0.190262 0)
(0.132886 0.203904 0)
(0.129379 0.217185 0)
(0.125463 0.23013 0)
(0.12114 0.24272 0)
(0.116407 0.254912 0)
(0.111269 0.266666 0)
(0.105754 0.277965 0)
(0.0999238 0.288835 0)
(0.0938909 0.299389 0)
(0.0878299 0.309876 0)
(0.0819574 0.320709 0)
(0.0764676 0.332445 0)
(0.0714564 0.345645 0)
(0.066858 0.360658 0)
(0.0624267 0.377454 0)
(0.0578032 0.395648 0)
(0.0526353 0.414654 0)
(0.0466726 0.433856 0)
(0.0397943 0.452705 0)
(0.0319846 0.470751 0)
(0.0232909 0.48764 0)
(0.0137917 0.503105 0)
(0.00357822 0.516951 0)
(-0.00722686 0.529038 0)
(-0.0185171 0.539241 0)
(-0.0301851 0.547463 0)
(-0.0421178 0.553746 0)
(-0.0542268 0.558117 0)
(-0.0664355 0.560618 0)
(-0.0786723 0.561313 0)
(-0.0908688 0.560287 0)
(-0.102959 0.557652 0)
(-0.11488 0.553541 0)
(-0.126566 0.548114 0)
(-0.137957 0.541561 0)
(-0.148985 0.534107 0)
(-0.159565 0.52602 0)
(-0.169557 0.517611 0)
(-0.178796 0.50922 0)
(-0.187012 0.501243 0)
(-0.193292 0.494049 0)
(-0.195607 0.487428 0)
(-0.192493 0.479992 0)
(-0.185004 0.470193 0)
(-0.175371 0.457551 0)
(-0.165046 0.442344 0)
(-0.154679 0.425056 0)
(-0.144616 0.406186 0)
(-0.135036 0.386231 0)
(-0.125715 0.365594 0)
(-0.116524 0.344521 0)
(-0.107982 0.323399 0)
(-0.100778 0.302912 0)
(-0.0955416 0.283866 0)
(-0.0929277 0.267024 0)
(-0.093143 0.252933 0)
(-0.0953891 0.24154 0)
(-0.0982817 0.232103 0)
(-0.101516 0.223586 0)
(-0.105567 0.215449 0)
(-0.110099 0.207479 0)
(-0.114613 0.199502 0)
(-0.118891 0.191438 0)
(-0.122858 0.183268 0)
(-0.12649 0.174996 0)
(-0.129785 0.16663 0)
(-0.132736 0.158161 0)
(-0.135334 0.149593 0)
(-0.137612 0.141008 0)
(-0.1396 0.132427 0)
(-0.141328 0.12387 0)
(-0.142823 0.115355 0)
(-0.144111 0.106897 0)
(-0.145213 0.0985068 0)
(-0.146152 0.0901934 0)
(-0.146946 0.0819622 0)
(-0.147613 0.0738168 0)
(-0.148169 0.0657592 0)
(-0.148629 0.0577896 0)
(-0.149003 0.0499063 0)
(-0.149305 0.0421051 0)
(-0.149543 0.0343777 0)
(-0.149726 0.0267107 0)
(-0.149859 0.0190836 0)
(-0.149947 0.011469 0)
(-0.149996 0.00383796 0)
)
;

boundaryField
{
    fuel
    {
        type            fixedValue;
        value           uniform (0.15 0 0);
    }
    air
    {
        type            fixedValue;
        value           uniform (-0.15 0 0);
    }
    outlet
    {
        type            pressureInletOutletVelocity;
        value           nonuniform List<vector> 
200
(
(0.149989 -0.007078 0)
(0.149877 -0.0211542 0)
(0.149674 -0.0351762 0)
(0.149368 -0.049183 0)
(0.148946 -0.0632123 0)
(0.148392 -0.0772883 0)
(0.147684 -0.0914198 0)
(0.146797 -0.105602 0)
(0.145702 -0.119817 0)
(0.144369 -0.134041 0)
(0.142763 -0.148239 0)
(0.140849 -0.162372 0)
(0.13859 -0.176393 0)
(0.135948 -0.190254 0)
(0.13289 -0.203897 0)
(0.129384 -0.217176 0)
(0.125469 -0.230122 0)
(0.121147 -0.242711 0)
(0.116414 -0.254903 0)
(0.111277 -0.266658 0)
(0.105764 -0.277956 0)
(0.0999344 -0.288826 0)
(0.0939021 -0.299381 0)
(0.0878414 -0.309867 0)
(0.0819685 -0.320698 0)
(0.0764781 -0.332431 0)
(0.0714662 -0.345627 0)
(0.0668676 -0.360634 0)
(0.0624368 -0.377426 0)
(0.0578151 -0.395616 0)
(0.0526497 -0.41462 0)
(0.04669 -0.433821 0)
(0.0398151 -0.45267 0)
(0.0320086 -0.470717 0)
(0.023318 -0.487608 0)
(0.0138217 -0.503076 0)
(0.00361084 -0.516925 0)
(-0.00719177 -0.529016 0)
(-0.0184799 -0.539223 0)
(-0.0301466 -0.547451 0)
(-0.0420785 -0.553738 0)
(-0.0541869 -0.558115 0)
(-0.0663954 -0.560621 0)
(-0.0786325 -0.561321 0)
(-0.0908296 -0.560301 0)
(-0.102921 -0.557671 0)
(-0.114843 -0.553565 0)
(-0.126531 -0.548143 0)
(-0.137923 -0.541594 0)
(-0.148953 -0.534143 0)
(-0.159536 -0.526058 0)
(-0.169532 -0.517651 0)
(-0.178775 -0.50926 0)
(-0.186997 -0.501283 0)
(-0.193288 -0.494088 0)
(-0.195625 -0.487471 0)
(-0.192535 -0.480047 0)
(-0.185058 -0.470265 0)
(-0.175424 -0.45764 0)
(-0.165093 -0.442445 0)
(-0.154718 -0.425166 0)
(-0.144648 -0.406299 0)
(-0.135062 -0.386344 0)
(-0.125738 -0.365703 0)
(-0.116546 -0.344626 0)
(-0.108001 -0.323495 0)
(-0.100792 -0.302998 0)
(-0.0955496 -0.283939 0)
(-0.0929281 -0.267083 0)
(-0.0931369 -0.252977 0)
(-0.0953787 -0.241572 0)
(-0.0982706 -0.232128 0)
(-0.101505 -0.223606 0)
(-0.105556 -0.215468 0)
(-0.110088 -0.207495 0)
(-0.114603 -0.199518 0)
(-0.118883 -0.191453 0)
(-0.12285 -0.183282 0)
(-0.126483 -0.175009 0)
(-0.12978 -0.166642 0)
(-0.132732 -0.158173 0)
(-0.13533 -0.149605 0)
(-0.137609 -0.141018 0)
(-0.139597 -0.132436 0)
(-0.141326 -0.123879 0)
(-0.142821 -0.115364 0)
(-0.144109 -0.106905 0)
(-0.145212 -0.0985144 0)
(-0.146151 -0.0902004 0)
(-0.146945 -0.0819688 0)
(-0.147613 -0.073823 0)
(-0.148169 -0.0657649 0)
(-0.148628 -0.0577949 0)
(-0.149003 -0.0499112 0)
(-0.149305 -0.0421094 0)
(-0.149543 -0.0343815 0)
(-0.149726 -0.0267139 0)
(-0.149859 -0.0190862 0)
(-0.149947 -0.0114708 0)
(-0.149996 -0.00383849 0)
(0.149989 0.00707801 0)
(0.149877 0.0211541 0)
(0.149674 0.0351762 0)
(0.149368 0.0491835 0)
(0.148946 0.0632133 0)
(0.148392 0.0772899 0)
(0.147684 0.0914221 0)
(0.146797 0.105605 0)
(0.145702 0.119821 0)
(0.144368 0.134046 0)
(0.142761 0.148245 0)
(0.140847 0.162378 0)
(0.138587 0.1764 0)
(0.135945 0.190262 0)
(0.132886 0.203904 0)
(0.129379 0.217185 0)
(0.125463 0.23013 0)
(0.12114 0.24272 0)
(0.116407 0.254912 0)
(0.111269 0.266666 0)
(0.105754 0.277965 0)
(0.0999238 0.288835 0)
(0.0938909 0.299389 0)
(0.0878299 0.309876 0)
(0.0819574 0.320709 0)
(0.0764676 0.332445 0)
(0.0714564 0.345645 0)
(0.066858 0.360658 0)
(0.0624267 0.377454 0)
(0.0578032 0.395648 0)
(0.0526353 0.414654 0)
(0.0466726 0.433856 0)
(0.0397943 0.452705 0)
(0.0319846 0.470751 0)
(0.0232909 0.48764 0)
(0.0137917 0.503105 0)
(0.00357822 0.516951 0)
(-0.00722686 0.529038 0)
(-0.0185171 0.539241 0)
(-0.0301851 0.547463 0)
(-0.0421178 0.553746 0)
(-0.0542268 0.558117 0)
(-0.0664355 0.560618 0)
(-0.0786723 0.561313 0)
(-0.0908688 0.560287 0)
(-0.102959 0.557652 0)
(-0.11488 0.553541 0)
(-0.126566 0.548114 0)
(-0.137957 0.541561 0)
(-0.148985 0.534107 0)
(-0.159565 0.52602 0)
(-0.169557 0.517611 0)
(-0.178796 0.50922 0)
(-0.187012 0.501243 0)
(-0.193292 0.494049 0)
(-0.195607 0.487428 0)
(-0.192493 0.479992 0)
(-0.185004 0.470193 0)
(-0.175371 0.457551 0)
(-0.165046 0.442344 0)
(-0.154679 0.425056 0)
(-0.144616 0.406186 0)
(-0.135036 0.386231 0)
(-0.125715 0.365594 0)
(-0.116524 0.344521 0)
(-0.107982 0.323399 0)
(-0.100778 0.302912 0)
(-0.0955416 0.283866 0)
(-0.0929277 0.267024 0)
(-0.093143 0.252933 0)
(-0.0953891 0.24154 0)
(-0.0982817 0.232103 0)
(-0.101516 0.223586 0)
(-0.105567 0.215449 0)
(-0.110099 0.207479 0)
(-0.114613 0.199502 0)
(-0.118891 0.191438 0)
(-0.122858 0.183268 0)
(-0.12649 0.174996 0)
(-0.129785 0.16663 0)
(-0.132736 0.158161 0)
(-0.135334 0.149593 0)
(-0.137612 0.141008 0)
(-0.1396 0.132427 0)
(-0.141328 0.12387 0)
(-0.142823 0.115355 0)
(-0.144111 0.106897 0)
(-0.145213 0.0985068 0)
(-0.146152 0.0901934 0)
(-0.146946 0.0819622 0)
(-0.147613 0.0738168 0)
(-0.148169 0.0657592 0)
(-0.148629 0.0577896 0)
(-0.149003 0.0499063 0)
(-0.149305 0.0421051 0)
(-0.149543 0.0343777 0)
(-0.149726 0.0267107 0)
(-0.149859 0.0190836 0)
(-0.149947 0.011469 0)
(-0.149996 0.00383796 0)
)
;
    }
    frontAndBack
    {
        type            empty;
    }
}


// ************************************************************************* //
