/*--------------------------------*- C++ -*----------------------------------*\
  =========                 |
  \\      /  F ield         | OpenFOAM: The Open Source CFD Toolbox
   \\    /   O peration     | Website:  https://openfoam.org
    \\  /    A nd           | Version:  11
     \\/     M anipulation  |
\*---------------------------------------------------------------------------*/
FoamFile
{
    format      ascii;
    class       surfaceScalarField;
    location    "0.05";
    object      phi;
}
// * * * * * * * * * * * * * * * * * * * * * * * * * * * * * * * * * * * * * //

dimensions      [1 0 -1 0 0 0 0];

internalField   nonuniform List<scalar> 
7860
(
1.64597e-06
-2.67368e-08
1.645e-06
-7.90445e-08
1.64336e-06
-1.30795e-07
1.64097e-06
-1.82219e-07
1.63773e-06
-2.33333e-07
1.6335e-06
-2.84152e-07
1.6281e-06
-3.34734e-07
1.62134e-06
-3.85137e-07
1.613e-06
-4.35371e-07
1.60284e-06
-4.85382e-07
1.59057e-06
-5.35066e-07
1.57591e-06
-5.84294e-07
1.55855e-06
-6.32929e-07
1.53816e-06
-6.80827e-07
1.51436e-06
-7.27838e-07
1.4867e-06
-7.73774e-07
1.45525e-06
-8.18655e-07
1.42013e-06
-8.62526e-07
1.38133e-06
-9.05295e-07
1.33871e-06
-9.4679e-07
1.29212e-06
-9.8681e-07
1.24137e-06
-1.02515e-06
1.18628e-06
-1.06157e-06
1.12668e-06
-1.09577e-06
1.06234e-06
-1.12727e-06
9.92983e-07
-1.15523e-06
9.18314e-07
-1.17828e-06
8.3813e-07
-1.1942e-06
7.52709e-07
-1.19981e-06
6.63433e-07
-1.19126e-06
5.73314e-07
-1.16585e-06
4.86359e-07
-1.12851e-06
4.0494e-07
-1.08622e-06
3.29867e-07
-1.04459e-06
2.60807e-07
-1.00647e-06
1.96957e-07
-9.72332e-07
1.37537e-07
-9.4142e-07
8.19467e-08
-9.12655e-07
2.97742e-08
-8.8509e-07
-1.92638e-08
-8.5809e-07
-6.53351e-08
-8.31256e-07
-1.08528e-07
-8.03975e-07
-1.48888e-07
-7.76144e-07
-1.86416e-07
-7.47785e-07
-2.20985e-07
-7.18987e-07
-2.52657e-07
-6.89858e-07
-2.8156e-07
-6.60578e-07
-3.07869e-07
-6.314e-07
-3.31817e-07
-6.0267e-07
-3.53732e-07
-5.74874e-07
-3.74101e-07
-5.48769e-07
-3.93668e-07
-5.26344e-07
-4.13683e-07
-5.08695e-07
-4.36408e-07
-5.00257e-07
-4.65169e-07
-5.13274e-07
-5.01292e-07
-5.4962e-07
-5.45533e-07
-5.99284e-07
-5.99001e-07
-6.58689e-07
-6.63449e-07
-7.26794e-07
-7.40424e-07
-8.02965e-07
-8.35749e-07
-8.85626e-07
-9.43745e-07
-9.73119e-07
-1.07616e-06
-1.10276e-06
-1.2358e-06
-1.23426e-06
-1.41217e-06
-1.35344e-06
-1.58524e-06
-1.43865e-06
-1.74341e-06
-1.48321e-06
-1.88349e-06
-1.49457e-06
-2.0068e-06
-1.4839e-06
-2.1159e-06
-1.45955e-06
-2.21313e-06
-1.42671e-06
-2.30032e-06
-1.38846e-06
-2.37887e-06
-1.34662e-06
-2.44985e-06
-1.30232e-06
-2.51406e-06
-1.25628e-06
-2.57216e-06
-1.20903e-06
-2.62457e-06
-1.16093e-06
-2.67152e-06
-1.11225e-06
-2.71306e-06
-1.0631e-06
-2.74936e-06
-1.01342e-06
-2.78111e-06
-9.6321e-07
-2.80882e-06
-9.12689e-07
-2.83295e-06
-8.62009e-07
-2.85388e-06
-8.11299e-07
-2.87197e-06
-7.6066e-07
-2.88753e-06
-7.10167e-07
-2.90084e-06
-6.59868e-07
-2.91218e-06
-6.0979e-07
-2.92179e-06
-5.59952e-07
-2.92987e-06
-5.10372e-07
-2.93662e-06
-4.61081e-07
-2.94221e-06
-4.12112e-07
-2.9468e-06
-3.63487e-07
-2.95051e-06
-3.15178e-07
-2.95346e-06
-2.67092e-07
-2.95574e-06
-2.19091e-07
-2.95744e-06
-1.7105e-07
-2.95861e-06
-1.22906e-07
-2.9593e-06
-7.45575e-08
-2.54633e-08
1.64576e-06
-2.61594e-08
1.644e-06
-7.72906e-08
1.64099e-06
-1.27782e-07
1.63665e-06
-1.77878e-07
1.63087e-06
-2.27552e-07
1.6235e-06
-2.76785e-07
1.61438e-06
-3.25608e-07
1.6033e-06
-3.74059e-07
1.59006e-06
-4.22132e-07
1.57444e-06
-4.69767e-07
1.55625e-06
-5.1687e-07
1.53528e-06
-5.6333e-07
1.5114e-06
-6.09045e-07
1.4845e-06
-6.53925e-07
1.45455e-06
-6.9789e-07
1.42162e-06
-7.40845e-07
1.38588e-06
-7.82919e-07
1.3473e-06
-8.23948e-07
1.3057e-06
-8.63703e-07
1.2609e-06
-9.02014e-07
1.21277e-06
-9.38733e-07
1.16125e-06
-9.73714e-07
1.10627e-06
-1.00677e-06
1.04781e-06
-1.03765e-06
9.85813e-07
-1.06588e-06
9.20206e-07
-1.09069e-06
8.50894e-07
-1.11074e-06
7.77845e-07
-1.12388e-06
7.01314e-07
-1.12706e-06
6.22259e-07
-1.11675e-06
5.42816e-07
-1.09093e-06
4.65828e-07
-1.05515e-06
3.9292e-07
-1.01557e-06
3.24618e-07
-9.77174e-07
2.60694e-07
-9.42321e-07
2.0064e-07
-9.11244e-07
1.4397e-07
-8.83161e-07
9.03145e-08
-8.57046e-07
3.94242e-08
-8.32018e-07
-8.86073e-09
-8.07493e-07
-5.46694e-08
-7.83069e-07
-9.80243e-08
-7.58217e-07
-1.38948e-07
-7.32829e-07
-1.77449e-07
-7.06928e-07
-2.13495e-07
-6.80642e-07
-2.47113e-07
-6.54011e-07
-2.78381e-07
-6.27166e-07
-3.07427e-07
-6.0031e-07
-3.34457e-07
-5.73717e-07
-3.5978e-07
-5.47781e-07
-3.83861e-07
-5.23136e-07
-4.07416e-07
-5.0158e-07
-4.31453e-07
-4.84056e-07
-4.57439e-07
-4.74996e-07
-4.8801e-07
-4.86795e-07
-5.24742e-07
-5.19626e-07
-5.68995e-07
-5.64688e-07
-6.2226e-07
-6.1889e-07
-6.86511e-07
-6.81227e-07
-7.6346e-07
-7.50866e-07
-8.58571e-07
-8.25593e-07
-9.58306e-07
-9.05432e-07
-1.07861e-06
-1.02426e-06
-1.22354e-06
-1.14534e-06
-1.38226e-06
-1.25634e-06
-1.53408e-06
-1.33835e-06
-1.67206e-06
-1.38326e-06
-1.79446e-06
-1.39722e-06
-1.90338e-06
-1.39046e-06
-2.00152e-06
-1.37065e-06
-2.09099e-06
-1.34263e-06
-2.17326e-06
-1.3093e-06
-2.24929e-06
-1.27236e-06
-2.31976e-06
-1.23285e-06
-2.38515e-06
-1.19144e-06
-2.4459e-06
-1.14858e-06
-2.50237e-06
-1.10461e-06
-2.5549e-06
-1.05981e-06
-2.60358e-06
-1.01446e-06
-2.64831e-06
-9.6872e-07
-2.68907e-06
-9.22462e-07
-2.72595e-06
-8.75811e-07
-2.75911e-06
-8.28851e-07
-2.78875e-06
-7.81662e-07
-2.81509e-06
-7.34318e-07
-2.83837e-06
-6.86881e-07
-2.85885e-06
-6.39396e-07
-2.87674e-06
-5.91893e-07
-2.8923e-06
-5.44398e-07
-2.90573e-06
-4.96942e-07
-2.91724e-06
-4.49567e-07
-2.92703e-06
-4.02325e-07
-2.93526e-06
-3.55253e-07
-2.94209e-06
-3.08344e-07
-2.94766e-06
-2.61527e-07
-2.95206e-06
-2.14683e-07
-2.9554e-06
-1.6771e-07
-2.95774e-06
-1.2057e-07
-2.9591e-06
-7.31901e-08
-2.5014e-08
1.64548e-06
-2.53094e-08
1.64296e-06
-7.47687e-08
1.63876e-06
-1.23583e-07
1.63284e-06
-1.71956e-07
1.62513e-06
-2.19839e-07
1.61554e-06
-2.67198e-07
1.60399e-06
-3.14051e-07
1.59035e-06
-3.60427e-07
1.57454e-06
-4.0632e-07
1.55645e-06
-4.51676e-07
1.53599e-06
-4.96408e-07
1.51308e-06
-5.40419e-07
1.48765e-06
-5.83619e-07
1.45966e-06
-6.25929e-07
1.42904e-06
-6.67275e-07
1.39579e-06
-7.0759e-07
1.35964e-06
-7.46778e-07
1.32039e-06
-7.84705e-07
1.27792e-06
-8.21241e-07
1.23216e-06
-8.56275e-07
1.18308e-06
-8.89707e-07
1.1307e-06
-9.21433e-07
1.07504e-06
-9.51302e-07
1.01609e-06
-9.79061e-07
9.53822e-07
-1.00427e-06
8.88147e-07
-1.02616e-06
8.18963e-07
-1.04344e-06
7.46274e-07
-1.05407e-06
6.7049e-07
-1.05524e-06
5.92848e-07
-1.04384e-06
5.1595e-07
-1.01873e-06
4.42228e-07
-9.85198e-07
3.72996e-07
-9.48721e-07
3.08414e-07
-9.13605e-07
2.4802e-07
-8.81824e-07
1.91209e-07
-8.53513e-07
1.3745e-07
-8.2792e-07
8.63531e-08
-8.04094e-07
3.76581e-08
-7.81228e-07
-8.80662e-09
-7.58794e-07
-5.31428e-08
-7.36421e-07
-9.54134e-08
-7.13602e-07
-1.35631e-07
-6.90273e-07
-1.73855e-07
-6.66398e-07
-2.10205e-07
-6.42037e-07
-2.44742e-07
-6.17287e-07
-2.77521e-07
-5.92278e-07
-3.08628e-07
-5.67189e-07
-3.38198e-07
-5.42251e-07
-3.66428e-07
-5.17803e-07
-3.93608e-07
-4.94423e-07
-4.20186e-07
-4.73808e-07
-4.46775e-07
-4.5687e-07
-4.74486e-07
-4.48012e-07
-5.05887e-07
-4.59494e-07
-5.42227e-07
-4.9003e-07
-5.8482e-07
-5.3174e-07
-6.3534e-07
-5.81784e-07
-6.95906e-07
-6.3921e-07
-7.68293e-07
-7.03164e-07
-8.58424e-07
-7.7161e-07
-9.4845e-07
-8.46137e-07
-1.05797e-06
-9.55631e-07
-1.1921e-06
-1.06647e-06
-1.34085e-06
-1.16837e-06
-1.48579e-06
-1.24549e-06
-1.61898e-06
-1.28815e-06
-1.73866e-06
-1.30297e-06
-1.84627e-06
-1.29874e-06
-1.94404e-06
-1.28243e-06
-2.03379e-06
-1.2585e-06
-2.11674e-06
-1.22959e-06
-2.19371e-06
-1.19724e-06
-2.26523e-06
-1.16238e-06
-2.33167e-06
-1.12558e-06
-2.39334e-06
-1.08723e-06
-2.45052e-06
-1.0476e-06
-2.5035e-06
-1.00693e-06
-2.55261e-06
-9.65393e-07
-2.59819e-06
-9.23164e-07
-2.64032e-06
-8.80344e-07
-2.67913e-06
-8.37009e-07
-2.71474e-06
-7.93241e-07
-2.74729e-06
-7.49117e-07
-2.7769e-06
-7.04707e-07
-2.80371e-06
-6.60068e-07
-2.82787e-06
-6.1524e-07
-2.84951e-06
-5.70252e-07
-2.86878e-06
-5.25128e-07
-2.88582e-06
-4.79901e-07
-2.90077e-06
-4.34617e-07
-2.91376e-06
-3.89332e-07
-2.92492e-06
-3.44091e-07
-2.93437e-06
-2.98898e-07
-2.9422e-06
-2.53694e-07
-2.9485e-06
-2.08378e-07
-2.95335e-06
-1.62863e-07
-2.95679e-06
-1.17128e-07
-2.95886e-06
-7.11187e-08
-2.43194e-08
1.64531e-06
-2.42858e-08
1.64228e-06
-7.17383e-08
1.63726e-06
-1.18559e-07
1.63022e-06
-1.64916e-07
1.62113e-06
-2.10748e-07
1.60994e-06
-2.56008e-07
1.59659e-06
-3.00703e-07
1.58102e-06
-3.44854e-07
1.56314e-06
-3.88447e-07
1.54289e-06
-4.31427e-07
1.52019e-06
-4.73704e-07
1.49495e-06
-5.15182e-07
1.4671e-06
-5.55772e-07
1.43657e-06
-5.95394e-07
1.40327e-06
-6.33975e-07
1.36712e-06
-6.71439e-07
1.32804e-06
-7.07708e-07
1.28604e-06
-7.42707e-07
1.24115e-06
-7.76366e-07
1.19346e-06
-8.08612e-07
1.14306e-06
-8.39366e-07
1.09005e-06
-8.68526e-07
1.03447e-06
-8.9594e-07
9.76373e-07
-9.21356e-07
9.15725e-07
-9.44339e-07
8.52463e-07
-9.64138e-07
7.86488e-07
-9.79493e-07
7.17766e-07
-9.88432e-07
6.4656e-07
-9.88233e-07
5.73795e-07
-9.76026e-07
5.01599e-07
-9.51402e-07
4.31916e-07
-9.19424e-07
3.65912e-07
-8.8523e-07
3.03827e-07
-8.52658e-07
2.45342e-07
-8.23357e-07
1.8997e-07
-7.97337e-07
1.37275e-07
-7.73848e-07
8.69337e-08
-7.51989e-07
3.87302e-08
-7.31011e-07
-7.47631e-09
-7.10421e-07
-5.17989e-08
-6.89841e-07
-9.42688e-08
-6.68834e-07
-1.349e-07
-6.47351e-07
-1.73726e-07
-6.25312e-07
-2.10786e-07
-6.02765e-07
-2.46129e-07
-5.79795e-07
-2.79819e-07
-5.56516e-07
-3.11942e-07
-5.33085e-07
-3.42612e-07
-5.09712e-07
-3.71984e-07
-4.86709e-07
-4.00274e-07
-4.64625e-07
-4.27842e-07
-4.45065e-07
-4.55198e-07
-4.28928e-07
-4.83432e-07
-4.20503e-07
-5.15331e-07
-4.31665e-07
-5.51926e-07
-4.60132e-07
-5.94456e-07
-4.98786e-07
-6.44561e-07
-5.45055e-07
-7.04485e-07
-5.9811e-07
-7.76631e-07
-6.57194e-07
-8.6784e-07
-7.19956e-07
-9.51187e-07
-7.886e-07
-1.0554e-06
-8.89778e-07
-1.18376e-06
-9.92266e-07
-1.32545e-06
-1.08704e-06
-1.46338e-06
-1.15999e-06
-1.58883e-06
-1.20129e-06
-1.70099e-06
-1.21664e-06
-1.80194e-06
-1.21403e-06
-1.89421e-06
-1.20001e-06
-1.97976e-06
-1.17879e-06
-2.05987e-06
-1.15288e-06
-2.13531e-06
-1.12374e-06
-2.20652e-06
-1.09227e-06
-2.27372e-06
-1.059e-06
-2.33702e-06
-1.02427e-06
-2.39648e-06
-9.88329e-07
-2.45216e-06
-9.51336e-07
-2.50418e-06
-9.13424e-07
-2.55267e-06
-8.74701e-07
-2.59777e-06
-8.35263e-07
-2.63958e-06
-7.95198e-07
-2.67824e-06
-7.54586e-07
-2.71386e-06
-7.13501e-07
-2.74655e-06
-6.72012e-07
-2.77645e-06
-6.30174e-07
-2.80366e-06
-5.88029e-07
-2.8283e-06
-5.45608e-07
-2.85049e-06
-5.02938e-07
-2.87033e-06
-4.60054e-07
-2.88794e-06
-4.17006e-07
-2.90342e-06
-3.73856e-07
-2.91685e-06
-3.30655e-07
-2.92834e-06
-2.87414e-07
-2.93794e-06
-2.44087e-07
-2.94574e-06
-2.00584e-07
-2.95177e-06
-1.56831e-07
-2.95607e-06
-1.12821e-07
-2.95868e-06
-6.85145e-08
-2.34418e-08
1.64518e-06
-2.31266e-08
1.64174e-06
-6.83065e-08
1.63606e-06
-1.12873e-07
1.62811e-06
-1.56972e-07
1.6179e-06
-2.00529e-07
1.60538e-06
-2.43489e-07
1.59053e-06
-2.85852e-07
1.5733e-06
-3.27631e-07
1.55366e-06
-3.68809e-07
1.53157e-06
-4.09328e-07
1.50697e-06
-4.49103e-07
1.47982e-06
-4.88041e-07
1.45011e-06
-5.2606e-07
1.41781e-06
-5.63091e-07
1.38291e-06
-5.99071e-07
1.34541e-06
-6.33942e-07
1.30534e-06
-6.67641e-07
1.26273e-06
-7.00101e-07
1.2176e-06
-7.31253e-07
1.16998e-06
-7.61019e-07
1.11986e-06
-7.89313e-07
1.06725e-06
-8.16033e-07
1.01212e-06
-8.41032e-07
9.54418e-07
-8.64075e-07
8.94076e-07
-8.84757e-07
8.30995e-07
-9.02372e-07
7.6509e-07
-9.15735e-07
6.96416e-07
-9.23003e-07
6.25444e-07
-9.21662e-07
5.53409e-07
-9.09152e-07
4.82569e-07
-8.856e-07
4.14782e-07
-8.55676e-07
3.5097e-07
-8.24039e-07
2.9114e-07
-7.94066e-07
2.34818e-07
-7.67152e-07
1.81434e-07
-7.43244e-07
1.30508e-07
-7.21636e-07
8.16942e-08
-7.01499e-07
3.47688e-08
-6.82152e-07
-1.04096e-08
-6.63146e-07
-5.39202e-08
-6.44123e-07
-9.57952e-08
-6.24713e-07
-1.36107e-07
-6.04801e-07
-1.74845e-07
-5.84368e-07
-2.12016e-07
-5.63431e-07
-2.47636e-07
-5.42067e-07
-2.81735e-07
-5.20379e-07
-3.14359e-07
-4.98509e-07
-3.45577e-07
-4.76648e-07
-3.75488e-07
-4.55089e-07
-4.04281e-07
-4.34359e-07
-4.32239e-07
-4.15957e-07
-4.59832e-07
-4.00765e-07
-4.88167e-07
-3.92896e-07
-5.20192e-07
-4.03683e-07
-5.56729e-07
-4.30248e-07
-5.98896e-07
-4.66136e-07
-6.48236e-07
-5.09015e-07
-7.06954e-07
-5.58142e-07
-7.77295e-07
-6.1279e-07
-8.65652e-07
-6.70642e-07
-9.44914e-07
-7.3429e-07
-1.04422e-06
-8.27805e-07
-1.16685e-06
-9.22557e-07
-1.30265e-06
-1.01027e-06
-1.43554e-06
-1.07839e-06
-1.55767e-06
-1.11775e-06
-1.6674e-06
-1.13298e-06
-1.76638e-06
-1.13154e-06
-1.85695e-06
-1.1195e-06
-1.94097e-06
-1.10075e-06
-2.01975e-06
-1.0776e-06
-2.0941e-06
-1.05141e-06
-2.16454e-06
-1.02299e-06
-2.23136e-06
-9.92827e-07
-2.29473e-06
-9.61254e-07
-2.35477e-06
-9.28486e-07
-2.41152e-06
-8.94682e-07
-2.46504e-06
-8.59956e-07
-2.51537e-06
-8.244e-07
-2.56256e-06
-7.88093e-07
-2.60665e-06
-7.51104e-07
-2.64774e-06
-7.13504e-07
-2.68588e-06
-6.7536e-07
-2.72116e-06
-6.36733e-07
-2.75366e-06
-5.97675e-07
-2.78346e-06
-5.58227e-07
-2.81064e-06
-5.18419e-07
-2.8353e-06
-4.78279e-07
-2.85751e-06
-4.37844e-07
-2.87735e-06
-3.97166e-07
-2.8949e-06
-3.56309e-07
-2.91022e-06
-3.15329e-07
-2.92339e-06
-2.74243e-07
-2.93446e-06
-2.33014e-07
-2.94348e-06
-1.91562e-07
-2.95049e-06
-1.49825e-07
-2.9555e-06
-1.07806e-07
-2.95853e-06
-6.54807e-08
-2.24172e-08
1.64507e-06
-2.18618e-08
1.64133e-06
-6.45632e-08
1.63513e-06
-1.06677e-07
1.62649e-06
-1.48329e-07
1.6154e-06
-1.89441e-07
1.60187e-06
-2.29952e-07
1.58587e-06
-2.69857e-07
1.5674e-06
-3.09162e-07
1.54644e-06
-3.47849e-07
1.52298e-06
-3.8586e-07
1.49699e-06
-4.23112e-07
1.46846e-06
-4.59518e-07
1.4374e-06
-4.94999e-07
1.4038e-06
-5.29492e-07
1.36767e-06
-5.62939e-07
1.32901e-06
-5.95285e-07
1.28784e-06
-6.26471e-07
1.24417e-06
-6.56438e-07
1.19802e-06
-6.85122e-07
1.14944e-06
-7.12463e-07
1.09845e-06
-7.38394e-07
1.04513e-06
-7.62837e-07
9.89532e-07
-7.8567e-07
9.31691e-07
-8.06682e-07
8.7162e-07
-8.25492e-07
8.09277e-07
-8.41419e-07
7.44598e-07
-8.53315e-07
6.77601e-07
-8.59398e-07
6.08656e-07
-8.57285e-07
5.38834e-07
-8.44652e-07
4.70135e-07
-8.22068e-07
4.04237e-07
-7.93921e-07
3.41995e-07
-7.64513e-07
2.83441e-07
-7.36846e-07
2.28167e-07
-7.12089e-07
1.75661e-07
-6.90123e-07
1.25484e-07
-6.70265e-07
7.73171e-08
-6.51746e-07
3.09461e-08
-6.33937e-07
-1.376e-08
-6.16433e-07
-5.68635e-08
-5.98897e-07
-9.84539e-08
-5.81005e-07
-1.38548e-07
-5.62547e-07
-1.77156e-07
-5.43619e-07
-2.14267e-07
-5.24209e-07
-2.49888e-07
-5.04383e-07
-2.84033e-07
-4.84233e-07
-3.16728e-07
-4.63889e-07
-3.48021e-07
-4.43531e-07
-3.77986e-07
-4.23432e-07
-4.06805e-07
-4.04099e-07
-4.34722e-07
-3.86915e-07
-4.62199e-07
-3.72737e-07
-4.90369e-07
-3.6546e-07
-5.2228e-07
-3.75782e-07
-5.58631e-07
-4.00495e-07
-6.00467e-07
-4.33733e-07
-6.49285e-07
-4.73363e-07
-7.07202e-07
-5.18692e-07
-7.76244e-07
-5.69083e-07
-8.63292e-07
-6.22518e-07
-9.40206e-07
-6.81554e-07
-1.03655e-06
-7.67713e-07
-1.15599e-06
-8.55016e-07
-1.28825e-06
-9.36106e-07
-1.41794e-06
-9.99741e-07
-1.53731e-06
-1.03702e-06
-1.64455e-06
-1.05201e-06
-1.74131e-06
-1.05148e-06
-1.82997e-06
-1.04107e-06
-1.91244e-06
-1.02439e-06
-1.99002e-06
-1.00361e-06
-2.06353e-06
-9.79981e-07
-2.13344e-06
-9.54258e-07
-2.20004e-06
-9.26893e-07
-2.26349e-06
-8.98177e-07
-2.32387e-06
-8.68305e-07
-2.38124e-06
-8.37416e-07
-2.43564e-06
-8.05613e-07
-2.48709e-06
-7.72976e-07
-2.53562e-06
-7.39575e-07
-2.58126e-06
-7.05472e-07
-2.62404e-06
-6.70728e-07
-2.66399e-06
-6.35403e-07
-2.70117e-06
-5.99551e-07
-2.73563e-06
-5.6322e-07
-2.76741e-06
-5.26448e-07
-2.79656e-06
-4.89263e-07
-2.82315e-06
-4.51692e-07
-2.84722e-06
-4.13772e-07
-2.86882e-06
-3.75557e-07
-2.88802e-06
-3.3711e-07
-2.90486e-06
-2.98489e-07
-2.91938e-06
-2.59716e-07
-2.93164e-06
-2.20759e-07
-2.94165e-06
-1.81549e-07
-2.94944e-06
-1.42032e-07
-2.95503e-06
-1.02218e-07
-2.95841e-06
-6.2097e-08
-2.12721e-08
1.64499e-06
-2.05137e-08
1.641e-06
-6.05745e-08
1.6344e-06
-1.00078e-07
1.62521e-06
-1.39135e-07
1.61343e-06
-1.77663e-07
1.59908e-06
-2.15601e-07
1.58216e-06
-2.52938e-07
1.56268e-06
-2.89677e-07
1.54063e-06
-3.25799e-07
1.51601e-06
-3.61245e-07
1.48883e-06
-3.95936e-07
1.45911e-06
-4.29789e-07
1.42684e-06
-4.62732e-07
1.39205e-06
-4.94705e-07
1.35477e-06
-5.25656e-07
1.31502e-06
-5.55538e-07
1.27285e-06
-5.84301e-07
1.2283e-06
-6.11895e-07
1.18143e-06
-6.38269e-07
1.1323e-06
-6.63371e-07
1.08099e-06
-6.87147e-07
1.02754e-06
-7.09522e-07
9.72005e-07
-7.30384e-07
9.1438e-07
-7.49528e-07
8.54626e-07
-7.66587e-07
7.92657e-07
-7.80911e-07
7.28384e-07
-7.91411e-07
6.61856e-07
-7.96416e-07
5.93542e-07
-7.93721e-07
5.24641e-07
-7.81251e-07
4.57146e-07
-7.59877e-07
3.92626e-07
-7.33646e-07
3.3179e-07
-7.06478e-07
2.74564e-07
-6.81035e-07
2.20488e-07
-6.58307e-07
1.6904e-07
-6.38143e-07
1.19785e-07
-6.19902e-07
7.24117e-08
-6.02877e-07
2.67129e-08
-5.865e-07
-1.74435e-08
-5.70407e-07
-6.0142e-08
-5.54284e-07
-1.01389e-07
-5.37737e-07
-1.41189e-07
-5.20704e-07
-1.7955e-07
-5.03188e-07
-2.16466e-07
-4.85233e-07
-2.51935e-07
-4.6689e-07
-2.85958e-07
-4.48239e-07
-3.18548e-07
-4.294e-07
-3.49737e-07
-4.10538e-07
-3.79588e-07
-3.91907e-07
-4.08276e-07
-3.73991e-07
-4.3603e-07
-3.58058e-07
-4.63307e-07
-3.44925e-07
-4.91257e-07
-3.38249e-07
-5.22974e-07
-3.48034e-07
-5.59065e-07
-3.70927e-07
-6.00506e-07
-4.01596e-07
-6.4873e-07
-4.38081e-07
-7.05876e-07
-4.79719e-07
-7.74466e-07
-5.25909e-07
-8.60727e-07
-5.7505e-07
-9.34422e-07
-6.31379e-07
-1.02821e-06
-7.10327e-07
-1.14447e-06
-7.90153e-07
-1.27328e-06
-8.6477e-07
-1.39985e-06
-9.2389e-07
-1.51658e-06
-9.58883e-07
-1.62168e-06
-9.73258e-07
-1.71676e-06
-9.73251e-07
-1.80412e-06
-9.64066e-07
-1.88563e-06
-9.49084e-07
-1.96259e-06
-9.30314e-07
-2.03576e-06
-9.08926e-07
-2.10563e-06
-8.85604e-07
-2.17245e-06
-8.60763e-07
-2.23634e-06
-8.34662e-07
-2.29738e-06
-8.07473e-07
-2.35559e-06
-7.79313e-07
-2.41099e-06
-7.50268e-07
-2.46359e-06
-7.20407e-07
-2.51339e-06
-6.89786e-07
-2.56041e-06
-6.58461e-07
-2.60465e-06
-6.26484e-07
-2.64615e-06
-5.93908e-07
-2.68492e-06
-5.60782e-07
-2.72098e-06
-5.27151e-07
-2.75438e-06
-4.93048e-07
-2.78514e-06
-4.58501e-07
-2.81329e-06
-4.23536e-07
-2.83888e-06
-3.8819e-07
-2.86192e-06
-3.52514e-07
-2.88245e-06
-3.16572e-07
-2.90052e-06
-2.80423e-07
-2.91614e-06
-2.4409e-07
-2.92935e-06
-2.07547e-07
-2.94017e-06
-1.70732e-07
-2.9486e-06
-1.33599e-07
-2.95465e-06
-9.61663e-08
-2.95831e-06
-5.84298e-08
-2.00281e-08
1.64492e-06
-1.90996e-08
1.64074e-06
-5.63922e-08
1.63382e-06
-9.31613e-08
1.62419e-06
-1.29505e-07
1.61187e-06
-1.65342e-07
1.59688e-06
-2.00609e-07
1.57924e-06
-2.35294e-07
1.55896e-06
-2.69397e-07
1.53606e-06
-3.02898e-07
1.51055e-06
-3.35741e-07
1.48247e-06
-3.6785e-07
1.45183e-06
-3.99149e-07
1.41867e-06
-4.2957e-07
1.38302e-06
-4.59058e-07
1.34493e-06
-4.87568e-07
1.30445e-06
-5.15057e-07
1.26163e-06
-5.41481e-07
1.21652e-06
-5.66796e-07
1.16919e-06
-5.90957e-07
1.11971e-06
-6.1392e-07
1.06812e-06
-6.35633e-07
1.01449e-06
-6.56031e-07
9.58854e-07
-6.75008e-07
9.01208e-07
-6.92374e-07
8.4152e-07
-7.07782e-07
7.79714e-07
-7.20621e-07
7.15714e-07
-7.29865e-07
6.49589e-07
-7.33951e-07
5.81832e-07
-7.30844e-07
5.13662e-07
-7.18705e-07
4.47012e-07
-6.98628e-07
3.83375e-07
-6.74331e-07
3.23397e-07
-6.49371e-07
2.66973e-07
-6.26095e-07
2.13639e-07
-6.05336e-07
1.62877e-07
-5.86916e-07
1.14254e-07
-5.70235e-07
6.74595e-08
-5.54646e-07
2.2286e-08
-5.39632e-07
-2.14013e-08
-5.24865e-07
-6.36802e-08
-5.10049e-07
-1.04571e-07
-4.94827e-07
-1.44041e-07
-4.79185e-07
-1.82098e-07
-4.63076e-07
-2.18739e-07
-4.46555e-07
-2.53956e-07
-4.29672e-07
-2.87746e-07
-4.12502e-07
-3.20114e-07
-3.95154e-07
-3.51084e-07
-3.77782e-07
-3.80712e-07
-3.60624e-07
-4.09169e-07
-3.44132e-07
-4.36676e-07
-3.29465e-07
-4.63685e-07
-3.17396e-07
-4.91353e-07
-3.11322e-07
-5.22779e-07
-3.20529e-07
-5.58485e-07
-3.4165e-07
-5.99357e-07
-3.69859e-07
-6.46737e-07
-4.03377e-07
-7.0282e-07
-4.41615e-07
-7.7152e-07
-4.84042e-07
-8.64274e-07
-5.29057e-07
-9.28193e-07
-5.80381e-07
-1.01967e-06
-6.52879e-07
-1.13454e-06
-7.26146e-07
-1.2615e-06
-7.94677e-07
-1.38672e-06
-8.49363e-07
-1.50235e-06
-8.81953e-07
-1.60647e-06
-8.95661e-07
-1.7006e-06
-8.96124e-07
-1.78703e-06
-8.8811e-07
-1.86767e-06
-8.74736e-07
-1.94385e-06
-8.57851e-07
-2.01641e-06
-8.38536e-07
-2.08582e-06
-8.17425e-07
-2.15238e-06
-7.949e-07
-2.21623e-06
-7.712e-07
-2.27743e-06
-7.4648e-07
-2.33601e-06
-7.20845e-07
-2.39196e-06
-6.94372e-07
-2.44528e-06
-6.67119e-07
-2.49595e-06
-6.39134e-07
-2.54395e-06
-6.10463e-07
-2.58928e-06
-5.81152e-07
-2.63194e-06
-5.51246e-07
-2.67194e-06
-5.2079e-07
-2.70926e-06
-4.89822e-07
-2.74394e-06
-4.58373e-07
-2.77597e-06
-4.26468e-07
-2.80537e-06
-3.94132e-07
-2.83216e-06
-3.614e-07
-2.85635e-06
-3.28322e-07
-2.87796e-06
-2.94959e-07
-2.89701e-06
-2.6137e-07
-2.91352e-06
-2.27578e-07
-2.9275e-06
-1.93562e-07
-2.93896e-06
-1.59266e-07
-2.94791e-06
-1.24651e-07
-2.95434e-06
-8.97379e-08
-2.95823e-06
-5.45324e-08
-1.87033e-08
1.64487e-06
-1.76333e-08
1.64053e-06
-5.20564e-08
1.63337e-06
-8.59927e-08
1.62339e-06
-1.19529e-07
1.61064e-06
-1.52588e-07
1.59514e-06
-1.85106e-07
1.57691e-06
-2.1707e-07
1.55599e-06
-2.48478e-07
1.53241e-06
-2.7931e-07
1.50618e-06
-3.09513e-07
1.47735e-06
-3.39017e-07
1.44595e-06
-3.67748e-07
1.41202e-06
-3.95645e-07
1.37562e-06
-4.22657e-07
1.33679e-06
-4.48743e-07
1.2956e-06
-4.73866e-07
1.2521e-06
-4.97986e-07
1.20636e-06
-5.21066e-07
1.15845e-06
-5.43065e-07
1.10845e-06
-5.63947e-07
1.05641e-06
-5.83668e-07
1.0024e-06
-6.02171e-07
9.46483e-07
-6.19361e-07
8.88663e-07
-6.35065e-07
8.28923e-07
-6.48962e-07
7.67203e-07
-6.60479e-07
7.03447e-07
-6.68657e-07
6.37746e-07
-6.72037e-07
5.70618e-07
-6.68746e-07
5.03286e-07
-6.5714e-07
4.37593e-07
-6.38447e-07
3.74924e-07
-6.16068e-07
3.15841e-07
-5.93227e-07
2.60203e-07
-5.72004e-07
2.07548e-07
-5.53103e-07
1.57375e-07
-5.36333e-07
1.09275e-07
-5.21134e-07
6.29552e-08
-5.06916e-07
1.82206e-08
-4.93211e-07
-2.50567e-08
-4.79723e-07
-6.69582e-08
-4.66167e-07
-1.07475e-07
-4.52265e-07
-1.46625e-07
-4.37966e-07
-1.84385e-07
-4.23256e-07
-2.20748e-07
-4.0816e-07
-2.55704e-07
-3.92728e-07
-2.89244e-07
-3.7703e-07
-3.2137e-07
-3.61168e-07
-3.521e-07
-3.45284e-07
-3.8149e-07
-3.29597e-07
-4.09709e-07
-3.14527e-07
-4.36979e-07
-3.01128e-07
-4.6375e-07
-2.9012e-07
-4.91187e-07
-2.84636e-07
-5.22386e-07
-2.93219e-07
-5.5783e-07
-3.12578e-07
-5.98377e-07
-3.38363e-07
-6.45337e-07
-3.6897e-07
-7.00895e-07
-4.03866e-07
-7.68956e-07
-4.42564e-07
-8.6099e-07
-4.83512e-07
-9.23284e-07
-5.30336e-07
-1.01283e-06
-5.96385e-07
-1.12565e-06
-6.63269e-07
-1.25063e-06
-7.25907e-07
-1.37403e-06
-7.76156e-07
-1.48826e-06
-8.0632e-07
-1.59125e-06
-8.19188e-07
-1.68452e-06
-8.19901e-07
-1.77033e-06
-8.12837e-07
-1.85056e-06
-8.00861e-07
-1.92649e-06
-7.85678e-07
-1.99894e-06
-7.68276e-07
-2.06838e-06
-7.49234e-07
-2.13509e-06
-7.28897e-07
-2.19921e-06
-7.07478e-07
-2.26079e-06
-6.85115e-07
-2.31985e-06
-6.61899e-07
-2.37638e-06
-6.37896e-07
-2.43037e-06
-6.13156e-07
-2.4818e-06
-5.8772e-07
-2.53064e-06
-5.61627e-07
-2.57688e-06
-5.34917e-07
-2.62049e-06
-5.07629e-07
-2.66148e-06
-4.79803e-07
-2.69982e-06
-4.51474e-07
-2.73553e-06
-4.22669e-07
-2.76858e-06
-3.93412e-07
-2.79899e-06
-3.63724e-07
-2.82674e-06
-3.3364e-07
-2.85186e-06
-3.03206e-07
-2.87433e-06
-2.72482e-07
-2.89418e-06
-2.41523e-07
-2.9114e-06
-2.10353e-07
-2.926e-06
-1.78955e-07
-2.93799e-06
-1.47276e-07
-2.94736e-06
-1.15285e-07
-2.95409e-06
-8.30059e-08
-2.95817e-06
-5.04491e-08
-1.73129e-08
1.64483e-06
-1.61254e-08
1.64037e-06
-4.7599e-08
1.633e-06
-7.86246e-08
1.62275e-06
-1.0928e-07
1.60966e-06
-1.39491e-07
1.59375e-06
-1.69198e-07
1.57507e-06
-1.98385e-07
1.55364e-06
-2.27051e-07
1.52951e-06
-2.55176e-07
1.50271e-06
-2.82711e-07
1.47328e-06
-3.0959e-07
1.44128e-06
-3.35746e-07
1.40676e-06
-3.61122e-07
1.36977e-06
-3.85673e-07
1.33039e-06
-4.09362e-07
1.28868e-06
-4.32155e-07
1.24471e-06
-4.54019e-07
1.19855e-06
-4.74921e-07
1.1503e-06
-4.94826e-07
1.10001e-06
-5.13701e-07
1.04778e-06
-5.31509e-07
9.93659e-07
-5.48197e-07
9.37692e-07
-5.63678e-07
8.79886e-07
-5.77789e-07
8.20204e-07
-5.90229e-07
7.58564e-07
-6.00466e-07
6.94897e-07
-6.07611e-07
6.29299e-07
-6.10328e-07
5.6233e-07
-6.06923e-07
4.95276e-07
-5.95963e-07
4.29981e-07
-5.7875e-07
3.67797e-07
-5.58353e-07
3.09231e-07
-5.37657e-07
2.54109e-07
-5.18481e-07
2.01949e-07
-5.01417e-07
1.52246e-07
-4.86268e-07
1.0459e-07
-4.72523e-07
5.86889e-08
-4.59649e-07
1.43508e-08
-4.47229e-07
-2.85485e-08
-4.35001e-07
-7.00767e-08
-4.227e-07
-1.10252e-07
-4.10087e-07
-1.49075e-07
-3.97114e-07
-1.86533e-07
-3.8377e-07
-2.22612e-07
-3.70077e-07
-2.57297e-07
-3.56079e-07
-2.90576e-07
-3.4184e-07
-3.2245e-07
-3.27454e-07
-3.52934e-07
-3.1305e-07
-3.82083e-07
-2.98828e-07
-4.10067e-07
-2.85174e-07
-4.37106e-07
-2.73038e-07
-4.63654e-07
-2.63086e-07
-4.90872e-07
-2.58176e-07
-5.21851e-07
-2.66098e-07
-5.57046e-07
-2.83703e-07
-5.97293e-07
-3.07094e-07
-6.43886e-07
-3.34832e-07
-6.98994e-07
-3.66439e-07
-7.66452e-07
-4.01486e-07
-8.57421e-07
-4.38501e-07
-9.18708e-07
-4.80898e-07
-1.0069e-06
-5.40639e-07
-1.11816e-06
-6.01182e-07
-1.24156e-06
-6.57938e-07
-1.36393e-06
-7.03658e-07
-1.47748e-06
-7.31316e-07
-1.57993e-06
-7.43308e-07
-1.67273e-06
-7.44238e-07
-1.75809e-06
-7.38078e-07
-1.83792e-06
-7.27439e-07
-1.91352e-06
-7.13873e-07
-1.98572e-06
-6.98284e-07
-2.05503e-06
-6.81198e-07
-2.12171e-06
-6.6293e-07
-2.18592e-06
-6.43673e-07
-2.2477e-06
-6.23551e-07
-2.30707e-06
-6.02645e-07
-2.36401e-06
-5.81011e-07
-2.4185e-06
-5.58693e-07
-2.47051e-06
-5.35725e-07
-2.52e-06
-5.1214e-07
-2.56695e-06
-4.87973e-07
-2.61132e-06
-4.63257e-07
-2.65309e-06
-4.38028e-07
-2.69225e-06
-4.12316e-07
-2.72877e-06
-3.86146e-07
-2.76264e-06
-3.59538e-07
-2.79385e-06
-3.32513e-07
-2.82239e-06
-3.05101e-07
-2.84824e-06
-2.77349e-07
-2.87141e-06
-2.4931e-07
-2.89189e-06
-2.21037e-07
-2.90969e-06
-1.92554e-07
-2.9248e-06
-1.63845e-07
-2.93721e-06
-1.34864e-07
-2.94691e-06
-1.05583e-07
-2.95388e-06
-7.60284e-08
-2.95811e-06
-4.62148e-08
-1.58691e-08
1.64479e-06
-1.45842e-08
1.64024e-06
-4.30447e-08
1.63271e-06
-7.10979e-08
1.62225e-06
-9.88134e-08
1.60888e-06
-1.26122e-07
1.59265e-06
-1.52966e-07
1.5736e-06
-1.79333e-07
1.55176e-06
-2.05218e-07
1.52719e-06
-2.30604e-07
1.49993e-06
-2.55445e-07
1.47002e-06
-2.79681e-07
1.43753e-06
-3.03251e-07
1.40251e-06
-3.26103e-07
1.36503e-06
-3.48197e-07
1.32517e-06
-3.69498e-07
1.28299e-06
-3.89979e-07
1.23858e-06
-4.09608e-07
1.192e-06
-4.28357e-07
1.14336e-06
-4.46196e-07
1.09272e-06
-4.63097e-07
1.04016e-06
-4.79027e-07
9.85746e-07
-4.9394e-07
9.29533e-07
-5.07757e-07
8.71531e-07
-5.20332e-07
8.11717e-07
-5.31392e-07
7.50028e-07
-5.40449e-07
6.86418e-07
-5.46695e-07
6.21014e-07
-5.48909e-07
5.54397e-07
-5.45561e-07
4.8785e-07
-5.35397e-07
4.23147e-07
-5.19725e-07
3.61563e-07
-5.013e-07
3.03552e-07
-4.82694e-07
2.48919e-07
-4.65498e-07
1.9719e-07
-4.50211e-07
1.47872e-07
-4.36636e-07
1.0057e-07
-4.24311e-07
5.50013e-08
-4.12758e-07
1.09797e-08
-4.01607e-07
-3.16144e-08
-3.90627e-07
-7.28455e-08
-3.79572e-07
-1.12733e-07
-3.68236e-07
-1.51276e-07
-3.56577e-07
-1.88464e-07
-3.44587e-07
-2.2428e-07
-3.32284e-07
-2.58709e-07
-3.1971e-07
-2.9174e-07
-3.06921e-07
-3.23371e-07
-2.94001e-07
-3.53621e-07
-2.81068e-07
-3.82545e-07
-2.68302e-07
-4.10313e-07
-2.56053e-07
-4.37149e-07
-2.4517e-07
-4.63504e-07
-2.36261e-07
-4.90528e-07
-2.31912e-07
-5.21305e-07
-2.39143e-07
-5.56273e-07
-2.54999e-07
-5.96248e-07
-2.76019e-07
-6.42508e-07
-3.00923e-07
-6.97208e-07
-3.2929e-07
-7.64138e-07
-3.60741e-07
-8.54178e-07
-3.93915e-07
-9.14641e-07
-4.31962e-07
-1.00172e-06
-4.85523e-07
-1.11167e-06
-5.39844e-07
-1.23374e-06
-5.90842e-07
-1.3554e-06
-6.32104e-07
-1.46812e-06
-6.57123e-07
-1.56993e-06
-6.68074e-07
-1.66226e-06
-6.69072e-07
-1.74729e-06
-6.63689e-07
-1.82689e-06
-6.54275e-07
-1.90236e-06
-6.4223e-07
-1.9745e-06
-6.28365e-07
-2.04383e-06
-6.13153e-07
-2.11061e-06
-5.96877e-07
-2.17498e-06
-5.79708e-07
-2.23699e-06
-5.61754e-07
-2.29667e-06
-5.43088e-07
-2.35398e-06
-5.23757e-07
-2.4089e-06
-5.03798e-07
-2.4614e-06
-4.83242e-07
-2.51143e-06
-4.62116e-07
-2.55895e-06
-4.40449e-07
-2.60394e-06
-4.18272e-07
-2.64635e-06
-3.95615e-07
-2.68616e-06
-3.72504e-07
-2.72334e-06
-3.48961e-07
-2.75787e-06
-3.25005e-07
-2.78973e-06
-3.00655e-07
-2.81889e-06
-2.75938e-07
-2.84534e-06
-2.50896e-07
-2.86906e-06
-2.2558e-07
-2.89006e-06
-2.00039e-07
-2.90832e-06
-1.74294e-07
-2.92383e-06
-1.48332e-07
-2.93658e-06
-1.22112e-07
-2.94655e-06
-9.56105e-08
-2.95372e-06
-6.88537e-08
-2.95807e-06
-4.18593e-08
-1.43818e-08
1.64477e-06
-1.30166e-08
1.64014e-06
-3.84135e-08
1.63249e-06
-6.34452e-08
1.62185e-06
-8.81735e-08
1.60826e-06
-1.12535e-07
1.59177e-06
-1.36477e-07
1.57243e-06
-1.59986e-07
1.55027e-06
-1.8306e-07
1.52535e-06
-2.05681e-07
1.49771e-06
-2.27808e-07
1.46742e-06
-2.49387e-07
1.43453e-06
-2.70362e-07
1.39911e-06
-2.90688e-07
1.36124e-06
-3.10328e-07
1.321e-06
-3.29253e-07
1.27846e-06
-3.47438e-07
1.2337e-06
-3.64856e-07
1.18682e-06
-3.81481e-07
1.13789e-06
-3.97289e-07
1.08701e-06
-4.12255e-07
1.03426e-06
-4.26351e-07
9.79696e-07
-4.39535e-07
9.23376e-07
-4.51737e-07
8.6531e-07
-4.62825e-07
8.05466e-07
-4.72549e-07
7.43773e-07
-4.8047e-07
6.8018e-07
-4.85858e-07
6.14822e-07
-4.87621e-07
5.4831e-07
-4.84404e-07
4.81964e-07
-4.75127e-07
4.17551e-07
-4.61063e-07
3.56311e-07
-4.44648e-07
2.9866e-07
-4.28139e-07
2.44379e-07
-4.12912e-07
1.92984e-07
-3.99382e-07
1.43982e-07
-3.87364e-07
9.69807e-08
-3.76442e-07
5.17002e-08
-3.66195e-07
7.95724e-09
-3.563e-07
-3.4365e-08
-3.4656e-07
-7.53305e-08
-3.36743e-07
-1.14959e-07
-3.26675e-07
-1.5325e-07
-3.16321e-07
-1.90192e-07
-3.05674e-07
-2.25771e-07
-2.94753e-07
-2.5997e-07
-2.83592e-07
-2.92779e-07
-2.72243e-07
-3.24196e-07
-2.60781e-07
-3.5424e-07
-2.49309e-07
-3.82965e-07
-2.3799e-07
-4.10543e-07
-2.27135e-07
-4.37199e-07
-2.17493e-07
-4.6339e-07
-2.09612e-07
-4.90231e-07
-2.05831e-07
-5.2081e-07
-2.12345e-07
-5.55553e-07
-2.26454e-07
-5.95265e-07
-2.45121e-07
-6.41209e-07
-2.6722e-07
-6.95534e-07
-2.92384e-07
-7.62004e-07
-3.2028e-07
-8.51268e-07
-3.49662e-07
-9.11085e-07
-3.83404e-07
-9.97303e-07
-4.30859e-07
-1.10624e-06
-4.79007e-07
-1.22725e-06
-5.24244e-07
-1.34812e-06
-5.6093e-07
-1.46035e-06
-5.83309e-07
-1.56182e-06
-5.93179e-07
-1.65388e-06
-5.94205e-07
-1.7387e-06
-5.89552e-07
-1.81813e-06
-5.81311e-07
-1.89347e-06
-5.70727e-07
-1.96556e-06
-5.58524e-07
-2.03488e-06
-5.45122e-07
-2.10172e-06
-5.30771e-07
-2.16621e-06
-5.15624e-07
-2.22841e-06
-4.99776e-07
-2.28832e-06
-4.83289e-07
-2.34593e-06
-4.66206e-07
-2.4012e-06
-4.48556e-07
-2.45409e-06
-4.30366e-07
-2.50456e-06
-4.1166e-07
-2.55255e-06
-3.9246e-07
-2.59802e-06
-3.72795e-07
-2.64094e-06
-3.5269e-07
-2.68128e-06
-3.32168e-07
-2.71899e-06
-3.11248e-07
-2.75404e-06
-2.89946e-07
-2.78642e-06
-2.6828e-07
-2.81608e-06
-2.46274e-07
-2.843e-06
-2.23967e-07
-2.86718e-06
-2.01404e-07
-2.88858e-06
-1.78629e-07
-2.90721e-06
-1.55664e-07
-2.92304e-06
-1.32495e-07
-2.93607e-06
-1.09087e-07
-2.94625e-06
-8.54204e-08
-2.95358e-06
-6.152e-08
-2.95804e-06
-3.74056e-08
-1.28592e-08
1.64475e-06
-1.14279e-08
1.64006e-06
-3.37211e-08
1.6323e-06
-5.56925e-08
1.62153e-06
-7.73963e-08
1.60777e-06
-9.87753e-08
1.59108e-06
-1.19783e-07
1.5715e-06
-1.40407e-07
1.54908e-06
-1.60643e-07
1.52388e-06
-1.80477e-07
1.49594e-06
-1.99872e-07
1.46534e-06
-2.18781e-07
1.43213e-06
-2.37153e-07
1.39639e-06
-2.54949e-07
1.3582e-06
-2.72137e-07
1.31763e-06
-2.8869e-07
1.27478e-06
-3.04588e-07
1.22973e-06
-3.19807e-07
1.18257e-06
-3.34325e-07
1.13338e-06
-3.48122e-07
1.08226e-06
-3.61175e-07
1.02929e-06
-3.7346e-07
9.74536e-07
-3.84943e-07
9.18053e-07
-3.95561e-07
8.59853e-07
-4.05196e-07
7.9991e-07
-4.13629e-07
7.38161e-07
-4.20471e-07
6.74566e-07
-4.25074e-07
6.09277e-07
-4.26476e-07
5.42924e-07
-4.23491e-07
4.76839e-07
-4.15197e-07
4.12751e-07
-4.02789e-07
3.51857e-07
-3.88389e-07
2.94537e-07
-3.73957e-07
2.40559e-07
-3.6067e-07
1.8944e-07
-3.48869e-07
1.40692e-07
-3.38383e-07
9.39297e-08
-3.28848e-07
4.88781e-08
-3.19896e-07
5.35789e-09
-3.1125e-07
-3.67417e-08
-3.02748e-07
-7.74874e-08
-2.94163e-07
-1.16899e-07
-2.85357e-07
-1.54977e-07
-2.76303e-07
-1.91709e-07
-2.66996e-07
-2.2708e-07
-2.5745e-07
-2.61076e-07
-2.47697e-07
-2.93687e-07
-2.37781e-07
-3.24914e-07
-2.27767e-07
-3.54775e-07
-2.17747e-07
-3.83329e-07
-2.07862e-07
-4.1075e-07
-1.98387e-07
-4.37261e-07
-1.8997e-07
-4.63323e-07
-1.83095e-07
-4.90004e-07
-1.79906e-07
-5.20409e-07
-1.85672e-07
-5.54953e-07
-1.98036e-07
-5.94427e-07
-2.14365e-07
-6.40084e-07
-2.33685e-07
-6.94068e-07
-2.55676e-07
-7.60079e-07
-2.8005e-07
-8.48726e-07
-3.05692e-07
-9.07988e-07
-3.35153e-07
-9.93474e-07
-3.76552e-07
-1.10157e-06
-4.18571e-07
-1.22169e-06
-4.58079e-07
-1.34204e-06
-4.90187e-07
-1.45382e-06
-5.09841e-07
-1.55499e-06
-5.18579e-07
-1.64683e-06
-5.19571e-07
-1.7315e-06
-5.15589e-07
-1.81083e-06
-5.08465e-07
-1.88613e-06
-4.99291e-07
-1.95821e-06
-4.887e-07
-2.02757e-06
-4.7706e-07
-2.09448e-06
-4.64589e-07
-2.1591e-06
-4.51418e-07
-2.22146e-06
-4.37632e-07
-2.28159e-06
-4.23282e-07
-2.33945e-06
-4.08405e-07
-2.39501e-06
-3.93027e-07
-2.44822e-06
-3.77168e-07
-2.49904e-06
-3.60851e-07
-2.5474e-06
-3.44094e-07
-2.59328e-06
-3.2692e-07
-2.63661e-06
-3.09352e-07
-2.67737e-06
-2.9141e-07
-2.7155e-06
-2.73109e-07
-2.75098e-06
-2.54465e-07
-2.78377e-06
-2.35491e-07
-2.81383e-06
-2.1621e-07
-2.84114e-06
-1.96656e-07
-2.86567e-06
-1.7687e-07
-2.8874e-06
-1.56891e-07
-2.90633e-06
-1.36738e-07
-2.92242e-06
-1.164e-07
-2.93566e-06
-9.58447e-08
-2.94602e-06
-7.50564e-08
-2.95348e-06
-5.40594e-08
-2.95801e-06
-3.28733e-08
-1.13076e-08
1.64473e-06
-9.82237e-09
1.63999e-06
-2.89803e-08
1.63216e-06
-4.78608e-08
1.62127e-06
-6.65104e-08
1.60738e-06
-8.48794e-08
1.59052e-06
-1.02927e-07
1.57076e-06
-1.20641e-07
1.54814e-06
-1.38021e-07
1.52271e-06
-1.5505e-07
1.49454e-06
-1.71699e-07
1.46368e-06
-1.87926e-07
1.43022e-06
-2.03688e-07
1.39422e-06
-2.1895e-07
1.35577e-06
-2.33685e-07
1.31495e-06
-2.47871e-07
1.27185e-06
-2.6149e-07
1.22656e-06
-2.74521e-07
1.17917e-06
-2.86947e-07
1.12978e-06
-2.98749e-07
1.07848e-06
-3.0991e-07
1.02534e-06
-3.20408e-07
9.70453e-07
-3.30215e-07
9.13855e-07
-3.39275e-07
8.55565e-07
-3.47487e-07
7.95556e-07
-3.54662e-07
7.33763e-07
-3.60459e-07
6.7015e-07
-3.6432e-07
6.04879e-07
-3.65415e-07
5.38601e-07
-3.62729e-07
4.72667e-07
-3.55491e-07
4.08792e-07
-3.44783e-07
3.48141e-07
-3.32418e-07
2.91069e-07
-3.2006e-07
2.37326e-07
-3.08698e-07
1.86427e-07
-2.9861e-07
1.37887e-07
-2.89644e-07
9.1323e-08
-2.81484e-07
4.64613e-08
-2.73817e-07
3.12066e-09
-2.66407e-07
-3.87871e-08
-2.59153e-07
-7.93485e-08
-2.51792e-07
-1.1858e-07
-2.44243e-07
-1.5648e-07
-2.36486e-07
-1.93037e-07
-2.28513e-07
-2.28237e-07
-2.20338e-07
-2.62065e-07
-2.11988e-07
-2.94512e-07
-2.03499e-07
-3.25579e-07
-1.9493e-07
-3.55285e-07
-1.86356e-07
-3.83689e-07
-1.77898e-07
-4.10966e-07
-1.69793e-07
-4.37343e-07
-1.6259e-07
-4.63277e-07
-1.56709e-07
-4.89827e-07
-1.54104e-07
-5.20092e-07
-1.5909e-07
-5.54472e-07
-1.69706e-07
-5.93743e-07
-1.8371e-07
-6.39144e-07
-2.00275e-07
-6.92811e-07
-2.19127e-07
-7.58434e-07
-2.40013e-07
-8.46467e-07
-2.61939e-07
-9.05205e-07
-2.87145e-07
-9.90082e-07
-3.22509e-07
-1.09751e-06
-3.58422e-07
-1.21692e-06
-3.92219e-07
-1.33688e-06
-4.19732e-07
-1.4484e-06
-4.36622e-07
-1.54937e-06
-4.44167e-07
-1.64108e-06
-4.45083e-07
-1.72566e-06
-4.41737e-07
-1.80494e-06
-4.35697e-07
-1.8802e-06
-4.27898e-07
-1.95229e-06
-4.18883e-07
-2.02168e-06
-4.08967e-07
-2.08867e-06
-3.98337e-07
-2.1534e-06
-3.87106e-07
-2.21591e-06
-3.75345e-07
-2.27621e-06
-3.63099e-07
-2.33428e-06
-3.50397e-07
-2.39007e-06
-3.37261e-07
-2.44355e-06
-3.23709e-07
-2.49464e-06
-3.09758e-07
-2.54331e-06
-2.95424e-07
-2.5895e-06
-2.80727e-07
-2.63317e-06
-2.65685e-07
-2.67426e-06
-2.50316e-07
-2.71273e-06
-2.34633e-07
-2.74855e-06
-2.18647e-07
-2.78166e-06
-2.02373e-07
-2.81204e-06
-1.85828e-07
-2.83965e-06
-1.69043e-07
-2.86447e-06
-1.52053e-07
-2.88646e-06
-1.34892e-07
-2.90562e-06
-1.17577e-07
-2.92192e-06
-1.00098e-07
-2.93533e-06
-8.24284e-08
-2.94583e-06
-6.45542e-08
-2.95339e-06
-4.64978e-08
-2.95798e-06
-2.82783e-08
-9.73232e-09
1.64472e-06
-8.20363e-09
1.63994e-06
-2.42016e-08
1.63205e-06
-3.99672e-08
1.62108e-06
-5.55395e-08
1.60707e-06
-7.08765e-08
1.59009e-06
-8.59434e-08
1.57018e-06
-1.00731e-07
1.5474e-06
-1.15236e-07
1.52179e-06
-1.29447e-07
1.49343e-06
-1.43338e-07
1.46238e-06
-1.56874e-07
1.42871e-06
-1.70019e-07
1.39251e-06
-1.82744e-07
1.35385e-06
-1.95026e-07
1.31282e-06
-2.06846e-07
1.26952e-06
-2.18189e-07
1.22404e-06
-2.2904e-07
1.17646e-06
-2.39383e-07
1.1269e-06
-2.49202e-07
1.07543e-06
-2.58485e-07
1.02215e-06
-2.67212e-07
9.67134e-07
-2.7536e-07
9.10425e-07
-2.82883e-07
8.52043e-07
-2.89695e-07
7.91961e-07
-2.95638e-07
7.30119e-07
-3.00424e-07
6.66484e-07
-3.03586e-07
6.01229e-07
-3.04426e-07
5.35023e-07
-3.02101e-07
4.69227e-07
-2.95982e-07
4.05535e-07
-2.87009e-07
3.4509e-07
-2.76688e-07
2.8822e-07
-2.66397e-07
2.34668e-07
-2.56947e-07
1.83947e-07
-2.48559e-07
1.35577e-07
-2.41103e-07
8.91789e-08
-2.34315e-07
4.44898e-08
-2.27937e-07
1.33219e-09
-2.21773e-07
-4.04589e-08
-2.15699e-07
-8.089e-08
-2.09573e-07
-1.19982e-07
-2.03289e-07
-1.5774e-07
-1.96829e-07
-1.94156e-07
-1.9019e-07
-2.29216e-07
-1.83383e-07
-2.62908e-07
-1.7643e-07
-2.95225e-07
-1.69364e-07
-3.26166e-07
-1.62232e-07
-3.55753e-07
-1.55097e-07
-3.84041e-07
-1.48061e-07
-4.11206e-07
-1.41321e-07
-4.37469e-07
-1.3533e-07
-4.63291e-07
-1.30437e-07
-4.89752e-07
-1.28381e-07
-5.19912e-07
-1.32565e-07
-5.54165e-07
-1.41423e-07
-5.93275e-07
-1.53103e-07
-6.3846e-07
-1.66922e-07
-6.9183e-07
-1.82658e-07
-7.5706e-07
-2.00062e-07
-8.44443e-07
-2.18357e-07
-9.02648e-07
-2.39459e-07
-9.86974e-07
-2.68715e-07
-1.09393e-06
-2.9845e-07
-1.21284e-06
-3.26547e-07
-1.33263e-06
-3.49471e-07
-1.44392e-06
-3.6355e-07
-1.54478e-06
-3.69878e-07
-1.63642e-06
-3.70692e-07
-1.72095e-06
-3.67955e-07
-1.8002e-06
-3.62971e-07
-1.87546e-06
-3.5652e-07
-1.94756e-06
-3.49054e-07
-2.017e-06
-3.40836e-07
-2.08406e-06
-3.32022e-07
-2.14887e-06
-3.22704e-07
-2.2115e-06
-3.12942e-07
-2.27194e-06
-3.02773e-07
-2.33018e-06
-2.92222e-07
-2.38617e-06
-2.81306e-07
-2.43985e-06
-2.70041e-07
-2.49117e-06
-2.58438e-07
-2.54008e-06
-2.46513e-07
-2.58653e-06
-2.34281e-07
-2.63045e-06
-2.21758e-07
-2.67181e-06
-2.08956e-07
-2.71055e-06
-1.95889e-07
-2.74663e-06
-1.82565e-07
-2.78001e-06
-1.68995e-07
-2.81064e-06
-1.55195e-07
-2.83848e-06
-1.41191e-07
-2.86352e-06
-1.27012e-07
-2.88572e-06
-1.12688e-07
-2.90507e-06
-9.82311e-08
-2.92153e-06
-8.36343e-08
-2.93508e-06
-6.88754e-08
-2.94568e-06
-5.3943e-08
-2.95332e-06
-3.88566e-08
-2.95796e-06
-2.36336e-08
-8.13761e-09
1.64471e-06
-6.57458e-09
1.6399e-06
-1.93935e-08
1.63196e-06
-3.20258e-08
1.62092e-06
-4.4503e-08
1.60684e-06
-5.67909e-08
1.58976e-06
-6.88616e-08
1.56973e-06
-8.0707e-08
1.54683e-06
-9.23253e-08
1.52109e-06
-1.03707e-07
1.49258e-06
-1.14831e-07
1.46137e-06
-1.25668e-07
1.42755e-06
-1.36191e-07
1.39118e-06
-1.46375e-07
1.35236e-06
-1.56202e-07
1.31117e-06
-1.65658e-07
1.26771e-06
-1.7473e-07
1.22207e-06
-1.83405e-07
1.17435e-06
-1.91672e-07
1.12465e-06
-1.99519e-07
1.07305e-06
-2.06933e-07
1.01966e-06
-2.13902e-07
9.64536e-07
-2.20405e-07
9.07739e-07
-2.26406e-07
8.49283e-07
-2.31837e-07
7.89142e-07
-2.36567e-07
7.27256e-07
-2.40368e-07
6.63597e-07
-2.42861e-07
5.98344e-07
-2.43486e-07
5.32181e-07
-2.41571e-07
4.6648e-07
-2.36619e-07
4.02924e-07
-2.2941e-07
3.42632e-07
-2.21143e-07
2.85916e-07
-2.12915e-07
2.32509e-07
-2.05367e-07
1.81923e-07
-1.98669e-07
1.33679e-07
-1.92714e-07
8.74022e-08
-1.87291e-07
4.28284e-08
-1.82195e-07
-2.21087e-10
-1.77267e-07
-4.18846e-08
-1.7239e-07
-8.21963e-08
-1.67492e-07
-1.21171e-07
-1.6247e-07
-1.58812e-07
-1.57306e-07
-1.95111e-07
-1.52e-07
-2.30054e-07
-1.46559e-07
-2.63631e-07
-1.41002e-07
-2.95835e-07
-1.35354e-07
-3.26668e-07
-1.29654e-07
-3.56151e-07
-1.23952e-07
-3.84345e-07
-1.18329e-07
-4.11421e-07
-1.12945e-07
-4.37599e-07
-1.0816e-07
-4.6333e-07
-1.04257e-07
-4.89745e-07
-1.02694e-07
-5.19847e-07
-1.06053e-07
-5.54023e-07
-1.13138e-07
-5.93033e-07
-1.22462e-07
-6.38079e-07
-1.33475e-07
-6.91194e-07
-1.46014e-07
-7.56019e-07
-1.59768e-07
-8.43182e-07
-1.74236e-07
-8.99651e-07
-1.93322e-07
-9.83753e-07
-2.15418e-07
-1.09071e-06
-2.38617e-07
-1.20947e-06
-2.60979e-07
-1.32914e-06
-2.79461e-07
-1.44041e-06
-2.90625e-07
-1.5412e-06
-2.95693e-07
-1.63279e-06
-2.96379e-07
-1.71728e-06
-2.94231e-07
-1.7965e-06
-2.90283e-07
-1.87176e-06
-2.85157e-07
-1.94388e-06
-2.79218e-07
-2.01335e-06
-2.72675e-07
-2.08046e-06
-2.65653e-07
-2.14535e-06
-2.58227e-07
-2.20808e-06
-2.50445e-07
-2.26864e-06
-2.42334e-07
-2.327e-06
-2.33916e-07
-2.38314e-06
-2.25204e-07
-2.43698e-06
-2.16209e-07
-2.48848e-06
-2.06942e-07
-2.53758e-06
-1.97415e-07
-2.58422e-06
-1.87639e-07
-2.62835e-06
-1.77627e-07
-2.66991e-06
-1.6739e-07
-2.70886e-06
-1.56937e-07
-2.74515e-06
-1.46276e-07
-2.77872e-06
-1.35415e-07
-2.80955e-06
-1.24368e-07
-2.83758e-06
-1.13154e-07
-2.86279e-06
-1.01799e-07
-2.88515e-06
-9.03241e-08
-2.90464e-06
-7.87417e-08
-2.92122e-06
-6.70451e-08
-2.93488e-06
-5.52168e-08
-2.94557e-06
-4.32478e-08
-2.95327e-06
-3.11542e-08
-2.95795e-06
-1.89507e-08
-6.52737e-09
1.6447e-06
-4.93772e-09
1.63987e-06
-1.45635e-08
1.63189e-06
-2.40486e-08
1.62081e-06
-3.34171e-08
1.60666e-06
-4.26432e-08
1.58951e-06
-5.17058e-08
1.5694e-06
-6.05986e-08
1.54639e-06
-6.93204e-08
1.52055e-06
-7.78637e-08
1.49194e-06
-8.62127e-08
1.46061e-06
-9.43459e-08
1.42667e-06
-1.02242e-07
1.39017e-06
-1.09882e-07
1.35123e-06
-1.17254e-07
1.30991e-06
-1.24346e-07
1.26633e-06
-1.31148e-07
1.22057e-06
-1.37652e-07
1.17274e-06
-1.43848e-07
1.12293e-06
-1.49727e-07
1.07124e-06
-1.55282e-07
1.01775e-06
-1.60501e-07
9.62547e-07
-1.6537e-07
9.05678e-07
-1.69861e-07
8.47161e-07
-1.73923e-07
7.8697e-07
-1.77457e-07
7.25046e-07
-1.80292e-07
6.61364e-07
-1.8214e-07
5.96111e-07
-1.82583e-07
5.2998e-07
-1.81115e-07
4.64351e-07
-1.77369e-07
4.00898e-07
-1.71944e-07
3.40722e-07
-1.65739e-07
2.84121e-07
-1.59571e-07
2.30823e-07
-1.53917e-07
1.80337e-07
-1.489e-07
1.32187e-07
-1.44438e-07
8.59991e-08
-1.40374e-07
4.1508e-08
-1.36554e-07
-1.46362e-09
-1.32858e-07
-4.30226e-08
-1.29201e-07
-8.32339e-08
-1.25527e-07
-1.22114e-07
-1.2176e-07
-1.59664e-07
-1.17888e-07
-1.95875e-07
-1.13909e-07
-2.30736e-07
-1.0983e-07
-2.64233e-07
-1.05665e-07
-2.96358e-07
-1.01433e-07
-3.27113e-07
-9.71634e-08
-3.56519e-07
-9.28935e-08
-3.84634e-07
-8.86836e-08
-4.11635e-07
-8.46521e-08
-4.37737e-07
-8.10706e-08
-4.63386e-07
-7.816e-08
-4.89779e-07
-7.70255e-08
-5.19834e-07
-7.95573e-08
-5.53915e-07
-8.48871e-08
-5.92713e-07
-9.19064e-08
-6.37282e-07
-1.00205e-07
-6.89469e-07
-1.09638e-07
-7.53283e-07
-1.1999e-07
-8.5314e-07
-1.30819e-07
-8.91976e-07
-1.44155e-07
-9.79361e-07
-1.61371e-07
-1.08822e-06
-1.7899e-07
-1.20737e-06
-1.95805e-07
-1.32682e-06
-2.10016e-07
-1.43789e-06
-2.18007e-07
-1.53858e-06
-2.21666e-07
-1.6301e-06
-2.22161e-07
-1.71455e-06
-2.20567e-07
-1.79375e-06
-2.17631e-07
-1.86899e-06
-2.13813e-07
-1.94111e-06
-2.09381e-07
-2.01061e-06
-2.04496e-07
-2.07776e-06
-1.99249e-07
-2.14271e-06
-1.93698e-07
-2.2055e-06
-1.87877e-07
-2.26614e-06
-1.8181e-07
-2.32461e-06
-1.7551e-07
-2.38086e-06
-1.68989e-07
-2.43483e-06
-1.62254e-07
-2.48646e-06
-1.55313e-07
-2.5357e-06
-1.48175e-07
-2.58249e-06
-1.40849e-07
-2.62677e-06
-1.33345e-07
-2.66849e-06
-1.2567e-07
-2.70759e-06
-1.17831e-07
-2.74403e-06
-1.09834e-07
-2.77776e-06
-1.01686e-07
-2.80873e-06
-9.33957e-08
-2.8369e-06
-8.49794e-08
-2.86224e-06
-7.64554e-08
-2.88472e-06
-6.7841e-08
-2.90431e-06
-5.91446e-08
-2.92099e-06
-5.03615e-08
-2.93473e-06
-4.14785e-08
-2.94548e-06
-3.2489e-08
-2.95323e-06
-2.34054e-08
-2.95794e-06
-1.42385e-08
-4.90512e-09
1.64469e-06
-3.29523e-09
1.63985e-06
-9.71755e-09
1.63185e-06
-1.60458e-08
1.62073e-06
-2.22961e-08
1.60654e-06
-2.84513e-08
1.58933e-06
-3.44972e-08
1.56916e-06
-4.04297e-08
1.54609e-06
-4.62479e-08
1.52017e-06
-5.19468e-08
1.49148e-06
-5.75157e-08
1.46007e-06
-6.29403e-08
1.42604e-06
-6.8206e-08
1.38945e-06
-7.3301e-08
1.35042e-06
-7.8216e-08
1.30901e-06
-8.29437e-08
1.26534e-06
-8.74779e-08
1.2195e-06
-9.18123e-08
1.17158e-06
-9.5941e-08
1.12169e-06
-9.98581e-08
1.06993e-06
-1.03558e-07
1.01638e-06
-1.07034e-07
9.61111e-07
-1.10275e-07
9.04189e-07
-1.13265e-07
8.45625e-07
-1.15967e-07
7.85396e-07
-1.18317e-07
7.23443e-07
-1.20199e-07
6.59742e-07
-1.21422e-07
5.94486e-07
-1.21705e-07
5.28375e-07
-1.20712e-07
4.62797e-07
-1.182e-07
3.99416e-07
-1.14576e-07
3.39323e-07
-1.10437e-07
2.82804e-07
-1.06327e-07
2.29583e-07
-1.0256e-07
1.79168e-07
-9.92178e-08
1.31086e-07
-9.62455e-08
8.49625e-08
-9.35373e-08
4.05346e-08
-9.09912e-08
-2.37317e-09
-8.85276e-08
-4.38728e-08
-8.6094e-08
-8.40164e-08
-8.36436e-08
-1.22826e-07
-8.11324e-08
-1.60305e-07
-7.85511e-08
-1.96445e-07
-7.58987e-08
-2.31236e-07
-7.31796e-08
-2.64666e-07
-7.0403e-08
-2.96729e-07
-6.7582e-08
-3.27429e-07
-6.47362e-08
-3.56786e-07
-6.18919e-08
-3.84855e-07
-5.90901e-08
-4.11811e-07
-5.64093e-08
-4.37868e-07
-5.40297e-08
-4.63479e-07
-5.21008e-08
-4.89867e-07
-5.13542e-08
-5.19903e-07
-5.30492e-08
-5.5396e-07
-5.66034e-08
-5.9273e-07
-6.12808e-08
-6.37252e-07
-6.68039e-08
-6.89289e-07
-7.3071e-08
-7.52791e-07
-7.9953e-08
-8.52116e-07
-8.71143e-08
-8.8979e-07
-9.59737e-08
-9.77145e-07
-1.07488e-07
-1.08618e-06
-1.19291e-07
-1.20543e-06
-1.30634e-07
-1.32501e-06
-1.4052e-07
-1.43597e-06
-1.45547e-07
-1.53667e-06
-1.47679e-07
-1.6282e-06
-1.47968e-07
-1.71264e-06
-1.46931e-07
-1.79182e-06
-1.45003e-07
-1.86706e-06
-1.42482e-07
-1.93918e-06
-1.39548e-07
-2.00869e-06
-1.36308e-07
-2.07586e-06
-1.32825e-07
-2.14084e-06
-1.29136e-07
-2.20368e-06
-1.25267e-07
-2.26437e-06
-1.21231e-07
-2.32291e-06
-1.17038e-07
-2.37923e-06
-1.12697e-07
-2.43329e-06
-1.08213e-07
-2.48501e-06
-1.0359e-07
-2.53435e-06
-9.8835e-08
-2.58125e-06
-9.3954e-08
-2.62564e-06
-8.8953e-08
-2.66747e-06
-8.38375e-08
-2.70668e-06
-7.8612e-08
-2.74323e-06
-7.32805e-08
-2.77707e-06
-6.78472e-08
-2.80814e-06
-6.23188e-08
-2.83641e-06
-5.67053e-08
-2.86184e-06
-5.10193e-08
-2.88441e-06
-4.52725e-08
-2.90408e-06
-3.94706e-08
-2.92083e-06
-3.36104e-08
-2.93462e-06
-2.76834e-08
-2.94542e-06
-2.16851e-08
-2.9532e-06
-1.56237e-08
-2.95793e-06
-9.50581e-09
-3.27441e-09
1.64469e-06
-1.64904e-09
1.63983e-06
-4.86141e-09
1.63182e-06
-8.02645e-09
1.62067e-06
-1.11525e-08
1.60645e-06
-1.42309e-08
1.58921e-06
-1.72547e-08
1.56901e-06
-2.02219e-08
1.54589e-06
-2.3132e-08
1.51993e-06
-2.59824e-08
1.49118e-06
-2.87677e-08
1.45972e-06
-3.14807e-08
1.42563e-06
-3.41141e-08
1.38899e-06
-3.6662e-08
1.34989e-06
-3.91195e-08
1.30843e-06
-4.14832e-08
1.2647e-06
-4.37499e-08
1.21881e-06
-4.59165e-08
1.17084e-06
-4.798e-08
1.12089e-06
-4.99376e-08
1.06908e-06
-5.17864e-08
1.01548e-06
-5.3523e-08
9.60181e-07
-5.51424e-08
9.03223e-07
-5.66355e-08
8.4463e-07
-5.79848e-08
7.84376e-07
-5.91578e-08
7.22404e-07
-6.00963e-08
6.58692e-07
-6.07051e-08
5.93434e-07
-6.08435e-08
5.27335e-07
-6.03434e-08
4.61789e-07
-5.90842e-08
3.98454e-07
-5.72703e-08
3.38412e-07
-5.52e-08
2.81946e-07
-5.31453e-08
2.28774e-07
-5.12625e-08
1.78406e-07
-4.95923e-08
1.30368e-07
-4.81065e-08
8.42875e-08
-4.67526e-08
3.99026e-08
-4.54794e-08
-2.96189e-09
-4.42474e-08
-4.44191e-08
-4.30309e-08
-8.45234e-08
-4.18057e-08
-1.23295e-07
-4.055e-08
-1.60735e-07
-3.92597e-08
-1.96837e-07
-3.79342e-08
-2.31588e-07
-3.65758e-08
-2.64977e-07
-3.5189e-08
-2.96997e-07
-3.37801e-08
-3.27653e-07
-3.23586e-08
-3.56968e-07
-3.09373e-08
-3.85002e-07
-2.95365e-08
-4.11931e-07
-2.81961e-08
-4.37972e-07
-2.70067e-08
-4.63578e-07
-2.60455e-08
-4.89964e-07
-2.56764e-08
-5.19988e-07
-2.65286e-08
-5.54015e-07
-2.83075e-08
-5.9273e-07
-3.06441e-08
-6.37157e-07
-3.33995e-08
-6.89033e-07
-3.6524e-08
-7.52324e-07
-3.99542e-08
-8.51207e-07
-4.35279e-08
-8.88596e-07
-4.79496e-08
-9.75718e-07
-5.36999e-08
-1.08469e-06
-5.95797e-08
-1.20405e-06
-6.53218e-08
-1.32419e-06
-7.04768e-08
-1.43522e-06
-7.30457e-08
-1.53584e-06
-7.3774e-08
-1.62726e-06
-7.38907e-08
-1.71161e-06
-7.33926e-08
-1.79073e-06
-7.24493e-08
-1.86591e-06
-7.12041e-08
-1.938e-06
-6.97486e-08
-2.0075e-06
-6.81372e-08
-2.07467e-06
-6.64021e-08
-2.13966e-06
-6.45631e-08
-2.20252e-06
-6.26325e-08
-2.26325e-06
-6.06181e-08
-2.32183e-06
-5.85251e-08
-2.3782e-06
-5.63571e-08
-2.43231e-06
-5.41171e-08
-2.48409e-06
-5.18077e-08
-2.5335e-06
-4.94318e-08
-2.58046e-06
-4.69925e-08
-2.62492e-06
-4.44928e-08
-2.66681e-06
-4.19355e-08
-2.7061e-06
-3.9323e-08
-2.74272e-06
-3.66571e-08
-2.77662e-06
-3.39401e-08
-2.80776e-06
-3.11753e-08
-2.8361e-06
-2.83677e-08
-2.86159e-06
-2.55237e-08
-2.88421e-06
-2.26491e-08
-2.90393e-06
-1.97469e-08
-2.92072e-06
-1.68158e-08
-2.93455e-06
-1.38515e-08
-2.94538e-06
-1.08518e-08
-2.95318e-06
-7.82048e-09
-2.95792e-06
-4.75948e-09
-1.63832e-09
1.64469e-06
-1.04244e-12
1.63983e-06
-3.45899e-13
1.6318e-06
8.96827e-13
1.62065e-06
2.21092e-12
1.60641e-06
3.43965e-12
1.58916e-06
4.38617e-12
1.56893e-06
4.96821e-12
1.54579e-06
5.23571e-12
1.51981e-06
5.29932e-12
1.49103e-06
5.27006e-12
1.45955e-06
5.23368e-12
1.42543e-06
5.24793e-12
1.38876e-06
5.34653e-12
1.34964e-06
5.54609e-12
1.30815e-06
5.84943e-12
1.26439e-06
6.24755e-12
1.21847e-06
6.7214e-12
1.17047e-06
7.24244e-12
1.1205e-06
7.77606e-12
1.06867e-06
8.28661e-12
1.01505e-06
8.7431e-12
9.59726e-07
9.12321e-12
9.02753e-07
9.41255e-12
8.44146e-07
9.59858e-12
7.83882e-07
9.6634e-12
7.21903e-07
9.58245e-12
6.58187e-07
9.34069e-12
5.92929e-07
8.96393e-12
5.26837e-07
8.53644e-12
4.61305e-07
8.16179e-12
3.9799e-07
7.92887e-12
3.3797e-07
7.85358e-12
2.81526e-07
7.90896e-12
2.28375e-07
8.0473e-12
1.78027e-07
8.19102e-12
1.30009e-07
8.23878e-12
8.39477e-08
8.1082e-12
3.95833e-08
7.71811e-12
-3.25896e-09
7.07435e-12
-4.46934e-08
6.21001e-12
-8.47738e-08
5.27827e-12
-1.2352e-07
4.47559e-12
-1.60936e-07
3.94432e-12
-1.97014e-07
3.82288e-12
-2.31744e-07
4.06788e-12
-2.65115e-07
4.47065e-12
-2.9712e-07
4.67623e-12
-3.27764e-07
4.34318e-12
-3.57067e-07
3.27333e-12
-3.85088e-07
1.67212e-12
-4.12002e-07
3.61716e-13
-4.38027e-07
7.95225e-14
-4.63623e-07
4.78454e-13
-4.90005e-07
8.8189e-13
-5.20026e-07
4.60251e-13
-5.54042e-07
-1.41319e-12
-5.92732e-07
-2.77199e-12
-6.37109e-07
-2.68472e-12
-6.88908e-07
-2.02328e-12
-7.52104e-07
-1.08606e-13
-8.50808e-07
1.39881e-12
-8.88073e-07
3.74728e-12
-9.75048e-07
5.63773e-12
-1.08384e-06
7.25276e-12
-1.20319e-06
7.40705e-12
-1.32377e-06
7.34102e-12
-1.43535e-06
9.59082e-12
-1.53585e-06
1.06349e-11
-1.6271e-06
9.1161e-12
-1.7113e-06
8.11492e-12
-1.79032e-06
7.58587e-12
-1.86545e-06
7.26787e-12
-1.93749e-06
6.88454e-12
-2.00696e-06
6.31604e-12
-2.07412e-06
5.61611e-12
-2.1391e-06
4.90967e-12
-2.20196e-06
4.303e-12
-2.26271e-06
3.86027e-12
-2.3213e-06
3.56791e-12
-2.37769e-06
3.36826e-12
-2.43182e-06
3.19261e-12
-2.48364e-06
2.99138e-12
-2.53307e-06
2.75014e-12
-2.58007e-06
2.46875e-12
-2.62456e-06
2.16465e-12
-2.66649e-06
1.85687e-12
-2.70582e-06
1.56337e-12
-2.74247e-06
1.30188e-12
-2.77641e-06
1.09474e-12
-2.80758e-06
9.67807e-13
-2.83595e-06
9.30973e-13
-2.86147e-06
9.60696e-13
-2.88411e-06
9.4406e-13
-2.90386e-06
6.70765e-13
-2.92067e-06
-1.52526e-13
-2.93452e-06
-1.80826e-12
-2.94536e-06
-4.31027e-12
-2.95317e-06
-6.74899e-12
-2.95792e-06
-6.59615e-12
1.09724e-14
1.64469e-06
1.64693e-09
1.63983e-06
4.86066e-09
1.6318e-06
8.0282e-09
1.62065e-06
1.11569e-08
1.60641e-06
1.42377e-08
1.58916e-06
1.72634e-08
1.56893e-06
2.02318e-08
1.54579e-06
2.31423e-08
1.51981e-06
2.59929e-08
1.49103e-06
2.87781e-08
1.45955e-06
3.14911e-08
1.42543e-06
3.41246e-08
1.38876e-06
3.66726e-08
1.34964e-06
3.91306e-08
1.30815e-06
4.14949e-08
1.26439e-06
4.37624e-08
1.21847e-06
4.59299e-08
1.17047e-06
4.79945e-08
1.1205e-06
4.99532e-08
1.06867e-06
5.18029e-08
1.01505e-06
5.35404e-08
9.59727e-07
5.51606e-08
9.02754e-07
5.66543e-08
8.44148e-07
5.8004e-08
7.83884e-07
5.91771e-08
7.21904e-07
6.01155e-08
6.58188e-07
6.07237e-08
5.9293e-07
6.08614e-08
5.26838e-07
6.03604e-08
4.61306e-07
5.91003e-08
3.97991e-07
5.72858e-08
3.37972e-07
5.52151e-08
2.81529e-07
5.31603e-08
2.28379e-07
5.12777e-08
1.78032e-07
4.96077e-08
1.30014e-07
4.81224e-08
8.39536e-08
4.67688e-08
3.95885e-08
4.54958e-08
-3.2555e-09
4.42637e-08
-4.46929e-08
4.30467e-08
-8.47774e-08
4.18206e-08
-1.23529e-07
4.05638e-08
-1.60948e-07
3.92718e-08
-1.97029e-07
3.79445e-08
-2.31758e-07
3.6584e-08
-2.65126e-07
3.51951e-08
-2.97127e-07
3.37844e-08
-3.27765e-07
3.23614e-08
-3.57063e-07
3.09392e-08
-3.85081e-07
2.9538e-08
-4.11996e-07
2.81974e-08
-4.38023e-07
2.7008e-08
-4.63618e-07
2.60464e-08
-4.89999e-07
2.56756e-08
-5.20016e-07
2.65259e-08
-5.54033e-07
2.83034e-08
-5.92726e-07
3.06408e-08
-6.3711e-07
3.33987e-08
-6.88914e-07
3.65235e-08
-7.52117e-07
3.99568e-08
-8.50818e-07
4.35293e-08
-8.88081e-07
4.79545e-08
-9.75059e-07
5.37115e-08
-1.08385e-06
5.95938e-08
-1.2032e-06
6.5336e-08
-1.32378e-06
7.04907e-08
-1.43536e-06
7.30623e-08
-1.53586e-06
7.37922e-08
-1.6271e-06
7.39077e-08
-1.71131e-06
7.3408e-08
-1.79033e-06
7.24633e-08
-1.86545e-06
7.12172e-08
-1.9375e-06
6.9761e-08
-2.00696e-06
6.81491e-08
-2.07412e-06
6.64135e-08
-2.1391e-06
6.45738e-08
-2.20197e-06
6.26424e-08
-2.26271e-06
6.0627e-08
-2.3213e-06
5.8533e-08
-2.37769e-06
5.6364e-08
-2.43183e-06
5.41231e-08
-2.48364e-06
5.18128e-08
-2.53308e-06
4.94362e-08
-2.58007e-06
4.69962e-08
-2.62456e-06
4.4496e-08
-2.66649e-06
4.19384e-08
-2.70581e-06
3.93255e-08
-2.74247e-06
3.66593e-08
-2.77641e-06
3.39421e-08
-2.80758e-06
3.11772e-08
-2.83594e-06
2.83696e-08
-2.86147e-06
2.55257e-08
-2.88411e-06
2.26511e-08
-2.90386e-06
1.97484e-08
-2.92067e-06
1.68156e-08
-2.93452e-06
1.38481e-08
-2.94536e-06
1.08436e-08
-2.95317e-06
7.80747e-09
-2.95792e-06
4.74664e-09
1.6379e-09
1.64469e-06
3.29316e-09
1.63983e-06
9.71682e-09
1.63182e-06
1.60475e-08
1.62067e-06
2.23004e-08
1.60645e-06
2.8458e-08
1.58921e-06
3.45057e-08
1.56901e-06
4.04393e-08
1.54589e-06
4.6258e-08
1.51993e-06
5.1957e-08
1.49118e-06
5.75259e-08
1.45972e-06
6.29504e-08
1.42563e-06
6.82162e-08
1.38899e-06
7.33114e-08
1.3499e-06
7.82268e-08
1.30844e-06
8.29551e-08
1.26471e-06
8.749e-08
1.21881e-06
9.18254e-08
1.17084e-06
9.59551e-08
1.1209e-06
9.98733e-08
1.06909e-06
1.03574e-07
1.01549e-06
1.07051e-07
9.60185e-07
1.10293e-07
9.03228e-07
1.13284e-07
8.44635e-07
1.15986e-07
7.84381e-07
1.18337e-07
7.22409e-07
1.20218e-07
6.58696e-07
1.21441e-07
5.93437e-07
1.21723e-07
5.27338e-07
1.20729e-07
4.61791e-07
1.18217e-07
3.98454e-07
1.14592e-07
3.38411e-07
1.10452e-07
2.81944e-07
1.06342e-07
2.28772e-07
1.02575e-07
1.78404e-07
9.92333e-08
1.30365e-07
9.62612e-08
8.42857e-08
9.35532e-08
3.99021e-08
9.10068e-08
-2.95969e-09
8.85425e-08
-4.44129e-08
8.61076e-08
-8.45129e-08
8.36564e-08
-1.2328e-07
8.11441e-08
-1.60717e-07
7.85617e-08
-1.96817e-07
7.59089e-08
-2.31569e-07
7.319e-08
-2.64962e-07
7.04141e-08
-2.96988e-07
6.75939e-08
-3.27652e-07
6.47478e-08
-3.56974e-07
6.19016e-08
-3.85012e-07
5.9096e-08
-4.1194e-07
5.64104e-08
-4.37977e-07
5.40266e-08
-4.63577e-07
5.2096e-08
-4.89962e-07
5.13494e-08
-5.19987e-07
5.30458e-08
-5.5402e-07
5.66019e-08
-5.92743e-07
6.12812e-08
-6.37177e-07
6.68061e-08
-6.8906e-07
7.30707e-08
-7.52361e-07
7.99538e-08
-8.51236e-07
8.71124e-08
-8.88618e-07
9.59753e-08
-9.75745e-07
1.07495e-07
-1.08472e-06
1.19302e-07
-1.20408e-06
1.30646e-07
-1.32422e-06
1.40532e-07
-1.43524e-06
1.45559e-07
-1.53586e-06
1.47692e-07
-1.62728e-06
1.47981e-07
-1.71162e-06
1.46944e-07
-1.79074e-06
1.45016e-07
-1.86593e-06
1.42495e-07
-1.93802e-06
1.3956e-07
-2.00751e-06
1.36319e-07
-2.07468e-06
1.32834e-07
-2.13966e-06
1.29145e-07
-2.20252e-06
1.25274e-07
-2.26325e-06
1.21237e-07
-2.32183e-06
1.17045e-07
-2.3782e-06
1.12703e-07
-2.4323e-06
1.08218e-07
-2.48409e-06
1.03595e-07
-2.5335e-06
9.88399e-08
-2.58046e-06
9.39584e-08
-2.62492e-06
8.89568e-08
-2.66681e-06
8.38408e-08
-2.7061e-06
7.86149e-08
-2.74272e-06
7.32829e-08
-2.77662e-06
6.78493e-08
-2.80776e-06
6.23207e-08
-2.8361e-06
5.67071e-08
-2.86159e-06
5.10212e-08
-2.88421e-06
4.52743e-08
-2.90393e-06
3.94717e-08
-2.92072e-06
3.361e-08
-2.93455e-06
2.768e-08
-2.94538e-06
2.16773e-08
-2.95318e-06
1.56115e-08
-2.95792e-06
9.49342e-09
3.27255e-09
1.64469e-06
4.93587e-09
1.63985e-06
1.4563e-08
1.63185e-06
2.40504e-08
1.62073e-06
3.34213e-08
1.60654e-06
4.26496e-08
1.58933e-06
5.17139e-08
1.56916e-06
6.06077e-08
1.54609e-06
6.93299e-08
1.52017e-06
7.78734e-08
1.49148e-06
8.62223e-08
1.46007e-06
9.43555e-08
1.42604e-06
1.02251e-07
1.38946e-06
1.09892e-07
1.35042e-06
1.17264e-07
1.30902e-06
1.24357e-07
1.26535e-06
1.3116e-07
1.2195e-06
1.37665e-07
1.17159e-06
1.43862e-07
1.1217e-06
1.49742e-07
1.06994e-06
1.55298e-07
1.01638e-06
1.60518e-07
9.61119e-07
1.65387e-07
9.04197e-07
1.69879e-07
8.45634e-07
1.73942e-07
7.85404e-07
1.77477e-07
7.23451e-07
1.80311e-07
6.5975e-07
1.8216e-07
5.94493e-07
1.82602e-07
5.28381e-07
1.81133e-07
4.62802e-07
1.77386e-07
3.9942e-07
1.7196e-07
3.39326e-07
1.65754e-07
2.82807e-07
1.59586e-07
2.29586e-07
1.53931e-07
1.79173e-07
1.48915e-07
1.31091e-07
1.44454e-07
8.49678e-08
1.4039e-07
4.05397e-08
1.36571e-07
-2.36862e-09
1.32876e-07
-4.38664e-08
1.2922e-07
-8.40129e-08
1.25545e-07
-1.22827e-07
1.21777e-07
-1.6031e-07
1.17903e-07
-1.96453e-07
1.13922e-07
-2.31244e-07
1.09842e-07
-2.64672e-07
1.05675e-07
-2.9673e-07
1.01441e-07
-3.27423e-07
9.71688e-08
-3.56772e-07
9.28971e-08
-3.84837e-07
8.86865e-08
-4.11793e-07
8.46553e-08
-4.37858e-07
8.10747e-08
-4.63479e-07
7.81648e-08
-4.89878e-07
7.70296e-08
-5.19924e-07
7.95596e-08
-5.53986e-07
8.48864e-08
-5.92758e-07
9.19038e-08
-6.3728e-07
1.00203e-07
-6.89322e-07
1.09635e-07
-7.52841e-07
1.1999e-07
-8.52157e-07
1.30816e-07
-8.89827e-07
1.44154e-07
-9.77189e-07
1.61375e-07
-1.08623e-06
1.78996e-07
-1.20547e-06
1.95812e-07
-1.32505e-06
2.10025e-07
-1.43601e-06
2.18019e-07
-1.53671e-06
2.21677e-07
-1.62823e-06
2.2217e-07
-1.71267e-06
2.20575e-07
-1.79185e-06
2.17639e-07
-1.86708e-06
2.1382e-07
-1.93919e-06
2.09389e-07
-2.0087e-06
2.04504e-07
-2.07587e-06
1.99257e-07
-2.14085e-06
1.93706e-07
-2.20368e-06
1.87885e-07
-2.26438e-06
1.81817e-07
-2.32292e-06
1.75516e-07
-2.37924e-06
1.68994e-07
-2.43329e-06
1.62258e-07
-2.48502e-06
1.55317e-07
-2.53436e-06
1.48179e-07
-2.58125e-06
1.40853e-07
-2.62564e-06
1.33347e-07
-2.66747e-06
1.25672e-07
-2.70668e-06
1.17833e-07
-2.74323e-06
1.09836e-07
-2.77707e-06
1.01687e-07
-2.80814e-06
9.33974e-08
-2.83641e-06
8.49812e-08
-2.86184e-06
7.64573e-08
-2.88441e-06
6.78427e-08
-2.90408e-06
5.91458e-08
-2.92083e-06
5.03612e-08
-2.93462e-06
4.14755e-08
-2.94542e-06
3.24821e-08
-2.9532e-06
2.33946e-08
-2.95793e-06
1.4227e-08
4.90147e-09
1.6447e-06
6.57302e-09
1.63987e-06
1.93934e-08
1.63189e-06
3.20277e-08
1.62081e-06
4.4507e-08
1.60666e-06
5.67968e-08
1.58951e-06
6.8869e-08
1.5694e-06
8.07154e-08
1.5464e-06
9.2334e-08
1.52056e-06
1.03716e-07
1.49194e-06
1.14839e-07
1.46062e-06
1.25677e-07
1.42667e-06
1.362e-07
1.39018e-06
1.46384e-07
1.35123e-06
1.56212e-07
1.30992e-06
1.65668e-07
1.26634e-06
1.74741e-07
1.22058e-06
1.83417e-07
1.17275e-06
1.91685e-07
1.12294e-06
1.99532e-07
1.07125e-06
2.06948e-07
1.01776e-06
2.13918e-07
9.62559e-07
2.20422e-07
9.0569e-07
2.26424e-07
8.47173e-07
2.31855e-07
7.86982e-07
2.36586e-07
7.25059e-07
2.40387e-07
6.61376e-07
2.4288e-07
5.96122e-07
2.43506e-07
5.29989e-07
2.4159e-07
4.64358e-07
2.36637e-07
4.00903e-07
2.29426e-07
3.40724e-07
2.21158e-07
2.84122e-07
2.1293e-07
2.30823e-07
2.05381e-07
1.80338e-07
1.98683e-07
1.32189e-07
1.92728e-07
8.60026e-08
1.87305e-07
4.15133e-08
1.8221e-07
-1.45663e-09
1.77283e-07
-4.30161e-08
1.72405e-07
-8.32258e-08
1.67508e-07
-1.22104e-07
1.62485e-07
-1.59652e-07
1.57321e-07
-1.95863e-07
1.52013e-07
-2.30723e-07
1.46572e-07
-2.64221e-07
1.41014e-07
-2.96348e-07
1.35366e-07
-3.27108e-07
1.29665e-07
-3.56518e-07
1.23961e-07
-3.84636e-07
1.18337e-07
-4.11638e-07
1.12951e-07
-4.37741e-07
1.08164e-07
-4.63389e-07
1.0426e-07
-4.89783e-07
1.02695e-07
-5.19842e-07
1.06055e-07
-5.53931e-07
1.13138e-07
-5.92739e-07
1.22462e-07
-6.3732e-07
1.33475e-07
-6.89521e-07
1.46014e-07
-7.53363e-07
1.59767e-07
-8.53199e-07
1.74234e-07
-8.92016e-07
1.93319e-07
-9.79423e-07
2.15416e-07
-1.08828e-06
2.38614e-07
-1.20743e-06
2.60976e-07
-1.32688e-06
2.79458e-07
-1.43794e-06
2.90619e-07
-1.53862e-06
2.95691e-07
-1.63014e-06
2.96379e-07
-1.71458e-06
2.94233e-07
-1.79378e-06
2.90286e-07
-1.86902e-06
2.85162e-07
-1.94114e-06
2.79222e-07
-2.01063e-06
2.7268e-07
-2.07778e-06
2.65658e-07
-2.14272e-06
2.58232e-07
-2.20551e-06
2.50449e-07
-2.26615e-06
2.42339e-07
-2.32462e-06
2.3392e-07
-2.38086e-06
2.25208e-07
-2.43483e-06
2.16213e-07
-2.48646e-06
2.06946e-07
-2.5357e-06
1.97418e-07
-2.58249e-06
1.87642e-07
-2.62677e-06
1.7763e-07
-2.66849e-06
1.67393e-07
-2.70759e-06
1.56939e-07
-2.74403e-06
1.46278e-07
-2.77776e-06
1.35417e-07
-2.80873e-06
1.2437e-07
-2.8369e-06
1.13156e-07
-2.86224e-06
1.018e-07
-2.88472e-06
9.03257e-08
-2.90431e-06
7.87427e-08
-2.92099e-06
6.70448e-08
-2.93473e-06
5.52141e-08
-2.94548e-06
4.32417e-08
-2.95323e-06
3.11447e-08
-2.95794e-06
1.89398e-08
6.52188e-09
1.64471e-06
8.20241e-09
1.6399e-06
2.42018e-08
1.63196e-06
3.99691e-08
1.62092e-06
5.55433e-08
1.60684e-06
7.08819e-08
1.58976e-06
8.59502e-08
1.56974e-06
1.00738e-07
1.54683e-06
1.15243e-07
1.52109e-06
1.29455e-07
1.49258e-06
1.43346e-07
1.46138e-06
1.56882e-07
1.42755e-06
1.70027e-07
1.39119e-06
1.82752e-07
1.35236e-06
1.95034e-07
1.31118e-06
2.06855e-07
1.26772e-06
2.18199e-07
1.22208e-06
2.29051e-07
1.17436e-06
2.39395e-07
1.12466e-06
2.49215e-07
1.07307e-06
2.58498e-07
1.01967e-06
2.67227e-07
9.64552e-07
2.75376e-07
9.07755e-07
2.82899e-07
8.493e-07
2.89713e-07
7.8916e-07
2.95656e-07
7.27274e-07
3.00443e-07
6.63614e-07
3.03605e-07
5.98361e-07
3.04446e-07
5.32196e-07
3.02121e-07
4.66493e-07
2.96e-07
4.02934e-07
2.87027e-07
3.4264e-07
2.76705e-07
2.85922e-07
2.66413e-07
2.32514e-07
2.56962e-07
1.81928e-07
2.48574e-07
1.33685e-07
2.41117e-07
8.7409e-08
2.3433e-07
4.2836e-08
2.27952e-07
-2.1333e-10
2.21788e-07
-4.18784e-08
2.15715e-07
-8.219e-08
2.09589e-07
-1.21164e-07
2.03305e-07
-1.58805e-07
1.96844e-07
-1.95103e-07
1.90205e-07
-2.30046e-07
1.83398e-07
-2.63623e-07
1.76445e-07
-2.95826e-07
1.69379e-07
-3.26661e-07
1.62246e-07
-3.56146e-07
1.55111e-07
-3.84341e-07
1.48073e-07
-4.11419e-07
1.41329e-07
-4.37598e-07
1.35334e-07
-4.63329e-07
1.30439e-07
-4.89749e-07
1.28382e-07
-5.19859e-07
1.32568e-07
-5.54047e-07
1.41429e-07
-5.9307e-07
1.53109e-07
-6.38128e-07
1.66926e-07
-6.91259e-07
1.82661e-07
-7.56107e-07
2.0006e-07
-8.43256e-07
2.18351e-07
-8.99699e-07
2.39453e-07
-9.83827e-07
2.68707e-07
-1.09079e-06
2.98444e-07
-1.20953e-06
3.26542e-07
-1.32922e-06
3.49469e-07
-1.44045e-06
3.63553e-07
-1.54124e-06
3.69878e-07
-1.63283e-06
3.70691e-07
-1.71732e-06
3.67955e-07
-1.79654e-06
3.62972e-07
-1.87179e-06
3.56522e-07
-1.9439e-06
3.49056e-07
-2.01337e-06
3.40838e-07
-2.08048e-06
3.32023e-07
-2.14537e-06
3.22705e-07
-2.20809e-06
3.12944e-07
-2.26865e-06
3.02775e-07
-2.32701e-06
2.92224e-07
-2.38314e-06
2.81309e-07
-2.43699e-06
2.70043e-07
-2.48849e-06
2.5844e-07
-2.53758e-06
2.46515e-07
-2.58422e-06
2.34283e-07
-2.62835e-06
2.21759e-07
-2.66991e-06
2.08958e-07
-2.70886e-06
1.9589e-07
-2.74514e-06
1.82566e-07
-2.77872e-06
1.68996e-07
-2.80954e-06
1.55197e-07
-2.83758e-06
1.41192e-07
-2.86279e-06
1.27014e-07
-2.88515e-06
1.12689e-07
-2.90463e-06
9.82321e-08
-2.92122e-06
8.36341e-08
-2.93488e-06
6.88733e-08
-2.94557e-06
5.39381e-08
-2.95327e-06
3.88487e-08
-2.95795e-06
2.36238e-08
8.13086e-09
1.64472e-06
9.82145e-09
1.63994e-06
2.89806e-08
1.63205e-06
4.78626e-08
1.62108e-06
6.65138e-08
1.60707e-06
8.48842e-08
1.59009e-06
1.02933e-07
1.57018e-06
1.20648e-07
1.5474e-06
1.38027e-07
1.5218e-06
1.55057e-07
1.49344e-06
1.71706e-07
1.46239e-06
1.87933e-07
1.42872e-06
2.03695e-07
1.39252e-06
2.18958e-07
1.35386e-06
2.33693e-07
1.31283e-06
2.4788e-07
1.26953e-06
2.61499e-07
1.22405e-06
2.74531e-07
1.17648e-06
2.86957e-07
1.12691e-06
2.9876e-07
1.07545e-06
3.09922e-07
1.02217e-06
3.20422e-07
9.67154e-07
3.30229e-07
9.10446e-07
3.3929e-07
8.52065e-07
3.47504e-07
7.91984e-07
3.54679e-07
7.30142e-07
3.60477e-07
6.66507e-07
3.64339e-07
6.01252e-07
3.65434e-07
5.35044e-07
3.62749e-07
4.69245e-07
3.5551e-07
4.05551e-07
3.44802e-07
3.45102e-07
3.32436e-07
2.8823e-07
3.20077e-07
2.34677e-07
3.08714e-07
1.83955e-07
2.98626e-07
1.35585e-07
2.89659e-07
8.91878e-08
2.815e-07
4.44991e-08
2.73833e-07
1.34158e-09
2.66424e-07
-4.04502e-08
2.59171e-07
-8.08825e-08
2.51811e-07
-1.19977e-07
2.44263e-07
-1.57737e-07
2.36506e-07
-1.94155e-07
2.28533e-07
-2.29216e-07
2.20357e-07
-2.62907e-07
2.12004e-07
-2.95219e-07
2.03513e-07
-3.26155e-07
1.94941e-07
-3.55734e-07
1.86366e-07
-3.84018e-07
1.77907e-07
-4.11182e-07
1.69803e-07
-4.37453e-07
1.62601e-07
-4.63286e-07
1.5672e-07
-4.89762e-07
1.54114e-07
-5.19936e-07
1.59101e-07
-5.54199e-07
1.69715e-07
-5.93317e-07
1.83717e-07
-6.38508e-07
2.00278e-07
-6.91889e-07
2.1913e-07
-7.5714e-07
2.40012e-07
-8.44511e-07
2.61931e-07
-9.027e-07
2.87136e-07
-9.87033e-07
3.22497e-07
-1.09399e-06
3.5841e-07
-1.21287e-06
3.92206e-07
-1.33267e-06
4.19721e-07
-1.44399e-06
4.36611e-07
-1.54484e-06
4.4416e-07
-1.63647e-06
4.45076e-07
-1.72099e-06
4.4173e-07
-1.80023e-06
4.35691e-07
-1.87549e-06
4.27893e-07
-1.94758e-06
4.18879e-07
-2.01702e-06
4.08965e-07
-2.08407e-06
3.98336e-07
-2.14889e-06
3.87106e-07
-2.21151e-06
3.75345e-07
-2.27196e-06
3.63099e-07
-2.33019e-06
3.50397e-07
-2.38617e-06
3.37262e-07
-2.43985e-06
3.2371e-07
-2.49118e-06
3.09758e-07
-2.54009e-06
2.95425e-07
-2.58653e-06
2.80728e-07
-2.63045e-06
2.65686e-07
-2.67181e-06
2.50317e-07
-2.71055e-06
2.34634e-07
-2.74663e-06
2.18648e-07
-2.78e-06
2.02374e-07
-2.81063e-06
1.85829e-07
-2.83848e-06
1.69044e-07
-2.86352e-06
1.52054e-07
-2.88572e-06
1.34894e-07
-2.90506e-06
1.17578e-07
-2.92152e-06
1.00098e-07
-2.93507e-06
8.24266e-08
-2.94568e-06
6.455e-08
-2.95332e-06
4.6491e-08
-2.95796e-06
2.82693e-08
9.72504e-09
1.64473e-06
1.14272e-08
1.63999e-06
3.37215e-08
1.63216e-06
5.56941e-08
1.62127e-06
7.73991e-08
1.60738e-06
9.87793e-08
1.59053e-06
1.19788e-07
1.57076e-06
1.40412e-07
1.54814e-06
1.60649e-07
1.52272e-06
1.80483e-07
1.49455e-06
1.99878e-07
1.46369e-06
2.18786e-07
1.43023e-06
2.37159e-07
1.39423e-06
2.54955e-07
1.35578e-06
2.72143e-07
1.31496e-06
2.88697e-07
1.27187e-06
3.04595e-07
1.22658e-06
3.19815e-07
1.17919e-06
3.34334e-07
1.1298e-06
3.48132e-07
1.0785e-06
3.61186e-07
1.02537e-06
3.73472e-07
9.70476e-07
3.84956e-07
9.1388e-07
3.95574e-07
8.55592e-07
4.05211e-07
7.95584e-07
4.13645e-07
7.33793e-07
4.20488e-07
6.70181e-07
4.25092e-07
6.04909e-07
4.26495e-07
5.38629e-07
4.23511e-07
4.72694e-07
4.15217e-07
4.08815e-07
4.02809e-07
3.48162e-07
3.88408e-07
2.91087e-07
3.73976e-07
2.37342e-07
3.60688e-07
1.86441e-07
3.48886e-07
1.37901e-07
3.384e-07
9.13363e-08
3.28865e-07
4.6475e-08
3.19913e-07
3.13529e-09
3.11268e-07
-3.8771e-08
3.02767e-07
-7.93304e-08
2.94183e-07
-1.1856e-07
2.85378e-07
-1.56457e-07
2.76325e-07
-1.93012e-07
2.67018e-07
-2.28212e-07
2.57472e-07
-2.62042e-07
2.47719e-07
-2.94493e-07
2.37802e-07
-3.25566e-07
2.27789e-07
-3.55278e-07
2.17767e-07
-3.83688e-07
2.0788e-07
-4.10967e-07
1.98402e-07
-4.37345e-07
1.89982e-07
-4.6328e-07
1.83104e-07
-4.89835e-07
1.79914e-07
-5.20108e-07
1.85683e-07
-5.545e-07
1.98048e-07
-5.93787e-07
2.14376e-07
-6.39205e-07
2.33692e-07
-6.9289e-07
2.55681e-07
-7.58539e-07
2.80049e-07
-8.4655e-07
3.05679e-07
-9.05269e-07
3.35138e-07
-9.90143e-07
3.76536e-07
-1.09757e-06
4.18554e-07
-1.21695e-06
4.58061e-07
-1.33694e-06
4.90172e-07
-1.44846e-06
5.09826e-07
-1.54942e-06
5.18563e-07
-1.64113e-06
5.19557e-07
-1.7257e-06
5.15577e-07
-1.80497e-06
5.08455e-07
-1.88023e-06
4.99283e-07
-1.95231e-06
4.88693e-07
-2.02171e-06
4.77054e-07
-2.08869e-06
4.64584e-07
-2.15341e-06
4.51414e-07
-2.21592e-06
4.37629e-07
-2.27622e-06
4.23279e-07
-2.33428e-06
4.08403e-07
-2.39008e-06
3.93026e-07
-2.44355e-06
3.77168e-07
-2.49465e-06
3.6085e-07
-2.54331e-06
3.44093e-07
-2.58951e-06
3.2692e-07
-2.63317e-06
3.09352e-07
-2.67426e-06
2.9141e-07
-2.71273e-06
2.7311e-07
-2.74855e-06
2.54465e-07
-2.78166e-06
2.35492e-07
-2.81204e-06
2.16211e-07
-2.83965e-06
1.96657e-07
-2.86446e-06
1.76872e-07
-2.88646e-06
1.56893e-07
-2.90562e-06
1.36739e-07
-2.92192e-06
1.164e-07
-2.93533e-06
9.58435e-08
-2.94583e-06
7.50534e-08
-2.95339e-06
5.40541e-08
-2.95798e-06
3.28655e-08
1.13007e-08
1.64475e-06
1.30162e-08
1.64006e-06
3.84139e-08
1.6323e-06
6.34465e-08
1.62153e-06
8.81758e-08
1.60777e-06
1.12538e-07
1.59108e-06
1.36481e-07
1.5715e-06
1.5999e-07
1.54908e-06
1.83065e-07
1.52388e-06
2.05685e-07
1.49595e-06
2.27812e-07
1.46535e-06
2.49391e-07
1.43214e-06
2.70367e-07
1.3964e-06
2.90693e-07
1.35821e-06
3.10333e-07
1.31765e-06
3.29259e-07
1.2748e-06
3.47444e-07
1.22975e-06
3.64862e-07
1.18259e-06
3.81488e-07
1.1334e-06
3.97298e-07
1.08228e-06
4.12264e-07
1.02931e-06
4.26361e-07
9.74564e-07
4.39546e-07
9.18082e-07
4.51749e-07
8.59884e-07
4.62838e-07
7.99943e-07
4.72563e-07
7.38196e-07
4.80486e-07
6.74602e-07
4.85875e-07
6.09313e-07
4.87639e-07
5.4296e-07
4.84423e-07
4.76874e-07
4.75146e-07
4.12784e-07
4.61083e-07
3.51887e-07
4.44667e-07
2.94565e-07
4.28158e-07
2.40586e-07
4.12931e-07
1.89465e-07
3.99401e-07
1.40717e-07
3.87383e-07
9.39533e-08
3.76462e-07
4.89003e-08
3.66216e-07
5.37819e-09
3.56323e-07
-3.67238e-08
3.46585e-07
-7.74725e-08
3.36769e-07
-1.16888e-07
3.26702e-07
-1.54968e-07
3.16349e-07
-1.91702e-07
3.05702e-07
-2.27074e-07
2.94779e-07
-2.6107e-07
2.83617e-07
-2.93678e-07
2.72266e-07
-3.24901e-07
2.60802e-07
-3.5476e-07
2.4933e-07
-3.83311e-07
2.38008e-07
-4.10731e-07
2.27152e-07
-4.37247e-07
2.17508e-07
-4.63316e-07
2.09624e-07
-4.90008e-07
2.05841e-07
-5.20426e-07
2.12359e-07
-5.54986e-07
2.26472e-07
-5.9448e-07
2.45139e-07
-6.40159e-07
2.67235e-07
-6.94165e-07
2.92394e-07
-7.60207e-07
3.20284e-07
-8.48824e-07
3.49647e-07
-9.08057e-07
3.83383e-07
-9.93534e-07
4.30835e-07
-1.10162e-06
4.78982e-07
-1.22171e-06
5.24221e-07
-1.34208e-06
5.60931e-07
-1.45387e-06
5.83295e-07
-1.55503e-06
5.93162e-07
-1.64687e-06
5.94186e-07
-1.73153e-06
5.89534e-07
-1.81086e-06
5.81295e-07
-1.88614e-06
5.70714e-07
-1.95822e-06
5.58513e-07
-2.02758e-06
5.45113e-07
-2.09449e-06
5.30765e-07
-2.15911e-06
5.15619e-07
-2.22147e-06
4.99772e-07
-2.2816e-06
4.83286e-07
-2.33946e-06
4.66203e-07
-2.39501e-06
4.48554e-07
-2.44822e-06
4.30365e-07
-2.49904e-06
4.11658e-07
-2.5474e-06
3.92459e-07
-2.59328e-06
3.72794e-07
-2.63661e-06
3.52689e-07
-2.67737e-06
3.32167e-07
-2.7155e-06
3.11248e-07
-2.75098e-06
2.89947e-07
-2.78377e-06
2.68281e-07
-2.81383e-06
2.46275e-07
-2.84113e-06
2.23968e-07
-2.86566e-06
2.01405e-07
-2.8874e-06
1.7863e-07
-2.90632e-06
1.55665e-07
-2.92241e-06
1.32495e-07
-2.93565e-06
1.09087e-07
-2.94602e-06
8.54182e-08
-2.95348e-06
6.1516e-08
-2.95801e-06
3.73992e-08
1.2853e-08
1.64477e-06
1.4584e-08
1.64014e-06
4.30451e-08
1.63249e-06
7.10989e-08
1.62185e-06
9.8815e-08
1.60826e-06
1.26124e-07
1.59177e-06
1.52969e-07
1.57243e-06
1.79335e-07
1.55027e-06
2.05221e-07
1.52535e-06
2.30607e-07
1.49772e-06
2.55448e-07
1.46743e-06
2.79684e-07
1.43454e-06
3.03254e-07
1.39913e-06
3.26107e-07
1.36126e-06
3.482e-07
1.32102e-06
3.69502e-07
1.27848e-06
3.89983e-07
1.23372e-06
4.09613e-07
1.18684e-06
4.28362e-07
1.13792e-06
4.46202e-07
1.08704e-06
4.63104e-07
1.03428e-06
4.79034e-07
9.79726e-07
4.93948e-07
9.23409e-07
5.07767e-07
8.65345e-07
5.20343e-07
8.05503e-07
5.31404e-07
7.43812e-07
5.40462e-07
6.80222e-07
5.46709e-07
6.14865e-07
5.48924e-07
5.48353e-07
5.45578e-07
4.82006e-07
5.35415e-07
4.17591e-07
5.19744e-07
3.56348e-07
5.0132e-07
2.98695e-07
4.82714e-07
2.44412e-07
4.65519e-07
1.93015e-07
4.50232e-07
1.44012e-07
4.36658e-07
9.70097e-08
4.24334e-07
5.17286e-08
4.12782e-07
7.98548e-09
4.01632e-07
-3.43366e-08
3.90654e-07
-7.53019e-08
3.79601e-07
-1.1493e-07
3.68267e-07
-1.53222e-07
3.56609e-07
-1.90165e-07
3.4462e-07
-2.25746e-07
3.32318e-07
-2.59948e-07
3.19743e-07
-2.9276e-07
3.06952e-07
-3.2418e-07
2.94031e-07
-3.54225e-07
2.81095e-07
-3.82951e-07
2.68326e-07
-4.1053e-07
2.56074e-07
-4.37192e-07
2.45189e-07
-4.63395e-07
2.36279e-07
-4.90255e-07
2.31931e-07
-5.20856e-07
2.39169e-07
-5.55624e-07
2.55028e-07
-5.9536e-07
2.76046e-07
-6.41326e-07
3.00944e-07
-6.95674e-07
3.29302e-07
-7.62169e-07
3.60743e-07
-8.51399e-07
3.9389e-07
-9.11173e-07
4.31927e-07
-9.97356e-07
4.85478e-07
-1.10625e-06
5.39783e-07
-1.22719e-06
5.90757e-07
-1.34824e-06
6.31989e-07
-1.46044e-06
6.57045e-07
-1.56188e-06
6.68018e-07
-1.65391e-06
6.69031e-07
-1.73872e-06
6.63659e-07
-1.81814e-06
6.54253e-07
-1.89348e-06
6.42212e-07
-1.96556e-06
6.28351e-07
-2.03488e-06
6.13143e-07
-2.10172e-06
5.96869e-07
-2.16621e-06
5.79702e-07
-2.2284e-06
5.6175e-07
-2.28832e-06
5.43084e-07
-2.34593e-06
5.23754e-07
-2.4012e-06
5.03796e-07
-2.45409e-06
4.8324e-07
-2.50455e-06
4.62114e-07
-2.55254e-06
4.40448e-07
-2.59802e-06
4.18271e-07
-2.64094e-06
3.95614e-07
-2.68127e-06
3.72503e-07
-2.71898e-06
3.48961e-07
-2.75404e-06
3.25005e-07
-2.78641e-06
3.00655e-07
-2.81607e-06
2.75939e-07
-2.843e-06
2.50897e-07
-2.86717e-06
2.25581e-07
-2.88858e-06
2.0004e-07
-2.9072e-06
1.74295e-07
-2.92304e-06
1.48333e-07
-2.93606e-06
1.22112e-07
-2.94625e-06
9.56094e-08
-2.95358e-06
6.88513e-08
-2.95803e-06
4.18547e-08
1.43767e-08
1.64479e-06
1.61253e-08
1.64024e-06
4.75994e-08
1.63272e-06
7.86253e-08
1.62225e-06
1.09281e-07
1.60888e-06
1.39492e-07
1.59265e-06
1.69199e-07
1.5736e-06
1.98386e-07
1.55177e-06
2.27053e-07
1.5272e-06
2.55177e-07
1.49994e-06
2.82712e-07
1.47003e-06
3.09591e-07
1.43754e-06
3.35747e-07
1.40252e-06
3.61123e-07
1.36505e-06
3.85674e-07
1.32519e-06
4.09364e-07
1.28301e-06
4.32157e-07
1.2386e-06
4.54022e-07
1.19203e-06
4.74924e-07
1.14338e-06
4.9483e-07
1.09274e-06
5.13705e-07
1.04019e-06
5.31514e-07
9.85779e-07
5.48203e-07
9.29568e-07
5.63685e-07
8.71569e-07
5.77797e-07
8.11757e-07
5.90238e-07
7.50071e-07
6.00476e-07
6.86464e-07
6.07622e-07
6.21061e-07
6.10341e-07
5.54445e-07
6.06938e-07
4.87898e-07
5.9598e-07
4.23193e-07
5.78769e-07
3.61607e-07
5.58373e-07
3.03594e-07
5.37677e-07
2.4896e-07
5.18502e-07
1.9723e-07
5.01439e-07
1.47912e-07
4.86292e-07
1.00608e-07
4.72549e-07
5.50368e-08
4.59677e-07
1.10125e-08
4.4726e-07
-3.15845e-08
4.35034e-07
-7.28184e-08
4.22735e-07
-1.12708e-07
4.10124e-07
-1.51253e-07
3.97152e-07
-1.88442e-07
3.83809e-07
-2.24259e-07
3.70116e-07
-2.58688e-07
3.56117e-07
-2.91719e-07
3.41877e-07
-3.23351e-07
3.2749e-07
-3.53602e-07
3.13084e-07
-3.82529e-07
2.9886e-07
-4.10302e-07
2.85204e-07
-4.37147e-07
2.73065e-07
-4.63517e-07
2.63111e-07
-4.90563e-07
2.58203e-07
-5.21364e-07
2.66133e-07
-5.5636e-07
2.83743e-07
-5.96369e-07
3.07133e-07
-6.42663e-07
3.34864e-07
-6.97397e-07
3.66461e-07
-7.64365e-07
4.01494e-07
-8.54374e-07
4.38478e-07
-9.14802e-07
4.80865e-07
-1.00186e-06
5.40601e-07
-1.1118e-06
6.01139e-07
-1.23387e-06
6.57903e-07
-1.35526e-06
7.03656e-07
-1.46804e-06
7.31303e-07
-1.56988e-06
7.43286e-07
-1.66223e-06
7.44215e-07
-1.74727e-06
7.38057e-07
-1.82687e-06
7.27421e-07
-1.90234e-06
7.13859e-07
-1.97449e-06
6.98273e-07
-2.04382e-06
6.8119e-07
-2.1106e-06
6.62924e-07
-2.17497e-06
6.43669e-07
-2.23698e-06
6.23548e-07
-2.29666e-06
6.02642e-07
-2.35397e-06
5.81009e-07
-2.4089e-06
5.58691e-07
-2.46139e-06
5.35724e-07
-2.51142e-06
5.12139e-07
-2.55895e-06
4.87972e-07
-2.60393e-06
4.63257e-07
-2.64634e-06
4.38028e-07
-2.68615e-06
4.12316e-07
-2.72334e-06
3.86146e-07
-2.75787e-06
3.59538e-07
-2.78972e-06
3.32513e-07
-2.81888e-06
3.05102e-07
-2.84533e-06
2.77349e-07
-2.86906e-06
2.49311e-07
-2.89005e-06
2.21038e-07
-2.90831e-06
1.92555e-07
-2.92382e-06
1.63846e-07
-2.93657e-06
1.34864e-07
-2.94654e-06
1.05583e-07
-2.95371e-06
7.60279e-08
-2.95807e-06
4.62126e-08
1.5865e-08
1.64483e-06
1.76334e-08
1.64037e-06
5.20569e-08
1.633e-06
8.5993e-08
1.62276e-06
1.19529e-07
1.60966e-06
1.52588e-07
1.59375e-06
1.85106e-07
1.57507e-06
2.17069e-07
1.55365e-06
2.48478e-07
1.52952e-06
2.79309e-07
1.50272e-06
3.09513e-07
1.47329e-06
3.39016e-07
1.44129e-06
3.67748e-07
1.40677e-06
3.95644e-07
1.36979e-06
4.22657e-07
1.33041e-06
4.48744e-07
1.2887e-06
4.73866e-07
1.24473e-06
4.97987e-07
1.19858e-06
5.21067e-07
1.15032e-06
5.43067e-07
1.10004e-06
5.63949e-07
1.04781e-06
5.8367e-07
9.93694e-07
6.02174e-07
9.37729e-07
6.19365e-07
8.79926e-07
6.35071e-07
8.20247e-07
6.48968e-07
7.5861e-07
6.60486e-07
6.94945e-07
6.68665e-07
6.29349e-07
6.72048e-07
5.62381e-07
6.68758e-07
4.95327e-07
6.57155e-07
4.3003e-07
6.38464e-07
3.67843e-07
6.16087e-07
3.09276e-07
5.93247e-07
2.54152e-07
5.72026e-07
2.01991e-07
5.53127e-07
1.52287e-07
5.36359e-07
1.04629e-07
5.21164e-07
5.87264e-08
5.06949e-07
1.4387e-08
4.93247e-07
-2.85131e-08
4.79762e-07
-7.00418e-08
4.66208e-07
-1.10217e-07
4.52309e-07
-1.4904e-07
4.38011e-07
-1.86501e-07
4.23303e-07
-2.22583e-07
4.08207e-07
-2.5727e-07
3.92774e-07
-2.90551e-07
3.77074e-07
-3.22424e-07
3.6121e-07
-3.52908e-07
3.45323e-07
-3.82057e-07
3.29634e-07
-4.10042e-07
3.14561e-07
-4.37089e-07
3.0116e-07
-4.63653e-07
2.90152e-07
-4.90897e-07
2.84672e-07
-5.21908e-07
2.93267e-07
-5.57146e-07
3.12635e-07
-5.97444e-07
3.38423e-07
-6.4409e-07
3.69025e-07
-6.99251e-07
4.03908e-07
-7.66752e-07
4.42587e-07
-8.57671e-07
4.83488e-07
-9.18886e-07
5.30291e-07
-1.007e-06
5.96328e-07
-1.1182e-06
6.63207e-07
-1.24152e-06
7.2584e-07
-1.36389e-06
7.76089e-07
-1.47741e-06
8.06276e-07
-1.57986e-06
8.19158e-07
-1.67266e-06
8.19882e-07
-1.75804e-06
8.12825e-07
-1.83787e-06
8.00854e-07
-1.91348e-06
7.85673e-07
-1.98569e-06
7.68273e-07
-2.055e-06
7.49232e-07
-2.12169e-06
7.28895e-07
-2.1859e-06
7.07477e-07
-2.24768e-06
6.85114e-07
-2.30705e-06
6.61899e-07
-2.364e-06
6.37896e-07
-2.41849e-06
6.13156e-07
-2.4705e-06
5.8772e-07
-2.51999e-06
5.61627e-07
-2.56694e-06
5.34917e-07
-2.61131e-06
5.07629e-07
-2.65309e-06
4.79803e-07
-2.69224e-06
4.51474e-07
-2.72876e-06
4.2267e-07
-2.76263e-06
3.93412e-07
-2.79384e-06
3.63725e-07
-2.82238e-06
3.3364e-07
-2.84823e-06
3.03206e-07
-2.8714e-06
2.72483e-07
-2.89189e-06
2.41523e-07
-2.90968e-06
2.10354e-07
-2.92479e-06
1.78955e-07
-2.9372e-06
1.47277e-07
-2.9469e-06
1.15286e-07
-2.95388e-06
8.30073e-08
-2.95811e-06
5.04494e-08
1.73097e-08
1.64487e-06
1.91e-08
1.64053e-06
5.63925e-08
1.63337e-06
9.31612e-08
1.62339e-06
1.29504e-07
1.61064e-06
1.6534e-07
1.59514e-06
2.00607e-07
1.57692e-06
2.35292e-07
1.556e-06
2.69395e-07
1.53242e-06
3.02895e-07
1.50619e-06
3.35738e-07
1.47736e-06
3.67848e-07
1.44596e-06
3.99147e-07
1.41204e-06
4.29568e-07
1.37564e-06
4.59057e-07
1.33681e-06
4.87567e-07
1.29562e-06
5.15056e-07
1.25213e-06
5.4148e-07
1.20639e-06
5.66795e-07
1.15848e-06
5.90957e-07
1.10848e-06
6.13919e-07
1.05644e-06
6.35633e-07
1.00244e-06
6.56032e-07
9.46521e-07
6.75009e-07
8.88704e-07
6.92376e-07
8.28967e-07
7.07786e-07
7.67249e-07
7.20625e-07
7.03496e-07
7.29871e-07
6.37797e-07
7.33958e-07
5.7067e-07
7.30854e-07
5.03338e-07
7.18718e-07
4.37643e-07
6.98643e-07
3.74973e-07
6.74349e-07
3.15888e-07
6.4939e-07
2.60248e-07
6.26117e-07
2.07591e-07
6.05362e-07
1.57415e-07
5.86946e-07
1.0931e-07
5.7027e-07
6.2983e-08
5.54687e-07
1.82408e-08
5.39681e-07
-2.50405e-08
5.24923e-07
-6.69395e-08
5.10116e-07
-1.07448e-07
4.94902e-07
-1.46569e-07
4.79264e-07
-1.84327e-07
4.63148e-07
-2.20698e-07
4.4662e-07
-2.55661e-07
4.29731e-07
-2.89205e-07
4.12555e-07
-3.21333e-07
3.95203e-07
-3.52062e-07
3.77828e-07
-3.81452e-07
3.60666e-07
-4.09673e-07
3.44171e-07
-4.3695e-07
3.29503e-07
-4.6374e-07
3.17435e-07
-4.91208e-07
3.11369e-07
-5.22447e-07
3.20594e-07
-5.57947e-07
3.41731e-07
-5.98562e-07
3.6995e-07
-6.45602e-07
4.03473e-07
-7.0125e-07
4.41706e-07
-7.69401e-07
4.84106e-07
-8.61371e-07
5.2903e-07
-9.23545e-07
5.80322e-07
-1.01295e-06
6.52779e-07
-1.12566e-06
7.26089e-07
-1.25052e-06
7.94642e-07
-1.37389e-06
8.49357e-07
-1.48812e-06
8.81964e-07
-1.59113e-06
8.95668e-07
-1.68443e-06
8.96129e-07
-1.77025e-06
8.88116e-07
-1.85049e-06
8.74741e-07
-1.92643e-06
8.57857e-07
-1.99889e-06
8.38542e-07
-2.06834e-06
8.17431e-07
-2.13506e-06
7.94906e-07
-2.19918e-06
7.71205e-07
-2.26076e-06
7.46485e-07
-2.31982e-06
7.2085e-07
-2.37636e-06
6.94376e-07
-2.43036e-06
6.67122e-07
-2.48179e-06
6.39137e-07
-2.53063e-06
6.10466e-07
-2.57687e-06
5.81154e-07
-2.62049e-06
5.51248e-07
-2.66147e-06
5.20791e-07
-2.69982e-06
4.89823e-07
-2.73552e-06
4.58374e-07
-2.76857e-06
4.26469e-07
-2.79898e-06
3.94133e-07
-2.82674e-06
3.61401e-07
-2.85185e-06
3.28322e-07
-2.87432e-06
2.9496e-07
-2.89417e-06
2.6137e-07
-2.91139e-06
2.27579e-07
-2.926e-06
1.93563e-07
-2.93799e-06
1.59268e-07
-2.94735e-06
1.24653e-07
-2.95408e-06
8.97416e-08
-2.95817e-06
5.45357e-08
1.87011e-08
1.64492e-06
2.05142e-08
1.64074e-06
6.05747e-08
1.63382e-06
1.00078e-07
1.62419e-06
1.39133e-07
1.61187e-06
1.77661e-07
1.59688e-06
2.15598e-07
1.57924e-06
2.52934e-07
1.55896e-06
2.89673e-07
1.53607e-06
3.25795e-07
1.51056e-06
3.61241e-07
1.48248e-06
3.95932e-07
1.45184e-06
4.29785e-07
1.41868e-06
4.62728e-07
1.38304e-06
4.94701e-07
1.34495e-06
5.25653e-07
1.30447e-06
5.55535e-07
1.26165e-06
5.84298e-07
1.21655e-06
6.11892e-07
1.16922e-06
6.38266e-07
1.11974e-06
6.63369e-07
1.06816e-06
6.87144e-07
1.01453e-06
7.09521e-07
9.58893e-07
7.30383e-07
9.0125e-07
7.49527e-07
8.41564e-07
7.66587e-07
7.79761e-07
7.80912e-07
7.15763e-07
7.91414e-07
6.4964e-07
7.96421e-07
5.81883e-07
7.93729e-07
5.13713e-07
7.81262e-07
4.4706e-07
7.59891e-07
3.8342e-07
7.33663e-07
3.23439e-07
7.06498e-07
2.67014e-07
6.81058e-07
2.1368e-07
6.58333e-07
1.62918e-07
6.38173e-07
1.14299e-07
6.19936e-07
6.75093e-08
6.02913e-07
2.23406e-08
5.86537e-07
-2.13438e-08
5.70442e-07
-6.36201e-08
5.54315e-07
-1.0452e-07
5.37774e-07
-1.4402e-07
5.20743e-07
-1.82081e-07
5.03236e-07
-2.18715e-07
4.85287e-07
-2.53926e-07
4.66946e-07
-2.87711e-07
4.48295e-07
-3.20075e-07
4.29454e-07
-3.51041e-07
4.10588e-07
-3.80668e-07
3.91954e-07
-4.09124e-07
3.74034e-07
-4.36637e-07
3.581e-07
-4.63661e-07
3.4497e-07
-4.91358e-07
3.38304e-07
-5.22823e-07
3.48116e-07
-5.58582e-07
3.71033e-07
-5.99517e-07
4.01722e-07
-6.4696e-07
4.38224e-07
-7.03108e-07
4.79882e-07
-7.71971e-07
5.26108e-07
-8.65179e-07
5.75217e-07
-9.28549e-07
6.31135e-07
-1.0196e-06
7.10251e-07
-1.13429e-06
7.90183e-07
-1.2612e-06
8.64807e-07
-1.38651e-06
9.23945e-07
-1.50218e-06
9.58945e-07
-1.60634e-06
9.73311e-07
-1.7005e-06
9.73292e-07
-1.78695e-06
9.64097e-07
-1.86761e-06
9.49108e-07
-1.94381e-06
9.30334e-07
-2.01637e-06
9.08942e-07
-2.08579e-06
8.85618e-07
-2.15236e-06
8.60775e-07
-2.21621e-06
8.34673e-07
-2.27742e-06
8.07482e-07
-2.336e-06
7.7932e-07
-2.39195e-06
7.50274e-07
-2.44527e-06
7.20411e-07
-2.49594e-06
6.8979e-07
-2.54394e-06
6.58464e-07
-2.58928e-06
6.26487e-07
-2.63194e-06
5.9391e-07
-2.67193e-06
5.60784e-07
-2.70926e-06
5.27152e-07
-2.74393e-06
4.93049e-07
-2.77596e-06
4.58502e-07
-2.80536e-06
4.23537e-07
-2.83215e-06
3.8819e-07
-2.85634e-06
3.52514e-07
-2.87795e-06
3.16572e-07
-2.897e-06
2.80423e-07
-2.91351e-06
2.44091e-07
-2.92749e-06
2.07548e-07
-2.93896e-06
1.70734e-07
-2.9479e-06
1.33603e-07
-2.95433e-06
9.6172e-08
-2.95823e-06
5.84359e-08
2.00269e-08
1.64499e-06
2.18626e-08
1.641e-06
6.45634e-08
1.6344e-06
1.06676e-07
1.62521e-06
1.48327e-07
1.61343e-06
1.89437e-07
1.59908e-06
2.29948e-07
1.58217e-06
2.69851e-07
1.56268e-06
3.09156e-07
1.54063e-06
3.47843e-07
1.51602e-06
3.85854e-07
1.48885e-06
4.23106e-07
1.45912e-06
4.59512e-07
1.42686e-06
4.94994e-07
1.39207e-06
5.29487e-07
1.35479e-06
5.62934e-07
1.31504e-06
5.95279e-07
1.27287e-06
6.26466e-07
1.22832e-06
6.56433e-07
1.18146e-06
6.85117e-07
1.13234e-06
7.12458e-07
1.08102e-06
7.38389e-07
1.02758e-06
7.62833e-07
9.72044e-07
7.85666e-07
9.14421e-07
8.06679e-07
8.5467e-07
8.2549e-07
7.92704e-07
8.41418e-07
7.28433e-07
8.53315e-07
6.61907e-07
8.59401e-07
5.93593e-07
8.57291e-07
5.24692e-07
8.44662e-07
4.57195e-07
8.22082e-07
3.92672e-07
7.93938e-07
3.31834e-07
7.64533e-07
2.74606e-07
7.3687e-07
2.2053e-07
7.12117e-07
1.69082e-07
6.90157e-07
1.19829e-07
6.70304e-07
7.2457e-08
6.51789e-07
2.67601e-08
6.33985e-07
-1.73949e-08
6.16484e-07
-6.00876e-08
5.98949e-07
-1.01336e-07
5.8106e-07
-1.41141e-07
5.62607e-07
-1.79505e-07
5.43682e-07
-2.16421e-07
5.24274e-07
-2.51889e-07
5.04449e-07
-2.8591e-07
4.84297e-07
-3.18498e-07
4.63949e-07
-3.49683e-07
4.43587e-07
-3.7953e-07
4.23482e-07
-4.08214e-07
4.04143e-07
-4.35967e-07
3.86956e-07
-4.63245e-07
3.72775e-07
-4.91196e-07
3.65503e-07
-5.22902e-07
3.75844e-07
-5.58943e-07
4.0056e-07
-6.00246e-07
4.33779e-07
-6.48185e-07
4.73346e-07
-7.04986e-07
5.18525e-07
-7.74632e-07
5.68651e-07
-8.68894e-07
6.22037e-07
-9.34033e-07
6.83077e-07
-1.02709e-06
7.68887e-07
-1.14403e-06
8.55525e-07
-1.27309e-06
9.36329e-07
-1.39971e-06
9.99888e-07
-1.5165e-06
1.03712e-06
-1.62162e-06
1.05207e-06
-1.71671e-06
1.05153e-06
-1.80407e-06
1.0411e-06
-1.88559e-06
1.02442e-06
-1.96255e-06
1.00363e-06
-2.03574e-06
9.80003e-07
-2.10561e-06
9.54276e-07
-2.17243e-06
9.26908e-07
-2.23632e-06
8.9819e-07
-2.29736e-06
8.68316e-07
-2.35557e-06
8.37426e-07
-2.41098e-06
8.05621e-07
-2.46358e-06
7.72983e-07
-2.51338e-06
7.39581e-07
-2.5604e-06
7.05477e-07
-2.60465e-06
6.70733e-07
-2.64614e-06
6.35406e-07
-2.68491e-06
5.99554e-07
-2.72098e-06
5.63222e-07
-2.75438e-06
5.26449e-07
-2.78514e-06
4.89263e-07
-2.81329e-06
4.51692e-07
-2.83887e-06
4.13772e-07
-2.86191e-06
3.75557e-07
-2.88245e-06
3.37109e-07
-2.90051e-06
2.98488e-07
-2.91613e-06
2.59716e-07
-2.92934e-06
2.2076e-07
-2.94016e-06
1.81552e-07
-2.94859e-06
1.42037e-07
-2.95464e-06
1.02226e-07
-2.95831e-06
6.21059e-08
2.12726e-08
1.64507e-06
2.31277e-08
1.64133e-06
6.83065e-08
1.63513e-06
1.12872e-07
1.62649e-06
1.56968e-07
1.61541e-06
2.00524e-07
1.60187e-06
2.43482e-07
1.58588e-06
2.85845e-07
1.56741e-06
3.27623e-07
1.54645e-06
3.68802e-07
1.52299e-06
4.09321e-07
1.497e-06
4.49095e-07
1.46848e-06
4.88034e-07
1.43742e-06
5.26053e-07
1.40382e-06
5.63084e-07
1.36769e-06
5.99064e-07
1.32903e-06
6.33934e-07
1.28786e-06
6.67633e-07
1.2442e-06
7.00094e-07
1.19805e-06
7.31245e-07
1.14947e-06
7.61011e-07
1.09849e-06
7.89306e-07
1.04517e-06
8.16026e-07
9.89571e-07
8.41025e-07
9.31733e-07
8.64069e-07
8.71665e-07
8.84752e-07
8.09326e-07
9.02368e-07
7.44649e-07
9.15733e-07
6.77654e-07
9.23003e-07
6.0871e-07
9.21665e-07
5.38888e-07
9.0916e-07
4.70187e-07
8.85612e-07
4.04287e-07
8.55691e-07
3.42044e-07
8.24057e-07
2.83489e-07
7.94089e-07
2.28214e-07
7.6718e-07
1.75709e-07
7.43279e-07
1.25534e-07
7.21677e-07
7.73687e-08
7.01548e-07
3.09989e-08
6.82209e-07
-1.37082e-08
6.6321e-07
-5.68224e-08
6.44195e-07
-9.84159e-08
6.24785e-07
-1.38512e-07
6.04875e-07
-1.77118e-07
5.84443e-07
-2.14227e-07
5.63506e-07
-2.49845e-07
5.42141e-07
-2.83985e-07
5.20448e-07
-3.16675e-07
4.98572e-07
-3.47962e-07
4.76705e-07
-3.7792e-07
4.55139e-07
-4.06733e-07
4.34403e-07
-4.34651e-07
4.15997e-07
-4.62137e-07
4.00803e-07
-4.90326e-07
3.92941e-07
-5.2226e-07
4.03753e-07
-5.58632e-07
4.30327e-07
-6.00477e-07
4.66209e-07
-6.49278e-07
5.0906e-07
-7.07216e-07
5.58125e-07
-7.76849e-07
6.12697e-07
-8.64817e-07
6.70634e-07
-9.40243e-07
7.34615e-07
-1.03662e-06
8.28072e-07
-1.15602e-06
9.22686e-07
-1.28823e-06
1.01035e-06
-1.41794e-06
1.07848e-06
-1.53731e-06
1.11781e-06
-1.64454e-06
1.13302e-06
-1.74131e-06
1.13158e-06
-1.82996e-06
1.11954e-06
-1.91243e-06
1.10078e-06
-1.99001e-06
1.07763e-06
-2.06352e-06
1.05144e-06
-2.13344e-06
1.02301e-06
-2.20004e-06
9.92845e-07
-2.26349e-06
9.61269e-07
-2.32387e-06
9.285e-07
-2.38124e-06
8.94693e-07
-2.43564e-06
8.59965e-07
-2.48709e-06
8.24408e-07
-2.53562e-06
7.88099e-07
-2.58126e-06
7.51109e-07
-2.62404e-06
7.13508e-07
-2.66399e-06
6.75363e-07
-2.70117e-06
6.36735e-07
-2.73563e-06
5.97677e-07
-2.7674e-06
5.58228e-07
-2.79656e-06
5.18419e-07
-2.82314e-06
4.78279e-07
-2.84721e-06
4.37844e-07
-2.86882e-06
3.97165e-07
-2.88802e-06
3.56308e-07
-2.90485e-06
3.15328e-07
-2.91938e-06
2.74243e-07
-2.93163e-06
2.33015e-07
-2.94164e-06
1.91565e-07
-2.94944e-06
1.49831e-07
-2.95502e-06
1.07816e-07
-2.95841e-06
6.54917e-08
2.24201e-08
1.64518e-06
2.42873e-08
1.64174e-06
7.17382e-08
1.63606e-06
1.18557e-07
1.62812e-06
1.64912e-07
1.6179e-06
2.10742e-07
1.60538e-06
2.56e-07
1.59053e-06
3.00694e-07
1.57331e-06
3.44845e-07
1.55367e-06
3.88438e-07
1.53158e-06
4.31418e-07
1.50698e-06
4.73695e-07
1.47984e-06
5.15173e-07
1.45013e-06
5.55763e-07
1.41783e-06
5.95385e-07
1.38293e-06
6.33966e-07
1.34543e-06
6.71429e-07
1.30536e-06
7.07698e-07
1.26275e-06
7.42697e-07
1.21763e-06
7.76356e-07
1.17001e-06
8.08602e-07
1.1199e-06
8.39356e-07
1.06729e-06
8.68516e-07
1.01216e-06
8.9593e-07
9.54461e-07
9.21346e-07
8.94122e-07
9.44331e-07
8.31044e-07
9.64131e-07
7.65142e-07
9.79487e-07
6.96471e-07
9.88429e-07
6.25501e-07
9.88233e-07
5.53466e-07
9.7603e-07
4.82626e-07
9.5141e-07
4.14838e-07
9.19436e-07
3.51025e-07
8.85246e-07
2.91195e-07
8.52678e-07
2.34874e-07
8.23382e-07
1.81492e-07
7.97369e-07
1.30567e-07
7.73888e-07
8.17551e-08
7.52038e-07
3.48304e-08
7.31069e-07
-1.03496e-08
7.10488e-07
-5.38673e-08
6.89917e-07
-9.57478e-08
6.68916e-07
-1.3606e-07
6.47433e-07
-1.74796e-07
6.25395e-07
-2.11965e-07
6.02847e-07
-2.47584e-07
5.79875e-07
-2.81683e-07
5.56592e-07
-3.14308e-07
5.33155e-07
-3.45526e-07
5.09775e-07
-3.75437e-07
4.86765e-07
-4.04229e-07
4.64673e-07
-4.32192e-07
4.45107e-07
-4.59799e-07
4.2897e-07
-4.88161e-07
4.20557e-07
-5.20226e-07
4.31758e-07
-5.56822e-07
4.6025e-07
-5.99064e-07
4.98921e-07
-6.48498e-07
5.45202e-07
-7.07316e-07
5.98269e-07
-7.77609e-07
6.57369e-07
-8.66243e-07
7.20076e-07
-9.45201e-07
7.88793e-07
-1.04411e-06
8.89981e-07
-1.16667e-06
9.92439e-07
-1.30244e-06
1.08717e-06
-1.43543e-06
1.16009e-06
-1.55761e-06
1.20139e-06
-1.66736e-06
1.21672e-06
-1.76637e-06
1.21409e-06
-1.85695e-06
1.20006e-06
-1.94098e-06
1.17883e-06
-2.01976e-06
1.15291e-06
-2.09412e-06
1.12377e-06
-2.16455e-06
1.0923e-06
-2.23137e-06
1.05902e-06
-2.29474e-06
1.02429e-06
-2.35478e-06
9.88341e-07
-2.41153e-06
9.51346e-07
-2.46505e-06
9.13432e-07
-2.51538e-06
8.74707e-07
-2.56256e-06
8.35268e-07
-2.60666e-06
7.95202e-07
-2.64774e-06
7.54589e-07
-2.68588e-06
7.13504e-07
-2.72116e-06
6.72014e-07
-2.75366e-06
6.30175e-07
-2.78346e-06
5.88029e-07
-2.81064e-06
5.45608e-07
-2.8353e-06
5.02937e-07
-2.85751e-06
4.60053e-07
-2.87735e-06
4.17005e-07
-2.89489e-06
3.73854e-07
-2.91022e-06
3.30653e-07
-2.92338e-06
2.87413e-07
-2.93446e-06
2.44087e-07
-2.94348e-06
2.00587e-07
-2.95048e-06
1.56837e-07
-2.95549e-06
1.12831e-07
-2.95853e-06
6.85273e-08
2.34476e-08
1.64531e-06
2.53113e-08
1.64228e-06
7.47686e-08
1.63726e-06
1.23581e-07
1.63022e-06
1.71951e-07
1.62113e-06
2.19832e-07
1.60994e-06
2.67189e-07
1.59659e-06
3.14041e-07
1.58102e-06
3.60417e-07
1.56315e-06
4.0631e-07
1.5429e-06
4.51666e-07
1.5202e-06
4.96397e-07
1.49496e-06
5.40409e-07
1.46712e-06
5.83609e-07
1.43659e-06
6.25918e-07
1.40329e-06
6.67263e-07
1.36714e-06
7.07579e-07
1.32807e-06
7.46766e-07
1.28606e-06
7.84693e-07
1.24118e-06
8.21229e-07
1.19349e-06
8.56262e-07
1.1431e-06
8.89694e-07
1.09008e-06
9.2142e-07
1.03451e-06
9.51289e-07
9.76415e-07
9.79049e-07
9.15771e-07
1.00426e-06
8.52512e-07
1.02615e-06
7.8654e-07
1.04343e-06
7.17822e-07
1.05407e-06
6.46618e-07
1.05524e-06
5.73855e-07
1.04384e-06
5.01659e-07
1.01873e-06
4.31976e-07
9.85206e-07
3.65971e-07
9.48733e-07
3.03886e-07
9.13622e-07
2.454e-07
8.81846e-07
1.9003e-07
8.53542e-07
1.37336e-07
8.27958e-07
8.69938e-08
8.04142e-07
3.87893e-08
7.81287e-07
-7.41893e-09
7.58862e-07
-5.1743e-08
7.36499e-07
-9.42127e-08
7.13688e-07
-1.34846e-07
6.90361e-07
-1.73673e-07
6.66487e-07
-2.10734e-07
6.42124e-07
-2.46077e-07
6.1737e-07
-2.79764e-07
5.92357e-07
-3.11883e-07
5.6726e-07
-3.42548e-07
5.42314e-07
-3.71914e-07
5.17859e-07
-4.00202e-07
4.94472e-07
-4.27773e-07
4.73852e-07
-4.55142e-07
4.56916e-07
-4.834e-07
4.48074e-07
-5.15336e-07
4.59607e-07
-5.51982e-07
4.90176e-07
-5.94574e-07
5.31909e-07
-6.4475e-07
5.81969e-07
-7.04764e-07
6.39409e-07
-7.77064e-07
7.03389e-07
-8.68143e-07
7.7177e-07
-9.51401e-07
8.46325e-07
-1.05554e-06
9.55823e-07
-1.18388e-06
1.06665e-06
-1.32559e-06
1.16853e-06
-1.46341e-06
1.24567e-06
-1.58888e-06
1.28828e-06
-1.70104e-06
1.30305e-06
-1.80199e-06
1.2988e-06
-1.89426e-06
1.28248e-06
-1.9798e-06
1.25854e-06
-2.05991e-06
1.22962e-06
-2.13535e-06
1.19726e-06
-2.20656e-06
1.1624e-06
-2.27376e-06
1.1256e-06
-2.33705e-06
1.08724e-06
-2.3965e-06
1.04761e-06
-2.45219e-06
1.00693e-06
-2.50421e-06
9.65399e-07
-2.55269e-06
9.23168e-07
-2.59778e-06
8.80347e-07
-2.6396e-06
8.37011e-07
-2.67825e-06
7.93242e-07
-2.71387e-06
7.49118e-07
-2.74656e-06
7.04707e-07
-2.77645e-06
6.60067e-07
-2.80366e-06
6.15239e-07
-2.8283e-06
5.7025e-07
-2.85049e-06
5.25126e-07
-2.87033e-06
4.79899e-07
-2.88794e-06
4.34615e-07
-2.90342e-06
3.89329e-07
-2.91685e-06
3.44088e-07
-2.92833e-06
2.98896e-07
-2.93794e-06
2.53694e-07
-2.94573e-06
2.08381e-07
-2.95176e-06
1.6287e-07
-2.95607e-06
1.17139e-07
-2.95867e-06
7.11326e-08
2.43287e-08
1.64548e-06
2.61616e-08
1.64296e-06
7.72903e-08
1.63876e-06
1.27779e-07
1.63284e-06
1.77873e-07
1.62513e-06
2.27544e-07
1.61555e-06
2.76775e-07
1.60399e-06
3.25597e-07
1.59036e-06
3.74047e-07
1.57455e-06
4.2212e-07
1.55646e-06
4.69755e-07
1.536e-06
5.16858e-07
1.51309e-06
5.63318e-07
1.48767e-06
6.09033e-07
1.45967e-06
6.53912e-07
1.42906e-06
6.97877e-07
1.3958e-06
7.40831e-07
1.35966e-06
7.82905e-07
1.32042e-06
8.23933e-07
1.27795e-06
8.63687e-07
1.23219e-06
9.01998e-07
1.18311e-06
9.38717e-07
1.13074e-06
9.73697e-07
1.07508e-06
1.00676e-06
1.01613e-06
1.03763e-06
9.53869e-07
1.06587e-06
8.88199e-07
1.09068e-06
8.19019e-07
1.11072e-06
7.46334e-07
1.12387e-06
6.70553e-07
1.12705e-06
5.92914e-07
1.11674e-06
5.16016e-07
1.09093e-06
4.42294e-07
1.05515e-06
3.73063e-07
1.01557e-06
3.08481e-07
9.77185e-07
2.48086e-07
9.42339e-07
1.91274e-07
9.1127e-07
1.37514e-07
8.83197e-07
8.64163e-08
8.57093e-07
3.77194e-08
8.32077e-07
-8.74724e-09
8.07563e-07
-5.30844e-08
7.83148e-07
-9.53548e-08
7.58303e-07
-1.35573e-07
7.32919e-07
-1.73798e-07
7.07019e-07
-2.10149e-07
6.80732e-07
-2.44686e-07
6.54098e-07
-2.77464e-07
6.27247e-07
-3.08571e-07
6.00383e-07
-3.38139e-07
5.73782e-07
-3.66366e-07
5.47836e-07
-3.93542e-07
5.23182e-07
-4.20118e-07
5.01621e-07
-4.46711e-07
4.84099e-07
-4.74436e-07
4.7506e-07
-5.05866e-07
4.86921e-07
-5.42249e-07
5.19791e-07
-5.84894e-07
5.64879e-07
-6.35477e-07
6.19101e-07
-6.96115e-07
6.81451e-07
-7.68547e-07
7.51106e-07
-8.58708e-07
8.25763e-07
-9.48706e-07
9.05611e-07
-1.05819e-06
1.02445e-06
-1.19232e-06
1.14551e-06
-1.34102e-06
1.25648e-06
-1.4859e-06
1.3385e-06
-1.61909e-06
1.38336e-06
-1.73876e-06
1.39729e-06
-1.84637e-06
1.39051e-06
-1.94413e-06
1.37069e-06
-2.03387e-06
1.34266e-06
-2.11682e-06
1.30932e-06
-2.19378e-06
1.27237e-06
-2.26529e-06
1.23286e-06
-2.33172e-06
1.19145e-06
-2.39338e-06
1.14859e-06
-2.45056e-06
1.10462e-06
-2.50353e-06
1.05981e-06
-2.55265e-06
1.01446e-06
-2.59822e-06
9.6872e-07
-2.64035e-06
9.22461e-07
-2.67915e-06
8.7581e-07
-2.71476e-06
8.28849e-07
-2.7473e-06
7.81659e-07
-2.77691e-06
7.34316e-07
-2.80372e-06
6.86878e-07
-2.82788e-06
6.39393e-07
-2.84951e-06
5.9189e-07
-2.86878e-06
5.44395e-07
-2.88582e-06
4.96938e-07
-2.90077e-06
4.49563e-07
-2.91376e-06
4.02321e-07
-2.92492e-06
3.55249e-07
-2.93436e-06
3.08341e-07
-2.94219e-06
2.61525e-07
-2.9485e-06
2.14685e-07
-2.95334e-06
1.67717e-07
-2.95679e-06
1.20582e-07
-2.95886e-06
7.32046e-08
2.50265e-08
1.64576e-06
2.67392e-08
1.644e-06
7.90442e-08
1.64099e-06
1.30791e-07
1.63665e-06
1.82213e-07
1.63087e-06
2.33324e-07
1.6235e-06
2.8414e-07
1.61438e-06
3.34722e-07
1.6033e-06
3.85125e-07
1.59006e-06
4.35358e-07
1.57445e-06
4.85369e-07
1.55626e-06
5.35052e-07
1.53529e-06
5.8428e-07
1.51141e-06
6.32915e-07
1.48451e-06
6.80812e-07
1.45457e-06
7.27823e-07
1.42164e-06
7.73758e-07
1.3859e-06
8.18638e-07
1.34732e-06
8.62508e-07
1.30572e-06
9.05276e-07
1.26093e-06
9.46771e-07
1.21281e-06
9.8679e-07
1.16128e-06
1.02513e-06
1.10631e-06
1.06155e-06
1.04785e-06
1.09575e-06
9.8586e-07
1.12725e-06
9.20257e-07
1.15521e-06
8.50949e-07
1.17826e-06
7.77903e-07
1.19419e-06
7.01377e-07
1.19979e-06
6.22324e-07
1.19126e-06
5.42883e-07
1.16585e-06
4.65896e-07
1.1285e-06
3.92988e-07
1.08622e-06
3.24688e-07
1.04459e-06
2.60763e-07
1.00648e-06
2.00711e-07
9.72352e-07
1.44041e-07
9.41451e-07
9.03853e-08
9.12698e-07
3.94947e-08
8.85146e-07
-8.79065e-09
8.58156e-07
-5.46e-08
8.31333e-07
-9.79557e-08
8.0406e-07
-1.3888e-07
7.76234e-07
-1.77383e-07
7.47876e-07
-2.1343e-07
7.19078e-07
-2.47048e-07
6.89945e-07
-2.78315e-07
6.60659e-07
-3.07359e-07
6.31473e-07
-3.34385e-07
6.02733e-07
-3.59704e-07
5.74927e-07
-3.83781e-07
5.48813e-07
-4.07336e-07
5.26384e-07
-4.31379e-07
5.0874e-07
-4.57381e-07
5.00329e-07
-4.87992e-07
5.13427e-07
-5.24776e-07
5.49817e-07
-5.69088e-07
5.99507e-07
-6.22414e-07
6.58925e-07
-6.86716e-07
7.27034e-07
-7.63673e-07
8.03202e-07
-8.58818e-07
8.85783e-07
-9.58546e-07
9.73268e-07
-1.07883e-06
1.10291e-06
-1.22375e-06
1.23439e-06
-1.38245e-06
1.35352e-06
-1.53428e-06
1.43875e-06
-1.67225e-06
1.48328e-06
-1.79463e-06
1.49461e-06
-1.90353e-06
1.48393e-06
-2.00165e-06
1.45957e-06
-2.09111e-06
1.42673e-06
-2.17336e-06
1.38847e-06
-2.24938e-06
1.34663e-06
-2.31984e-06
1.30232e-06
-2.38522e-06
1.25628e-06
-2.44596e-06
1.20902e-06
-2.50243e-06
1.16093e-06
-2.55495e-06
1.11225e-06
-2.60362e-06
1.06309e-06
-2.64834e-06
1.01342e-06
-2.6891e-06
9.63205e-07
-2.72598e-06
9.12683e-07
-2.75913e-06
8.62003e-07
-2.78877e-06
8.11293e-07
-2.81511e-06
7.60655e-07
-2.83839e-06
7.10161e-07
-2.85886e-06
6.59862e-07
-2.87675e-06
6.09785e-07
-2.8923e-06
5.59946e-07
-2.90573e-06
5.10367e-07
-2.91724e-06
4.61075e-07
-2.92703e-06
4.12107e-07
-2.93526e-06
3.63482e-07
-2.94209e-06
3.15173e-07
-2.94766e-06
2.6709e-07
-2.95206e-06
2.19092e-07
-2.9554e-06
1.71056e-07
-2.95774e-06
1.22917e-07
-2.9591e-06
7.45723e-08
2.54782e-08
1.64597e-06
1.645e-06
1.64336e-06
1.64098e-06
1.63774e-06
1.6335e-06
1.6281e-06
1.62135e-06
1.61301e-06
1.60284e-06
1.59057e-06
1.57592e-06
1.55856e-06
1.53817e-06
1.51437e-06
1.48671e-06
1.45526e-06
1.42015e-06
1.38135e-06
1.33874e-06
1.29214e-06
1.2414e-06
1.18631e-06
1.12672e-06
1.06238e-06
9.93034e-07
9.18371e-07
8.38194e-07
7.52778e-07
6.63506e-07
5.73388e-07
4.86433e-07
4.05011e-07
3.29938e-07
2.60879e-07
1.97031e-07
1.37612e-07
8.20224e-08
2.98493e-08
-1.91903e-08
-6.5264e-08
-1.0846e-07
-1.48822e-07
-1.86351e-07
-2.20921e-07
-2.5259e-07
-2.8149e-07
-3.07795e-07
-3.31742e-07
-3.53656e-07
-3.74027e-07
-3.93597e-07
-4.1362e-07
-4.36364e-07
-4.65164e-07
-5.01331e-07
-5.45618e-07
-5.99133e-07
-6.63619e-07
-7.40607e-07
-8.35968e-07
-9.43981e-07
-1.07638e-06
-1.23602e-06
-1.41239e-06
-1.58546e-06
-1.74362e-06
-1.88368e-06
-2.00697e-06
-2.11605e-06
-2.21325e-06
-2.30043e-06
-2.37896e-06
-2.44992e-06
-2.51413e-06
-2.57221e-06
-2.62461e-06
-2.67156e-06
-2.7131e-06
-2.74939e-06
-2.78113e-06
-2.80885e-06
-2.83297e-06
-2.8539e-06
-2.87198e-06
-2.88754e-06
-2.90085e-06
-2.91219e-06
-2.9218e-06
-2.92987e-06
-2.93662e-06
-2.94221e-06
-2.9468e-06
-2.95051e-06
-2.95346e-06
-2.95574e-06
-2.95744e-06
-2.95861e-06
-2.9593e-06
)
;

boundaryField
{
    fuel
    {
        type            calculated;
        value           nonuniform List<scalar> 
40
(
-1.64633e-06
-1.64633e-06
-1.64633e-06
-1.64633e-06
-1.64633e-06
-1.64633e-06
-1.64634e-06
-1.64634e-06
-1.64634e-06
-1.64634e-06
-1.64634e-06
-1.64634e-06
-1.64634e-06
-1.64634e-06
-1.64634e-06
-1.64634e-06
-1.64634e-06
-1.64634e-06
-1.64634e-06
-1.64634e-06
-1.64634e-06
-1.64634e-06
-1.64634e-06
-1.64634e-06
-1.64634e-06
-1.64634e-06
-1.64634e-06
-1.64634e-06
-1.64634e-06
-1.64634e-06
-1.64634e-06
-1.64634e-06
-1.64634e-06
-1.64634e-06
-1.64633e-06
-1.64633e-06
-1.64633e-06
-1.64633e-06
-1.64633e-06
-1.64633e-06
)
;
    }
    air
    {
        type            calculated;
        value           nonuniform List<scalar> 
40
(
-2.95955e-06
-2.95955e-06
-2.95955e-06
-2.95955e-06
-2.95955e-06
-2.95955e-06
-2.95955e-06
-2.95955e-06
-2.95956e-06
-2.95956e-06
-2.95956e-06
-2.95956e-06
-2.95956e-06
-2.95956e-06
-2.95956e-06
-2.95956e-06
-2.95956e-06
-2.95956e-06
-2.95956e-06
-2.95956e-06
-2.95956e-06
-2.95956e-06
-2.95956e-06
-2.95956e-06
-2.95956e-06
-2.95956e-06
-2.95956e-06
-2.95956e-06
-2.95956e-06
-2.95956e-06
-2.95956e-06
-2.95956e-06
-2.95955e-06
-2.95955e-06
-2.95955e-06
-2.95955e-06
-2.95955e-06
-2.95955e-06
-2.95955e-06
-2.95955e-06
)
;
    }
    outlet
    {
        type            calculated;
        value           nonuniform List<scalar> 
200
(
2.70989e-08
8.00196e-08
1.32434e-07
1.84603e-07
2.36573e-07
2.88387e-07
3.40133e-07
3.91895e-07
4.43711e-07
4.9555e-07
5.47333e-07
5.98951e-07
6.50287e-07
7.01221e-07
7.51635e-07
8.01433e-07
8.50105e-07
8.97637e-07
9.44089e-07
9.89386e-07
1.03337e-06
1.07583e-06
1.11651e-06
1.1551e-06
1.19109e-06
1.22367e-06
1.25142e-06
1.272e-06
1.28185e-06
1.27641e-06
1.2518e-06
1.21212e-06
1.16564e-06
1.11903e-06
1.076e-06
1.03744e-06
1.00262e-06
9.70363e-07
9.39582e-07
9.09553e-07
8.79799e-07
8.49649e-07
8.18963e-07
7.87725e-07
7.55905e-07
7.238e-07
6.91659e-07
6.59783e-07
6.28566e-07
5.98578e-07
5.70706e-07
5.47133e-07
5.29323e-07
5.22273e-07
5.3799e-07
5.79089e-07
6.34008e-07
6.9896e-07
7.73171e-07
8.56301e-07
9.46965e-07
1.04642e-06
1.19102e-06
1.33579e-06
1.46633e-06
1.55846e-06
1.60335e-06
1.61035e-06
1.59259e-06
1.56012e-06
1.51905e-06
1.47288e-06
1.42362e-06
1.37243e-06
1.32002e-06
1.26686e-06
1.2132e-06
1.15914e-06
1.1046e-06
1.0497e-06
9.94949e-07
9.40399e-07
8.86134e-07
8.32229e-07
7.78745e-07
7.25724e-07
6.73186e-07
6.21132e-07
5.69555e-07
5.18453e-07
4.67831e-07
4.17704e-07
3.68072e-07
3.18889e-07
2.70042e-07
2.21375e-07
1.72747e-07
1.24078e-07
7.52494e-08
2.57159e-08
2.71012e-08
8.00192e-08
1.3243e-07
1.84596e-07
2.36563e-07
2.88375e-07
3.4012e-07
3.91882e-07
4.43697e-07
4.95536e-07
5.47319e-07
5.98937e-07
6.50272e-07
7.01205e-07
7.51618e-07
8.01415e-07
8.50086e-07
8.97616e-07
9.44068e-07
9.89364e-07
1.03334e-06
1.0758e-06
1.11649e-06
1.15507e-06
1.19107e-06
1.22365e-06
1.2514e-06
1.27198e-06
1.28184e-06
1.2764e-06
1.25179e-06
1.21211e-06
1.16564e-06
1.11903e-06
1.07601e-06
1.03745e-06
1.00265e-06
9.70401e-07
9.39633e-07
9.09618e-07
8.79875e-07
8.49734e-07
8.19052e-07
7.87815e-07
7.55994e-07
7.23883e-07
6.91736e-07
6.59852e-07
6.28627e-07
5.98631e-07
5.70752e-07
5.47176e-07
5.29373e-07
5.22356e-07
5.38168e-07
5.7931e-07
6.34248e-07
6.99205e-07
7.73412e-07
8.5653e-07
9.47097e-07
1.04655e-06
1.19115e-06
1.33587e-06
1.46637e-06
1.55852e-06
1.60339e-06
1.61036e-06
1.59259e-06
1.56011e-06
1.51904e-06
1.47288e-06
1.42361e-06
1.37242e-06
1.32001e-06
1.26685e-06
1.21319e-06
1.15912e-06
1.10459e-06
1.04969e-06
9.9494e-07
9.40391e-07
8.86126e-07
8.32221e-07
7.78737e-07
7.25716e-07
6.73178e-07
6.21124e-07
5.69548e-07
5.18445e-07
4.67824e-07
4.17698e-07
3.68066e-07
3.18883e-07
2.70039e-07
2.21376e-07
1.72752e-07
1.24089e-07
7.52643e-08
2.57319e-08
)
;
    }
    frontAndBack
    {
        type            empty;
    }
}


// ************************************************************************* //
