/*--------------------------------*- C++ -*----------------------------------*\
  =========                 |
  \\      /  F ield         | OpenFOAM: The Open Source CFD Toolbox
   \\    /   O peration     | Website:  https://openfoam.org
    \\  /    A nd           | Version:  11
     \\/     M anipulation  |
\*---------------------------------------------------------------------------*/
FoamFile
{
    format      ascii;
    class       volVectorField;
    location    "0.05";
    object      U;
}
// * * * * * * * * * * * * * * * * * * * * * * * * * * * * * * * * * * * * * //

dimensions      [0 1 -1 0 0 0 0];

internalField   nonuniform List<vector> 
4000
(
(0.249994 -0.0102578 0)
(0.249891 -0.0303418 0)
(0.249698 -0.0502349 0)
(0.249398 -0.0700331 0)
(0.248976 -0.0897534 0)
(0.248414 -0.109412 0)
(0.247689 -0.129043 0)
(0.246774 -0.148679 0)
(0.245637 -0.168331 0)
(0.244241 -0.187991 0)
(0.242548 -0.207626 0)
(0.240514 -0.227196 0)
(0.238094 -0.246655 0)
(0.235238 -0.265957 0)
(0.231894 -0.285055 0)
(0.228018 -0.30391 0)
(0.223526 -0.32233 0)
(0.21846 -0.340315 0)
(0.212849 -0.357891 0)
(0.206679 -0.375034 0)
(0.199928 -0.39169 0)
(0.192574 -0.4078 0)
(0.184609 -0.423315 0)
(0.17604 -0.438211 0)
(0.166902 -0.452513 0)
(0.157281 -0.466345 0)
(0.147335 -0.480035 0)
(0.13733 -0.494282 0)
(0.127635 -0.510322 0)
(0.118642 -0.529837 0)
(0.110511 -0.554294 0)
(0.102948 -0.584022 0)
(0.0952643 -0.618042 0)
(0.0866965 -0.654626 0)
(0.0766941 -0.691969 0)
(0.0649978 -0.728582 0)
(0.0515803 -0.76337 0)
(0.036543 -0.795568 0)
(0.0200361 -0.824652 0)
(0.00223933 -0.85027 0)
(-0.0166348 -0.872184 0)
(-0.0364294 -0.890196 0)
(-0.0570011 -0.904194 0)
(-0.0781508 -0.914073 0)
(-0.0996284 -0.919652 0)
(-0.121204 -0.921112 0)
(-0.142689 -0.9186 0)
(-0.163916 -0.912319 0)
(-0.184717 -0.902578 0)
(-0.204902 -0.88982 0)
(-0.224184 -0.874656 0)
(-0.242142 -0.857838 0)
(-0.257634 -0.840232 0)
(-0.267442 -0.822176 0)
(-0.267903 -0.802072 0)
(-0.25936 -0.777139 0)
(-0.245952 -0.746042 0)
(-0.231254 -0.709306 0)
(-0.216865 -0.668416 0)
(-0.203641 -0.625065 0)
(-0.191871 -0.581137 0)
(-0.179428 -0.538277 0)
(-0.165886 -0.496132 0)
(-0.156017 -0.456244 0)
(-0.15192 -0.421761 0)
(-0.152499 -0.394421 0)
(-0.156412 -0.373822 0)
(-0.162472 -0.358113 0)
(-0.169643 -0.34523 0)
(-0.177175 -0.333682 0)
(-0.184596 -0.32264 0)
(-0.191659 -0.311711 0)
(-0.198251 -0.300733 0)
(-0.204337 -0.289657 0)
(-0.209917 -0.278481 0)
(-0.21501 -0.267222 0)
(-0.219642 -0.255897 0)
(-0.223827 -0.244507 0)
(-0.227552 -0.233023 0)
(-0.23081 -0.22146 0)
(-0.233672 -0.209924 0)
(-0.236175 -0.198427 0)
(-0.238357 -0.186988 0)
(-0.240252 -0.175622 0)
(-0.241894 -0.164343 0)
(-0.243308 -0.15316 0)
(-0.244522 -0.142078 0)
(-0.245558 -0.131096 0)
(-0.246438 -0.120214 0)
(-0.247181 -0.109431 0)
(-0.247803 -0.098749 0)
(-0.248321 -0.0881703 0)
(-0.248748 -0.0776951 0)
(-0.249096 -0.0673137 0)
(-0.249375 -0.0570028 0)
(-0.249595 -0.0467291 0)
(-0.249761 -0.0364628 0)
(-0.249881 -0.0261874 0)
(-0.249957 -0.0158773 0)
(-0.249998 -0.00541914 0)
(0.249993 -0.0100393 0)
(0.249814 -0.0296899 0)
(0.249463 -0.0491285 0)
(0.248914 -0.0684263 0)
(0.248151 -0.0875769 0)
(0.247158 -0.106576 0)
(0.245913 -0.125436 0)
(0.244387 -0.144171 0)
(0.242549 -0.162775 0)
(0.240367 -0.18122 0)
(0.237807 -0.199462 0)
(0.234841 -0.217448 0)
(0.231442 -0.235126 0)
(0.227588 -0.252445 0)
(0.223273 -0.269354 0)
(0.218471 -0.285781 0)
(0.213266 -0.301899 0)
(0.207641 -0.317694 0)
(0.201563 -0.333061 0)
(0.195014 -0.347916 0)
(0.187978 -0.362193 0)
(0.18045 -0.375849 0)
(0.17244 -0.388861 0)
(0.163982 -0.401232 0)
(0.155143 -0.413017 0)
(0.146043 -0.424373 0)
(0.136881 -0.435669 0)
(0.127948 -0.447643 0)
(0.119595 -0.461522 0)
(0.112124 -0.478868 0)
(0.105548 -0.500938 0)
(0.0994376 -0.52792 0)
(0.0930638 -0.558912 0)
(0.085675 -0.592389 0)
(0.0767354 -0.626767 0)
(0.0660011 -0.660719 0)
(0.0534516 -0.693253 0)
(0.0391826 -0.723666 0)
(0.0233287 -0.751472 0)
(0.00603976 -0.776331 0)
(-0.0124413 -0.798015 0)
(-0.031973 -0.816348 0)
(-0.0524706 -0.831226 0)
(-0.0737495 -0.842619 0)
(-0.0956296 -0.850633 0)
(-0.117917 -0.855038 0)
(-0.140437 -0.855761 0)
(-0.16302 -0.852829 0)
(-0.185499 -0.846345 0)
(-0.207682 -0.836463 0)
(-0.229276 -0.823372 0)
(-0.249808 -0.807246 0)
(-0.267813 -0.788183 0)
(-0.279224 -0.76601 0)
(-0.279712 -0.740083 0)
(-0.26997 -0.709877 0)
(-0.254914 -0.675598 0)
(-0.238585 -0.638048 0)
(-0.222894 -0.598037 0)
(-0.208785 -0.556627 0)
(-0.196209 -0.515141 0)
(-0.182393 -0.474715 0)
(-0.167008 -0.436113 0)
(-0.155611 -0.401177 0)
(-0.150183 -0.371751 0)
(-0.149265 -0.348716 0)
(-0.151517 -0.331633 0)
(-0.155971 -0.318929 0)
(-0.161731 -0.308801 0)
(-0.168118 -0.299883 0)
(-0.174687 -0.291373 0)
(-0.181172 -0.28287 0)
(-0.187424 -0.274199 0)
(-0.193368 -0.265296 0)
(-0.19897 -0.256159 0)
(-0.204222 -0.246811 0)
(-0.209126 -0.237295 0)
(-0.213695 -0.227663 0)
(-0.217954 -0.217973 0)
(-0.221912 -0.208209 0)
(-0.225517 -0.198274 0)
(-0.228792 -0.188225 0)
(-0.231746 -0.17809 0)
(-0.234393 -0.167894 0)
(-0.236752 -0.157662 0)
(-0.238843 -0.14741 0)
(-0.240686 -0.137153 0)
(-0.242301 -0.1269 0)
(-0.243709 -0.116658 0)
(-0.244929 -0.106435 0)
(-0.245978 -0.0962412 0)
(-0.246874 -0.0860872 0)
(-0.247631 -0.0759809 0)
(-0.248265 -0.0659199 0)
(-0.248786 -0.0558882 0)
(-0.249205 -0.0458595 0)
(-0.249531 -0.0358107 0)
(-0.249767 -0.0257321 0)
(-0.249919 -0.0156062 0)
(-0.249997 -0.0053283 0)
(0.249987 -0.00976488 0)
(0.249729 -0.0288714 0)
(0.249231 -0.0477592 0)
(0.248471 -0.0664885 0)
(0.247439 -0.0850443 0)
(0.246128 -0.103416 0)
(0.244527 -0.121615 0)
(0.242618 -0.139654 0)
(0.240387 -0.157532 0)
(0.237817 -0.175232 0)
(0.234893 -0.192723 0)
(0.231603 -0.209971 0)
(0.227935 -0.226948 0)
(0.223882 -0.243628 0)
(0.219433 -0.259992 0)
(0.214588 -0.276029 0)
(0.209326 -0.29169 0)
(0.203611 -0.306899 0)
(0.197416 -0.321594 0)
(0.190727 -0.335726 0)
(0.183545 -0.349262 0)
(0.175879 -0.36218 0)
(0.167755 -0.374471 0)
(0.159215 -0.386149 0)
(0.150333 -0.397276 0)
(0.141233 -0.408019 0)
(0.13211 -0.418756 0)
(0.123245 -0.430226 0)
(0.114973 -0.443625 0)
(0.107577 -0.460417 0)
(0.101086 -0.481708 0)
(0.0951044 -0.507577 0)
(0.0889381 -0.537125 0)
(0.0818673 -0.568919 0)
(0.0733596 -0.601498 0)
(0.0631535 -0.633644 0)
(0.0512047 -0.664451 0)
(0.0375818 -0.693278 0)
(0.02239 -0.719677 0)
(0.00574989 -0.743334 0)
(-0.0121279 -0.764028 0)
(-0.0311308 -0.781591 0)
(-0.0512005 -0.795895 0)
(-0.0721962 -0.806839 0)
(-0.0940138 -0.814356 0)
(-0.116553 -0.81842 0)
(-0.139685 -0.819023 0)
(-0.163262 -0.816184 0)
(-0.187117 -0.809942 0)
(-0.211032 -0.80036 0)
(-0.234626 -0.787511 0)
(-0.257221 -0.77145 0)
(-0.276909 -0.752186 0)
(-0.288966 -0.729589 0)
(-0.288845 -0.703348 0)
(-0.277686 -0.673422 0)
(-0.260866 -0.640195 0)
(-0.242713 -0.604256 0)
(-0.225348 -0.56635 0)
(-0.209844 -0.527407 0)
(-0.196106 -0.488565 0)
(-0.18104 -0.450863 0)
(-0.164521 -0.414985 0)
(-0.152441 -0.382539 0)
(-0.146489 -0.355095 0)
(-0.145158 -0.333423 0)
(-0.147145 -0.317241 0)
(-0.151408 -0.30519 0)
(-0.157031 -0.295608 0)
(-0.163341 -0.287214 0)
(-0.169891 -0.279237 0)
(-0.176403 -0.271284 0)
(-0.182713 -0.263174 0)
(-0.188734 -0.254839 0)
(-0.194419 -0.246262 0)
(-0.199749 -0.237452 0)
(-0.204721 -0.228432 0)
(-0.209345 -0.219231 0)
(-0.213641 -0.20989 0)
(-0.21763 -0.200448 0)
(-0.22133 -0.190931 0)
(-0.224744 -0.181342 0)
(-0.227884 -0.171693 0)
(-0.230759 -0.161998 0)
(-0.233382 -0.152266 0)
(-0.235762 -0.142508 0)
(-0.237911 -0.132731 0)
(-0.239842 -0.122939 0)
(-0.241567 -0.113136 0)
(-0.243098 -0.103328 0)
(-0.244446 -0.0935233 0)
(-0.245623 -0.0837333 0)
(-0.246641 -0.0739661 0)
(-0.247509 -0.0642212 0)
(-0.248237 -0.0544848 0)
(-0.248833 -0.0447336 0)
(-0.249302 -0.0349476 0)
(-0.249649 -0.0251207 0)
(-0.249876 -0.0152396 0)
(-0.249995 -0.00520584 0)
(0.249985 -0.00941067 0)
(0.249673 -0.0278161 0)
(0.249076 -0.0459971 0)
(0.248168 -0.0640045 0)
(0.246946 -0.0818163 0)
(0.245407 -0.0994163 0)
(0.243546 -0.116809 0)
(0.241354 -0.134003 0)
(0.238817 -0.150993 0)
(0.235926 -0.167759 0)
(0.232668 -0.184263 0)
(0.229032 -0.200469 0)
(0.225004 -0.216338 0)
(0.220575 -0.231836 0)
(0.215731 -0.246929 0)
(0.210461 -0.261579 0)
(0.204752 -0.275752 0)
(0.198597 -0.289416 0)
(0.192002 -0.302545 0)
(0.184979 -0.315116 0)
(0.177548 -0.327115 0)
(0.169735 -0.33853 0)
(0.161574 -0.349361 0)
(0.153116 -0.359629 0)
(0.14444 -0.369406 0)
(0.135674 -0.378873 0)
(0.127017 -0.388424 0)
(0.118747 -0.398799 0)
(0.111176 -0.411155 0)
(0.104531 -0.426848 0)
(0.0987521 -0.446839 0)
(0.0933801 -0.471134 0)
(0.0876976 -0.498863 0)
(0.0810076 -0.528701 0)
(0.0728172 -0.559308 0)
(0.0628913 -0.589571 0)
(0.0511913 -0.618653 0)
(0.0377809 -0.645962 0)
(0.0227568 -0.671081 0)
(0.00622665 -0.693715 0)
(-0.0116084 -0.713647 0)
(-0.0306495 -0.730724 0)
(-0.0508579 -0.744809 0)
(-0.0721004 -0.755794 0)
(-0.0942583 -0.763591 0)
(-0.117218 -0.768123 0)
(-0.140857 -0.769332 0)
(-0.165039 -0.76718 0)
(-0.189594 -0.761647 0)
(-0.214285 -0.752733 0)
(-0.238683 -0.740446 0)
(-0.262002 -0.724792 0)
(-0.282122 -0.705768 0)
(-0.294042 -0.683316 0)
(-0.2933 -0.657311 0)
(-0.281437 -0.627926 0)
(-0.26399 -0.595669 0)
(-0.245247 -0.56116 0)
(-0.2274 -0.525101 0)
(-0.211664 -0.488319 0)
(-0.19782 -0.451826 0)
(-0.182076 -0.416498 0)
(-0.164573 -0.383021 0)
(-0.15197 -0.352852 0)
(-0.14553 -0.327392 0)
(-0.14364 -0.307348 0)
(-0.145023 -0.292451 0)
(-0.148632 -0.281469 0)
(-0.15363 -0.272887 0)
(-0.159404 -0.265509 0)
(-0.165525 -0.258594 0)
(-0.171724 -0.251747 0)
(-0.17784 -0.244775 0)
(-0.183779 -0.237595 0)
(-0.189481 -0.230178 0)
(-0.194914 -0.22252 0)
(-0.200054 -0.214632 0)
(-0.204892 -0.206529 0)
(-0.209427 -0.198231 0)
(-0.213663 -0.189756 0)
(-0.21761 -0.181127 0)
(-0.221276 -0.172364 0)
(-0.224672 -0.163487 0)
(-0.227806 -0.154514 0)
(-0.230688 -0.145461 0)
(-0.233329 -0.136342 0)
(-0.235738 -0.127166 0)
(-0.237926 -0.117939 0)
(-0.239901 -0.108669 0)
(-0.241674 -0.0993621 0)
(-0.243254 -0.0900293 0)
(-0.244649 -0.0806833 0)
(-0.245868 -0.0713347 0)
(-0.246919 -0.0619854 0)
(-0.247808 -0.0526245 0)
(-0.248543 -0.043232 0)
(-0.249125 -0.033791 0)
(-0.249558 -0.0242988 0)
(-0.249843 -0.014746 0)
(-0.249993 -0.00504057 0)
(0.249983 -0.00899705 0)
(0.249629 -0.0265878 0)
(0.248953 -0.0439563 0)
(0.247927 -0.061147 0)
(0.246549 -0.0781341 0)
(0.244823 -0.0948979 0)
(0.242746 -0.11144 0)
(0.240313 -0.127766 0)
(0.237517 -0.143872 0)
(0.23435 -0.159734 0)
(0.230806 -0.175322 0)
(0.226879 -0.190601 0)
(0.222564 -0.205537 0)
(0.217856 -0.220107 0)
(0.212754 -0.234286 0)
(0.207256 -0.248055 0)
(0.201367 -0.261391 0)
(0.19509 -0.274272 0)
(0.188432 -0.286675 0)
(0.181399 -0.298574 0)
(0.174 -0.309947 0)
(0.166246 -0.320778 0)
(0.158157 -0.33106 0)
(0.149772 -0.34081 0)
(0.141165 -0.3501 0)
(0.132458 -0.359109 0)
(0.123852 -0.368225 0)
(0.115623 -0.378164 0)
(0.108089 -0.390012 0)
(0.101475 -0.404998 0)
(0.0957188 -0.423923 0)
(0.0903741 -0.446716 0)
(0.0847472 -0.472541 0)
(0.0781623 -0.500193 0)
(0.0701393 -0.528485 0)
(0.0604416 -0.556437 0)
(0.0490162 -0.583313 0)
(0.035906 -0.608584 0)
(0.0211882 -0.631869 0)
(0.0049594 -0.652892 0)
(-0.0126228 -0.67144 0)
(-0.0314716 -0.687365 0)
(-0.0515498 -0.700522 0)
(-0.072753 -0.710794 0)
(-0.0949681 -0.718081 0)
(-0.118079 -0.722298 0)
(-0.141958 -0.723375 0)
(-0.166455 -0.721259 0)
(-0.191381 -0.715911 0)
(-0.216467 -0.707311 0)
(-0.241247 -0.695448 0)
(-0.264869 -0.680325 0)
(-0.285076 -0.661952 0)
(-0.296714 -0.640326 0)
(-0.29544 -0.61542 0)
(-0.283081 -0.587475 0)
(-0.265233 -0.557002 0)
(-0.24611 -0.524604 0)
(-0.227881 -0.490945 0)
(-0.211764 -0.456763 0)
(-0.197519 -0.422924 0)
(-0.181327 -0.390248 0)
(-0.163461 -0.359513 0)
(-0.150541 -0.331886 0)
(-0.143756 -0.308504 0)
(-0.141498 -0.289963 0)
(-0.142571 -0.276033 0)
(-0.145954 -0.265666 0)
(-0.150766 -0.257526 0)
(-0.156373 -0.25052 0)
(-0.162345 -0.243962 0)
(-0.168412 -0.237484 0)
(-0.174416 -0.230908 0)
(-0.180268 -0.224159 0)
(-0.185916 -0.217207 0)
(-0.191332 -0.210051 0)
(-0.196499 -0.202698 0)
(-0.201407 -0.195159 0)
(-0.206051 -0.18745 0)
(-0.210429 -0.179582 0)
(-0.214543 -0.171568 0)
(-0.218395 -0.163422 0)
(-0.221991 -0.155156 0)
(-0.225335 -0.146784 0)
(-0.228434 -0.13832 0)
(-0.231294 -0.129773 0)
(-0.233924 -0.121152 0)
(-0.236329 -0.112464 0)
(-0.238516 -0.103714 0)
(-0.240494 -0.0949089 0)
(-0.242268 -0.0860604 0)
(-0.243846 -0.0771812 0)
(-0.245232 -0.0682828 0)
(-0.246434 -0.0593684 0)
(-0.247457 -0.050429 0)
(-0.248306 -0.0414468 0)
(-0.248982 -0.0324076 0)
(-0.249485 -0.0233108 0)
(-0.249817 -0.0141502 0)
(-0.249992 -0.00484021 0)
(0.249981 -0.00853748 0)
(0.249595 -0.0252247 0)
(0.248858 -0.0416951 0)
(0.24774 -0.0579882 0)
(0.246243 -0.0740749 0)
(0.244373 -0.0899328 0)
(0.242131 -0.105561 0)
(0.239516 -0.120962 0)
(0.236523 -0.136129 0)
(0.233151 -0.151041 0)
(0.229397 -0.165664 0)
(0.225259 -0.179964 0)
(0.220735 -0.193911 0)
(0.215826 -0.207478 0)
(0.210532 -0.220641 0)
(0.204853 -0.233377 0)
(0.198793 -0.245662 0)
(0.192352 -0.257469 0)
(0.185537 -0.268773 0)
(0.178354 -0.279552 0)
(0.170814 -0.289787 0)
(0.16294 -0.299468 0)
(0.154762 -0.308602 0)
(0.146337 -0.317219 0)
(0.13775 -0.325408 0)
(0.129141 -0.333365 0)
(0.120714 -0.341488 0)
(0.112744 -0.350488 0)
(0.105524 -0.361419 0)
(0.0992331 -0.375436 0)
(0.0937545 -0.393255 0)
(0.0886051 -0.414758 0)
(0.0830925 -0.439112 0)
(0.0765643 -0.465159 0)
(0.068571 -0.491772 0)
(0.0588994 -0.518035 0)
(0.0475079 -0.543266 0)
(0.0344418 -0.566978 0)
(0.0197779 -0.588828 0)
(0.00361619 -0.608565 0)
(-0.013907 -0.625996 0)
(-0.0327209 -0.640984 0)
(-0.0527809 -0.653395 0)
(-0.0739872 -0.66311 0)
(-0.0962332 -0.670024 0)
(-0.119402 -0.674048 0)
(-0.143363 -0.675105 0)
(-0.167958 -0.673134 0)
(-0.192987 -0.668091 0)
(-0.218165 -0.659947 0)
(-0.243006 -0.648692 0)
(-0.266623 -0.634327 0)
(-0.286684 -0.616875 0)
(-0.297957 -0.596365 0)
(-0.296215 -0.572816 0)
(-0.283503 -0.546485 0)
(-0.265444 -0.517858 0)
(-0.246169 -0.487502 0)
(-0.227794 -0.456026 0)
(-0.211509 -0.424104 0)
(-0.197124 -0.392545 0)
(-0.180781 -0.362078 0)
(-0.162737 -0.33333 0)
(-0.149653 -0.307462 0)
(-0.142674 -0.285556 0)
(-0.140192 -0.268213 0)
(-0.141036 -0.25527 0)
(-0.144195 -0.245756 0)
(-0.148794 -0.238406 0)
(-0.154211 -0.232176 0)
(-0.160023 -0.226398 0)
(-0.165964 -0.220705 0)
(-0.171876 -0.214914 0)
(-0.177665 -0.208941 0)
(-0.18328 -0.202755 0)
(-0.188688 -0.196349 0)
(-0.193871 -0.189729 0)
(-0.198819 -0.182906 0)
(-0.203526 -0.175895 0)
(-0.207989 -0.168709 0)
(-0.212207 -0.161361 0)
(-0.216182 -0.153865 0)
(-0.219915 -0.146235 0)
(-0.223408 -0.138483 0)
(-0.226664 -0.130623 0)
(-0.229688 -0.122665 0)
(-0.232484 -0.114617 0)
(-0.235057 -0.106486 0)
(-0.23741 -0.0982776 0)
(-0.239548 -0.0900001 0)
(-0.241476 -0.0816644 0)
(-0.243198 -0.0732843 0)
(-0.244719 -0.0648719 0)
(-0.246043 -0.0564316 0)
(-0.247173 -0.0479559 0)
(-0.248114 -0.0394292 0)
(-0.248865 -0.0308396 0)
(-0.249425 -0.0221885 0)
(-0.249796 -0.0134722 0)
(-0.249991 -0.00461151 0)
(0.24998 -0.00804193 0)
(0.249569 -0.0237562 0)
(0.248783 -0.0392619 0)
(0.247593 -0.0545945 0)
(0.246001 -0.0697237 0)
(0.244016 -0.0846257 0)
(0.241642 -0.0992973 0)
(0.238878 -0.113741 0)
(0.235726 -0.127948 0)
(0.232183 -0.141898 0)
(0.228251 -0.155559 0)
(0.22393 -0.1689 0)
(0.219223 -0.181891 0)
(0.214131 -0.194511 0)
(0.208659 -0.206738 0)
(0.202809 -0.218555 0)
(0.196589 -0.229943 0)
(0.190005 -0.240882 0)
(0.183066 -0.251356 0)
(0.175787 -0.261351 0)
(0.168182 -0.270858 0)
(0.160275 -0.279873 0)
(0.152098 -0.288409 0)
(0.143702 -0.296497 0)
(0.13517 -0.304221 0)
(0.126634 -0.311764 0)
(0.118295 -0.319498 0)
(0.110422 -0.328081 0)
(0.103304 -0.338473 0)
(0.0971115 -0.351692 0)
(0.0917093 -0.368331 0)
(0.0866092 -0.388242 0)
(0.0811279 -0.410667 0)
(0.0746279 -0.434578 0)
(0.0666738 -0.458986 0)
(0.0570595 -0.483078 0)
(0.0457423 -0.506243 0)
(0.0327623 -0.528039 0)
(0.01819 -0.548145 0)
(0.00212171 -0.566325 0)
(-0.0153313 -0.582396 0)
(-0.0340999 -0.596221 0)
(-0.0541173 -0.60767 0)
(-0.0752854 -0.616623 0)
(-0.0975018 -0.622977 0)
(-0.120652 -0.626641 0)
(-0.144602 -0.627538 0)
(-0.169189 -0.625607 0)
(-0.194202 -0.620803 0)
(-0.219348 -0.613097 0)
(-0.244131 -0.602481 0)
(-0.267645 -0.58896 0)
(-0.287509 -0.572564 0)
(-0.298448 -0.553341 0)
(-0.296328 -0.531333 0)
(-0.283356 -0.50679 0)
(-0.265166 -0.480167 0)
(-0.245799 -0.451989 0)
(-0.227351 -0.422815 0)
(-0.211075 -0.393279 0)
(-0.196718 -0.364243 0)
(-0.180137 -0.336454 0)
(-0.161848 -0.309943 0)
(-0.148667 -0.286112 0)
(-0.141495 -0.265968 0)
(-0.138784 -0.249976 0)
(-0.139417 -0.237968 0)
(-0.14239 -0.229077 0)
(-0.146826 -0.222173 0)
(-0.152109 -0.216319 0)
(-0.157817 -0.210908 0)
(-0.163684 -0.205603 0)
(-0.16955 -0.200233 0)
(-0.17532 -0.194718 0)
(-0.180939 -0.189023 0)
(-0.186374 -0.183137 0)
(-0.191603 -0.17706 0)
(-0.196614 -0.170799 0)
(-0.201399 -0.164362 0)
(-0.205953 -0.157758 0)
(-0.210274 -0.150997 0)
(-0.214361 -0.144089 0)
(-0.218214 -0.137044 0)
(-0.221834 -0.129875 0)
(-0.225223 -0.122592 0)
(-0.228383 -0.115205 0)
(-0.231316 -0.10772 0)
(-0.234025 -0.100144 0)
(-0.236513 -0.0924821 0)
(-0.238781 -0.0847424 0)
(-0.240834 -0.0769357 0)
(-0.242674 -0.0690758 0)
(-0.244303 -0.0611748 0)
(-0.245725 -0.0532379 0)
(-0.246943 -0.0452588 0)
(-0.247958 -0.0372236 0)
(-0.24877 -0.029122 0)
(-0.249377 -0.0209571 0)
(-0.249778 -0.0127275 0)
(-0.24999 -0.00435954 0)
(0.249979 -0.00751795 0)
(0.249547 -0.0222045 0)
(0.248724 -0.0366929 0)
(0.247477 -0.0510151 0)
(0.245811 -0.0651406 0)
(0.243735 -0.0790449 0)
(0.241256 -0.0927236 0)
(0.238377 -0.106178 0)
(0.235099 -0.119399 0)
(0.231423 -0.132365 0)
(0.227354 -0.145048 0)
(0.222895 -0.157417 0)
(0.21805 -0.169444 0)
(0.212824 -0.181109 0)
(0.207224 -0.192392 0)
(0.201258 -0.203276 0)
(0.194932 -0.213744 0)
(0.188256 -0.223777 0)
(0.181241 -0.23336 0)
(0.173899 -0.242478 0)
(0.166248 -0.25112 0)
(0.158308 -0.259283 0)
(0.150113 -0.266976 0)
(0.141714 -0.274229 0)
(0.133197 -0.281125 0)
(0.124697 -0.287849 0)
(0.116417 -0.29477 0)
(0.108626 -0.302536 0)
(0.101606 -0.312075 0)
(0.0955034 -0.324346 0)
(0.0901569 -0.339875 0)
(0.0850657 -0.358478 0)
(0.079555 -0.379401 0)
(0.0730075 -0.40166 0)
(0.0650091 -0.424326 0)
(0.0553677 -0.446651 0)
(0.0440458 -0.468083 0)
(0.0310818 -0.488222 0)
(0.0165417 -0.506785 0)
(0.000524075 -0.52356 0)
(-0.0168746 -0.53838 0)
(-0.0355941 -0.551119 0)
(-0.0555577 -0.561655 0)
(-0.0766674 -0.569882 0)
(-0.0988222 -0.575702 0)
(-0.121907 -0.579029 0)
(-0.145787 -0.579793 0)
(-0.170295 -0.577935 0)
(-0.195218 -0.573413 0)
(-0.220255 -0.566202 0)
(-0.244906 -0.556295 0)
(-0.268252 -0.543701 0)
(-0.287885 -0.528455 0)
(-0.298498 -0.510611 0)
(-0.296037 -0.490219 0)
(-0.282836 -0.467518 0)
(-0.264515 -0.442925 0)
(-0.245031 -0.416921 0)
(-0.22648 -0.390023 0)
(-0.210429 -0.362797 0)
(-0.196886 -0.336021 0)
(-0.17996 -0.310359 0)
(-0.160775 -0.285871 0)
(-0.14767 -0.263822 0)
(-0.140545 -0.245161 0)
(-0.13777 -0.230347 0)
(-0.138321 -0.21925 0)
(-0.141201 -0.211085 0)
(-0.145543 -0.204803 0)
(-0.150734 -0.19952 0)
(-0.156356 -0.19466 0)
(-0.162145 -0.1899 0)
(-0.167946 -0.185077 0)
(-0.173667 -0.180112 0)
(-0.179254 -0.174972 0)
(-0.184675 -0.169647 0)
(-0.189909 -0.164136 0)
(-0.194942 -0.158444 0)
(-0.199765 -0.15258 0)
(-0.204373 -0.146551 0)
(-0.208762 -0.140366 0)
(-0.212927 -0.134035 0)
(-0.216868 -0.127566 0)
(-0.220584 -0.120971 0)
(-0.224075 -0.114259 0)
(-0.22734 -0.107439 0)
(-0.23038 -0.100517 0)
(-0.233197 -0.093499 0)
(-0.235791 -0.0863908 0)
(-0.238164 -0.0791997 0)
(-0.240317 -0.0719365 0)
(-0.24225 -0.0646146 0)
(-0.243967 -0.0572461 0)
(-0.245468 -0.0498365 0)
(-0.246756 -0.0423805 0)
(-0.247832 -0.0348656 0)
(-0.248694 -0.0272832 0)
(-0.249338 -0.0196374 0)
(-0.249764 -0.0119285 0)
(-0.249989 -0.00408857 0)
(0.249978 -0.00697148 0)
(0.249531 -0.0205871 0)
(0.248677 -0.0340165 0)
(0.247385 -0.0472889 0)
(0.245659 -0.0603741 0)
(0.243512 -0.0732479 0)
(0.24095 -0.0859052 0)
(0.237978 -0.0983459 0)
(0.234598 -0.110562 0)
(0.230816 -0.122533 0)
(0.226634 -0.134231 0)
(0.22206 -0.145628 0)
(0.217098 -0.156699 0)
(0.211757 -0.167425 0)
(0.206044 -0.177788 0)
(0.199967 -0.187775 0)
(0.193535 -0.19737 0)
(0.18676 -0.206559 0)
(0.179653 -0.215329 0)
(0.172228 -0.223669 0)
(0.164502 -0.231574 0)
(0.156501 -0.239044 0)
(0.148259 -0.246092 0)
(0.139832 -0.252755 0)
(0.131307 -0.259115 0)
(0.122825 -0.265348 0)
(0.114593 -0.271803 0)
(0.106878 -0.279072 0)
(0.0999539 -0.287988 0)
(0.0939494 -0.299392 0)
(0.0886777 -0.31372 0)
(0.0836237 -0.330781 0)
(0.0781148 -0.349898 0)
(0.0715464 -0.370197 0)
(0.0635198 -0.390853 0)
(0.0538545 -0.411199 0)
(0.0425195 -0.430736 0)
(0.0295551 -0.449101 0)
(0.0150277 -0.466031 0)
(-0.000958422 -0.481332 0)
(-0.0183141 -0.494847 0)
(-0.0369822 -0.506456 0)
(-0.0568858 -0.516046 0)
(-0.0779303 -0.523518 0)
(-0.100013 -0.528781 0)
(-0.123018 -0.531757 0)
(-0.146811 -0.53238 0)
(-0.17122 -0.530595 0)
(-0.196031 -0.526366 0)
(-0.220939 -0.51967 0)
(-0.245444 -0.510504 0)
(-0.268623 -0.498879 0)
(-0.288044 -0.484831 0)
(-0.298387 -0.468417 0)
(-0.295662 -0.44969 0)
(-0.282302 -0.428871 0)
(-0.26393 -0.406341 0)
(-0.244442 -0.382542 0)
(-0.225892 -0.357953 0)
(-0.209854 -0.333089 0)
(-0.196345 -0.308555 0)
(-0.179357 -0.284848 0)
(-0.160075 -0.262543 0)
(-0.146878 -0.242471 0)
(-0.139648 -0.225424 0)
(-0.136752 -0.211856 0)
(-0.137196 -0.201662 0)
(-0.139984 -0.194142 0)
(-0.144243 -0.188351 0)
(-0.149367 -0.18349 0)
(-0.15494 -0.179031 0)
(-0.160696 -0.174678 0)
(-0.166479 -0.170279 0)
(-0.172195 -0.165758 0)
(-0.177788 -0.161084 0)
(-0.183225 -0.156242 0)
(-0.188485 -0.151231 0)
(-0.193554 -0.146055 0)
(-0.198423 -0.140717 0)
(-0.203084 -0.135225 0)
(-0.207533 -0.129584 0)
(-0.211766 -0.123803 0)
(-0.215781 -0.117889 0)
(-0.219576 -0.111851 0)
(-0.223149 -0.105698 0)
(-0.226499 -0.099437 0)
(-0.229627 -0.0930745 0)
(-0.23253 -0.0866154 0)
(-0.235211 -0.0800648 0)
(-0.237667 -0.0734299 0)
(-0.2399 -0.0667208 0)
(-0.241909 -0.0599507 0)
(-0.243696 -0.0531312 0)
(-0.245261 -0.0462678 0)
(-0.246606 -0.0393561 0)
(-0.24773 -0.0323848 0)
(-0.248632 -0.0253466 0)
(-0.249306 -0.0182463 0)
(-0.249753 -0.0110857 0)
(-0.249989 -0.00380208 0)
(0.249977 -0.00640711 0)
(0.249517 -0.0189177 0)
(0.24864 -0.0312551 0)
(0.247312 -0.0434462 0)
(0.245539 -0.0554619 0)
(0.243335 -0.0672788 0)
(0.240707 -0.0788913 0)
(0.237661 -0.0902989 0)
(0.234201 -0.101494 0)
(0.230333 -0.112456 0)
(0.226063 -0.123161 0)
(0.221397 -0.133581 0)
(0.216344 -0.143694 0)
(0.210913 -0.153481 0)
(0.205113 -0.162928 0)
(0.198954 -0.172022 0)
(0.192447 -0.180749 0)
(0.185604 -0.189095 0)
(0.178438 -0.19705 0)
(0.170966 -0.204603 0)
(0.163206 -0.21175 0)
(0.155182 -0.218491 0)
(0.146931 -0.224838 0)
(0.138507 -0.230824 0)
(0.129997 -0.236525 0)
(0.121542 -0.24211 0)
(0.113346 -0.247907 0)
(0.105671 -0.254476 0)
(0.0987862 -0.2626 0)
(0.0928069 -0.273052 0)
(0.0875319 -0.286211 0)
(0.0824419 -0.301873 0)
(0.0768735 -0.319389 0)
(0.0702373 -0.337949 0)
(0.0621492 -0.356797 0)
(0.0524379 -0.375332 0)
(0.0410758 -0.393105 0)
(0.0281022 -0.409796 0)
(0.0135796 -0.425169 0)
(-0.00237918 -0.439055 0)
(-0.0196887 -0.451311 0)
(-0.038304 -0.461827 0)
(-0.0581452 -0.470504 0)
(-0.0791184 -0.47725 0)
(-0.101122 -0.481985 0)
(-0.12404 -0.484636 0)
(-0.147734 -0.485144 0)
(-0.172034 -0.48346 0)
(-0.196724 -0.47955 0)
(-0.221497 -0.473396 0)
(-0.245853 -0.464998 0)
(-0.268866 -0.454368 0)
(-0.288091 -0.441542 0)
(-0.298193 -0.426574 0)
(-0.295238 -0.409514 0)
(-0.281746 -0.390562 0)
(-0.263334 -0.370062 0)
(-0.243843 -0.348414 0)
(-0.225305 -0.326046 0)
(-0.20927 -0.303429 0)
(-0.195736 -0.281105 0)
(-0.178722 -0.259511 0)
(-0.159434 -0.239207 0)
(-0.146207 -0.22093 0)
(-0.138921 -0.205396 0)
(-0.135966 -0.193022 0)
(-0.136354 -0.183735 0)
(-0.139087 -0.176896 0)
(-0.143296 -0.17165 0)
(-0.148372 -0.167263 0)
(-0.153902 -0.163251 0)
(-0.159622 -0.159339 0)
(-0.165377 -0.155386 0)
(-0.171074 -0.151322 0)
(-0.176659 -0.147115 0)
(-0.182098 -0.142753 0)
(-0.18737 -0.138235 0)
(-0.19246 -0.133561 0)
(-0.197359 -0.128737 0)
(-0.202059 -0.123766 0)
(-0.206554 -0.118656 0)
(-0.210839 -0.113412 0)
(-0.214912 -0.108041 0)
(-0.218768 -0.102551 0)
(-0.222407 -0.0969499 0)
(-0.225825 -0.091244 0)
(-0.229021 -0.085439 0)
(-0.231995 -0.0795394 0)
(-0.234744 -0.0735499 0)
(-0.237267 -0.0674772 0)
(-0.239564 -0.0613311 0)
(-0.241634 -0.0551238 0)
(-0.243478 -0.0488665 0)
(-0.245094 -0.0425644 0)
(-0.246485 -0.0362139 0)
(-0.247648 -0.0298049 0)
(-0.248581 -0.023331 0)
(-0.24928 -0.0167975 0)
(-0.249744 -0.0102073 0)
(-0.249988 -0.00350297 0)
(0.249977 -0.00582852 0)
(0.249507 -0.0172068 0)
(0.24861 -0.0284261 0)
(0.247254 -0.039511 0)
(0.245444 -0.0504339 0)
(0.243194 -0.0611727 0)
(0.240513 -0.0717218 0)
(0.237408 -0.0820803 0)
(0.233884 -0.0922406 0)
(0.229947 -0.102185 0)
(0.225605 -0.11189 0)
(0.220865 -0.12133 0)
(0.215737 -0.130485 0)
(0.210231 -0.139339 0)
(0.204356 -0.147879 0)
(0.198125 -0.156093 0)
(0.191549 -0.16397 0)
(0.18464 -0.171497 0)
(0.177414 -0.178667 0)
(0.169885 -0.18547 0)
(0.162073 -0.191904 0)
(0.154004 -0.197971 0)
(0.145715 -0.203684 0)
(0.137261 -0.209076 0)
(0.128735 -0.21422 0)
(0.12028 -0.219273 0)
(0.112102 -0.22454 0)
(0.104466 -0.23053 0)
(0.0976366 -0.237946 0)
(0.0917129 -0.247466 0)
(0.0864738 -0.259407 0)
(0.0813885 -0.273569 0)
(0.075796 -0.289369 0)
(0.0691179 -0.306084 0)
(0.0609831 -0.323044 0)
(0.0512307 -0.339714 0)
(0.0398386 -0.355693 0)
(0.0268472 -0.370693 0)
(0.0123165 -0.384506 0)
(-0.00362891 -0.396979 0)
(-0.0209071 -0.40798 0)
(-0.0394848 -0.417413 0)
(-0.0592766 -0.425187 0)
(-0.0801883 -0.43122 0)
(-0.102119 -0.435438 0)
(-0.124953 -0.437776 0)
(-0.14855 -0.438182 0)
(-0.172743 -0.436612 0)
(-0.197313 -0.433037 0)
(-0.221955 -0.427443 0)
(-0.246171 -0.41983 0)
(-0.269035 -0.410211 0)
(-0.288089 -0.398622 0)
(-0.297984 -0.385114 0)
(-0.294831 -0.369725 0)
(-0.281222 -0.352633 0)
(-0.262775 -0.334149 0)
(-0.243284 -0.31463 0)
(-0.224753 -0.294464 0)
(-0.208722 -0.274073 0)
(-0.195166 -0.253948 0)
(-0.178137 -0.234483 0)
(-0.158856 -0.216181 0)
(-0.145603 -0.199706 0)
(-0.138264 -0.185696 0)
(-0.135262 -0.174527 0)
(-0.135608 -0.166133 0)
(-0.138287 -0.159951 0)
(-0.142448 -0.155212 0)
(-0.147487 -0.151257 0)
(-0.152989 -0.147647 0)
(-0.158691 -0.144134 0)
(-0.164435 -0.140587 0)
(-0.170129 -0.136943 0)
(-0.175717 -0.133171 0)
(-0.181166 -0.12926 0)
(-0.186455 -0.125207 0)
(-0.191568 -0.121013 0)
(-0.196495 -0.116681 0)
(-0.201229 -0.112215 0)
(-0.205763 -0.107619 0)
(-0.210091 -0.102899 0)
(-0.214211 -0.0980598 0)
(-0.218119 -0.0931092 0)
(-0.22181 -0.0880533 0)
(-0.225283 -0.0828983 0)
(-0.228535 -0.077649 0)
(-0.231564 -0.0723093 0)
(-0.234368 -0.0668836 0)
(-0.236946 -0.061378 0)
(-0.239294 -0.0558016 0)
(-0.241414 -0.0501659 0)
(-0.243302 -0.0444812 0)
(-0.24496 -0.0387527 0)
(-0.246387 -0.032977 0)
(-0.247582 -0.0271451 0)
(-0.248541 -0.0212516 0)
(-0.24926 -0.0153022 0)
(-0.249736 -0.0093002 0)
(-0.249988 -0.00319363 0)
(0.249976 -0.00523855 0)
(0.249498 -0.015463 0)
(0.248587 -0.0255435 0)
(0.247208 -0.0355022 0)
(0.245368 -0.0453138 0)
(0.243082 -0.0549576 0)
(0.240359 -0.0644281 0)
(0.237207 -0.0737243 0)
(0.233632 -0.0828393 0)
(0.22964 -0.0917567 0)
(0.225239 -0.100455 0)
(0.22044 -0.108912 0)
(0.215252 -0.117108 0)
(0.209685 -0.12503 0)
(0.203752 -0.132666 0)
(0.197464 -0.140005 0)
(0.190834 -0.147036 0)
(0.183875 -0.153751 0)
(0.176604 -0.160141 0)
(0.169036 -0.166199 0)
(0.161192 -0.171923 0)
(0.153097 -0.177314 0)
(0.144791 -0.182385 0)
(0.136329 -0.187166 0)
(0.127804 -0.191725 0)
(0.119358 -0.196207 0)
(0.111199 -0.200889 0)
(0.103588 -0.206237 0)
(0.0967844 -0.212886 0)
(0.0908773 -0.221442 0)
(0.0856333 -0.232169 0)
(0.0805177 -0.244876 0)
(0.0748759 -0.259026 0)
(0.0681401 -0.273971 0)
(0.0599504 -0.289114 0)
(0.0501531 -0.303981 0)
(0.0387298 -0.318221 0)
(0.0257196 -0.331579 0)
(0.0111766 -0.343873 0)
(-0.00475711 -0.354971 0)
(-0.0220033 -0.364749 0)
(-0.0405461 -0.373125 0)
(-0.0602925 -0.38002 0)
(-0.0811475 -0.385361 0)
(-0.103011 -0.389081 0)
(-0.125767 -0.391125 0)
(-0.149278 -0.391445 0)
(-0.173375 -0.390003 0)
(-0.19784 -0.386776 0)
(-0.222367 -0.381751 0)
(-0.24646 -0.374931 0)
(-0.269192 -0.366328 0)
(-0.288099 -0.35598 0)
(-0.297809 -0.343941 0)
(-0.294474 -0.330226 0)
(-0.280752 -0.314987 0)
(-0.262261 -0.298501 0)
(-0.242761 -0.281089 0)
(-0.224233 -0.263095 0)
(-0.208206 -0.244898 0)
(-0.194638 -0.226936 0)
(-0.177609 -0.209564 0)
(-0.158349 -0.193227 0)
(-0.145092 -0.178514 0)
(-0.137723 -0.165999 0)
(-0.134679 -0.156016 0)
(-0.134987 -0.14851 0)
(-0.137635 -0.142985 0)
(-0.141767 -0.138758 0)
(-0.146782 -0.135239 0)
(-0.152264 -0.132034 0)
(-0.157951 -0.128919 0)
(-0.163685 -0.125774 0)
(-0.169374 -0.122543 0)
(-0.174964 -0.119199 0)
(-0.18042 -0.115729 0)
(-0.185721 -0.112131 0)
(-0.190852 -0.108405 0)
(-0.195802 -0.104554 0)
(-0.200563 -0.100581 0)
(-0.205128 -0.0964892 0)
(-0.209492 -0.0922836 0)
(-0.21365 -0.0879693 0)
(-0.217598 -0.0835517 0)
(-0.221332 -0.0790368 0)
(-0.224848 -0.0744297 0)
(-0.228145 -0.0697348 0)
(-0.231219 -0.0649556 0)
(-0.234067 -0.0600959 0)
(-0.236688 -0.0551613 0)
(-0.239078 -0.0501603 0)
(-0.241236 -0.0451031 0)
(-0.243161 -0.0399995 0)
(-0.244852 -0.0348541 0)
(-0.246308 -0.029664 0)
(-0.247528 -0.0244212 0)
(-0.248508 -0.0191212 0)
(-0.249243 -0.0137695 0)
(-0.24973 -0.00836996 0)
(-0.249987 -0.00287591 0)
(0.249976 -0.00463954 0)
(0.249492 -0.013693 0)
(0.248568 -0.0226182 0)
(0.247171 -0.031435 0)
(0.245308 -0.0401203 0)
(0.242993 -0.0486554 0)
(0.240237 -0.0570352 0)
(0.237047 -0.0652586 0)
(0.233431 -0.0733192 0)
(0.229395 -0.0812025 0)
(0.224948 -0.088889 0)
(0.2201 -0.096359 0)
(0.214863 -0.103596 0)
(0.209247 -0.110587 0)
(0.203265 -0.117321 0)
(0.196929 -0.123791 0)
(0.190253 -0.129986 0)
(0.183251 -0.135899 0)
(0.175938 -0.141522 0)
(0.168332 -0.14685 0)
(0.160454 -0.151882 0)
(0.15233 -0.15662 0)
(0.143998 -0.161075 0)
(0.135517 -0.165276 0)
(0.126981 -0.169283 0)
(0.118534 -0.173229 0)
(0.110385 -0.177361 0)
(0.102796 -0.182096 0)
(0.0960211 -0.187992 0)
(0.0901397 -0.195574 0)
(0.0849047 -0.205064 0)
(0.0797748 -0.216282 0)
(0.0740985 -0.228753 0)
(0.0673172 -0.241908 0)
(0.0590806 -0.255225 0)
(0.0492423 -0.268292 0)
(0.0377882 -0.2808 0)
(0.0247557 -0.292528 0)
(0.0101895 -0.303318 0)
(-0.00573928 -0.313063 0)
(-0.0229557 -0.321636 0)
(-0.0414711 -0.328974 0)
(-0.0611818 -0.335008 0)
(-0.0819897 -0.339674 0)
(-0.103795 -0.342915 0)
(-0.126484 -0.344681 0)
(-0.149917 -0.34493 0)
(-0.173926 -0.343631 0)
(-0.198297 -0.340762 0)
(-0.222723 -0.336312 0)
(-0.246708 -0.330286 0)
(-0.269331 -0.322692 0)
(-0.288141 -0.313564 0)
(-0.297663 -0.30305 0)
(-0.294188 -0.290988 0)
(-0.280361 -0.277582 0)
(-0.261825 -0.263077 0)
(-0.242309 -0.247755 0)
(-0.223775 -0.231919 0)
(-0.20774 -0.2159 0)
(-0.194162 -0.200084 0)
(-0.177139 -0.184785 0)
(-0.157898 -0.170391 0)
(-0.144639 -0.157427 0)
(-0.137246 -0.146395 0)
(-0.134176 -0.137592 0)
(-0.13446 -0.130972 0)
(-0.137081 -0.126101 0)
(-0.141192 -0.122379 0)
(-0.146189 -0.119284 0)
(-0.151657 -0.11647 0)
(-0.157336 -0.113737 0)
(-0.163066 -0.110981 0)
(-0.168755 -0.108149 0)
(-0.17435 -0.105217 0)
(-0.179814 -0.102175 0)
(-0.185127 -0.0990196 0)
(-0.190274 -0.0957507 0)
(-0.195243 -0.0923702 0)
(-0.200027 -0.0888806 0)
(-0.204618 -0.0852849 0)
(-0.20901 -0.0815868 0)
(-0.213199 -0.0777906 0)
(-0.21718 -0.0739012 0)
(-0.220948 -0.0699235 0)
(-0.2245 -0.0658621 0)
(-0.227833 -0.0617207 0)
(-0.230943 -0.0575024 0)
(-0.233827 -0.0532106 0)
(-0.236481 -0.0488503 0)
(-0.238905 -0.0444289 0)
(-0.241094 -0.039956 0)
(-0.243048 -0.0354402 0)
(-0.244766 -0.0308856 0)
(-0.246245 -0.0262898 0)
(-0.247486 -0.0216458 0)
(-0.248482 -0.0169496 0)
(-0.249229 -0.0122066 0)
(-0.249725 -0.00742102 0)
(-0.249987 -0.00255142 0)
(0.249976 -0.00403331 0)
(0.249486 -0.0119023 0)
(0.248553 -0.0196592 0)
(0.247142 -0.0273215 0)
(0.24526 -0.0348687 0)
(0.242922 -0.0422843 0)
(0.24014 -0.0495635 0)
(0.23692 -0.0567055 0)
(0.233271 -0.0637045 0)
(0.2292 -0.0705477 0)
(0.224716 -0.077218 0)
(0.219831 -0.0836982 0)
(0.214554 -0.0899738 0)
(0.208898 -0.0960336 0)
(0.202877 -0.101869 0)
(0.196503 -0.107471 0)
(0.18979 -0.112834 0)
(0.182752 -0.117949 0)
(0.175407 -0.122811 0)
(0.167772 -0.127416 0)
(0.159867 -0.131762 0)
(0.151721 -0.135851 0)
(0.143372 -0.139694 0)
(0.134879 -0.143315 0)
(0.126337 -0.14677 0)
(0.117891 -0.150175 0)
(0.10975 -0.153748 0)
(0.102176 -0.157853 0)
(0.0954189 -0.162978 0)
(0.0895497 -0.169573 0)
(0.0843118 -0.177821 0)
(0.0791599 -0.187557 0)
(0.0734466 -0.198365 0)
(0.0666208 -0.209753 0)
(0.0583402 -0.22127 0)
(0.0484645 -0.232561 0)
(0.036983 -0.243364 0)
(0.0239287 -0.253486 0)
(0.00932389 -0.262796 0)
(-0.00660248 -0.271218 0)
(-0.0237785 -0.278607 0)
(-0.0422713 -0.284924 0)
(-0.0619546 -0.290115 0)
(-0.0827251 -0.294123 0)
(-0.104485 -0.296899 0)
(-0.127118 -0.2984 0)
(-0.150488 -0.298591 0)
(-0.174427 -0.297445 0)
(-0.19872 -0.294944 0)
(-0.22306 -0.291079 0)
(-0.246947 -0.285851 0)
(-0.269467 -0.279264 0)
(-0.288215 -0.271349 0)
(-0.29752 -0.262416 0)
(-0.293961 -0.251977 0)
(-0.280043 -0.240381 0)
(-0.261467 -0.227838 0)
(-0.241934 -0.214591 0)
(-0.223387 -0.200897 0)
(-0.207339 -0.187039 0)
(-0.19374 -0.173352 0)
(-0.176709 -0.160096 0)
(-0.157483 -0.147619 0)
(-0.144232 -0.136381 0)
(-0.136829 -0.12682 0)
(-0.133745 -0.11919 0)
(-0.134019 -0.113453 0)
(-0.136626 -0.109234 0)
(-0.140722 -0.106014 0)
(-0.145707 -0.103341 0)
(-0.151167 -0.100914 0)
(-0.15684 -0.0985586 0)
(-0.162568 -0.0961839 0)
(-0.168258 -0.0937443 0)
(-0.173856 -0.0912181 0)
(-0.179328 -0.0885962 0)
(-0.184651 -0.0858754 0)
(-0.189812 -0.0830557 0)
(-0.194797 -0.0801384 0)
(-0.199599 -0.0771255 0)
(-0.204211 -0.0740196 0)
(-0.208627 -0.0708235 0)
(-0.212841 -0.067541 0)
(-0.216847 -0.0641761 0)
(-0.220643 -0.060733 0)
(-0.224224 -0.0572157 0)
(-0.227585 -0.0536273 0)
(-0.230723 -0.0499704 0)
(-0.233635 -0.0462479 0)
(-0.236317 -0.0424644 0)
(-0.238767 -0.0386264 0)
(-0.240981 -0.0347422 0)
(-0.242959 -0.0308194 0)
(-0.244697 -0.0268618 0)
(-0.246195 -0.0228671 0)
(-0.247452 -0.0188294 0)
(-0.248462 -0.0147453 0)
(-0.249219 -0.0106199 0)
(-0.249721 -0.00645721 0)
(-0.249987 -0.00222132 0)
(0.249975 -0.00342136 0)
(0.249482 -0.0100952 0)
(0.248542 -0.0166736 0)
(0.24712 -0.0231715 0)
(0.245223 -0.0295713 0)
(0.242867 -0.0358587 0)
(0.240064 -0.0420297 0)
(0.236821 -0.0480833 0)
(0.233146 -0.0540146 0)
(0.229047 -0.0598128 0)
(0.224534 -0.0654631 0)
(0.219618 -0.070951 0)
(0.21431 -0.0762639 0)
(0.208623 -0.0813925 0)
(0.20257 -0.0863291 0)
(0.196164 -0.0910674 0)
(0.189421 -0.0956009 0)
(0.182355 -0.0999237 0)
(0.174982 -0.104031 0)
(0.167321 -0.107919 0)
(0.159394 -0.111587 0)
(0.151228 -0.115037 0)
(0.142862 -0.118278 0)
(0.134356 -0.121332 0)
(0.125806 -0.124247 0)
(0.117359 -0.127121 0)
(0.109224 -0.130143 0)
(0.101662 -0.133623 0)
(0.0949206 -0.137973 0)
(0.0890632 -0.143571 0)
(0.0838245 -0.150565 0)
(0.0786555 -0.158809 0)
(0.0729116 -0.16795 0)
(0.0660484 -0.177573 0)
(0.0577305 -0.187297 0)
(0.0478232 -0.196827 0)
(0.0363216 -0.205939 0)
(0.0232476 -0.214474 0)
(0.00857134 -0.222322 0)
(-0.00735361 -0.229417 0)
(-0.0244606 -0.235641 0)
(-0.0429358 -0.240959 0)
(-0.0626025 -0.245325 0)
(-0.0833445 -0.248693 0)
(-0.105067 -0.25102 0)
(-0.127657 -0.25227 0)
(-0.150977 -0.252414 0)
(-0.174861 -0.251429 0)
(-0.199095 -0.2493 0)
(-0.22337 -0.24602 0)
(-0.247181 -0.24159 0)
(-0.269616 -0.236011 0)
(-0.288327 -0.229309 0)
(-0.297427 -0.221924 0)
(-0.29382 -0.2131 0)
(-0.279823 -0.203307 0)
(-0.261212 -0.192719 0)
(-0.241662 -0.181539 0)
(-0.223097 -0.169987 0)
(-0.207018 -0.158294 0)
(-0.193363 -0.146721 0)
(-0.176305 -0.135518 0)
(-0.15709 -0.124903 0)
(-0.143854 -0.115368 0)
(-0.136457 -0.107271 0)
(-0.133377 -0.100813 0)
(-0.13365 -0.0959571 0)
(-0.136249 -0.0923889 0)
(-0.140337 -0.0896688 0)
(-0.145316 -0.0874144 0)
(-0.150772 -0.0853693 0)
(-0.156442 -0.0833858 0)
(-0.162169 -0.0813865 0)
(-0.167861 -0.0793324 0)
(-0.173463 -0.0772052 0)
(-0.178942 -0.0749967 0)
(-0.184274 -0.0727043 0)
(-0.189445 -0.0703277 0)
(-0.194444 -0.0678678 0)
(-0.199261 -0.0653264 0)
(-0.20389 -0.0627053 0)
(-0.208324 -0.060007 0)
(-0.212557 -0.0572345 0)
(-0.216585 -0.0543912 0)
(-0.220403 -0.0514807 0)
(-0.224006 -0.0485061 0)
(-0.227389 -0.0454702 0)
(-0.23055 -0.0423751 0)
(-0.233484 -0.0392234 0)
(-0.236188 -0.0360188 0)
(-0.238659 -0.032767 0)
(-0.240893 -0.0294751 0)
(-0.242888 -0.0261497 0)
(-0.244643 -0.0227939 0)
(-0.246156 -0.0194058 0)
(-0.247425 -0.0159805 0)
(-0.248445 -0.0125151 0)
(-0.24921 -0.00901411 0)
(-0.249718 -0.00548151 0)
(-0.249986 -0.00188668 0)
(0.249975 -0.00280495 0)
(0.249479 -0.00827539 0)
(0.248533 -0.0136673 0)
(0.247102 -0.018993 0)
(0.245194 -0.0242381 0)
(0.242825 -0.0293906 0)
(0.240005 -0.0344471 0)
(0.236744 -0.0394069 0)
(0.233049 -0.0442658 0)
(0.228929 -0.049015 0)
(0.224393 -0.0536421 0)
(0.219453 -0.0581353 0)
(0.21412 -0.0624843 0)
(0.208408 -0.0666812 0)
(0.20233 -0.07072 0)
(0.1959 -0.0745952 0)
(0.189133 -0.0783019 0)
(0.182044 -0.0818352 0)
(0.17465 -0.085191 0)
(0.166969 -0.0883667 0)
(0.159024 -0.0913613 0)
(0.150842 -0.0941771 0)
(0.142463 -0.0968216 0)
(0.133947 -0.0993128 0)
(0.125391 -0.10169 0)
(0.116942 -0.104037 0)
(0.108812 -0.106507 0)
(0.101259 -0.109357 0)
(0.0945279 -0.112924 0)
(0.0886779 -0.117516 0)
(0.0834361 -0.123249 0)
(0.0782507 -0.13 0)
(0.0724797 -0.137479 0)
(0.0655838 -0.145344 0)
(0.0572332 -0.153289 0)
(0.0472974 -0.16107 0)
(0.0357731 -0.168509 0)
(0.0226786 -0.175477 0)
(0.00798214 -0.181881 0)
(-0.00794427 -0.187642 0)
(-0.0250386 -0.192716 0)
(-0.0435014 -0.197053 0)
(-0.063152 -0.200609 0)
(-0.0838714 -0.20335 0)
(-0.105564 -0.20524 0)
(-0.128117 -0.206252 0)
(-0.151395 -0.206361 0)
(-0.175231 -0.205549 0)
(-0.199413 -0.203803 0)
(-0.223633 -0.201117 0)
(-0.247381 -0.197491 0)
(-0.269747 -0.192922 0)
(-0.288447 -0.187433 0)
(-0.297364 -0.181537 0)
(-0.29375 -0.174313 0)
(-0.279698 -0.166307 0)
(-0.261065 -0.157655 0)
(-0.241519 -0.148522 0)
(-0.222949 -0.139092 0)
(-0.206805 -0.129477 0)
(-0.193131 -0.120031 0)
(-0.175897 -0.11129 0)
(-0.156613 -0.102262 0)
(-0.143476 -0.0943375 0)
(-0.136129 -0.0877173 0)
(-0.13307 -0.0824469 0)
(-0.133351 -0.0784696 0)
(-0.135953 -0.0755528 0)
(-0.140038 -0.0733327 0)
(-0.145012 -0.0714951 0)
(-0.150464 -0.0698292 0)
(-0.156132 -0.068214 0)
(-0.161858 -0.0665857 0)
(-0.167552 -0.0649125 0)
(-0.173158 -0.0631792 0)
(-0.178641 -0.0613793 0)
(-0.183981 -0.0595103 0)
(-0.18916 -0.0575721 0)
(-0.194169 -0.0555653 0)
(-0.198999 -0.0534913 0)
(-0.203641 -0.0513515 0)
(-0.208089 -0.049148 0)
(-0.212338 -0.046883 0)
(-0.216382 -0.0445594 0)
(-0.220216 -0.04218 0)
(-0.223836 -0.0397474 0)
(-0.227238 -0.0372638 0)
(-0.230416 -0.034731 0)
(-0.233368 -0.032151 0)
(-0.236088 -0.029527 0)
(-0.238575 -0.0268636 0)
(-0.240824 -0.0241668 0)
(-0.242833 -0.021442 0)
(-0.244601 -0.0186917 0)
(-0.246125 -0.0159145 0)
(-0.247404 -0.0131062 0)
(-0.248432 -0.0102646 0)
(-0.249203 -0.00739361 0)
(-0.249715 -0.00449657 0)
(-0.249986 -0.00154831 0)
(0.249975 -0.00218507 0)
(0.249477 -0.00644583 0)
(0.248526 -0.0106452 0)
(0.247089 -0.0147929 0)
(0.245173 -0.0188777 0)
(0.242793 -0.0228901 0)
(0.239961 -0.0268275 0)
(0.236687 -0.0306892 0)
(0.232976 -0.0344721 0)
(0.22884 -0.038169 0)
(0.224287 -0.0417705 0)
(0.219328 -0.0452671 0)
(0.213977 -0.0486509 0)
(0.208246 -0.0519157 0)
(0.202149 -0.0550569 0)
(0.195701 -0.0580702 0)
(0.188915 -0.0609517 0)
(0.181809 -0.0636978 0)
(0.174398 -0.0663052 0)
(0.166701 -0.068772 0)
(0.158741 -0.0710975 0)
(0.150547 -0.0732836 0)
(0.142157 -0.0753363 0)
(0.133633 -0.0772697 0)
(0.125072 -0.0791151 0)
(0.116621 -0.0809371 0)
(0.108494 -0.0828577 0)
(0.100947 -0.0850767 0)
(0.0942247 -0.087857 0)
(0.0883802 -0.0914361 0)
(0.0831355 -0.0959015 0)
(0.0779367 -0.101155 0)
(0.0721436 -0.106971 0)
(0.0652211 -0.113084 0)
(0.0568435 -0.119256 0)
(0.0468844 -0.125298 0)
(0.0353393 -0.131072 0)
(0.0222274 -0.136481 0)
(0.00754309 -0.141449 0)
(-0.00838456 -0.145908 0)
(-0.0254986 -0.149844 0)
(-0.0439521 -0.153206 0)
(-0.0635877 -0.155962 0)
(-0.0842911 -0.158083 0)
(-0.105963 -0.159544 0)
(-0.128493 -0.160321 0)
(-0.151743 -0.160398 0)
(-0.175549 -0.15976 0)
(-0.199697 -0.158399 0)
(-0.223874 -0.156311 0)
(-0.24757 -0.153495 0)
(-0.269875 -0.14995 0)
(-0.288551 -0.145696 0)
(-0.297332 -0.141197 0)
(-0.293716 -0.135569 0)
(-0.279612 -0.129344 0)
(-0.260945 -0.122622 0)
(-0.241376 -0.11553 0)
(-0.222559 -0.108211 0)
(-0.206449 -0.100735 0)
(-0.194101 -0.0933995 0)
(-0.175944 -0.086662 0)
(-0.155425 -0.0795578 0)
(-0.142997 -0.0733658 0)
(-0.135889 -0.0682144 0)
(-0.132893 -0.0641826 0)
(-0.133132 -0.0610218 0)
(-0.135737 -0.058737 0)
(-0.139817 -0.0570099 0)
(-0.144786 -0.0555848 0)
(-0.150234 -0.0542945 0)
(-0.1559 -0.0530438 0)
(-0.161626 -0.051783 0)
(-0.16732 -0.050487 0)
(-0.172928 -0.0491441 0)
(-0.178415 -0.0477489 0)
(-0.18376 -0.0462998 0)
(-0.188946 -0.0447964 0)
(-0.193963 -0.0432394 0)
(-0.198801 -0.0416296 0)
(-0.203453 -0.0399682 0)
(-0.207912 -0.0382568 0)
(-0.212173 -0.0364972 0)
(-0.216229 -0.0346915 0)
(-0.220076 -0.032842 0)
(-0.223709 -0.0309507 0)
(-0.227124 -0.0290192 0)
(-0.230315 -0.0270489 0)
(-0.23328 -0.0250416 0)
(-0.236013 -0.0229994 0)
(-0.238511 -0.0209263 0)
(-0.240772 -0.0188267 0)
(-0.242792 -0.016705 0)
(-0.244569 -0.0145632 0)
(-0.246102 -0.0124001 0)
(-0.247388 -0.0102125 0)
(-0.248423 -0.00799871 0)
(-0.249198 -0.00576181 0)
(-0.249713 -0.00350452 0)
(-0.249986 -0.00120704 0)
(0.249975 -0.00156265 0)
(0.249475 -0.00460908 0)
(0.248521 -0.00761147 0)
(0.24708 -0.0105769 0)
(0.245157 -0.0134973 0)
(0.24277 -0.0163658 0)
(0.23993 -0.0191805 0)
(0.236645 -0.021941 0)
(0.232924 -0.0246449 0)
(0.228776 -0.0272872 0)
(0.224211 -0.0298611 0)
(0.219239 -0.0323597 0)
(0.213875 -0.0347774 0)
(0.20813 -0.0371098 0)
(0.20202 -0.0393534 0)
(0.195558 -0.0415054 0)
(0.188759 -0.0435628 0)
(0.181639 -0.0455232 0)
(0.174216 -0.0473843 0)
(0.166508 -0.0491445 0)
(0.158538 -0.0508037 0)
(0.150334 -0.052363 0)
(0.141936 -0.0538268 0)
(0.133406 -0.0552055 0)
(0.124841 -0.0565215 0)
(0.116389 -0.0578213 0)
(0.108263 -0.0591926 0)
(0.100721 -0.0607788 0)
(0.0940045 -0.0627677 0)
(0.0881637 -0.0653282 0)
(0.0829165 -0.0685213 0)
(0.0777073 -0.072276 0)
(0.0718974 -0.0764298 0)
(0.0649545 -0.0807935 0)
(0.0565564 -0.0851975 0)
(0.0465795 -0.0895079 0)
(0.0350187 -0.0936262 0)
(0.0218942 -0.0974824 0)
(0.00721554 -0.101024 0)
(-0.00871564 -0.104204 0)
(-0.0258444 -0.107008 0)
(-0.0442927 -0.109403 0)
(-0.0639171 -0.111366 0)
(-0.084606 -0.112876 0)
(-0.106259 -0.113915 0)
(-0.128766 -0.114467 0)
(-0.151993 -0.114518 0)
(-0.175775 -0.11406 0)
(-0.199899 -0.113086 0)
(-0.22405 -0.111594 0)
(-0.247721 -0.109585 0)
(-0.27 -0.107061 0)
(-0.288624 -0.104045 0)
(-0.297374 -0.10085 0)
(-0.293724 -0.0968383 0)
(-0.279597 -0.0924 0)
(-0.260928 -0.0876072 0)
(-0.241368 -0.082549 0)
(-0.222544 -0.0773242 0)
(-0.206371 -0.0720276 0)
(-0.193954 -0.0667753 0)
(-0.175633 -0.0616443 0)
(-0.155084 -0.0567789 0)
(-0.142742 -0.0524376 0)
(-0.135669 -0.0487715 0)
(-0.132795 -0.0460021 0)
(-0.132945 -0.0436143 0)
(-0.135571 -0.0419321 0)
(-0.139658 -0.0406924 0)
(-0.144627 -0.0396794 0)
(-0.150073 -0.0387637 0)
(-0.155737 -0.0378756 0)
(-0.161463 -0.0369796 0)
(-0.167157 -0.0360579 0)
(-0.172766 -0.0351023 0)
(-0.178256 -0.034109 0)
(-0.183604 -0.0330768 0)
(-0.188794 -0.0320055 0)
(-0.193816 -0.0308956 0)
(-0.19866 -0.0297478 0)
(-0.203319 -0.0285628 0)
(-0.207786 -0.0273418 0)
(-0.212055 -0.0260862 0)
(-0.21612 -0.0247973 0)
(-0.219976 -0.0234769 0)
(-0.223619 -0.0221263 0)
(-0.227043 -0.0207468 0)
(-0.230243 -0.0193393 0)
(-0.233217 -0.0179051 0)
(-0.235959 -0.0164458 0)
(-0.238466 -0.0149641 0)
(-0.240735 -0.0134634 0)
(-0.242762 -0.0119466 0)
(-0.244546 -0.0104154 0)
(-0.246086 -0.00886873 0)
(-0.247377 -0.00730446 0)
(-0.248416 -0.00572139 0)
(-0.249195 -0.00412168 0)
(-0.249712 -0.00250722 0)
(-0.249986 -0.000863598 0)
(0.249975 -0.000938445 0)
(0.249474 -0.00276741 0)
(0.248518 -0.00456982 0)
(0.247074 -0.00635004 0)
(0.245147 -0.00810314 0)
(0.242755 -0.00982512 0)
(0.239909 -0.0115148 0)
(0.236619 -0.0131719 0)
(0.232891 -0.014795 0)
(0.228735 -0.0163811 0)
(0.224162 -0.0179259 0)
(0.219182 -0.0194255 0)
(0.213809 -0.0208764 0)
(0.208056 -0.0222759 0)
(0.201936 -0.0236221 0)
(0.195465 -0.0249131 0)
(0.188657 -0.0261472 0)
(0.18153 -0.0273229 0)
(0.174098 -0.0284389 0)
(0.166383 -0.0294944 0)
(0.158406 -0.030489 0)
(0.150196 -0.0314237 0)
(0.141793 -0.032301 0)
(0.133259 -0.0331271 0)
(0.124691 -0.0339158 0)
(0.116239 -0.0346949 0)
(0.108114 -0.0355173 0)
(0.100575 -0.0364694 0)
(0.0938614 -0.0376639 0)
(0.0880226 -0.0392018 0)
(0.0827735 -0.0411193 0)
(0.0775573 -0.043373 0)
(0.0717363 -0.0458653 0)
(0.0647801 -0.0484827 0)
(0.0563687 -0.0511235 0)
(0.0463802 -0.0537077 0)
(0.0348096 -0.0561763 0)
(0.0216772 -0.0584874 0)
(0.00699904 -0.0606095 0)
(-0.00893348 -0.0625165 0)
(-0.0260675 -0.0641956 0)
(-0.0445146 -0.0656293 0)
(-0.0641354 -0.0668036 0)
(-0.0848189 -0.0677065 0)
(-0.106464 -0.0683269 0)
(-0.12896 -0.0686556 0)
(-0.152172 -0.0686851 0)
(-0.175936 -0.0684102 0)
(-0.200039 -0.0678273 0)
(-0.224168 -0.0669349 0)
(-0.247818 -0.0657324 0)
(-0.270089 -0.0642202 0)
(-0.288685 -0.0624175 0)
(-0.297431 -0.0605056 0)
(-0.29376 -0.0581034 0)
(-0.279607 -0.0554442 0)
(-0.260915 -0.0525692 0)
(-0.24134 -0.0495297 0)
(-0.222481 -0.0463854 0)
(-0.206271 -0.0431913 0)
(-0.193798 -0.0400314 0)
(-0.175441 -0.0369402 0)
(-0.154909 -0.0340337 0)
(-0.142543 -0.0314291 0)
(-0.135553 -0.0292869 0)
(-0.132803 -0.0277423 0)
(-0.132854 -0.0262528 0)
(-0.135491 -0.0251426 0)
(-0.139582 -0.0243864 0)
(-0.144544 -0.0237848 0)
(-0.149984 -0.0232421 0)
(-0.155643 -0.0227142 0)
(-0.161364 -0.0221804 0)
(-0.167057 -0.0216303 0)
(-0.172665 -0.0210592 0)
(-0.178155 -0.020465 0)
(-0.183505 -0.0198472 0)
(-0.188698 -0.0192057 0)
(-0.193723 -0.0185408 0)
(-0.198571 -0.017853 0)
(-0.203234 -0.0171428 0)
(-0.207706 -0.0164108 0)
(-0.21198 -0.0156579 0)
(-0.21605 -0.014885 0)
(-0.219912 -0.014093 0)
(-0.22356 -0.0132829 0)
(-0.22699 -0.0124553 0)
(-0.230197 -0.0116108 0)
(-0.233177 -0.0107501 0)
(-0.235925 -0.00987434 0)
(-0.238437 -0.00898501 0)
(-0.240711 -0.00808415 0)
(-0.242743 -0.00717361 0)
(-0.244532 -0.00625431 0)
(-0.246075 -0.00532578 0)
(-0.24737 -0.00438667 0)
(-0.248411 -0.00343627 0)
(-0.249192 -0.00247586 0)
(-0.249711 -0.00150633 0)
(-0.249986 -0.000518679 0)
(0.249975 -0.000313192 0)
(0.249473 -0.000922875 0)
(0.248516 -0.00152357 0)
(0.247071 -0.00211683 0)
(0.245142 -0.00270107 0)
(0.242748 -0.00327499 0)
(0.2399 -0.00383823 0)
(0.236606 -0.00439066 0)
(0.232875 -0.00493181 0)
(0.228715 -0.00546061 0)
(0.224138 -0.00597566 0)
(0.219154 -0.00647559 0)
(0.213777 -0.00695924 0)
(0.208019 -0.00742573 0)
(0.201895 -0.00787436 0)
(0.19542 -0.00830456 0)
(0.188608 -0.00871577 0)
(0.181476 -0.00910748 0)
(0.174041 -0.00947925 0)
(0.166322 -0.00983081 0)
(0.158341 -0.0101621 0)
(0.150128 -0.0104734 0)
(0.141723 -0.0107656 0)
(0.133187 -0.0110407 0)
(0.124618 -0.0113034 0)
(0.116165 -0.0115629 0)
(0.108041 -0.0118369 0)
(0.100503 -0.0121543 0)
(0.0937918 -0.0125526 0)
(0.0879538 -0.0130655 0)
(0.0827033 -0.0137048 0)
(0.0774833 -0.014456 0)
(0.0716565 -0.0152865 0)
(0.0646934 -0.0161584 0)
(0.056275 -0.017038 0)
(0.0462802 -0.0178986 0)
(0.0347041 -0.0187206 0)
(0.0215675 -0.0194902 0)
(0.0068886 -0.020197 0)
(-0.00904439 -0.0208326 -2.03242e-29)
(-0.0261791 -0.0213924 0)
(-0.0446233 -0.0218705 0)
(-0.0642392 -0.0222623 -2.03851e-29)
(-0.0849165 -0.0225635 0)
(-0.106555 -0.0227704 0)
(-0.129044 -0.0228798 2.02146e-29)
(-0.152252 -0.0228896 0)
(-0.176012 -0.0227981 0)
(-0.200112 -0.0226045 0)
(-0.224235 -0.0223085 0)
(-0.247876 -0.0219094 0)
(-0.270139 -0.0214066 0)
(-0.288711 -0.0208071 0)
(-0.297451 -0.0201695 0)
(-0.293771 -0.0193667 0)
(-0.279612 -0.0184788 0)
(-0.26091 -0.0175193 0)
(-0.241325 -0.0165054 0)
(-0.222451 -0.0154569 0)
(-0.206222 -0.0143926 0)
(-0.193727 -0.0133384 -7.3951e-30)
(-0.175359 -0.012308 0)
(-0.154834 -0.0113372 -6.11009e-30)
(-0.142446 -0.0104634 0)
(-0.135482 -0.0097471 0)
(-0.132826 -0.00924083 -4.14696e-30)
(-0.132828 -0.0088279 7.99619e-30)
(-0.13548 -0.00837638 0)
(-0.139574 -0.00811912 -3.87079e-30)
(-0.144523 -0.00792048 7.62981e-30)
(-0.149953 -0.00774165 0)
(-0.155605 -0.00756728 0)
(-0.161323 -0.00739048 0)
(-0.167013 -0.00720798 -3.75259e-30)
(-0.172619 -0.0070183 0)
(-0.178109 -0.0068208 0)
(-0.183458 -0.0066153 -3.74739e-30)
(-0.188651 -0.00640183 0)
(-0.193677 -0.00618048 3.74672e-30)
(-0.198527 -0.00595142 0)
(-0.203192 -0.00571484 0)
(-0.207666 -0.00547098 0)
(-0.211943 -0.00522011 7.49298e-30)
(-0.216016 -0.00496255 0)
(-0.219881 -0.00469862 -7.49296e-30)
(-0.223532 -0.00442861 0)
(-0.226965 -0.00415275 0)
(-0.230175 -0.00387127 7.49295e-30)
(-0.233157 -0.00358437 0)
(-0.235908 -0.0032924 0)
(-0.238423 -0.00299591 0)
(-0.240699 -0.00269555 0)
(-0.242734 -0.00239197 0)
(-0.244525 -0.00208549 3.74648e-30)
(-0.24607 -0.001776 0)
(-0.247366 -0.00146309 0)
(-0.248409 -0.00114653 7.49295e-30)
(-0.249191 -0.000826623 0)
(-0.24971 -0.000503291 7.49295e-30)
(-0.249985 -0.000172972 0)
(0.249975 0.000312398 0)
(0.249473 0.000922595 0)
(0.248516 0.00152423 0)
(0.247071 0.0021185 0)
(0.245142 0.00270367 0)
(0.242748 0.0032783 0)
(0.2399 0.00384197 0)
(0.236606 0.00439461 0)
(0.232875 0.0049358 0)
(0.228715 0.00546457 0)
(0.224138 0.0059796 0)
(0.219154 0.00647954 0)
(0.213777 0.00696326 0)
(0.208019 0.0074299 0)
(0.201895 0.00787876 0)
(0.19542 0.00830927 0)
(0.188608 0.00872084 0)
(0.181476 0.00911294 0)
(0.174041 0.00948512 0)
(0.166322 0.00983707 0)
(0.158342 0.0101687 0)
(0.150128 0.0104803 0)
(0.141723 0.0107727 0)
(0.133187 0.011048 0)
(0.124618 0.0113107 0)
(0.116166 0.0115702 0)
(0.108041 0.0118442 0)
(0.100504 0.0121615 0)
(0.0937919 0.0125597 0)
(0.0879539 0.0130727 0)
(0.0827035 0.0137124 0)
(0.0774836 0.0144642 0)
(0.071657 0.0152955 0)
(0.0646943 0.0161685 0)
(0.0562763 0.0170492 0)
(0.0462818 0.017911 0)
(0.034706 0.018734 0)
(0.0215694 0.0195042 0)
(0.0068901 0.0202112 0)
(-0.00904386 0.0208465 2.03242e-29)
(-0.02618 0.0214056 0)
(-0.044626 0.0218829 0)
(-0.0642436 0.0222739 2.03851e-29)
(-0.0849224 0.0225747 0)
(-0.106561 0.0227815 0)
(-0.12905 0.0228911 -2.02146e-29)
(-0.152256 0.0229006 0)
(-0.176014 0.022808 0)
(-0.200111 0.022612 0)
(-0.224232 0.0223122 0)
(-0.247872 0.0219091 0)
(-0.270135 0.0214034 0)
(-0.288709 0.0208021 0)
(-0.297448 0.020164 0)
(-0.293766 0.0193625 0)
(-0.279605 0.0184757 0)
(-0.260905 0.0175187 0)
(-0.241324 0.0165068 0)
(-0.222454 0.0154579 0)
(-0.206226 0.0143932 0)
(-0.193729 0.013339 7.3951e-30)
(-0.17536 0.0123108 0)
(-0.154835 0.0113423 6.11009e-30)
(-0.142448 0.0104689 0)
(-0.135484 0.0097514 0)
(-0.132827 0.00924406 4.14691e-30)
(-0.132829 0.00883165 -7.99619e-30)
(-0.13548 0.00838059 0)
(-0.139574 0.00812287 3.87079e-30)
(-0.144523 0.00792393 -7.62981e-30)
(-0.149954 0.00774487 0)
(-0.155606 0.00757031 0)
(-0.161323 0.00739332 0)
(-0.167013 0.0072106 3.75259e-30)
(-0.172619 0.00702066 0)
(-0.178109 0.00682291 0)
(-0.183458 0.00661717 3.74739e-30)
(-0.188652 0.00640349 0)
(-0.193678 0.00618197 -3.74672e-30)
(-0.198527 0.00595277 0)
(-0.203192 0.00571607 0)
(-0.207666 0.0054721 0)
(-0.211943 0.00522113 -7.49298e-30)
(-0.216016 0.00496347 0)
(-0.219881 0.00469943 7.49296e-30)
(-0.223532 0.00442932 0)
(-0.226965 0.00415338 0)
(-0.230175 0.00387181 -7.49295e-30)
(-0.233157 0.00358484 0)
(-0.235908 0.00329283 0)
(-0.238423 0.00299632 0)
(-0.240699 0.00269598 0)
(-0.242734 0.00239238 0)
(-0.244525 0.00208578 -3.74648e-30)
(-0.24607 0.00177593 0)
(-0.247366 0.00146232 0)
(-0.248409 0.00114471 -7.49295e-30)
(-0.249191 0.000823748 0)
(-0.24971 0.000500473 -7.49295e-30)
(-0.249985 0.000172939 0)
(0.249975 0.000937651 0)
(0.249474 0.00276714 0)
(0.248518 0.00457051 0)
(0.247074 0.00635173 0)
(0.245147 0.00810576 0)
(0.242755 0.00982844 0)
(0.239909 0.0115185 0)
(0.236619 0.0131758 0)
(0.232891 0.014799 0)
(0.228735 0.016385 0)
(0.224162 0.0179299 0)
(0.219182 0.0194295 0)
(0.213809 0.0208804 0)
(0.208056 0.0222801 0)
(0.201936 0.0236265 0)
(0.195465 0.0249177 0)
(0.188658 0.0261522 0)
(0.18153 0.0273284 0)
(0.174099 0.0284448 0)
(0.166384 0.0295006 0)
(0.158407 0.0304955 0)
(0.150196 0.0314305 0)
(0.141793 0.032308 0)
(0.133259 0.0331344 0)
(0.124692 0.0339231 0)
(0.116239 0.0347022 0)
(0.108114 0.0355246 0)
(0.100575 0.0364766 0)
(0.0938618 0.037671 0)
(0.0880229 0.0392091 0)
(0.0827736 0.0411268 0)
(0.0775572 0.0433811 0)
(0.0717361 0.0458741 0)
(0.0647799 0.0484924 0)
(0.0563684 0.0511343 0)
(0.0463798 0.0537195 0)
(0.034809 0.0561889 0)
(0.0216766 0.0585005 0)
(0.00699849 0.0606227 0)
(-0.00893327 0.0625293 0)
(-0.0260654 0.0642079 0)
(-0.0445099 0.0656411 0)
(-0.0641273 0.0668149 0)
(-0.0848073 0.0677174 0)
(-0.10645 0.0683378 0)
(-0.128946 0.0686665 0)
(-0.152162 0.0686958 0)
(-0.175933 0.0684198 0)
(-0.200044 0.067835 0)
(-0.224177 0.0669404 0)
(-0.247826 0.0657362 0)
(-0.270092 0.0642238 0)
(-0.288681 0.0624228 0)
(-0.297426 0.0605096 0)
(-0.293758 0.0581027 0)
(-0.279607 0.0554385 0)
(-0.260914 0.0525617 0)
(-0.241345 0.0495244 0)
(-0.22249 0.0463804 0)
(-0.206281 0.0431912 0)
(-0.193805 0.0400307 0)
(-0.175444 0.0369413 0)
(-0.154912 0.0340373 0)
(-0.142547 0.0314328 0)
(-0.135557 0.0292908 0)
(-0.132806 0.0277462 0)
(-0.132857 0.0262568 0)
(-0.135493 0.0251463 0)
(-0.139584 0.0243896 0)
(-0.144545 0.0237876 0)
(-0.149985 0.0232446 0)
(-0.155644 0.0227166 0)
(-0.161365 0.0221827 0)
(-0.167058 0.0216325 0)
(-0.172666 0.0210612 0)
(-0.178156 0.0204669 0)
(-0.183505 0.0198489 0)
(-0.188698 0.0192072 0)
(-0.193723 0.0185422 0)
(-0.198571 0.0178542 0)
(-0.203234 0.0171439 0)
(-0.207706 0.0164118 0)
(-0.21198 0.0156589 0)
(-0.21605 0.0148858 0)
(-0.219912 0.0140938 0)
(-0.223561 0.0132835 0)
(-0.22699 0.0124558 0)
(-0.230197 0.0116113 0)
(-0.233177 0.0107505 0)
(-0.235925 0.00987468 0)
(-0.238437 0.00898535 0)
(-0.240711 0.0080845 0)
(-0.242743 0.00717395 0)
(-0.244532 0.00625453 0)
(-0.246075 0.00532566 0)
(-0.24737 0.00438588 0)
(-0.248411 0.00343451 0)
(-0.249192 0.00247311 0)
(-0.249711 0.00150361 0)
(-0.249986 0.000518453 0)
(0.249975 0.0015619 0)
(0.249475 0.00460887 0)
(0.248521 0.00761216 0)
(0.24708 0.0105786 0)
(0.245157 0.0134998 0)
(0.24277 0.016369 0)
(0.23993 0.0191841 0)
(0.236645 0.0219448 0)
(0.232925 0.0246488 0)
(0.228776 0.027291 0)
(0.224211 0.0298649 0)
(0.21924 0.0323636 0)
(0.213875 0.0347813 0)
(0.208131 0.0371139 0)
(0.20202 0.0393577 0)
(0.195558 0.04151 0)
(0.188759 0.0435678 0)
(0.18164 0.0455285 0)
(0.174217 0.04739 0)
(0.166509 0.0491506 0)
(0.158539 0.0508101 0)
(0.150335 0.0523697 0)
(0.141937 0.0538338 0)
(0.133407 0.0552127 0)
(0.124842 0.0565288 0)
(0.11639 0.0578287 0)
(0.108264 0.0592 0)
(0.100722 0.0607861 0)
(0.0940055 0.0627749 0)
(0.0881644 0.0653355 0)
(0.0829171 0.0685289 0)
(0.0777078 0.072284 0)
(0.0718981 0.0764384 0)
(0.0649556 0.080803 0)
(0.0565579 0.085208 0)
(0.0465813 0.0895198 0)
(0.0350206 0.0936394 0)
(0.0218957 0.0974969 0)
(0.00721642 0.101039 0)
(-0.00871514 0.10422 0)
(-0.025844 0.107024 0)
(-0.044293 0.109418 0)
(-0.0639177 0.11138 0)
(-0.0846061 0.112888 0)
(-0.106259 0.113926 0)
(-0.128765 0.114476 0)
(-0.151992 0.114526 0)
(-0.175774 0.114066 0)
(-0.199897 0.113091 0)
(-0.224044 0.111597 0)
(-0.247708 0.109586 0)
(-0.269984 0.10706 0)
(-0.288612 0.104044 0)
(-0.297375 0.100847 0)
(-0.29374 0.0968338 0)
(-0.279612 0.0923941 0)
(-0.260932 0.0876017 0)
(-0.241376 0.0825456 0)
(-0.222548 0.0773218 0)
(-0.20638 0.0720283 0)
(-0.193968 0.0667748 0)
(-0.175638 0.0616447 0)
(-0.155091 0.0567812 0)
(-0.142749 0.0524402 0)
(-0.135673 0.0487741 0)
(-0.132798 0.0460047 0)
(-0.132948 0.0436172 0)
(-0.135575 0.041935 0)
(-0.139661 0.040695 0)
(-0.144629 0.0396819 0)
(-0.150075 0.0387661 0)
(-0.155739 0.0378779 0)
(-0.161464 0.0369818 0)
(-0.167158 0.0360601 0)
(-0.172767 0.0351043 0)
(-0.178257 0.0341109 0)
(-0.183604 0.0330786 0)
(-0.188795 0.0320072 0)
(-0.193817 0.0308972 0)
(-0.198661 0.0297492 0)
(-0.20332 0.028564 0)
(-0.207787 0.0273429 0)
(-0.212055 0.0260871 0)
(-0.21612 0.0247981 0)
(-0.219976 0.0234776 0)
(-0.223619 0.0221269 0)
(-0.227043 0.0207473 0)
(-0.230243 0.0193398 0)
(-0.233217 0.0179055 0)
(-0.235959 0.0164462 0)
(-0.238466 0.0149645 0)
(-0.240735 0.0134638 0)
(-0.242762 0.011947 0)
(-0.244546 0.0104156 0)
(-0.246085 0.00886865 0)
(-0.247377 0.00730377 0)
(-0.248416 0.00571981 0)
(-0.249195 0.00411922 0)
(-0.249712 0.00250468 0)
(-0.249986 0.000863014 0)
(0.249975 0.00218443 0)
(0.249477 0.00644572 0)
(0.248526 0.0106459 0)
(0.247089 0.0147945 0)
(0.245173 0.01888 0)
(0.242793 0.0228931 0)
(0.239961 0.0268308 0)
(0.236687 0.0306927 0)
(0.232977 0.0344756 0)
(0.22884 0.0381725 0)
(0.224287 0.041774 0)
(0.219329 0.0452707 0)
(0.213978 0.0486545 0)
(0.208247 0.0519196 0)
(0.20215 0.055061 0)
(0.195702 0.0580746 0)
(0.188916 0.0609564 0)
(0.18181 0.0637028 0)
(0.174399 0.0663107 0)
(0.166703 0.0687778 0)
(0.158743 0.0711037 0)
(0.150548 0.0732901 0)
(0.142159 0.0753431 0)
(0.133635 0.0772767 0)
(0.125074 0.0791224 0)
(0.116623 0.0809445 0)
(0.108495 0.0828652 0)
(0.100949 0.0850843 0)
(0.0942261 0.0878645 0)
(0.0883813 0.0914436 0)
(0.0831363 0.095909 0)
(0.0779372 0.101163 0)
(0.072144 0.106979 0)
(0.0652215 0.113093 0)
(0.0568442 0.119265 0)
(0.0468854 0.125308 0)
(0.0353405 0.131083 0)
(0.0222287 0.136493 0)
(0.0075443 0.141462 0)
(-0.00838401 0.145922 0)
(-0.0254978 0.149857 0)
(-0.0439496 0.15322 0)
(-0.0635822 0.155975 0)
(-0.0842816 0.158097 0)
(-0.105951 0.159558 0)
(-0.128479 0.160337 0)
(-0.151732 0.160415 0)
(-0.175544 0.159777 0)
(-0.199699 0.158414 0)
(-0.223879 0.156323 0)
(-0.247573 0.153502 0)
(-0.269872 0.149953 0)
(-0.288544 0.145695 0)
(-0.297328 0.141195 0)
(-0.293722 0.135569 0)
(-0.279619 0.129345 0)
(-0.260946 0.122623 0)
(-0.241384 0.11553 0)
(-0.222568 0.108211 0)
(-0.206464 0.100733 0)
(-0.19412 0.0933974 0)
(-0.175951 0.0866603 0)
(-0.155433 0.0795574 0)
(-0.143006 0.0733661 0)
(-0.135895 0.0682146 0)
(-0.132898 0.0641828 0)
(-0.133137 0.0610217 0)
(-0.135741 0.0587374 0)
(-0.139821 0.0570106 0)
(-0.144789 0.0555859 0)
(-0.150237 0.0542958 0)
(-0.155902 0.0530452 0)
(-0.161628 0.0517844 0)
(-0.167322 0.0504883 0)
(-0.172929 0.0491453 0)
(-0.178416 0.04775 0)
(-0.183761 0.0463008 0)
(-0.188947 0.0447974 0)
(-0.193963 0.0432403 0)
(-0.198801 0.0416305 0)
(-0.203453 0.0399691 0)
(-0.207913 0.0382576 0)
(-0.212173 0.0364979 0)
(-0.216229 0.0346922 0)
(-0.220077 0.0328426 0)
(-0.22371 0.0309512 0)
(-0.227124 0.0290196 0)
(-0.230315 0.0270493 0)
(-0.23328 0.0250419 0)
(-0.236013 0.0229997 0)
(-0.238511 0.0209266 0)
(-0.240772 0.0188271 0)
(-0.242792 0.0167053 0)
(-0.244569 0.0145634 0)
(-0.246102 0.0124 0)
(-0.247388 0.0102119 0)
(-0.248423 0.00799733 0)
(-0.249198 0.00575966 0)
(-0.249713 0.00350216 0)
(-0.249986 0.00120607 0)
(0.249975 0.00280442 0)
(0.249479 0.0082754 0)
(0.248533 0.013668 0)
(0.247102 0.0189945 0)
(0.245194 0.0242402 0)
(0.242825 0.0293933 0)
(0.240005 0.0344502 0)
(0.236745 0.0394101 0)
(0.23305 0.0442691 0)
(0.228929 0.0490182 0)
(0.224394 0.0536454 0)
(0.219454 0.0581386 0)
(0.214121 0.0624877 0)
(0.208409 0.0666848 0)
(0.202332 0.0707238 0)
(0.195902 0.0745993 0)
(0.189135 0.0783063 0)
(0.182046 0.0818399 0)
(0.174652 0.0851961 0)
(0.166971 0.0883722 0)
(0.159026 0.0913672 0)
(0.150844 0.0941833 0)
(0.142465 0.0968281 0)
(0.13395 0.0993196 0)
(0.125394 0.101697 0)
(0.116945 0.104044 0)
(0.108814 0.106514 0)
(0.101261 0.109364 0)
(0.0945301 0.112932 0)
(0.0886798 0.117524 0)
(0.0834377 0.123257 0)
(0.078252 0.130008 0)
(0.0724809 0.137487 0)
(0.0655852 0.145352 0)
(0.0572349 0.153298 0)
(0.0472996 0.16108 0)
(0.0357756 0.168519 0)
(0.0226812 0.175488 0)
(0.0079846 0.181893 0)
(-0.00794306 0.187655 0)
(-0.0250383 0.19273 0)
(-0.0435002 0.197066 0)
(-0.0631484 0.200622 0)
(-0.083864 0.203361 0)
(-0.105553 0.20525 0)
(-0.128104 0.206259 0)
(-0.151383 0.206366 0)
(-0.175225 0.205552 0)
(-0.199413 0.203805 0)
(-0.223635 0.20112 0)
(-0.24738 0.197496 0)
(-0.269739 0.192928 0)
(-0.288435 0.187441 0)
(-0.297357 0.181544 0)
(-0.293756 0.174316 0)
(-0.279707 0.166307 0)
(-0.26107 0.157652 0)
(-0.241531 0.148518 0)
(-0.222961 0.139088 0)
(-0.206824 0.129474 0)
(-0.193152 0.120028 0)
(-0.175906 0.111287 0)
(-0.156623 0.10226 0)
(-0.143487 0.0943358 0)
(-0.136137 0.0877162 0)
(-0.133077 0.0824465 0)
(-0.133356 0.0784695 0)
(-0.135957 0.0755525 0)
(-0.140042 0.0733326 0)
(-0.145015 0.0714951 0)
(-0.150466 0.0698294 0)
(-0.156134 0.0682144 0)
(-0.161861 0.0665864 0)
(-0.167554 0.0649133 0)
(-0.17316 0.0631802 0)
(-0.178643 0.0613803 0)
(-0.183982 0.0595113 0)
(-0.189161 0.0575731 0)
(-0.19417 0.0555663 0)
(-0.198999 0.0534922 0)
(-0.203641 0.0513523 0)
(-0.208089 0.0491486 0)
(-0.212338 0.0468835 0)
(-0.216382 0.0445598 0)
(-0.220217 0.0421803 0)
(-0.223837 0.0397476 0)
(-0.227238 0.037264 0)
(-0.230416 0.0347312 0)
(-0.233367 0.0321512 0)
(-0.236088 0.0295273 0)
(-0.238574 0.0268639 0)
(-0.240823 0.0241672 0)
(-0.242833 0.0214423 0)
(-0.2446 0.0186919 0)
(-0.246125 0.0159144 0)
(-0.247404 0.0131057 0)
(-0.248432 0.0102635 0)
(-0.249203 0.00739179 0)
(-0.249715 0.00449441 0)
(-0.249986 0.00154702 0)
(0.249975 0.00342096 0)
(0.249482 0.0100953 0)
(0.248542 0.0166743 0)
(0.24712 0.0231728 0)
(0.245223 0.0295732 0)
(0.242867 0.0358611 0)
(0.240064 0.0420323 0)
(0.236822 0.048086 0)
(0.233147 0.0540174 0)
(0.229048 0.0598156 0)
(0.224535 0.065466 0)
(0.219619 0.0709538 0)
(0.214311 0.0762669 0)
(0.208624 0.0813956 0)
(0.202571 0.0863325 0)
(0.196166 0.091071 0)
(0.189423 0.0956048 0)
(0.182357 0.099928 0)
(0.174984 0.104036 0)
(0.167324 0.107924 0)
(0.159397 0.111592 0)
(0.151231 0.115043 0)
(0.142865 0.118284 0)
(0.13436 0.121339 0)
(0.12581 0.124254 0)
(0.117362 0.127128 0)
(0.109227 0.13015 0)
(0.101666 0.13363 0)
(0.0949236 0.13798 0)
(0.089066 0.143578 0)
(0.0838269 0.150572 0)
(0.0786576 0.158816 0)
(0.0729135 0.167958 0)
(0.0660505 0.17758 0)
(0.057733 0.187305 0)
(0.0478262 0.196834 0)
(0.0363249 0.205947 0)
(0.023251 0.214482 0)
(0.00857445 0.222331 0)
(-0.00735146 0.229426 0)
(-0.0244592 0.235651 0)
(-0.0429343 0.24097 0)
(-0.0625999 0.245337 0)
(-0.0833397 0.248705 0)
(-0.10506 0.251034 0)
(-0.127648 0.252285 0)
(-0.150969 0.252431 0)
(-0.174854 0.251447 0)
(-0.199088 0.249318 0)
(-0.22336 0.246038 0)
(-0.247165 0.241607 0)
(-0.269594 0.236025 0)
(-0.288309 0.22932 0)
(-0.297422 0.221932 0)
(-0.293833 0.213105 0)
(-0.279838 0.203311 0)
(-0.261218 0.192722 0)
(-0.241674 0.18154 0)
(-0.223107 0.169988 0)
(-0.207033 0.15829 0)
(-0.193384 0.146718 0)
(-0.176315 0.135514 0)
(-0.1571 0.124899 0)
(-0.143863 0.115365 0)
(-0.136462 0.107268 0)
(-0.13338 0.100811 0)
(-0.133655 0.0959559 0)
(-0.136255 0.0923876 0)
(-0.140342 0.0896676 0)
(-0.14532 0.0874134 0)
(-0.150775 0.0853685 0)
(-0.156444 0.0833853 0)
(-0.162171 0.0813861 0)
(-0.167863 0.0793321 0)
(-0.173465 0.077205 0)
(-0.178943 0.0749966 0)
(-0.184275 0.0727043 0)
(-0.189446 0.0703278 0)
(-0.194444 0.0678681 0)
(-0.199262 0.0653267 0)
(-0.20389 0.0627056 0)
(-0.208324 0.0600073 0)
(-0.212558 0.0572348 0)
(-0.216586 0.0543915 0)
(-0.220403 0.051481 0)
(-0.224006 0.0485064 0)
(-0.227389 0.0454705 0)
(-0.23055 0.0423754 0)
(-0.233484 0.0392238 0)
(-0.236188 0.0360192 0)
(-0.238658 0.0327674 0)
(-0.240892 0.0294756 0)
(-0.242888 0.0261501 0)
(-0.244642 0.0227941 0)
(-0.246156 0.0194059 0)
(-0.247425 0.0159801 0)
(-0.248445 0.0125142 0)
(-0.24921 0.00901261 0)
(-0.249718 0.00547956 0)
(-0.249986 0.00188518 0)
(0.249976 0.00403302 0)
(0.249486 0.0119024 0)
(0.248553 0.0196599 0)
(0.247142 0.0273226 0)
(0.245261 0.0348704 0)
(0.242923 0.0422863 0)
(0.24014 0.0495658 0)
(0.236921 0.0567078 0)
(0.233272 0.0637069 0)
(0.229201 0.0705501 0)
(0.224717 0.0772204 0)
(0.219832 0.0837007 0)
(0.214555 0.0899764 0)
(0.2089 0.0960364 0)
(0.202879 0.101872 0)
(0.196505 0.107474 0)
(0.189792 0.112837 0)
(0.182755 0.117953 0)
(0.17541 0.122816 0)
(0.167775 0.127421 0)
(0.15987 0.131767 0)
(0.151725 0.135856 0)
(0.143376 0.139699 0)
(0.134883 0.143321 0)
(0.126341 0.146777 0)
(0.117895 0.150181 0)
(0.109754 0.153754 0)
(0.102181 0.15786 0)
(0.0954231 0.162985 0)
(0.0895536 0.16958 0)
(0.0843154 0.177829 0)
(0.0791632 0.187564 0)
(0.0734497 0.198373 0)
(0.0666241 0.20976 0)
(0.058344 0.221278 0)
(0.0484689 0.23257 0)
(0.0369878 0.243372 0)
(0.0239337 0.253495 0)
(0.00932874 0.262805 0)
(-0.00659776 0.271229 0)
(-0.0237733 0.278619 0)
(-0.0422645 0.284937 0)
(-0.0619443 0.290128 0)
(-0.0827103 0.294137 0)
(-0.104465 0.296913 0)
(-0.127096 0.298415 0)
(-0.150468 0.298606 0)
(-0.174412 0.297461 0)
(-0.198713 0.29496 0)
(-0.22306 0.291095 0)
(-0.246948 0.285866 0)
(-0.269464 0.279277 0)
(-0.288208 0.271357 0)
(-0.297516 0.262422 0)
(-0.293964 0.251982 0)
(-0.280048 0.240388 0)
(-0.261472 0.227845 0)
(-0.241945 0.214594 0)
(-0.223406 0.200899 0)
(-0.207363 0.187035 0)
(-0.193762 0.173346 0)
(-0.176724 0.16009 0)
(-0.157494 0.147613 0)
(-0.144241 0.136376 0)
(-0.136834 0.126816 0)
(-0.133749 0.119185 0)
(-0.134024 0.113449 0)
(-0.136631 0.109231 0)
(-0.140726 0.106011 0)
(-0.14571 0.103339 0)
(-0.15117 0.100912 0)
(-0.156842 0.098557 0)
(-0.16257 0.0961827 0)
(-0.16826 0.0937432 0)
(-0.173858 0.0912172 0)
(-0.179329 0.0885955 0)
(-0.184652 0.0858748 0)
(-0.189812 0.0830553 0)
(-0.194797 0.0801381 0)
(-0.1996 0.0771254 0)
(-0.204212 0.0740195 0)
(-0.208627 0.0708234 0)
(-0.212841 0.0675409 0)
(-0.216848 0.064176 0)
(-0.220643 0.060733 0)
(-0.224224 0.0572157 0)
(-0.227585 0.0536273 0)
(-0.230723 0.0499704 0)
(-0.233635 0.0462481 0)
(-0.236317 0.0424646 0)
(-0.238767 0.0386267 0)
(-0.240981 0.0347425 0)
(-0.242958 0.0308197 0)
(-0.244697 0.026862 0)
(-0.246195 0.0228671 0)
(-0.247451 0.0188291 0)
(-0.248461 0.0147446 0)
(-0.249218 0.0106186 0)
(-0.249721 0.00645544 0)
(-0.249986 0.00221982 0)
(0.249976 0.00463934 0)
(0.249492 0.0136932 0)
(0.248568 0.0226188 0)
(0.247171 0.031436 0)
(0.245308 0.0401217 0)
(0.242993 0.048657 0)
(0.240237 0.0570369 0)
(0.237048 0.0652604 0)
(0.233431 0.0733211 0)
(0.229396 0.0812045 0)
(0.224949 0.088891 0)
(0.220102 0.0963611 0)
(0.214865 0.103598 0)
(0.209249 0.110589 0)
(0.203267 0.117324 0)
(0.196932 0.123793 0)
(0.190256 0.129989 0)
(0.183254 0.135902 0)
(0.175941 0.141525 0)
(0.168336 0.146854 0)
(0.160458 0.151887 0)
(0.152334 0.156625 0)
(0.144002 0.16108 0)
(0.135522 0.165281 0)
(0.126986 0.169289 0)
(0.118539 0.173235 0)
(0.11039 0.177367 0)
(0.102801 0.182102 0)
(0.0960262 0.187998 0)
(0.0901447 0.19558 0)
(0.0849095 0.205071 0)
(0.0797795 0.216289 0)
(0.0741035 0.22876 0)
(0.0673227 0.241915 0)
(0.0590869 0.255233 0)
(0.0492496 0.268299 0)
(0.0377962 0.280807 0)
(0.0247641 0.292536 0)
(0.0101976 0.303327 0)
(-0.00573219 0.313072 0)
(-0.0229499 0.321647 0)
(-0.0414662 0.328987 0)
(-0.0611766 0.335022 0)
(-0.0819831 0.339689 0)
(-0.103787 0.34293 0)
(-0.126472 0.344695 0)
(-0.149904 0.344944 0)
(-0.173913 0.343645 0)
(-0.198285 0.340777 0)
(-0.222712 0.336329 0)
(-0.246696 0.330303 0)
(-0.269318 0.32271 0)
(-0.288129 0.313582 0)
(-0.297656 0.303065 0)
(-0.294187 0.290999 0)
(-0.280363 0.27759 0)
(-0.261832 0.263081 0)
(-0.242324 0.247754 0)
(-0.223799 0.231915 0)
(-0.20777 0.215893 0)
(-0.194189 0.200075 0)
(-0.177156 0.184776 0)
(-0.157908 0.170383 0)
(-0.144647 0.15742 0)
(-0.137252 0.146391 0)
(-0.13418 0.13759 0)
(-0.134464 0.130969 0)
(-0.137086 0.126098 0)
(-0.141195 0.122375 0)
(-0.146191 0.119281 0)
(-0.15166 0.116467 0)
(-0.157337 0.113735 0)
(-0.163067 0.110979 0)
(-0.168757 0.108148 0)
(-0.174351 0.105216 0)
(-0.179815 0.102174 0)
(-0.185128 0.099019 0)
(-0.190274 0.0957503 0)
(-0.195244 0.0923699 0)
(-0.200027 0.0888803 0)
(-0.204618 0.0852847 0)
(-0.209011 0.0815866 0)
(-0.213199 0.0777905 0)
(-0.21718 0.0739011 0)
(-0.220948 0.0699235 0)
(-0.2245 0.0658622 0)
(-0.227833 0.0617209 0)
(-0.230943 0.0575026 0)
(-0.233826 0.0532109 0)
(-0.236481 0.0488506 0)
(-0.238904 0.0444293 0)
(-0.241094 0.0399564 0)
(-0.243048 0.0354405 0)
(-0.244765 0.0308859 0)
(-0.246245 0.0262899 0)
(-0.247485 0.0216456 0)
(-0.248482 0.0169491 0)
(-0.249229 0.0122057 0)
(-0.249725 0.00741954 0)
(-0.249987 0.00255002 0)
(0.249976 0.00523844 0)
(0.249498 0.0154631 0)
(0.248587 0.025544 0)
(0.247208 0.035503 0)
(0.245368 0.0453148 0)
(0.243082 0.0549587 0)
(0.24036 0.0644293 0)
(0.237208 0.0737256 0)
(0.233633 0.0828406 0)
(0.229641 0.091758 0)
(0.225241 0.100456 0)
(0.220442 0.108913 0)
(0.215254 0.11711 0)
(0.209687 0.125032 0)
(0.203754 0.132668 0)
(0.197467 0.140007 0)
(0.190837 0.147039 0)
(0.183879 0.153754 0)
(0.176607 0.160144 0)
(0.16904 0.166202 0)
(0.161196 0.171926 0)
(0.153102 0.177318 0)
(0.144796 0.18239 0)
(0.136334 0.187171 0)
(0.127809 0.19173 0)
(0.119363 0.196212 0)
(0.111204 0.200894 0)
(0.103594 0.206243 0)
(0.0967903 0.212892 0)
(0.0908831 0.221447 0)
(0.0856391 0.232175 0)
(0.0805236 0.244881 0)
(0.0748819 0.259032 0)
(0.0681467 0.273977 0)
(0.0599578 0.289121 0)
(0.0501615 0.303989 0)
(0.0387392 0.318229 0)
(0.0257298 0.331588 0)
(0.0111874 0.343883 0)
(-0.00474601 0.354983 0)
(-0.021992 0.364763 0)
(-0.040534 0.373141 0)
(-0.0602788 0.380037 0)
(-0.0811314 0.38538 0)
(-0.102992 0.389102 0)
(-0.125747 0.391148 0)
(-0.149258 0.39147 0)
(-0.173357 0.39003 0)
(-0.197825 0.386805 0)
(-0.222356 0.381781 0)
(-0.246449 0.37496 0)
(-0.269182 0.366356 0)
(-0.288093 0.356003 0)
(-0.297811 0.343961 0)
(-0.294486 0.330241 0)
(-0.280772 0.314997 0)
(-0.262286 0.298505 0)
(-0.242791 0.281087 0)
(-0.224268 0.26309 0)
(-0.208245 0.244889 0)
(-0.194674 0.226923 0)
(-0.177632 0.209549 0)
(-0.158361 0.19321 0)
(-0.145096 0.178498 0)
(-0.13772 0.165983 0)
(-0.134681 0.156 0)
(-0.134996 0.148498 0)
(-0.137642 0.142976 0)
(-0.141771 0.138751 0)
(-0.146784 0.135234 0)
(-0.152265 0.13203 0)
(-0.157951 0.128915 0)
(-0.163685 0.125772 0)
(-0.169374 0.122541 0)
(-0.174964 0.119197 0)
(-0.18042 0.115727 0)
(-0.185721 0.11213 0)
(-0.190852 0.108404 0)
(-0.195802 0.104553 0)
(-0.200563 0.10058 0)
(-0.205128 0.0964887 0)
(-0.209492 0.0922832 0)
(-0.21365 0.0879689 0)
(-0.217597 0.0835514 0)
(-0.221331 0.0790366 0)
(-0.224848 0.0744296 0)
(-0.228145 0.0697348 0)
(-0.231219 0.0649556 0)
(-0.234067 0.060096 0)
(-0.236687 0.0551615 0)
(-0.239077 0.0501604 0)
(-0.241236 0.0451033 0)
(-0.243161 0.0399997 0)
(-0.244852 0.0348542 0)
(-0.246308 0.029664 0)
(-0.247528 0.0244211 0)
(-0.248508 0.0191208 0)
(-0.249242 0.0137688 0)
(-0.24973 0.00836878 0)
(-0.249987 0.00287473 0)
(0.249977 0.00582847 0)
(0.249507 0.017207 0)
(0.24861 0.0284265 0)
(0.247254 0.0395115 0)
(0.245444 0.0504345 0)
(0.243194 0.0611734 0)
(0.240514 0.0717225 0)
(0.237409 0.082081 0)
(0.233885 0.0922414 0)
(0.229949 0.102186 0)
(0.225606 0.11189 0)
(0.220867 0.121331 0)
(0.215739 0.130486 0)
(0.210233 0.139341 0)
(0.204359 0.147881 0)
(0.198128 0.156095 0)
(0.191552 0.163971 0)
(0.184644 0.171499 0)
(0.177417 0.178669 0)
(0.169889 0.185472 0)
(0.162077 0.191907 0)
(0.154009 0.197974 0)
(0.14572 0.203687 0)
(0.137267 0.209079 0)
(0.128741 0.214223 0)
(0.120286 0.219277 0)
(0.112108 0.224544 0)
(0.104473 0.230534 0)
(0.0976431 0.23795 0)
(0.0917195 0.24747 0)
(0.0864804 0.25941 0)
(0.0813953 0.273573 0)
(0.0758033 0.289374 0)
(0.069126 0.30609 0)
(0.0609924 0.323051 0)
(0.0512413 0.339721 0)
(0.0398505 0.355701 0)
(0.02686 0.370702 0)
(0.0123296 0.384517 0)
(-0.00361608 0.396991 0)
(-0.020895 0.407994 0)
(-0.0394732 0.417428 0)
(-0.0592647 0.425204 0)
(-0.080175 0.431238 0)
(-0.102103 0.435458 0)
(-0.124934 0.437798 0)
(-0.14853 0.438204 0)
(-0.172722 0.436635 0)
(-0.197294 0.433062 0)
(-0.22194 0.427469 0)
(-0.24616 0.419858 0)
(-0.269029 0.410239 0)
(-0.28809 0.398649 0)
(-0.297992 0.38514 0)
(-0.294847 0.36975 0)
(-0.281247 0.352657 0)
(-0.262807 0.334168 0)
(-0.243323 0.314642 0)
(-0.2248 0.294467 0)
(-0.208775 0.274067 0)
(-0.195217 0.253935 0)
(-0.178175 0.234466 0)
(-0.158883 0.216164 0)
(-0.145624 0.199688 0)
(-0.138281 0.185679 0)
(-0.135261 0.17451 0)
(-0.135596 0.16612 0)
(-0.138281 0.159941 0)
(-0.142444 0.155205 0)
(-0.147484 0.151251 0)
(-0.152987 0.147643 0)
(-0.158689 0.144131 0)
(-0.164433 0.140585 0)
(-0.170127 0.136941 0)
(-0.175716 0.13317 0)
(-0.181166 0.12926 0)
(-0.186454 0.125207 0)
(-0.191567 0.121013 0)
(-0.196494 0.116681 0)
(-0.201228 0.112215 0)
(-0.205762 0.107619 0)
(-0.210091 0.102898 0)
(-0.214211 0.0980596 0)
(-0.218118 0.093109 0)
(-0.22181 0.0880533 0)
(-0.225283 0.0828983 0)
(-0.228535 0.077649 0)
(-0.231564 0.0723094 0)
(-0.234368 0.0668837 0)
(-0.236945 0.0613782 0)
(-0.239294 0.0558019 0)
(-0.241413 0.0501661 0)
(-0.243302 0.0444815 0)
(-0.24496 0.0387529 0)
(-0.246386 0.0329771 0)
(-0.247581 0.0271452 0)
(-0.248541 0.0212516 0)
(-0.249259 0.0153019 0)
(-0.249736 0.00929947 0)
(-0.249987 0.00319265 0)
(0.249977 0.00640714 0)
(0.249517 0.0189178 0)
(0.24864 0.0312553 0)
(0.247312 0.0434464 0)
(0.24554 0.0554621 0)
(0.243335 0.0672789 0)
(0.240707 0.0788914 0)
(0.237662 0.090299 0)
(0.234202 0.101494 0)
(0.230334 0.112457 0)
(0.226064 0.123161 0)
(0.221399 0.133581 0)
(0.216346 0.143694 0)
(0.210916 0.153482 0)
(0.205116 0.162929 0)
(0.198957 0.172023 0)
(0.19245 0.180749 0)
(0.185607 0.189096 0)
(0.178442 0.197051 0)
(0.170971 0.204605 0)
(0.163211 0.211752 0)
(0.155187 0.218493 0)
(0.146936 0.22484 0)
(0.138513 0.230826 0)
(0.130004 0.236528 0)
(0.121549 0.242113 0)
(0.113352 0.247909 0)
(0.105678 0.254479 0)
(0.0987929 0.262602 0)
(0.0928136 0.273053 0)
(0.0875387 0.286212 0)
(0.0824488 0.301874 0)
(0.0768808 0.319392 0)
(0.0702454 0.337952 0)
(0.0621583 0.356802 0)
(0.0524484 0.375339 0)
(0.0410875 0.393114 0)
(0.028115 0.409805 0)
(0.0135935 0.425179 0)
(-0.00236453 0.439065 0)
(-0.0196733 0.45132 0)
(-0.0382877 0.461836 0)
(-0.0581273 0.470515 0)
(-0.0790988 0.477267 0)
(-0.101101 0.482007 0)
(-0.124018 0.484663 0)
(-0.147711 0.485173 0)
(-0.17201 0.483492 0)
(-0.1967 0.479584 0)
(-0.221475 0.473433 0)
(-0.245833 0.465038 0)
(-0.268851 0.45441 0)
(-0.288082 0.441586 0)
(-0.298192 0.42662 0)
(-0.295246 0.40956 0)
(-0.281769 0.390606 0)
(-0.263374 0.3701 0)
(-0.243899 0.34844 0)
(-0.225372 0.32606 0)
(-0.209344 0.303429 0)
(-0.195802 0.281092 0)
(-0.178766 0.259492 0)
(-0.15946 0.239187 0)
(-0.146219 0.220913 0)
(-0.138923 0.205383 0)
(-0.135962 0.193014 0)
(-0.136349 0.183726 0)
(-0.139082 0.176889 0)
(-0.14329 0.171644 0)
(-0.148367 0.167258 0)
(-0.153897 0.163247 0)
(-0.159619 0.159337 0)
(-0.165374 0.155384 0)
(-0.171072 0.15132 0)
(-0.176657 0.147114 0)
(-0.182096 0.142753 0)
(-0.187368 0.138235 0)
(-0.192459 0.133561 0)
(-0.197358 0.128737 0)
(-0.202058 0.123766 0)
(-0.206553 0.118656 0)
(-0.210838 0.113412 0)
(-0.214911 0.108041 0)
(-0.218768 0.102551 0)
(-0.222406 0.0969499 0)
(-0.225824 0.091244 0)
(-0.229021 0.0854391 0)
(-0.231994 0.0795395 0)
(-0.234743 0.07355 0)
(-0.237266 0.0674773 0)
(-0.239563 0.0613312 0)
(-0.241634 0.0551239 0)
(-0.243477 0.0488666 0)
(-0.245094 0.0425646 0)
(-0.246484 0.0362141 0)
(-0.247647 0.0298051 0)
(-0.248581 0.0233311 0)
(-0.24928 0.0167976 0)
(-0.249743 0.0102071 0)
(-0.249988 0.00350221 0)
(0.249978 0.00697157 0)
(0.249531 0.0205873 0)
(0.248677 0.0340166 0)
(0.247385 0.0472888 0)
(0.24566 0.0603738 0)
(0.243512 0.0732475 0)
(0.240951 0.0859047 0)
(0.237979 0.0983454 0)
(0.2346 0.110561 0)
(0.230817 0.122533 0)
(0.226636 0.134231 0)
(0.222062 0.145628 0)
(0.217101 0.156699 0)
(0.21176 0.167424 0)
(0.206047 0.177788 0)
(0.19997 0.187775 0)
(0.193539 0.19737 0)
(0.186764 0.206559 0)
(0.179657 0.215329 0)
(0.172232 0.22367 0)
(0.164507 0.231574 0)
(0.156506 0.239045 0)
(0.148265 0.246093 0)
(0.139838 0.252756 0)
(0.131313 0.259116 0)
(0.122832 0.26535 0)
(0.1146 0.271804 0)
(0.106885 0.279072 0)
(0.0999607 0.287988 0)
(0.0939562 0.299392 0)
(0.0886846 0.313719 0)
(0.0836308 0.330781 0)
(0.0781224 0.349898 0)
(0.0715548 0.370198 0)
(0.0635292 0.390857 0)
(0.0538648 0.411205 0)
(0.0425301 0.430744 0)
(0.0295651 0.449112 0)
(0.0150364 0.466045 0)
(-0.000950834 0.481351 0)
(-0.0183059 0.494871 0)
(-0.0369693 0.506484 0)
(-0.0568621 0.516078 0)
(-0.0778978 0.523549 0)
(-0.0999786 0.528812 0)
(-0.122986 0.531789 0)
(-0.146779 0.532413 0)
(-0.171189 0.530631 0)
(-0.196 0.526405 0)
(-0.22091 0.519712 0)
(-0.245417 0.510549 0)
(-0.268601 0.498926 0)
(-0.288029 0.48488 0)
(-0.298379 0.468467 0)
(-0.295664 0.449741 0)
(-0.282326 0.428921 0)
(-0.263981 0.406388 0)
(-0.244516 0.382581 0)
(-0.225988 0.35798 0)
(-0.209964 0.333103 0)
(-0.196445 0.308551 0)
(-0.179422 0.284812 0)
(-0.160108 0.262506 0)
(-0.14689 0.242443 0)
(-0.139646 0.225407 0)
(-0.136742 0.211847 0)
(-0.137183 0.201657 0)
(-0.139972 0.194139 0)
(-0.144233 0.18835 0)
(-0.149359 0.183489 0)
(-0.154933 0.179031 0)
(-0.16069 0.174678 0)
(-0.166474 0.170279 0)
(-0.172191 0.165759 0)
(-0.177785 0.161084 0)
(-0.183223 0.156243 0)
(-0.188483 0.151232 0)
(-0.193553 0.146056 0)
(-0.198421 0.140718 0)
(-0.203082 0.135225 0)
(-0.207532 0.129585 0)
(-0.211765 0.123803 0)
(-0.21578 0.117889 0)
(-0.219575 0.111851 0)
(-0.223148 0.105698 0)
(-0.226499 0.0994372 0)
(-0.229626 0.0930747 0)
(-0.23253 0.0866156 0)
(-0.23521 0.080065 0)
(-0.237666 0.07343 0)
(-0.239899 0.066721 0)
(-0.241909 0.0599508 0)
(-0.243696 0.0531313 0)
(-0.245261 0.046268 0)
(-0.246605 0.0393563 0)
(-0.247729 0.0323852 0)
(-0.248631 0.0253471 0)
(-0.249306 0.0182469 0)
(-0.249753 0.0110861 0)
(-0.249989 0.0038015 0)
(0.249979 0.00751812 0)
(0.249547 0.0222046 0)
(0.248724 0.0366927 0)
(0.247477 0.0510147 0)
(0.245811 0.0651399 0)
(0.243735 0.079044 0)
(0.241257 0.0927225 0)
(0.238378 0.106176 0)
(0.2351 0.119397 0)
(0.231425 0.132364 0)
(0.227356 0.145047 0)
(0.222897 0.157416 0)
(0.218052 0.169443 0)
(0.212827 0.181108 0)
(0.207227 0.192391 0)
(0.201261 0.203275 0)
(0.194935 0.213743 0)
(0.188259 0.223776 0)
(0.181245 0.233359 0)
(0.173904 0.242477 0)
(0.166252 0.25112 0)
(0.158313 0.259283 0)
(0.150119 0.266975 0)
(0.14172 0.274229 0)
(0.133203 0.281125 0)
(0.124703 0.287849 0)
(0.116424 0.29477 0)
(0.108633 0.302536 0)
(0.101613 0.312073 0)
(0.0955098 0.324343 0)
(0.0901632 0.339872 0)
(0.0850721 0.358475 0)
(0.0795616 0.379399 0)
(0.0730147 0.40166 0)
(0.0650173 0.424328 0)
(0.0553774 0.446656 0)
(0.0440579 0.468091 0)
(0.0310972 0.488234 0)
(0.0165609 0.506801 0)
(0.000546551 0.523581 0)
(-0.0168493 0.538407 0)
(-0.0355698 0.551152 0)
(-0.0555409 0.561692 0)
(-0.0766561 0.56992 0)
(-0.0988085 0.57574 0)
(-0.121887 0.579069 0)
(-0.14576 0.579835 0)
(-0.170264 0.57798 0)
(-0.195184 0.573461 0)
(-0.22022 0.566254 0)
(-0.244874 0.556351 0)
(-0.268225 0.543761 0)
(-0.287863 0.528518 0)
(-0.29848 0.510678 0)
(-0.296027 0.490293 0)
(-0.282845 0.467602 0)
(-0.264556 0.443021 0)
(-0.245101 0.417037 0)
(-0.226572 0.390171 0)
(-0.210557 0.362988 0)
(-0.197081 0.336149 0)
(-0.1801 0.310195 0)
(-0.160807 0.285777 0)
(-0.147653 0.26381 0)
(-0.140513 0.245167 0)
(-0.13774 0.230354 0)
(-0.138299 0.219256 0)
(-0.141185 0.211091 0)
(-0.145532 0.204808 0)
(-0.150726 0.199525 0)
(-0.156349 0.194664 0)
(-0.16214 0.189903 0)
(-0.167942 0.185079 0)
(-0.173664 0.180114 0)
(-0.179252 0.174974 0)
(-0.184673 0.169648 0)
(-0.189907 0.164137 0)
(-0.194941 0.158445 0)
(-0.199764 0.152581 0)
(-0.204372 0.146552 0)
(-0.208761 0.140367 0)
(-0.212926 0.134035 0)
(-0.216868 0.127567 0)
(-0.220584 0.120972 0)
(-0.224074 0.114259 0)
(-0.227339 0.107439 0)
(-0.23038 0.100517 0)
(-0.233197 0.0934992 0)
(-0.235791 0.086391 0)
(-0.238164 0.0791998 0)
(-0.240316 0.0719366 0)
(-0.24225 0.0646146 0)
(-0.243966 0.0572462 0)
(-0.245468 0.0498366 0)
(-0.246756 0.0423807 0)
(-0.247831 0.0348661 0)
(-0.248693 0.027284 0)
(-0.249337 0.0196385 0)
(-0.249764 0.0119295 0)
(-0.249989 0.00408821 0)
(0.24998 0.00804218 0)
(0.249569 0.0237563 0)
(0.248783 0.0392616 0)
(0.247593 0.0545938 0)
(0.246002 0.0697225 0)
(0.244017 0.0846242 0)
(0.241642 0.0992956 0)
(0.238879 0.113739 0)
(0.235727 0.127946 0)
(0.232184 0.141896 0)
(0.228253 0.155557 0)
(0.223932 0.168898 0)
(0.219225 0.18189 0)
(0.214134 0.194509 0)
(0.208661 0.206737 0)
(0.202812 0.218554 0)
(0.196592 0.229941 0)
(0.190008 0.24088 0)
(0.183071 0.251355 0)
(0.175791 0.26135 0)
(0.168187 0.270856 0)
(0.16028 0.279872 0)
(0.152103 0.288408 0)
(0.143708 0.296496 0)
(0.135176 0.30422 0)
(0.12664 0.311763 0)
(0.118302 0.319496 0)
(0.110428 0.328079 0)
(0.103311 0.33847 0)
(0.0971179 0.351688 0)
(0.0917156 0.368327 0)
(0.0866157 0.388238 0)
(0.0811347 0.410664 0)
(0.0746353 0.434577 0)
(0.0666823 0.458988 0)
(0.0570692 0.483083 0)
(0.0457538 0.506251 0)
(0.0327761 0.52805 0)
(0.0182063 0.548159 0)
(0.00214052 0.566341 0)
(-0.0153094 0.582413 0)
(-0.0340755 0.596239 0)
(-0.0540925 0.60769 0)
(-0.0752602 0.616648 0)
(-0.0974747 0.623007 0)
(-0.120622 0.626676 0)
(-0.144568 0.627577 0)
(-0.16915 0.62565 0)
(-0.19416 0.620849 0)
(-0.219305 0.613148 0)
(-0.244089 0.602536 0)
(-0.267605 0.589018 0)
(-0.28747 0.572626 0)
(-0.2984 0.553406 0)
(-0.296266 0.531399 0)
(-0.283287 0.50686 0)
(-0.26508 0.480242 0)
(-0.245659 0.452072 0)
(-0.227159 0.422913 0)
(-0.211163 0.393389 0)
(-0.197695 0.364346 0)
(-0.180794 0.336501 0)
(-0.161576 0.309989 0)
(-0.148497 0.286149 0)
(-0.141451 0.265995 0)
(-0.138763 0.249996 0)
(-0.139403 0.237983 0)
(-0.14238 0.229088 0)
(-0.146819 0.222181 0)
(-0.152104 0.216326 0)
(-0.157813 0.210913 0)
(-0.16368 0.205607 0)
(-0.169547 0.200237 0)
(-0.175318 0.194721 0)
(-0.180937 0.189026 0)
(-0.186372 0.183139 0)
(-0.191602 0.177062 0)
(-0.196613 0.170801 0)
(-0.201398 0.164364 0)
(-0.205952 0.157759 0)
(-0.210273 0.150998 0)
(-0.21436 0.144089 0)
(-0.218213 0.137045 0)
(-0.221834 0.129876 0)
(-0.225223 0.122593 0)
(-0.228383 0.115205 0)
(-0.231316 0.10772 0)
(-0.234025 0.100144 0)
(-0.236512 0.0924822 0)
(-0.238781 0.0847424 0)
(-0.240834 0.0769357 0)
(-0.242673 0.0690757 0)
(-0.244302 0.0611748 0)
(-0.245725 0.053238 0)
(-0.246942 0.045259 0)
(-0.247957 0.0372242 0)
(-0.24877 0.029123 0)
(-0.249376 0.0209586 0)
(-0.249778 0.0127291 0)
(-0.24999 0.00435947 0)
(0.249981 0.00853785 0)
(0.249595 0.0252247 0)
(0.248858 0.0416946 0)
(0.24774 0.0579871 0)
(0.246244 0.0740732 0)
(0.244374 0.0899308 0)
(0.242132 0.105558 0)
(0.239517 0.120959 0)
(0.236525 0.136127 0)
(0.233153 0.151038 0)
(0.229399 0.165662 0)
(0.225261 0.179962 0)
(0.220737 0.193909 0)
(0.215828 0.207475 0)
(0.210534 0.220638 0)
(0.204856 0.233375 0)
(0.198796 0.245659 0)
(0.192356 0.257467 0)
(0.185541 0.268771 0)
(0.178358 0.27955 0)
(0.170819 0.289784 0)
(0.162945 0.299466 0)
(0.154768 0.308599 0)
(0.146343 0.317217 0)
(0.137757 0.325406 0)
(0.129148 0.333363 0)
(0.120721 0.341485 0)
(0.112751 0.350485 0)
(0.105531 0.361415 0)
(0.0992398 0.37543 0)
(0.0937613 0.393249 0)
(0.0886122 0.414751 0)
(0.0831001 0.439107 0)
(0.0765727 0.465155 0)
(0.0685805 0.491772 0)
(0.0589104 0.518038 0)
(0.0475208 0.543272 0)
(0.0344571 0.566989 0)
(0.019796 0.588843 0)
(0.00363654 0.608583 0)
(-0.0138868 0.626019 0)
(-0.0327015 0.64101 0)
(-0.0527609 0.653424 0)
(-0.0739653 0.663143 0)
(-0.0962081 0.670061 0)
(-0.119373 0.674089 0)
(-0.143329 0.67515 0)
(-0.167918 0.673183 0)
(-0.192942 0.668142 0)
(-0.218116 0.660001 0)
(-0.242957 0.648746 0)
(-0.266578 0.634381 0)
(-0.286641 0.616927 0)
(-0.297913 0.596413 0)
(-0.296169 0.572856 0)
(-0.283467 0.546513 0)
(-0.265431 0.51787 0)
(-0.246168 0.487491 0)
(-0.227816 0.455979 0)
(-0.211633 0.424012 0)
(-0.197395 0.392518 0)
(-0.180908 0.362309 0)
(-0.16269 0.333465 0)
(-0.149647 0.307506 0)
(-0.14267 0.285577 0)
(-0.140184 0.268229 0)
(-0.141032 0.255283 0)
(-0.144193 0.245766 0)
(-0.148793 0.238415 0)
(-0.15421 0.232184 0)
(-0.160022 0.226405 0)
(-0.165963 0.220711 0)
(-0.171875 0.214919 0)
(-0.177665 0.208946 0)
(-0.183279 0.202759 0)
(-0.188688 0.196352 0)
(-0.193871 0.189732 0)
(-0.198819 0.182909 0)
(-0.203526 0.175897 0)
(-0.207989 0.16871 0)
(-0.212207 0.161362 0)
(-0.216182 0.153866 0)
(-0.219915 0.146235 0)
(-0.223407 0.138484 0)
(-0.226664 0.130623 0)
(-0.229688 0.122665 0)
(-0.232484 0.114617 0)
(-0.235057 0.106486 0)
(-0.237409 0.0982777 0)
(-0.239548 0.0900001 0)
(-0.241476 0.0816644 0)
(-0.243198 0.0732843 0)
(-0.244718 0.0648719 0)
(-0.246042 0.0564316 0)
(-0.247173 0.0479562 0)
(-0.248113 0.0394299 0)
(-0.248864 0.0308408 0)
(-0.249425 0.0221903 0)
(-0.249796 0.0134744 0)
(-0.249991 0.00461186 0)
(0.249983 0.00899754 0)
(0.249629 0.0265878 0)
(0.248953 0.0439556 0)
(0.247927 0.0611456 0)
(0.24655 0.078132 0)
(0.244824 0.0948953 0)
(0.242747 0.111437 0)
(0.240314 0.127763 0)
(0.237518 0.143868 0)
(0.234351 0.159731 0)
(0.230808 0.175319 0)
(0.226881 0.190597 0)
(0.222566 0.205534 0)
(0.217858 0.220104 0)
(0.212756 0.234283 0)
(0.207259 0.248052 0)
(0.20137 0.261388 0)
(0.195093 0.274269 0)
(0.188436 0.286671 0)
(0.181404 0.29857 0)
(0.174005 0.309944 0)
(0.166251 0.320774 0)
(0.158162 0.331056 0)
(0.149779 0.340807 0)
(0.141171 0.350096 0)
(0.132465 0.359106 0)
(0.123859 0.368221 0)
(0.115631 0.378159 0)
(0.108097 0.390006 0)
(0.101482 0.40499 0)
(0.0957263 0.423914 0)
(0.090382 0.446707 0)
(0.084756 0.472533 0)
(0.0781722 0.500187 0)
(0.0701506 0.528481 0)
(0.0604548 0.556436 0)
(0.0490316 0.583316 0)
(0.0359239 0.60859 0)
(0.021209 0.631879 0)
(0.00498269 0.652906 0)
(-0.0125984 0.671459 0)
(-0.031447 0.687389 0)
(-0.051524 0.700551 0)
(-0.0727246 0.710829 0)
(-0.0949366 0.718121 0)
(-0.118044 0.722343 0)
(-0.14192 0.723424 0)
(-0.166414 0.721311 0)
(-0.191338 0.715967 0)
(-0.216425 0.707369 0)
(-0.241209 0.695509 0)
(-0.264837 0.680387 0)
(-0.285049 0.662014 0)
(-0.296687 0.640386 0)
(-0.295414 0.615477 0)
(-0.283073 0.587528 0)
(-0.265259 0.557051 0)
(-0.24617 0.524648 0)
(-0.227974 0.490983 0)
(-0.211862 0.456796 0)
(-0.197629 0.422975 0)
(-0.181415 0.390339 0)
(-0.163473 0.359564 0)
(-0.150522 0.331916 0)
(-0.143735 0.308525 0)
(-0.141484 0.289977 0)
(-0.142564 0.276045 0)
(-0.14595 0.265677 0)
(-0.150763 0.257535 0)
(-0.156372 0.250528 0)
(-0.162345 0.243969 0)
(-0.168412 0.23749 0)
(-0.174417 0.230913 0)
(-0.180269 0.224163 0)
(-0.185917 0.217211 0)
(-0.191333 0.210054 0)
(-0.1965 0.2027 0)
(-0.201407 0.195161 0)
(-0.206051 0.187451 0)
(-0.21043 0.179583 0)
(-0.214543 0.171569 0)
(-0.218396 0.163422 0)
(-0.221991 0.155156 0)
(-0.225335 0.146785 0)
(-0.228434 0.13832 0)
(-0.231294 0.129773 0)
(-0.233924 0.121152 0)
(-0.236329 0.112464 0)
(-0.238516 0.103714 0)
(-0.240494 0.0949087 0)
(-0.242268 0.0860601 0)
(-0.243845 0.0771809 0)
(-0.245232 0.0682826 0)
(-0.246434 0.0593683 0)
(-0.247457 0.0504291 0)
(-0.248305 0.0414474 0)
(-0.248981 0.0324089 0)
(-0.249484 0.023313 0)
(-0.249817 0.0141528 0)
(-0.249992 0.00484114 0)
(0.249985 0.0094113 0)
(0.249673 0.0278161 0)
(0.249076 0.0459962 0)
(0.248168 0.0640027 0)
(0.246946 0.0818138 0)
(0.245407 0.0994131 0)
(0.243547 0.116805 0)
(0.241354 0.133999 0)
(0.238819 0.15099 0)
(0.235928 0.167755 0)
(0.23267 0.18426 0)
(0.229033 0.200465 0)
(0.225006 0.216335 0)
(0.220577 0.231832 0)
(0.215734 0.246925 0)
(0.210464 0.261575 0)
(0.204755 0.275748 0)
(0.198601 0.289412 0)
(0.192006 0.302541 0)
(0.184983 0.315112 0)
(0.177553 0.327111 0)
(0.16974 0.338525 0)
(0.16158 0.349356 0)
(0.153122 0.359625 0)
(0.144446 0.369402 0)
(0.135681 0.378869 0)
(0.127025 0.388419 0)
(0.118754 0.398793 0)
(0.111184 0.411148 0)
(0.104538 0.426839 0)
(0.0987601 0.446828 0)
(0.0933887 0.471122 0)
(0.0877071 0.498852 0)
(0.0810181 0.528691 0)
(0.0728291 0.5593 0)
(0.0629048 0.589566 0)
(0.0512067 0.618651 0)
(0.0377986 0.645964 0)
(0.0227766 0.671087 0)
(0.00624844 0.693724 0)
(-0.011584 0.713661 0)
(-0.0306219 0.730742 0)
(-0.0508279 0.744832 0)
(-0.0720689 0.755822 0)
(-0.0942255 0.763623 0)
(-0.117183 0.768159 0)
(-0.140819 0.769371 0)
(-0.164996 0.767222 0)
(-0.189546 0.761692 0)
(-0.214234 0.752781 0)
(-0.238631 0.740497 0)
(-0.261955 0.724846 0)
(-0.28208 0.705825 0)
(-0.293999 0.683377 0)
(-0.293254 0.657376 0)
(-0.281404 0.627995 0)
(-0.263983 0.595744 0)
(-0.245265 0.561241 0)
(-0.227447 0.525188 0)
(-0.211742 0.488411 0)
(-0.197898 0.451916 0)
(-0.182125 0.416588 0)
(-0.164594 0.383095 0)
(-0.15198 0.352903 0)
(-0.145539 0.327426 0)
(-0.143641 0.30737 0)
(-0.145021 0.292468 0)
(-0.148634 0.281483 0)
(-0.153634 0.272899 0)
(-0.159408 0.265519 0)
(-0.165529 0.258602 0)
(-0.171727 0.251753 0)
(-0.177843 0.244781 0)
(-0.183781 0.2376 0)
(-0.189484 0.230182 0)
(-0.194916 0.222523 0)
(-0.200056 0.214634 0)
(-0.204894 0.206531 0)
(-0.209429 0.198233 0)
(-0.213665 0.189758 0)
(-0.217611 0.181128 0)
(-0.221278 0.172364 0)
(-0.224673 0.163487 0)
(-0.227807 0.154514 0)
(-0.230689 0.145462 0)
(-0.23333 0.136342 0)
(-0.235739 0.127166 0)
(-0.237926 0.117939 0)
(-0.239902 0.108669 0)
(-0.241674 0.0993617 0)
(-0.243254 0.0900289 0)
(-0.244649 0.0806829 0)
(-0.245868 0.0713343 0)
(-0.246919 0.0619851 0)
(-0.247808 0.0526245 0)
(-0.248542 0.0432325 0)
(-0.249125 0.0337924 0)
(-0.249558 0.0243012 0)
(-0.249843 0.0147488 0)
(-0.249993 0.00504216 0)
(0.249987 0.00976564 0)
(0.249728 0.0288713 0)
(0.249231 0.0477581 0)
(0.248471 0.0664864 0)
(0.247439 0.0850413 0)
(0.246129 0.103413 0)
(0.244527 0.121611 0)
(0.242619 0.139649 0)
(0.240388 0.157528 0)
(0.237818 0.175228 0)
(0.234895 0.192719 0)
(0.231605 0.209967 0)
(0.227937 0.226943 0)
(0.223884 0.243623 0)
(0.219436 0.259987 0)
(0.214591 0.276025 0)
(0.209329 0.291685 0)
(0.203614 0.306894 0)
(0.197419 0.321588 0)
(0.190731 0.33572 0)
(0.183549 0.349256 0)
(0.175884 0.362174 0)
(0.16776 0.374465 0)
(0.159221 0.386143 0)
(0.15034 0.39727 0)
(0.14124 0.408013 0)
(0.132118 0.418749 0)
(0.123252 0.430218 0)
(0.114981 0.443615 0)
(0.107585 0.460405 0)
(0.101094 0.481694 0)
(0.095114 0.507562 0)
(0.0889489 0.53711 0)
(0.0818795 0.568905 0)
(0.0733732 0.601486 0)
(0.0631688 0.633635 0)
(0.0512218 0.664446 0)
(0.0376008 0.693277 0)
(0.022411 0.71968 0)
(0.00577264 0.743342 0)
(-0.0121026 0.764041 0)
(-0.0311022 0.78161 0)
(-0.0511692 0.795918 0)
(-0.0721631 0.806867 0)
(-0.093979 0.814389 0)
(-0.116516 0.818457 0)
(-0.139645 0.819065 0)
(-0.163219 0.81623 0)
(-0.187071 0.809993 0)
(-0.210985 0.800414 0)
(-0.23458 0.787568 0)
(-0.257178 0.77151 0)
(-0.276864 0.752247 0)
(-0.288911 0.729652 0)
(-0.28878 0.703414 0)
(-0.277628 0.673491 0)
(-0.260831 0.640265 0)
(-0.242702 0.604326 0)
(-0.225363 0.566418 0)
(-0.209882 0.527475 0)
(-0.196155 0.488636 0)
(-0.181086 0.450929 0)
(-0.164551 0.415039 0)
(-0.152465 0.382579 0)
(-0.146505 0.355124 0)
(-0.145165 0.333445 0)
(-0.147151 0.317257 0)
(-0.151415 0.305202 0)
(-0.157038 0.295617 0)
(-0.163349 0.287221 0)
(-0.169898 0.279243 0)
(-0.176409 0.271289 0)
(-0.182719 0.263178 0)
(-0.188739 0.254842 0)
(-0.194423 0.246265 0)
(-0.199753 0.237454 0)
(-0.204725 0.228433 0)
(-0.209349 0.219232 0)
(-0.213644 0.209891 0)
(-0.217633 0.200449 0)
(-0.221332 0.190931 0)
(-0.224746 0.181342 0)
(-0.227885 0.171693 0)
(-0.230761 0.161997 0)
(-0.233383 0.152266 0)
(-0.235762 0.142507 0)
(-0.237912 0.13273 0)
(-0.239843 0.122938 0)
(-0.241568 0.113135 0)
(-0.243098 0.103327 0)
(-0.244446 0.0935226 0)
(-0.245623 0.0837325 0)
(-0.246641 0.0739654 0)
(-0.247509 0.0642206 0)
(-0.248236 0.0544846 0)
(-0.248832 0.044734 0)
(-0.249302 0.0349489 0)
(-0.249648 0.0251231 0)
(-0.249876 0.0152426 0)
(-0.249994 0.00520815 0)
(0.249993 0.0100401 0)
(0.249814 0.0296898 0)
(0.249463 0.0491273 0)
(0.248914 0.0684239 0)
(0.248151 0.0875736 0)
(0.247158 0.106572 0)
(0.245913 0.125432 0)
(0.244387 0.144166 0)
(0.24255 0.16277 0)
(0.240367 0.181215 0)
(0.237809 0.199457 0)
(0.234842 0.217443 0)
(0.231443 0.235121 0)
(0.22759 0.252439 0)
(0.223275 0.269349 0)
(0.218474 0.285775 0)
(0.213268 0.301893 0)
(0.207644 0.317687 0)
(0.201567 0.333054 0)
(0.195018 0.347909 0)
(0.187982 0.362186 0)
(0.180455 0.375842 0)
(0.172446 0.388854 0)
(0.163989 0.401225 0)
(0.15515 0.41301 0)
(0.14605 0.424366 0)
(0.136889 0.435662 0)
(0.127956 0.447635 0)
(0.119603 0.461512 0)
(0.112133 0.478855 0)
(0.105557 0.500924 0)
(0.099448 0.527904 0)
(0.0930755 0.558895 0)
(0.085688 0.592373 0)
(0.0767501 0.626753 0)
(0.0660178 0.660707 0)
(0.0534704 0.693245 0)
(0.0392039 0.723662 0)
(0.0233527 0.751472 0)
(0.0060661 0.776336 0)
(-0.0124119 0.798025 0)
(-0.0319402 0.816362 0)
(-0.0524351 0.831244 0)
(-0.0737121 0.842641 0)
(-0.0955903 0.850659 0)
(-0.117875 0.855069 0)
(-0.140392 0.855797 0)
(-0.162971 0.852871 0)
(-0.185446 0.846393 0)
(-0.207627 0.836516 0)
(-0.229222 0.823428 0)
(-0.249758 0.807304 0)
(-0.267761 0.788243 0)
(-0.27916 0.76607 0)
(-0.279638 0.740142 0)
(-0.269906 0.709936 0)
(-0.254876 0.675656 0)
(-0.238574 0.638104 0)
(-0.222902 0.59809 0)
(-0.208809 0.556681 0)
(-0.196245 0.515194 0)
(-0.182428 0.474764 0)
(-0.167033 0.436153 0)
(-0.155632 0.401208 0)
(-0.1502 0.371775 0)
(-0.149281 0.348734 0)
(-0.151531 0.331646 0)
(-0.155985 0.318939 0)
(-0.161744 0.308809 0)
(-0.16813 0.299889 0)
(-0.174698 0.291378 0)
(-0.181182 0.282874 0)
(-0.187432 0.274201 0)
(-0.193375 0.265298 0)
(-0.198976 0.25616 0)
(-0.204227 0.246812 0)
(-0.209131 0.237296 0)
(-0.213699 0.227663 0)
(-0.217958 0.217972 0)
(-0.221916 0.208208 0)
(-0.22552 0.198274 0)
(-0.228795 0.188225 0)
(-0.231748 0.178089 0)
(-0.234395 0.167893 0)
(-0.236754 0.157661 0)
(-0.238844 0.147409 0)
(-0.240687 0.137152 0)
(-0.242302 0.126899 0)
(-0.24371 0.116657 0)
(-0.244929 0.106434 0)
(-0.245978 0.0962401 0)
(-0.246874 0.0860861 0)
(-0.247631 0.0759798 0)
(-0.248265 0.065919 0)
(-0.248786 0.0558877 0)
(-0.249205 0.0458598 0)
(-0.249531 0.035812 0)
(-0.249767 0.0257346 0)
(-0.249919 0.0156094 0)
(-0.249997 0.00533122 0)
(0.249994 0.0102587 0)
(0.249891 0.0303416 0)
(0.249698 0.0502335 0)
(0.249398 0.0700305 0)
(0.248976 0.0897497 0)
(0.248414 0.109408 0)
(0.247689 0.129038 0)
(0.246774 0.148673 0)
(0.245637 0.168326 0)
(0.244242 0.187986 0)
(0.242549 0.207621 0)
(0.240515 0.22719 0)
(0.238095 0.246649 0)
(0.235239 0.265951 0)
(0.231896 0.285049 0)
(0.22802 0.303903 0)
(0.223528 0.322323 0)
(0.218462 0.340307 0)
(0.212851 0.357883 0)
(0.206682 0.375026 0)
(0.199931 0.391682 0)
(0.192579 0.407791 0)
(0.184614 0.423306 0)
(0.176045 0.438202 0)
(0.166909 0.452504 0)
(0.157288 0.466336 0)
(0.147343 0.480025 0)
(0.137338 0.494271 0)
(0.127643 0.510309 0)
(0.118651 0.52982 0)
(0.110521 0.554274 0)
(0.102958 0.583999 0)
(0.095276 0.618018 0)
(0.0867096 0.654601 0)
(0.0767092 0.691945 0)
(0.0650154 0.728561 0)
(0.0516005 0.763353 0)
(0.036566 0.795555 0)
(0.0200618 0.824645 0)
(0.00226751 0.850269 0)
(-0.0166042 0.872188 0)
(-0.0363965 0.890204 0)
(-0.056966 0.904207 0)
(-0.0781135 0.914091 0)
(-0.0995885 0.919676 0)
(-0.12116 0.92114 0)
(-0.142641 0.918633 0)
(-0.163863 0.912357 0)
(-0.184662 0.90262 0)
(-0.204848 0.889867 0)
(-0.224133 0.874707 0)
(-0.242096 0.857895 0)
(-0.257587 0.840295 0)
(-0.267379 0.822241 0)
(-0.267821 0.802128 0)
(-0.259281 0.777179 0)
(-0.245895 0.746067 0)
(-0.231221 0.709322 0)
(-0.216851 0.668426 0)
(-0.203642 0.625072 0)
(-0.191892 0.581146 0)
(-0.179457 0.538289 0)
(-0.165911 0.496141 0)
(-0.156038 0.456251 0)
(-0.151939 0.421766 0)
(-0.152518 0.394425 0)
(-0.15643 0.373823 0)
(-0.162488 0.358112 0)
(-0.169658 0.345229 0)
(-0.177187 0.333681 0)
(-0.184607 0.322638 0)
(-0.191668 0.311709 0)
(-0.19826 0.300731 0)
(-0.204344 0.289654 0)
(-0.209922 0.278478 0)
(-0.215015 0.26722 0)
(-0.219646 0.255895 0)
(-0.223831 0.244505 0)
(-0.227555 0.233021 0)
(-0.230813 0.221457 0)
(-0.233675 0.209922 0)
(-0.236177 0.198425 0)
(-0.238358 0.186986 0)
(-0.240254 0.17562 0)
(-0.241895 0.164341 0)
(-0.243309 0.153158 0)
(-0.244523 0.142076 0)
(-0.245559 0.131095 0)
(-0.246439 0.120213 0)
(-0.247181 0.10943 0)
(-0.247804 0.0987476 0)
(-0.248322 0.0881689 0)
(-0.248748 0.0776937 0)
(-0.249096 0.0673126 0)
(-0.249375 0.057002 0)
(-0.249595 0.0467291 0)
(-0.249761 0.0364639 0)
(-0.249881 0.0261896 0)
(-0.249957 0.0158803 0)
(-0.249998 0.00542235 0)
)
;

boundaryField
{
    fuel
    {
        type            fixedValue;
        value           uniform (0.25 0 0);
    }
    air
    {
        type            fixedValue;
        value           uniform (-0.25 0 0);
    }
    outlet
    {
        type            pressureInletOutletVelocity;
        value           nonuniform List<vector> 
200
(
(0.249994 -0.0102578 0)
(0.249891 -0.0303418 0)
(0.249698 -0.0502349 0)
(0.249398 -0.0700331 0)
(0.248976 -0.0897534 0)
(0.248414 -0.109412 0)
(0.247689 -0.129043 0)
(0.246774 -0.148679 0)
(0.245637 -0.168331 0)
(0.244241 -0.187991 0)
(0.242548 -0.207626 0)
(0.240514 -0.227196 0)
(0.238094 -0.246655 0)
(0.235238 -0.265957 0)
(0.231894 -0.285055 0)
(0.228018 -0.30391 0)
(0.223526 -0.32233 0)
(0.21846 -0.340315 0)
(0.212849 -0.357891 0)
(0.206679 -0.375034 0)
(0.199928 -0.39169 0)
(0.192574 -0.4078 0)
(0.184609 -0.423315 0)
(0.17604 -0.438211 0)
(0.166902 -0.452513 0)
(0.157281 -0.466345 0)
(0.147335 -0.480035 0)
(0.13733 -0.494282 0)
(0.127635 -0.510322 0)
(0.118642 -0.529837 0)
(0.110511 -0.554294 0)
(0.102948 -0.584022 0)
(0.0952643 -0.618042 0)
(0.0866965 -0.654626 0)
(0.0766941 -0.691969 0)
(0.0649978 -0.728582 0)
(0.0515803 -0.76337 0)
(0.036543 -0.795568 0)
(0.0200361 -0.824652 0)
(0.00223933 -0.85027 0)
(-0.0166348 -0.872184 0)
(-0.0364294 -0.890196 0)
(-0.0570011 -0.904194 0)
(-0.0781508 -0.914073 0)
(-0.0996284 -0.919652 0)
(-0.121204 -0.921112 0)
(-0.142689 -0.9186 0)
(-0.163916 -0.912319 0)
(-0.184717 -0.902578 0)
(-0.204902 -0.88982 0)
(-0.224184 -0.874656 0)
(-0.242142 -0.857838 0)
(-0.257634 -0.840232 0)
(-0.267442 -0.822176 0)
(-0.267903 -0.802072 0)
(-0.25936 -0.777139 0)
(-0.245952 -0.746042 0)
(-0.231254 -0.709306 0)
(-0.216865 -0.668416 0)
(-0.203641 -0.625065 0)
(-0.191871 -0.581137 0)
(-0.179428 -0.538277 0)
(-0.165886 -0.496132 0)
(-0.156017 -0.456244 0)
(-0.15192 -0.421761 0)
(-0.152499 -0.394421 0)
(-0.156412 -0.373822 0)
(-0.162472 -0.358113 0)
(-0.169643 -0.34523 0)
(-0.177175 -0.333682 0)
(-0.184596 -0.32264 0)
(-0.191659 -0.311711 0)
(-0.198251 -0.300733 0)
(-0.204337 -0.289657 0)
(-0.209917 -0.278481 0)
(-0.21501 -0.267222 0)
(-0.219642 -0.255897 0)
(-0.223827 -0.244507 0)
(-0.227552 -0.233023 0)
(-0.23081 -0.22146 0)
(-0.233672 -0.209924 0)
(-0.236175 -0.198427 0)
(-0.238357 -0.186988 0)
(-0.240252 -0.175622 0)
(-0.241894 -0.164343 0)
(-0.243308 -0.15316 0)
(-0.244522 -0.142078 0)
(-0.245558 -0.131096 0)
(-0.246438 -0.120214 0)
(-0.247181 -0.109431 0)
(-0.247803 -0.098749 0)
(-0.248321 -0.0881703 0)
(-0.248748 -0.0776951 0)
(-0.249096 -0.0673137 0)
(-0.249375 -0.0570028 0)
(-0.249595 -0.0467291 0)
(-0.249761 -0.0364628 0)
(-0.249881 -0.0261874 0)
(-0.249957 -0.0158773 0)
(-0.249998 -0.00541914 0)
(0.249994 0.0102587 0)
(0.249891 0.0303416 0)
(0.249698 0.0502335 0)
(0.249398 0.0700305 0)
(0.248976 0.0897497 0)
(0.248414 0.109408 0)
(0.247689 0.129038 0)
(0.246774 0.148673 0)
(0.245637 0.168326 0)
(0.244242 0.187986 0)
(0.242549 0.207621 0)
(0.240515 0.22719 0)
(0.238095 0.246649 0)
(0.235239 0.265951 0)
(0.231896 0.285049 0)
(0.22802 0.303903 0)
(0.223528 0.322323 0)
(0.218462 0.340307 0)
(0.212851 0.357883 0)
(0.206682 0.375026 0)
(0.199931 0.391682 0)
(0.192579 0.407791 0)
(0.184614 0.423306 0)
(0.176045 0.438202 0)
(0.166909 0.452504 0)
(0.157288 0.466336 0)
(0.147343 0.480025 0)
(0.137338 0.494271 0)
(0.127643 0.510309 0)
(0.118651 0.52982 0)
(0.110521 0.554274 0)
(0.102958 0.583999 0)
(0.095276 0.618018 0)
(0.0867096 0.654601 0)
(0.0767092 0.691945 0)
(0.0650154 0.728561 0)
(0.0516005 0.763353 0)
(0.036566 0.795555 0)
(0.0200618 0.824645 0)
(0.00226751 0.850269 0)
(-0.0166042 0.872188 0)
(-0.0363965 0.890204 0)
(-0.056966 0.904207 0)
(-0.0781135 0.914091 0)
(-0.0995885 0.919676 0)
(-0.12116 0.92114 0)
(-0.142641 0.918633 0)
(-0.163863 0.912357 0)
(-0.184662 0.90262 0)
(-0.204848 0.889867 0)
(-0.224133 0.874707 0)
(-0.242096 0.857895 0)
(-0.257587 0.840295 0)
(-0.267379 0.822241 0)
(-0.267821 0.802128 0)
(-0.259281 0.777179 0)
(-0.245895 0.746067 0)
(-0.231221 0.709322 0)
(-0.216851 0.668426 0)
(-0.203642 0.625072 0)
(-0.191892 0.581146 0)
(-0.179457 0.538289 0)
(-0.165911 0.496141 0)
(-0.156038 0.456251 0)
(-0.151939 0.421766 0)
(-0.152518 0.394425 0)
(-0.15643 0.373823 0)
(-0.162488 0.358112 0)
(-0.169658 0.345229 0)
(-0.177187 0.333681 0)
(-0.184607 0.322638 0)
(-0.191668 0.311709 0)
(-0.19826 0.300731 0)
(-0.204344 0.289654 0)
(-0.209922 0.278478 0)
(-0.215015 0.26722 0)
(-0.219646 0.255895 0)
(-0.223831 0.244505 0)
(-0.227555 0.233021 0)
(-0.230813 0.221457 0)
(-0.233675 0.209922 0)
(-0.236177 0.198425 0)
(-0.238358 0.186986 0)
(-0.240254 0.17562 0)
(-0.241895 0.164341 0)
(-0.243309 0.153158 0)
(-0.244523 0.142076 0)
(-0.245559 0.131095 0)
(-0.246439 0.120213 0)
(-0.247181 0.10943 0)
(-0.247804 0.0987476 0)
(-0.248322 0.0881689 0)
(-0.248748 0.0776937 0)
(-0.249096 0.0673126 0)
(-0.249375 0.057002 0)
(-0.249595 0.0467291 0)
(-0.249761 0.0364639 0)
(-0.249881 0.0261896 0)
(-0.249957 0.0158803 0)
(-0.249998 0.00542235 0)
)
;
    }
    frontAndBack
    {
        type            empty;
    }
}


// ************************************************************************* //
