/*--------------------------------*- C++ -*----------------------------------*\
  =========                 |
  \\      /  F ield         | OpenFOAM: The Open Source CFD Toolbox
   \\    /   O peration     | Website:  https://openfoam.org
    \\  /    A nd           | Version:  11
     \\/     M anipulation  |
\*---------------------------------------------------------------------------*/
FoamFile
{
    format      ascii;
    class       surfaceScalarField;
    location    "0.05";
    object      phi;
}
// * * * * * * * * * * * * * * * * * * * * * * * * * * * * * * * * * * * * * //

dimensions      [1 0 -1 0 0 0 0];

internalField   nonuniform List<scalar> 
7860
(
1.97518e-06
-3.15594e-08
1.97403e-06
-9.46398e-08
1.97204e-06
-1.57749e-07
1.96912e-06
-2.20867e-07
1.96509e-06
-2.8392e-07
1.95978e-06
-3.46914e-07
1.95293e-06
-4.0994e-07
1.94427e-06
-4.73103e-07
1.93346e-06
-5.3644e-07
1.92015e-06
-5.99879e-07
1.90393e-06
-6.63248e-07
1.88434e-06
-7.26311e-07
1.8609e-06
-7.88796e-07
1.83308e-06
-8.50448e-07
1.80018e-06
-9.10909e-07
1.76256e-06
-9.70377e-07
1.72035e-06
-1.02886e-06
1.67348e-06
-1.08617e-06
1.6218e-06
-1.14204e-06
1.56514e-06
-1.19615e-06
1.50337e-06
-1.24824e-06
1.43644e-06
-1.29804e-06
1.36432e-06
-1.34535e-06
1.28706e-06
-1.38993e-06
1.20468e-06
-1.43147e-06
1.11722e-06
-1.46948e-06
1.0247e-06
-1.50302e-06
9.27179e-07
-1.53023e-06
8.24917e-07
-1.5475e-06
7.18892e-07
-1.5488e-06
6.11542e-07
-1.52615e-06
5.07053e-07
-1.47391e-06
4.09625e-07
-1.40171e-06
3.20632e-07
-1.32611e-06
2.39599e-07
-1.2578e-06
1.65196e-07
-1.1998e-06
9.61873e-08
-1.15051e-06
3.17594e-08
-1.10697e-06
-2.86685e-08
-1.0666e-06
-8.52763e-08
-1.02775e-06
-1.38164e-07
-9.8903e-07
-1.8732e-07
-9.49524e-07
-2.32687e-07
-9.09118e-07
-2.7412e-07
-8.67934e-07
-3.11478e-07
-8.26225e-07
-3.44934e-07
-7.84344e-07
-3.74813e-07
-7.42841e-07
-4.01608e-07
-7.02465e-07
-4.26013e-07
-6.64336e-07
-4.49064e-07
-6.3147e-07
-4.72511e-07
-6.05121e-07
-4.99435e-07
-5.91748e-07
-5.3412e-07
-6.10865e-07
-5.7811e-07
-6.62552e-07
-6.32014e-07
-7.33622e-07
-6.97318e-07
-8.20137e-07
-7.7651e-07
-9.20809e-07
-8.75337e-07
-1.03774e-06
-1.00066e-06
-1.20356e-06
-1.16216e-06
-1.38539e-06
-1.38402e-06
-1.5435e-06
-1.51929e-06
-1.71368e-06
-1.70162e-06
-1.87597e-06
-1.87892e-06
-1.94541e-06
-2.03957e-06
-1.95996e-06
-2.18505e-06
-1.94417e-06
-2.31784e-06
-1.91222e-06
-2.43985e-06
-1.87147e-06
-2.55235e-06
-1.82553e-06
-2.65622e-06
-1.77611e-06
-2.75208e-06
-1.72411e-06
-2.84042e-06
-1.67004e-06
-2.9217e-06
-1.61428e-06
-2.99633e-06
-1.55712e-06
-3.06471e-06
-1.49884e-06
-3.12719e-06
-1.43971e-06
-3.18405e-06
-1.38001e-06
-3.23537e-06
-1.31994e-06
-3.28113e-06
-1.25962e-06
-3.32112e-06
-1.19898e-06
-3.35614e-06
-1.13786e-06
-3.3867e-06
-1.07657e-06
-3.41331e-06
-1.01527e-06
-3.43637e-06
-9.54118e-07
-3.45627e-06
-8.93208e-07
-3.47336e-06
-8.32602e-07
-3.48796e-06
-7.72329e-07
-3.50037e-06
-7.12408e-07
-3.51084e-06
-6.52871e-07
-3.51962e-06
-5.93778e-07
-3.52694e-06
-5.35213e-07
-3.53298e-06
-4.77259e-07
-3.53792e-06
-4.19963e-07
-3.5419e-06
-3.63288e-07
-3.54505e-06
-3.07094e-07
-3.54748e-06
-2.51166e-07
-3.54928e-06
-1.95297e-07
-3.5505e-06
-1.39377e-07
-3.55121e-06
-8.34555e-08
-2.76867e-08
1.97488e-06
-3.084e-08
1.97269e-06
-9.24493e-08
1.96891e-06
-1.53964e-07
1.96342e-06
-2.1538e-07
1.95607e-06
-2.76567e-07
1.94664e-06
-3.37484e-07
1.93488e-06
-3.98186e-07
1.92052e-06
-4.58746e-07
1.90327e-06
-5.19183e-07
1.88281e-06
-5.79425e-07
1.85889e-06
-6.39322e-07
1.83126e-06
-6.98683e-07
1.79979e-06
-7.57328e-07
1.76445e-06
-8.15105e-07
1.72538e-06
-8.71836e-07
1.68284e-06
-9.27841e-07
1.63668e-06
-9.82698e-07
1.58662e-06
-1.03612e-06
1.53244e-06
-1.08786e-06
1.474e-06
-1.13771e-06
1.41124e-06
-1.18548e-06
1.34418e-06
-1.23099e-06
1.2729e-06
-1.27407e-06
1.19748e-06
-1.31454e-06
1.11808e-06
-1.35211e-06
1.03484e-06
-1.38632e-06
9.47974e-07
-1.41628e-06
8.57796e-07
-1.44018e-06
7.64889e-07
-1.45455e-06
6.70395e-07
-1.45364e-06
5.76303e-07
-1.43003e-06
4.85363e-07
-1.37902e-06
3.9993e-07
-1.31106e-06
3.20456e-07
-1.24092e-06
2.46336e-07
-1.17808e-06
1.76715e-07
-1.12497e-06
1.1091e-07
-1.07991e-06
4.84143e-08
-1.04013e-06
-1.09015e-08
-1.00335e-06
-6.71919e-08
-9.67875e-07
-1.20398e-07
-9.32533e-07
-1.70472e-07
-8.96435e-07
-2.17368e-07
-8.59462e-07
-2.61034e-07
-8.21739e-07
-3.01408e-07
-7.83539e-07
-3.38573e-07
-7.45072e-07
-3.72748e-07
-7.06761e-07
-4.04321e-07
-6.69206e-07
-4.33893e-07
-6.33326e-07
-4.62432e-07
-6.01814e-07
-4.91285e-07
-5.75673e-07
-5.22354e-07
-5.6122e-07
-5.59189e-07
-5.77645e-07
-6.03542e-07
-6.24e-07
-6.56852e-07
-6.88372e-07
-7.20764e-07
-7.67054e-07
-7.97232e-07
-8.58687e-07
-8.90841e-07
-9.65302e-07
-1.00897e-06
-1.11738e-06
-1.16373e-06
-1.2853e-06
-1.36611e-06
-1.43322e-06
-1.48498e-06
-1.58781e-06
-1.63354e-06
-1.74347e-06
-1.7822e-06
-1.81418e-06
-1.92022e-06
-1.83253e-06
-2.04839e-06
-1.82163e-06
-2.16846e-06
-1.79503e-06
-2.28152e-06
-1.75986e-06
-2.38817e-06
-1.7196e-06
-2.48872e-06
-1.67592e-06
-2.58334e-06
-1.62966e-06
-2.67218e-06
-1.58129e-06
-2.75538e-06
-1.53112e-06
-2.83313e-06
-1.47939e-06
-2.90566e-06
-1.42632e-06
-2.97324e-06
-1.37214e-06
-3.03621e-06
-1.31704e-06
-3.09492e-06
-1.26123e-06
-3.14957e-06
-1.20496e-06
-3.19997e-06
-1.14859e-06
-3.24601e-06
-1.09182e-06
-3.28774e-06
-1.03484e-06
-3.32529e-06
-9.77721e-07
-3.35887e-06
-9.2054e-07
-3.38871e-06
-8.63363e-07
-3.41509e-06
-8.06228e-07
-3.43826e-06
-7.49159e-07
-3.45849e-06
-6.92174e-07
-3.47605e-06
-6.35311e-07
-3.49119e-06
-5.78639e-07
-3.50415e-06
-5.22255e-07
-3.51515e-06
-4.66263e-07
-3.52438e-06
-4.10728e-07
-3.53203e-06
-3.55636e-07
-3.53825e-06
-3.00873e-07
-3.54317e-06
-2.4625e-07
-3.54688e-06
-1.91583e-07
-3.54947e-06
-1.36791e-07
-3.55097e-06
-8.19532e-08
-2.71936e-08
1.97456e-06
-2.97991e-08
1.97144e-06
-8.93272e-08
1.96621e-06
-1.48736e-07
1.9588e-06
-2.0797e-07
1.94911e-06
-2.66875e-07
1.93701e-06
-3.2539e-07
1.92238e-06
-3.83555e-07
1.90507e-06
-4.41437e-07
1.88495e-06
-4.99055e-07
1.86187e-06
-5.56349e-07
1.83573e-06
-6.13183e-07
1.80644e-06
-6.69389e-07
1.77391e-06
-7.24801e-07
1.73807e-06
-7.7927e-07
1.69894e-06
-8.32703e-07
1.65602e-06
-8.84926e-07
1.60908e-06
-9.35753e-07
1.55796e-06
-9.84997e-07
1.5026e-06
-1.0325e-06
1.44301e-06
-1.07812e-06
1.37927e-06
-1.12175e-06
1.31151e-06
-1.16323e-06
1.23987e-06
-1.20244e-06
1.16448e-06
-1.23917e-06
1.0855e-06
-1.27317e-06
1.00304e-06
-1.30395e-06
9.17268e-07
-1.33065e-06
8.28415e-07
-1.35148e-06
7.36993e-07
-1.36313e-06
6.44167e-07
-1.36023e-06
5.52175e-07
-1.33614e-06
4.64096e-07
-1.28723e-06
3.82089e-07
-1.22413e-06
3.06333e-07
-1.15974e-06
2.35888e-07
-1.10227e-06
1.69723e-07
-1.05375e-06
1.07061e-07
-1.0126e-06
4.74181e-08
-9.76193e-07
-9.54447e-09
-9.42518e-07
-6.3872e-08
-9.10074e-07
-1.15623e-07
-8.77607e-07
-1.64747e-07
-8.44392e-07
-2.11227e-07
-8.10289e-07
-2.55152e-07
-7.75338e-07
-2.96679e-07
-7.3974e-07
-3.35893e-07
-7.03784e-07
-3.72909e-07
-6.67872e-07
-4.0791e-07
-6.32542e-07
-4.41218e-07
-5.98602e-07
-4.73372e-07
-5.68558e-07
-5.05112e-07
-5.43348e-07
-5.37844e-07
-5.29034e-07
-5.75097e-07
-5.43988e-07
-6.182e-07
-5.86677e-07
-6.68663e-07
-6.45943e-07
-7.28125e-07
-7.18411e-07
-7.98291e-07
-8.02782e-07
-8.83962e-07
-9.00583e-07
-9.9263e-07
-1.04021e-06
-1.13679e-06
-1.19493e-06
-1.32672e-06
-1.33182e-06
-1.44062e-06
-1.46935e-06
-1.58268e-06
-1.618e-06
-1.7267e-06
-1.68819e-06
-1.8615e-06
-1.70884e-06
-1.98733e-06
-1.70173e-06
-2.10576e-06
-1.67966e-06
-2.21779e-06
-1.64937e-06
-2.32399e-06
-1.61418e-06
-2.42461e-06
-1.57569e-06
-2.51978e-06
-1.53468e-06
-2.60955e-06
-1.49161e-06
-2.69396e-06
-1.44676e-06
-2.77305e-06
-1.40031e-06
-2.84694e-06
-1.35245e-06
-2.91575e-06
-1.30333e-06
-2.97969e-06
-1.25311e-06
-3.03897e-06
-1.20195e-06
-3.0939e-06
-1.15004e-06
-3.14494e-06
-1.09754e-06
-3.19218e-06
-1.04459e-06
-3.23575e-06
-9.91271e-07
-3.27579e-06
-9.3768e-07
-3.31243e-06
-8.839e-07
-3.3458e-06
-8.29991e-07
-3.37604e-06
-7.75986e-07
-3.4033e-06
-7.21901e-07
-3.42772e-06
-6.6775e-07
-3.44947e-06
-6.13569e-07
-3.46868e-06
-5.59422e-07
-3.48553e-06
-5.05408e-07
-3.50016e-06
-4.51634e-07
-3.51271e-06
-3.98174e-07
-3.52333e-06
-3.45024e-07
-3.53211e-06
-2.92086e-07
-3.53918e-06
-2.39189e-07
-3.54459e-06
-1.86168e-07
-3.54842e-06
-1.32962e-07
-3.55071e-06
-7.96668e-08
-2.64348e-08
1.97435e-06
-2.85515e-08
1.97062e-06
-8.55945e-08
1.9644e-06
-1.42515e-07
1.95564e-06
-1.99214e-07
1.94429e-06
-2.55525e-07
1.93027e-06
-3.11371e-07
1.9135e-06
-3.66776e-07
1.89386e-06
-4.21798e-07
1.87125e-06
-4.76446e-07
1.84555e-06
-5.30652e-07
1.81665e-06
-5.8428e-07
1.78442e-06
-6.3716e-07
1.74874e-06
-6.89124e-07
1.7095e-06
-7.40027e-07
1.66653e-06
-7.89736e-07
1.61975e-06
-8.38142e-07
1.56914e-06
-8.85149e-07
1.5148e-06
-9.30656e-07
1.45686e-06
-9.74554e-07
1.39545e-06
-1.01672e-06
1.33072e-06
-1.05701e-06
1.26277e-06
-1.09529e-06
1.19171e-06
-1.13139e-06
1.11764e-06
-1.16513e-06
1.04068e-06
-1.19626e-06
9.6099e-07
-1.22436e-06
8.78791e-07
-1.24861e-06
7.94424e-07
-1.26731e-06
7.08481e-07
-1.27727e-06
6.22029e-07
-1.27332e-06
5.36795e-07
-1.24925e-06
4.54982e-07
-1.20207e-06
3.7793e-07
-1.1426e-06
3.05755e-07
-1.08258e-06
2.3782e-07
-1.02938e-06
1.73357e-07
-9.84622e-07
1.11824e-07
-9.46744e-07
5.29632e-08
-9.13362e-07
-3.68044e-09
-8.82251e-07
-5.82106e-08
-8.52226e-07
-1.10428e-07
-8.22323e-07
-1.60293e-07
-7.91689e-07
-2.07782e-07
-7.60174e-07
-2.52874e-07
-7.27817e-07
-2.9561e-07
-6.94769e-07
-3.36062e-07
-6.61287e-07
-3.74365e-07
-6.2774e-07
-4.10662e-07
-5.94596e-07
-4.45235e-07
-5.62622e-07
-4.7852e-07
-5.34179e-07
-5.11143e-07
-5.10147e-07
-5.44464e-07
-4.96263e-07
-5.82233e-07
-5.09814e-07
-6.25568e-07
-5.49129e-07
-6.75814e-07
-6.03774e-07
-7.34565e-07
-6.70597e-07
-8.03584e-07
-7.48373e-07
-8.8745e-07
-8.38293e-07
-9.93412e-07
-9.67038e-07
-1.13184e-06
-1.11021e-06
-1.30164e-06
-1.23766e-06
-1.41929e-06
-1.36167e-06
-1.55051e-06
-1.50403e-06
-1.68271e-06
-1.57386e-06
-1.80709e-06
-1.59596e-06
-1.92393e-06
-1.59119e-06
-2.03487e-06
-1.572e-06
-2.141e-06
-1.54493e-06
-2.24285e-06
-1.5132e-06
-2.34062e-06
-1.47835e-06
-2.43437e-06
-1.44115e-06
-2.52407e-06
-1.40202e-06
-2.60965e-06
-1.36123e-06
-2.69102e-06
-1.31896e-06
-2.76811e-06
-1.27537e-06
-2.84084e-06
-1.2306e-06
-2.90919e-06
-1.18476e-06
-2.97317e-06
-1.13797e-06
-3.03288e-06
-1.09034e-06
-3.08845e-06
-1.04197e-06
-3.14007e-06
-9.92972e-07
-3.18788e-06
-9.4346e-07
-3.23204e-06
-8.93526e-07
-3.27269e-06
-8.43254e-07
-3.30997e-06
-7.92707e-07
-3.34403e-06
-7.41922e-07
-3.37502e-06
-6.90919e-07
-3.40305e-06
-6.39716e-07
-3.42827e-06
-5.88351e-07
-3.4508e-06
-5.36892e-07
-3.47076e-06
-4.85443e-07
-3.48829e-06
-4.34113e-07
-3.50348e-06
-3.82982e-07
-3.51644e-06
-3.3206e-07
-3.52727e-06
-2.81257e-07
-3.53604e-06
-2.3042e-07
-3.54281e-06
-1.794e-07
-3.54762e-06
-1.2815e-07
-3.5505e-06
-7.67811e-08
-2.54743e-08
1.9742e-06
-2.71487e-08
1.97e-06
-8.13949e-08
1.963e-06
-1.35517e-07
1.95318e-06
-1.89392e-07
1.9405e-06
-2.42843e-07
1.92491e-06
-2.95784e-07
1.90637e-06
-3.48229e-07
1.88479e-06
-4.00225e-07
1.86012e-06
-4.51777e-07
1.83229e-06
-5.02816e-07
1.80122e-06
-5.5321e-07
1.76686e-06
-6.028e-07
1.72917e-06
-6.51434e-07
1.68813e-06
-6.98985e-07
1.64374e-06
-7.45352e-07
1.59605e-06
-7.90449e-07
1.54509e-06
-8.34186e-07
1.49088e-06
-8.76454e-07
1.43346e-06
-9.17128e-07
1.37281e-06
-9.5607e-07
1.30893e-06
-9.9314e-07
1.24184e-06
-1.02821e-06
1.17158e-06
-1.06114e-06
1.09823e-06
-1.09181e-06
1.02191e-06
-1.12e-06
9.42776e-07
-1.14534e-06
8.61012e-07
-1.16703e-06
7.76915e-07
-1.18344e-06
6.91071e-07
-1.19155e-06
6.04696e-07
-1.18654e-06
5.19883e-07
-1.16284e-06
4.39218e-07
-1.11829e-06
3.63976e-07
-1.06314e-06
2.94012e-07
-1.00791e-06
2.28413e-07
-9.5906e-07
1.66213e-07
-9.1795e-07
1.067e-07
-8.83095e-07
4.94761e-08
-8.52306e-07
-5.69558e-09
-8.23559e-07
-5.88717e-08
-7.95818e-07
-1.10093e-07
-7.68107e-07
-1.59312e-07
-7.39697e-07
-2.06481e-07
-7.10436e-07
-2.51572e-07
-6.80351e-07
-2.94561e-07
-6.4959e-07
-3.35453e-07
-6.18382e-07
-3.74271e-07
-5.87057e-07
-4.11168e-07
-5.56066e-07
-4.46295e-07
-5.26108e-07
-4.8001e-07
-4.99385e-07
-5.12861e-07
-4.76725e-07
-5.46186e-07
-4.63488e-07
-5.83799e-07
-4.75777e-07
-6.26642e-07
-5.1205e-07
-6.75949e-07
-5.62526e-07
-7.33288e-07
-6.2423e-07
-8.00334e-07
-6.96087e-07
-8.81286e-07
-7.78901e-07
-9.83551e-07
-8.97457e-07
-1.11452e-06
-1.02979e-06
-1.26933e-06
-1.14796e-06
-1.39098e-06
-1.26009e-06
-1.51993e-06
-1.39449e-06
-1.64949e-06
-1.46244e-06
-1.77203e-06
-1.48525e-06
-1.88722e-06
-1.48257e-06
-1.99644e-06
-1.46623e-06
-2.10071e-06
-1.44243e-06
-2.20059e-06
-1.41421e-06
-2.29637e-06
-1.38302e-06
-2.38819e-06
-1.34956e-06
-2.47613e-06
-1.31419e-06
-2.56024e-06
-1.27718e-06
-2.64055e-06
-1.23868e-06
-2.71709e-06
-1.19885e-06
-2.78988e-06
-1.15782e-06
-2.85891e-06
-1.11573e-06
-2.92421e-06
-1.07267e-06
-2.98579e-06
-1.02876e-06
-3.04368e-06
-9.8408e-07
-3.09792e-06
-9.38728e-07
-3.14859e-06
-8.92789e-07
-3.19577e-06
-8.46351e-07
-3.23953e-06
-7.99487e-07
-3.27999e-06
-7.52254e-07
-3.31722e-06
-7.04687e-07
-3.35134e-06
-6.56806e-07
-3.38242e-06
-6.08628e-07
-3.41058e-06
-5.60191e-07
-3.43591e-06
-5.11565e-07
-3.4585e-06
-4.62852e-07
-3.47845e-06
-4.14165e-07
-3.49585e-06
-3.65588e-07
-3.51077e-06
-3.17136e-07
-3.52329e-06
-2.68733e-07
-3.53348e-06
-2.20237e-07
-3.54136e-06
-1.71516e-07
-3.54698e-06
-1.22534e-07
-3.55035e-06
-7.34129e-08
-2.43542e-08
1.97408e-06
-2.5627e-08
1.96952e-06
-7.68377e-08
1.96193e-06
-1.27928e-07
1.9513e-06
-1.7876e-07
1.93761e-06
-2.29153e-07
1.92084e-06
-2.79017e-07
1.90097e-06
-3.28358e-07
1.87796e-06
-3.77215e-07
1.85178e-06
-4.25591e-07
1.82238e-06
-4.73415e-07
1.78973e-06
-5.20562e-07
1.75381e-06
-5.66879e-07
1.71459e-06
-6.12222e-07
1.67208e-06
-6.56472e-07
1.62626e-06
-6.99532e-07
1.57713e-06
-7.41317e-07
1.52468e-06
-7.81738e-07
1.46893e-06
-8.20701e-07
1.4099e-06
-8.58101e-07
1.34767e-06
-8.93837e-07
1.28234e-06
-9.27812e-07
1.21406e-06
-9.59936e-07
1.14302e-06
-9.90118e-07
1.06942e-06
-1.01824e-06
9.93477e-07
-1.04412e-06
9.15391e-07
-1.06737e-06
8.35388e-07
-1.08722e-06
7.53782e-07
-1.10209e-06
6.71128e-07
-1.10907e-06
5.88466e-07
-1.10356e-06
5.07487e-07
-1.08038e-06
4.30136e-07
-1.03813e-06
3.57417e-07
-9.86522e-07
2.89239e-07
-9.35288e-07
2.24894e-07
-8.90203e-07
1.63614e-07
-8.52333e-07
1.04809e-07
-8.2022e-07
4.80876e-08
-7.91813e-07
-6.62029e-09
-7.65382e-07
-5.94367e-08
-7.39806e-07
-1.1038e-07
-7.14224e-07
-1.59394e-07
-6.87962e-07
-2.06429e-07
-6.60884e-07
-2.51441e-07
-6.33013e-07
-2.94404e-07
-6.04486e-07
-3.35311e-07
-5.75514e-07
-3.74183e-07
-5.46395e-07
-4.111e-07
-5.17553e-07
-4.46204e-07
-4.89637e-07
-4.7983e-07
-4.64692e-07
-5.12505e-07
-4.43488e-07
-5.45556e-07
-4.3098e-07
-5.82837e-07
-4.42024e-07
-6.25168e-07
-4.75372e-07
-6.73677e-07
-5.21849e-07
-7.29809e-07
-5.78622e-07
-7.95242e-07
-6.44745e-07
-8.73713e-07
-7.20752e-07
-9.73091e-07
-8.29191e-07
-1.09872e-06
-9.51491e-07
-1.24397e-06
-1.06089e-06
-1.36671e-06
-1.16342e-06
-1.49229e-06
-1.29014e-06
-1.61701e-06
-1.35604e-06
-1.73518e-06
-1.37917e-06
-1.8467e-06
-1.37787e-06
-1.95302e-06
-1.36352e-06
-2.05522e-06
-1.34211e-06
-2.15381e-06
-1.31658e-06
-2.249e-06
-1.28832e-06
-2.34081e-06
-1.25799e-06
-2.42918e-06
-1.22594e-06
-2.51407e-06
-1.19235e-06
-2.59539e-06
-1.15738e-06
-2.67313e-06
-1.12112e-06
-2.74726e-06
-1.0837e-06
-2.81779e-06
-1.04521e-06
-2.88472e-06
-1.00574e-06
-2.94809e-06
-9.65389e-07
-3.00793e-06
-9.2424e-07
-3.06428e-06
-8.82376e-07
-3.11719e-06
-8.39879e-07
-3.16672e-06
-7.96828e-07
-3.21291e-06
-7.53293e-07
-3.25584e-06
-7.09327e-07
-3.29556e-06
-6.64961e-07
-3.33215e-06
-6.20215e-07
-3.36568e-06
-5.75107e-07
-3.3962e-06
-5.29673e-07
-3.42378e-06
-4.83982e-07
-3.4485e-06
-4.38136e-07
-3.47041e-06
-3.92246e-07
-3.4896e-06
-3.46398e-07
-3.50613e-06
-3.00613e-07
-3.52004e-06
-2.54823e-07
-3.53138e-06
-2.08898e-07
-3.54018e-06
-1.62718e-07
-3.54645e-06
-1.16259e-07
-3.55022e-06
-6.96499e-08
-2.31038e-08
1.97399e-06
-2.40136e-08
1.96916e-06
-7.20045e-08
1.96111e-06
-1.19881e-07
1.94985e-06
-1.67498e-07
1.93537e-06
-2.14674e-07
1.91767e-06
-2.6132e-07
1.89675e-06
-3.07434e-07
1.87258e-06
-3.53051e-07
1.84516e-06
-3.98168e-07
1.81446e-06
-4.42719e-07
1.78048e-06
-4.8658e-07
1.74321e-06
-5.29611e-07
1.70267e-06
-5.71674e-07
1.65886e-06
-6.12663e-07
1.61181e-06
-6.5249e-07
1.56158e-06
-6.91084e-07
1.50822e-06
-7.28374e-07
1.4518e-06
-7.64282e-07
1.39242e-06
-7.98721e-07
1.33018e-06
-8.31603e-07
1.2652e-06
-8.62837e-07
1.19759e-06
-8.92332e-07
1.12745e-06
-9.19989e-07
1.05486e-06
-9.45684e-07
9.79899e-07
-9.69226e-07
9.02662e-07
-9.90261e-07
8.23287e-07
-1.00806e-06
7.42055e-07
-1.02115e-06
6.59578e-07
-1.02681e-06
5.77081e-07
-1.02082e-06
4.9654e-07
-9.98484e-07
4.20044e-07
-9.59e-07
3.48515e-07
-9.11301e-07
2.81672e-07
-8.64214e-07
2.18656e-07
-8.22856e-07
1.58617e-07
-7.88105e-07
1.00938e-07
-7.58599e-07
4.52494e-08
-7.3246e-07
-8.63218e-09
-7.08119e-07
-6.07783e-08
-6.84552e-07
-1.11171e-07
-6.60951e-07
-1.5975e-07
-6.36711e-07
-2.06447e-07
-6.1171e-07
-2.512e-07
-5.85965e-07
-2.9396e-07
-5.59601e-07
-3.34702e-07
-5.32813e-07
-3.73434e-07
-5.05882e-07
-4.10214e-07
-4.79192e-07
-4.45159e-07
-4.53339e-07
-4.78584e-07
-4.30214e-07
-5.10993e-07
-4.10519e-07
-5.43696e-07
-3.988e-07
-5.805e-07
-4.08651e-07
-6.22199e-07
-4.39193e-07
-6.69888e-07
-4.81857e-07
-7.24919e-07
-5.34016e-07
-7.88911e-07
-5.94797e-07
-8.65311e-07
-6.64563e-07
-9.61875e-07
-7.63907e-07
-1.08401e-06
-8.768e-07
-1.22344e-06
-9.77859e-07
-1.34653e-06
-1.07105e-06
-1.4704e-06
-1.18944e-06
-1.59268e-06
-1.25249e-06
-1.70874e-06
-1.27545e-06
-1.81834e-06
-1.2753e-06
-1.92282e-06
-1.26279e-06
-2.02326e-06
-1.24362e-06
-2.12026e-06
-1.22058e-06
-2.21411e-06
-1.19498e-06
-2.3049e-06
-1.16746e-06
-2.39263e-06
-1.13833e-06
-2.47726e-06
-1.10779e-06
-2.55872e-06
-1.07595e-06
-2.63695e-06
-1.04291e-06
-2.71189e-06
-1.00876e-06
-2.78351e-06
-9.73591e-07
-2.85178e-06
-9.37476e-07
-2.91667e-06
-9.00493e-07
-2.9782e-06
-8.62713e-07
-3.03637e-06
-8.24207e-07
-3.0912e-06
-7.8505e-07
-3.14272e-06
-7.45311e-07
-3.19095e-06
-7.05053e-07
-3.23596e-06
-6.64326e-07
-3.27776e-06
-6.23159e-07
-3.3164e-06
-5.8157e-07
-3.35194e-06
-5.39575e-07
-3.3844e-06
-4.97211e-07
-3.41384e-06
-4.54544e-07
-3.4403e-06
-4.11674e-07
-3.46383e-06
-3.6871e-07
-3.48449e-06
-3.25737e-07
-3.50233e-06
-2.82779e-07
-3.51737e-06
-2.39777e-07
-3.52966e-06
-1.9661e-07
-3.53921e-06
-1.53171e-07
-3.54602e-06
-1.09445e-07
-3.55011e-06
-6.55636e-08
-2.17468e-08
1.97392e-06
-2.23292e-08
1.96887e-06
-6.69576e-08
1.96047e-06
-1.11479e-07
1.94872e-06
-1.55747e-07
1.93363e-06
-1.99585e-07
1.91521e-06
-2.42903e-07
1.89348e-06
-2.85697e-07
1.86842e-06
-3.27998e-07
1.84005e-06
-3.69801e-07
1.80838e-06
-4.1104e-07
1.7734e-06
-4.51602e-07
1.73514e-06
-4.91352e-07
1.69363e-06
-5.30167e-07
1.64891e-06
-5.67944e-07
1.60103e-06
-6.04608e-07
1.55004e-06
-6.40094e-07
1.496e-06
-6.74337e-07
1.43899e-06
-7.07266e-07
1.37907e-06
-7.388e-07
1.31632e-06
-7.68858e-07
1.25084e-06
-7.97359e-07
1.18272e-06
-8.24225e-07
1.1121e-06
-8.49378e-07
1.0391e-06
-8.72721e-07
9.63898e-07
-8.94097e-07
8.86685e-07
-9.13186e-07
8.07702e-07
-9.29307e-07
7.27299e-07
-9.41064e-07
6.46098e-07
-9.45886e-07
5.65241e-07
-9.39807e-07
4.86503e-07
-9.18538e-07
4.11669e-07
-8.81722e-07
3.41519e-07
-8.37673e-07
2.75778e-07
-7.94447e-07
2.13661e-07
-7.56592e-07
1.54386e-07
-7.24807e-07
9.73873e-08
-6.97803e-07
4.23229e-08
-6.73856e-07
-1.09805e-08
-6.51532e-07
-6.25911e-08
-6.29911e-07
-1.12491e-07
-6.08231e-07
-1.60623e-07
-5.85957e-07
-2.06919e-07
-5.62978e-07
-2.51313e-07
-5.39311e-07
-2.93752e-07
-5.15071e-07
-3.34203e-07
-4.90438e-07
-3.72664e-07
-4.65669e-07
-4.09179e-07
-4.41114e-07
-4.43853e-07
-4.17322e-07
-4.76995e-07
-3.96026e-07
-5.09096e-07
-3.77863e-07
-5.41439e-07
-3.66973e-07
-5.77756e-07
-3.75727e-07
-6.18805e-07
-4.03598e-07
-6.65628e-07
-4.4262e-07
-7.19521e-07
-4.90352e-07
-7.82016e-07
-5.4599e-07
-8.56279e-07
-6.09645e-07
-9.50448e-07
-7.00066e-07
-1.06711e-06
-8.03336e-07
-1.20298e-06
-8.96578e-07
-1.32659e-06
-9.81502e-07
-1.44961e-06
-1.09128e-06
-1.57032e-06
-1.15092e-06
-1.68498e-06
-1.17334e-06
-1.79339e-06
-1.17409e-06
-1.89684e-06
-1.16322e-06
-1.99639e-06
-1.14609e-06
-2.09265e-06
-1.12536e-06
-2.18591e-06
-1.10224e-06
-2.27629e-06
-1.07735e-06
-2.36378e-06
-1.05098e-06
-2.44835e-06
-1.02328e-06
-2.52995e-06
-9.94375e-07
-2.60853e-06
-9.64348e-07
-2.68402e-06
-9.33275e-07
-2.75639e-06
-9.01231e-07
-2.82558e-06
-8.68284e-07
-2.89157e-06
-8.34499e-07
-2.95435e-06
-7.99939e-07
-3.01389e-06
-7.64666e-07
-3.0702e-06
-7.28743e-07
-3.12327e-06
-6.92234e-07
-3.17313e-06
-6.55196e-07
-3.21979e-06
-6.17672e-07
-3.26326e-06
-5.7969e-07
-3.30356e-06
-5.41265e-07
-3.34072e-06
-5.02413e-07
-3.37477e-06
-4.63169e-07
-3.40571e-06
-4.23596e-07
-3.4336e-06
-3.83789e-07
-3.45846e-06
-3.43854e-07
-3.48032e-06
-3.03875e-07
-3.49922e-06
-2.63875e-07
-3.5152e-06
-2.23802e-07
-3.52826e-06
-1.83548e-07
-3.53842e-06
-1.43014e-07
-3.54567e-06
-1.02191e-07
-3.55002e-06
-6.12139e-08
-2.03029e-08
1.97386e-06
-2.05898e-08
1.96865e-06
-6.17449e-08
1.95997e-06
-1.02802e-07
1.94784e-06
-1.43616e-07
1.93228e-06
-1.84019e-07
1.9133e-06
-2.23923e-07
1.89092e-06
-2.63324e-07
1.86517e-06
-3.02245e-07
1.83605e-06
-3.40682e-07
1.80359e-06
-3.78574e-07
1.7678e-06
-4.15813e-07
1.72872e-06
-4.52274e-07
1.68639e-06
-4.87842e-07
1.64088e-06
-5.22426e-07
1.59222e-06
-5.55956e-07
1.5405e-06
-5.88374e-07
1.48579e-06
-6.19624e-07
1.42817e-06
-6.49644e-07
1.36773e-06
-6.78364e-07
1.30459e-06
-7.05716e-07
1.23886e-06
-7.31633e-07
1.17068e-06
-7.56048e-07
1.10018e-06
-7.78895e-07
1.0275e-06
-8.00083e-07
9.52789e-07
-8.19461e-07
8.76181e-07
-8.36723e-07
7.97851e-07
-8.51222e-07
7.1809e-07
-8.61651e-07
6.37504e-07
-8.65624e-07
5.57277e-07
-8.59506e-07
4.79267e-07
-8.39444e-07
4.0525e-07
-8.05425e-07
3.35942e-07
-7.65071e-07
2.70996e-07
-7.25655e-07
2.09596e-07
-6.91205e-07
1.5096e-07
-6.62284e-07
9.45367e-08
-6.37696e-07
3.99962e-08
-6.15868e-07
-1.28252e-08
-5.95505e-07
-6.39965e-08
-5.75771e-07
-1.13488e-07
-5.55972e-07
-1.61241e-07
-5.35626e-07
-2.07185e-07
-5.14636e-07
-2.51252e-07
-4.93017e-07
-2.93388e-07
-4.70874e-07
-3.33557e-07
-4.48372e-07
-3.71754e-07
-4.25745e-07
-4.08006e-07
-4.03308e-07
-4.42432e-07
-3.81567e-07
-4.75323e-07
-3.62095e-07
-5.07165e-07
-3.45468e-07
-5.39218e-07
-3.35429e-07
-5.75132e-07
-3.43162e-07
-6.15676e-07
-3.68442e-07
-6.61875e-07
-4.03916e-07
-7.14975e-07
-4.47329e-07
-7.76362e-07
-4.97954e-07
-8.48527e-07
-5.55795e-07
-9.4105e-07
-6.37579e-07
-1.05401e-06
-7.31645e-07
-1.18562e-06
-8.17113e-07
-1.30866e-06
-8.94436e-07
-1.43066e-06
-9.95581e-07
-1.54984e-06
-1.05135e-06
-1.66314e-06
-1.07283e-06
-1.77048e-06
-1.07412e-06
-1.87309e-06
-1.06459e-06
-1.97201e-06
-1.04926e-06
-2.06783e-06
-1.03061e-06
-2.16083e-06
-1.00979e-06
-2.25111e-06
-9.87351e-07
-2.33867e-06
-9.63556e-07
-2.42347e-06
-9.38552e-07
-2.50544e-06
-9.12435e-07
-2.58453e-06
-8.85278e-07
-2.66067e-06
-8.57146e-07
-2.7338e-06
-8.28103e-07
-2.80388e-06
-7.98206e-07
-2.87087e-06
-7.67512e-07
-2.93473e-06
-7.36075e-07
-2.99545e-06
-7.0395e-07
-3.053e-06
-6.71192e-07
-3.10737e-06
-6.37859e-07
-3.15857e-06
-6.04001e-07
-3.20658e-06
-5.69658e-07
-3.25142e-06
-5.34854e-07
-3.29308e-06
-4.99603e-07
-3.33157e-06
-4.6392e-07
-3.36691e-06
-4.27837e-07
-3.39909e-06
-3.91416e-07
-3.42813e-06
-3.54744e-07
-3.45406e-06
-3.17922e-07
-3.47691e-06
-2.81031e-07
-3.49669e-06
-2.44096e-07
-3.51342e-06
-2.0707e-07
-3.52712e-06
-1.69853e-07
-3.53777e-06
-1.32356e-07
-3.54539e-06
-9.45777e-08
-3.54995e-06
-5.66492e-08
-1.87881e-08
1.97382e-06
-1.88077e-08
1.96848e-06
-5.64035e-08
1.95959e-06
-9.39106e-08
1.94716e-06
-1.31189e-07
1.93122e-06
-1.68082e-07
1.91181e-06
-2.04505e-07
1.88893e-06
-2.40452e-07
1.86264e-06
-2.75946e-07
1.83293e-06
-3.1098e-07
1.79986e-06
-3.45497e-07
1.76344e-06
-3.79397e-07
1.72373e-06
-4.12567e-07
1.68079e-06
-4.449e-07
1.63468e-06
-4.76315e-07
1.58547e-06
-5.06748e-07
1.53325e-06
-5.36149e-07
1.47809e-06
-5.64468e-07
1.4201e-06
-5.91651e-07
1.35937e-06
-6.17636e-07
1.29601e-06
-6.42362e-07
1.23015e-06
-6.6577e-07
1.16189e-06
-6.87799e-07
1.09136e-06
-7.08387e-07
1.0187e-06
-7.27453e-07
9.44014e-07
-7.44858e-07
8.6746e-07
-7.60321e-07
7.89228e-07
-7.73249e-07
7.09646e-07
-7.82441e-07
6.29367e-07
-7.85711e-07
5.49613e-07
-7.79747e-07
4.72247e-07
-7.61103e-07
3.98956e-07
-7.29998e-07
3.30378e-07
-6.93359e-07
2.66123e-07
-6.57708e-07
2.05366e-07
-6.26595e-07
1.4733e-07
-6.00473e-07
9.14678e-08
-5.78242e-07
3.74536e-08
-5.58482e-07
-1.48756e-08
-5.40032e-07
-6.55847e-08
-5.22147e-07
-1.14644e-07
-5.0419e-07
-1.61994e-07
-4.85738e-07
-2.07563e-07
-4.66703e-07
-2.5128e-07
-4.47101e-07
-2.9309e-07
-4.27027e-07
-3.32954e-07
-4.06628e-07
-3.70857e-07
-3.86118e-07
-4.06845e-07
-3.65783e-07
-4.41017e-07
-3.46077e-07
-4.73662e-07
-3.28421e-07
-5.05252e-07
-3.13328e-07
-5.37023e-07
-3.04162e-07
-5.7254e-07
-3.10958e-07
-6.12581e-07
-3.33728e-07
-6.58156e-07
-3.65747e-07
-7.10471e-07
-4.04948e-07
-7.70832e-07
-4.50677e-07
-8.41297e-07
-5.02877e-07
-9.32336e-07
-5.76218e-07
-1.04291e-06
-6.61191e-07
-1.17095e-06
-7.38849e-07
-1.29361e-06
-8.0903e-07
-1.41533e-06
-9.0134e-07
-1.53399e-06
-9.52797e-07
-1.64672e-06
-9.73099e-07
-1.75348e-06
-9.7487e-07
-1.85548e-06
-9.66655e-07
-1.9538e-06
-9.5308e-07
-2.04908e-06
-9.3643e-07
-2.14165e-06
-9.17787e-07
-2.23163e-06
-8.97659e-07
-2.31903e-06
-8.76296e-07
-2.40382e-06
-8.53832e-07
-2.48594e-06
-8.30351e-07
-2.56532e-06
-8.05919e-07
-2.64188e-06
-7.80591e-07
-2.71557e-06
-7.54421e-07
-2.78631e-06
-7.2746e-07
-2.85407e-06
-6.99754e-07
-2.9188e-06
-6.71351e-07
-2.98045e-06
-6.42297e-07
-3.039e-06
-6.12643e-07
-3.09443e-06
-5.82436e-07
-3.1467e-06
-5.51724e-07
-3.19582e-06
-5.2054e-07
-3.24177e-06
-4.88907e-07
-3.28454e-06
-4.56836e-07
-3.32411e-06
-4.24343e-07
-3.3605e-06
-3.91455e-07
-3.39368e-06
-3.5823e-07
-3.42368e-06
-3.24751e-07
-3.45049e-06
-2.91112e-07
-3.47413e-06
-2.57388e-07
-3.49462e-06
-2.23604e-07
-3.51197e-06
-1.89719e-07
-3.52618e-06
-1.55641e-07
-3.53725e-06
-1.21292e-07
-3.54515e-06
-8.66719e-08
-3.54989e-06
-5.19099e-08
-1.72157e-08
1.97379e-06
-1.69926e-08
1.96835e-06
-5.09622e-08
1.95929e-06
-8.48525e-08
1.94663e-06
-1.18532e-07
1.9304e-06
-1.51855e-07
1.91064e-06
-1.84744e-07
1.88738e-06
-2.17193e-07
1.86066e-06
-2.49219e-07
1.83049e-06
-2.80817e-07
1.79693e-06
-3.11935e-07
1.76002e-06
-3.42482e-07
1.7198e-06
-3.72353e-07
1.67636e-06
-4.01453e-07
1.62975e-06
-4.29708e-07
1.58006e-06
-4.57061e-07
1.52738e-06
-4.83468e-07
1.4718e-06
-5.08884e-07
1.41341e-06
-5.33262e-07
1.35232e-06
-5.56549e-07
1.28865e-06
-5.78689e-07
1.2225e-06
-5.99631e-07
1.15402e-06
-6.19325e-07
1.08334e-06
-6.37718e-07
1.01058e-06
-6.54739e-07
9.3591e-07
-6.70268e-07
8.59481e-07
-6.8405e-07
7.81507e-07
-6.95547e-07
7.0233e-07
-7.03662e-07
6.22604e-07
-7.06399e-07
5.43537e-07
-7.00753e-07
4.66941e-07
-6.83648e-07
3.94395e-07
-6.55463e-07
3.2647e-07
-6.22455e-07
2.62757e-07
-5.9045e-07
2.02452e-07
-5.62566e-07
1.4481e-07
-5.39162e-07
8.93079e-08
-5.19236e-07
3.56378e-08
-5.01514e-07
-1.63554e-08
-4.84957e-07
-6.67366e-08
-4.68901e-07
-1.15474e-07
-4.52773e-07
-1.62508e-07
-4.36202e-07
-2.0777e-07
-4.19107e-07
-2.51194e-07
-4.01506e-07
-2.92722e-07
-3.83483e-07
-3.32319e-07
-3.65171e-07
-3.69974e-07
-3.46762e-07
-4.05726e-07
-3.28511e-07
-4.39676e-07
-3.10824e-07
-4.7211e-07
-2.94971e-07
-5.03487e-07
-2.81409e-07
-5.35012e-07
-2.73135e-07
-5.70174e-07
-2.79068e-07
-6.09768e-07
-2.994e-07
-6.54797e-07
-3.28045e-07
-7.06443e-07
-3.63135e-07
-7.65972e-07
-4.04096e-07
-8.35333e-07
-4.50847e-07
-9.24643e-07
-5.16049e-07
-1.03299e-06
-5.9219e-07
-1.15869e-06
-6.62055e-07
-1.28028e-06
-7.24861e-07
-1.40101e-06
-8.08341e-07
-1.51876e-06
-8.55362e-07
-1.63081e-06
-8.74239e-07
-1.73709e-06
-8.76237e-07
-1.83877e-06
-8.69131e-07
-1.93688e-06
-8.5715e-07
-2.03206e-06
-8.42385e-07
-2.12461e-06
-8.25821e-07
-2.21464e-06
-8.07921e-07
-2.30217e-06
-7.8891e-07
-2.38717e-06
-7.68905e-07
-2.46957e-06
-7.47981e-07
-2.54932e-06
-7.26193e-07
-2.62633e-06
-7.03589e-07
-2.70054e-06
-6.80215e-07
-2.77189e-06
-6.56115e-07
-2.84031e-06
-6.31328e-07
-2.90577e-06
-6.05897e-07
-2.9682e-06
-5.79861e-07
-3.02758e-06
-5.53264e-07
-3.08387e-06
-5.26149e-07
-3.13704e-06
-4.98557e-07
-3.18706e-06
-4.70518e-07
-3.23392e-06
-4.42052e-07
-3.27758e-06
-4.13169e-07
-3.31805e-06
-3.83882e-07
-3.35528e-06
-3.54217e-07
-3.38929e-06
-3.24228e-07
-3.42005e-06
-2.93989e-07
-3.44757e-06
-2.63588e-07
-3.47187e-06
-2.33094e-07
-3.49294e-06
-2.02533e-07
-3.51079e-06
-1.71865e-07
-3.52543e-06
-1.4101e-07
-3.53682e-06
-1.09896e-07
-3.54497e-06
-7.85284e-08
-3.54985e-06
-4.70289e-08
-1.55967e-08
1.97376e-06
-1.51517e-08
1.96824e-06
-4.54431e-08
1.95906e-06
-7.56648e-08
1.94622e-06
-1.05696e-07
1.92977e-06
-1.35403e-07
1.90974e-06
-1.64717e-07
1.88618e-06
-1.93629e-07
1.85911e-06
-2.22157e-07
1.82859e-06
-2.50295e-07
1.79465e-06
-2.77995e-07
1.75735e-06
-3.05176e-07
1.71674e-06
-3.31744e-07
1.6729e-06
-3.57613e-07
1.62591e-06
-3.82718e-07
1.57586e-06
-4.07009e-07
1.52284e-06
-4.30448e-07
1.46695e-06
-4.52995e-07
1.40829e-06
-4.74609e-07
1.34699e-06
-4.95245e-07
1.28315e-06
-5.14854e-07
1.21691e-06
-5.33393e-07
1.14839e-06
-5.50816e-07
1.07773e-06
-5.67078e-07
1.00507e-06
-5.82116e-07
9.30533e-07
-5.95817e-07
8.54271e-07
-6.07951e-07
7.76469e-07
-6.18029e-07
6.97451e-07
-6.25061e-07
6.1787e-07
-6.27263e-07
5.38964e-07
-6.21972e-07
4.62596e-07
-6.06503e-07
3.90356e-07
-5.81339e-07
3.22792e-07
-5.52031e-07
2.59465e-07
-5.23694e-07
1.99549e-07
-4.99028e-07
1.42289e-07
-4.7832e-07
8.71574e-08
-4.60674e-07
3.38449e-08
-4.44963e-07
-1.78047e-08
-4.30275e-07
-6.78551e-08
-4.16028e-07
-1.16274e-07
-4.01711e-07
-1.63003e-07
-3.87001e-07
-2.07974e-07
-3.7183e-07
-2.5112e-07
-3.56211e-07
-2.92386e-07
-3.40221e-07
-3.31737e-07
-3.23978e-07
-3.69164e-07
-3.0765e-07
-4.04705e-07
-2.91463e-07
-4.38461e-07
-2.75776e-07
-4.70711e-07
-2.6171e-07
-5.0191e-07
-2.49668e-07
-5.33219e-07
-2.42316e-07
-5.68067e-07
-2.4745e-07
-6.07273e-07
-2.65397e-07
-6.51839e-07
-2.90719e-07
-7.02938e-07
-3.21749e-07
-7.61804e-07
-3.57975e-07
-8.30067e-07
-3.99294e-07
-9.17819e-07
-4.56668e-07
-1.02415e-06
-5.24098e-07
-1.14844e-06
-5.86284e-07
-1.26939e-06
-6.42156e-07
-1.38974e-06
-7.16637e-07
-1.50701e-06
-7.58786e-07
-1.61865e-06
-7.75964e-07
-1.72456e-06
-7.78064e-07
-1.82592e-06
-7.71992e-07
-1.92375e-06
-7.61538e-07
-2.01871e-06
-7.48583e-07
-2.1111e-06
-7.34019e-07
-2.20106e-06
-7.18261e-07
-2.28861e-06
-7.01512e-07
-2.37371e-06
-6.83878e-07
-2.45631e-06
-6.65423e-07
-2.53632e-06
-6.46197e-07
-2.61368e-06
-6.26239e-07
-2.68831e-06
-6.05589e-07
-2.76014e-06
-5.84284e-07
-2.82911e-06
-5.62359e-07
-2.89516e-06
-5.39847e-07
-2.95824e-06
-5.16785e-07
-3.01829e-06
-4.93209e-07
-3.07529e-06
-4.69157e-07
-3.12918e-06
-4.44665e-07
-3.17994e-06
-4.19759e-07
-3.22753e-06
-3.94457e-07
-3.27194e-06
-3.68767e-07
-3.31312e-06
-3.42701e-07
-3.35105e-06
-3.16283e-07
-3.38572e-06
-2.8956e-07
-3.41711e-06
-2.62601e-07
-3.44521e-06
-2.35484e-07
-3.47003e-06
-2.08272e-07
-3.49158e-06
-1.8099e-07
-3.50984e-06
-1.53602e-07
-3.52481e-06
-1.26037e-07
-3.53648e-06
-9.82317e-08
-3.54481e-06
-7.01925e-08
-3.54981e-06
-4.20337e-08
-1.394e-08
1.97374e-06
-1.32912e-08
1.96816e-06
-3.98641e-08
1.95888e-06
-6.63767e-08
1.9459e-06
-9.272e-08
1.92927e-06
-1.18776e-07
1.90904e-06
-1.44481e-07
1.88524e-06
-1.69829e-07
1.85791e-06
-1.94835e-07
1.82711e-06
-2.19492e-07
1.79287e-06
-2.43758e-07
1.75526e-06
-2.67562e-07
1.71434e-06
-2.90821e-07
1.67018e-06
-3.13459e-07
1.62288e-06
-3.35419e-07
1.57253e-06
-3.56658e-07
1.51923e-06
-3.77142e-07
1.46307e-06
-3.96837e-07
1.40417e-06
-4.15708e-07
1.34264e-06
-4.33715e-07
1.2786e-06
-4.50816e-07
1.21218e-06
-4.66975e-07
1.1435e-06
-4.82152e-07
1.07271e-06
-4.96308e-07
9.99944e-07
-5.09389e-07
9.25338e-07
-5.21298e-07
8.49053e-07
-5.31835e-07
7.71299e-07
-5.40569e-07
6.92431e-07
-5.46629e-07
6.13129e-07
-5.48443e-07
5.34637e-07
-5.43666e-07
4.58783e-07
-5.2996e-07
3.8706e-07
-5.07844e-07
3.19953e-07
-4.82183e-07
2.57008e-07
-4.5743e-07
1.97414e-07
-4.35907e-07
1.40437e-07
-4.17841e-07
8.55681e-08
-4.0244e-07
3.25095e-08
-3.88721e-07
-1.889e-08
-3.75889e-07
-6.8693e-08
-3.6344e-07
-1.16866e-07
-3.50927e-07
-1.63353e-07
-3.38071e-07
-2.08087e-07
-3.24813e-07
-2.51002e-07
-3.11167e-07
-2.92046e-07
-2.97198e-07
-3.31188e-07
-2.83011e-07
-3.68419e-07
-2.6875e-07
-4.03774e-07
-2.54613e-07
-4.37358e-07
-2.40911e-07
-4.69451e-07
-2.28616e-07
-5.00509e-07
-2.18075e-07
-5.31607e-07
-2.11701e-07
-5.66166e-07
-2.16086e-07
-6.05012e-07
-2.31697e-07
-6.49138e-07
-2.53758e-07
-6.99703e-07
-2.80807e-07
-7.57907e-07
-3.12404e-07
-8.2589e-07
-3.4844e-07
-9.12198e-07
-3.98171e-07
-1.01707e-06
-4.56969e-07
-1.13986e-06
-5.11377e-07
-1.26004e-06
-5.60223e-07
-1.37967e-06
-6.25738e-07
-1.49641e-06
-6.62888e-07
-1.60771e-06
-6.78153e-07
-1.7134e-06
-6.80215e-07
-1.8146e-06
-6.75072e-07
-1.91233e-06
-6.66063e-07
-2.00724e-06
-6.5485e-07
-2.09963e-06
-6.42224e-07
-2.18965e-06
-6.28551e-07
-2.2773e-06
-6.1401e-07
-2.36256e-06
-5.98693e-07
-2.44537e-06
-5.82654e-07
-2.52565e-06
-5.65935e-07
-2.60333e-06
-5.48572e-07
-2.67832e-06
-5.30596e-07
-2.75057e-06
-5.12039e-07
-2.82e-06
-4.92931e-07
-2.88654e-06
-4.73301e-07
-2.95015e-06
-4.53179e-07
-3.01076e-06
-4.32597e-07
-3.06833e-06
-4.11588e-07
-3.12282e-06
-3.90181e-07
-3.17417e-06
-3.68401e-07
-3.22237e-06
-3.46261e-07
-3.26737e-06
-3.23771e-07
-3.30913e-06
-3.00938e-07
-3.34763e-06
-2.77786e-07
-3.38283e-06
-2.54354e-07
-3.41473e-06
-2.30706e-07
-3.4433e-06
-2.0691e-07
-3.46855e-06
-1.83023e-07
-3.49048e-06
-1.59066e-07
-3.50907e-06
-1.35008e-07
-3.52432e-06
-1.10788e-07
-3.5362e-06
-8.63502e-08
-3.54469e-06
-6.17015e-08
-3.54978e-06
-3.69466e-08
-1.22529e-08
1.97373e-06
-1.14152e-08
1.9681e-06
-3.42387e-08
1.95874e-06
-5.7011e-08
1.94565e-06
-7.96367e-08
1.92889e-06
-1.02013e-07
1.90849e-06
-1.24085e-07
1.88451e-06
-1.45846e-07
1.85698e-06
-1.67309e-07
1.82596e-06
-1.88469e-07
1.79149e-06
-2.0929e-07
1.75364e-06
-2.29708e-07
1.71247e-06
-2.49653e-07
1.66807e-06
-2.6906e-07
1.62053e-06
-2.87879e-07
1.56995e-06
-3.06074e-07
1.51642e-06
-3.23616e-07
1.46006e-06
-3.40477e-07
1.40098e-06
-3.56625e-07
1.33929e-06
-3.72029e-07
1.27513e-06
-3.86652e-07
1.20861e-06
-4.00464e-07
1.13989e-06
-4.13432e-07
1.06908e-06
-4.25522e-07
9.96336e-07
-4.36688e-07
9.21794e-07
-4.46846e-07
8.45607e-07
-4.55821e-07
7.67974e-07
-4.63239e-07
6.89238e-07
-4.68346e-07
6.1007e-07
-4.69786e-07
5.31721e-07
-4.65551e-07
4.56039e-07
-4.53661e-07
3.84518e-07
-4.3464e-07
3.17634e-07
-4.12653e-07
2.54921e-07
-3.91488e-07
1.95558e-07
-3.73097e-07
1.38811e-07
-3.57658e-07
8.41712e-08
-3.44488e-07
3.1338e-08
-3.32749e-07
-1.98392e-08
-3.21764e-07
-6.94229e-08
-3.11104e-07
-1.1738e-07
-3.00387e-07
-1.63656e-07
-2.89377e-07
-2.08184e-07
-2.78024e-07
-2.50901e-07
-2.66339e-07
-2.91758e-07
-2.54381e-07
-3.30723e-07
-2.42236e-07
-3.67787e-07
-2.3003e-07
-4.02986e-07
-2.17929e-07
-4.3642e-07
-2.06197e-07
-4.6837e-07
-1.95664e-07
-4.99284e-07
-1.86623e-07
-5.30206e-07
-1.81254e-07
-5.64534e-07
-1.8492e-07
-6.03098e-07
-1.98229e-07
-6.46885e-07
-2.17068e-07
-6.97044e-07
-2.40177e-07
-7.54761e-07
-2.67187e-07
-8.22198e-07
-2.97971e-07
-9.07391e-07
-3.40298e-07
-1.01096e-06
-3.9054e-07
-1.13257e-06
-4.37111e-07
-1.2523e-06
-4.7874e-07
-1.37153e-06
-5.354e-07
-1.48779e-06
-5.67578e-07
-1.59888e-06
-5.80643e-07
-1.70443e-06
-5.82585e-07
-1.80551e-06
-5.78318e-07
-1.90315e-06
-5.70705e-07
-1.998e-06
-5.61189e-07
-2.09038e-06
-5.50453e-07
-2.18043e-06
-5.38818e-07
-2.26816e-06
-5.26435e-07
-2.35354e-06
-5.13384e-07
-2.43652e-06
-4.99713e-07
-2.51702e-06
-4.85457e-07
-2.59496e-06
-4.70643e-07
-2.67026e-06
-4.55301e-07
-2.74284e-06
-4.39455e-07
-2.81265e-06
-4.2313e-07
-2.8796e-06
-4.06351e-07
-2.94363e-06
-3.89144e-07
-3.00469e-06
-3.71535e-07
-3.06273e-06
-3.53551e-07
-3.11769e-06
-3.35219e-07
-3.16954e-06
-3.16558e-07
-3.21822e-06
-2.97581e-07
-3.2637e-06
-2.78294e-07
-3.30593e-06
-2.58706e-07
-3.34488e-06
-2.38834e-07
-3.38052e-06
-2.18716e-07
-3.41282e-06
-1.98404e-07
-3.44177e-06
-1.77959e-07
-3.46736e-06
-1.57431e-07
-3.48959e-06
-1.36836e-07
-3.50845e-06
-1.1615e-07
-3.52392e-06
-9.53182e-08
-3.53598e-06
-7.42945e-08
-3.5446e-06
-5.30861e-08
-3.54976e-06
-3.17859e-08
-1.05416e-08
1.97372e-06
-9.5277e-09
1.96805e-06
-2.85779e-08
1.95863e-06
-4.7586e-08
1.94546e-06
-6.64709e-08
1.9286e-06
-8.51459e-08
1.90808e-06
-1.03565e-07
1.88395e-06
-1.21722e-07
1.85627e-06
-1.39628e-07
1.82508e-06
-1.57278e-07
1.79043e-06
-1.74642e-07
1.75239e-06
-1.91668e-07
1.71103e-06
-2.08295e-07
1.66644e-06
-2.2447e-07
1.61871e-06
-2.4015e-07
1.56795e-06
-2.55306e-07
1.51424e-06
-2.69914e-07
1.45772e-06
-2.8395e-07
1.39848e-06
-2.97389e-07
1.33666e-06
-3.10204e-07
1.27237e-06
-3.22366e-07
1.20575e-06
-3.33848e-07
1.13693e-06
-3.44624e-07
1.06606e-06
-3.54667e-07
9.93262e-07
-3.63937e-07
9.18691e-07
-3.72366e-07
8.42499e-07
-3.79807e-07
7.64896e-07
-3.85946e-07
6.86234e-07
-3.90152e-07
6.07202e-07
-3.9129e-07
5.29059e-07
-3.87681e-07
4.53641e-07
-3.77687e-07
3.82397e-07
-3.6179e-07
3.15771e-07
-3.43463e-07
2.53284e-07
-3.25848e-07
1.9412e-07
-3.10552e-07
1.37557e-07
-2.97711e-07
8.31043e-08
-2.86753e-07
3.04423e-08
-2.76984e-07
-2.05659e-08
-2.6784e-07
-6.99807e-08
-2.58964e-07
-1.17769e-07
-2.50039e-07
-1.63877e-07
-2.40871e-07
-2.08239e-07
-2.31417e-07
-2.50797e-07
-2.2169e-07
-2.91502e-07
-2.11734e-07
-3.30316e-07
-2.01623e-07
-3.67238e-07
-1.91461e-07
-4.02302e-07
-1.81387e-07
-4.35608e-07
-1.71619e-07
-4.67431e-07
-1.62844e-07
-4.98214e-07
-1.55305e-07
-5.29023e-07
-1.50916e-07
-5.63177e-07
-1.53901e-07
-6.01522e-07
-1.64937e-07
-6.45046e-07
-1.8058e-07
-6.94892e-07
-1.99777e-07
-7.5224e-07
-2.2222e-07
-8.19081e-07
-2.47778e-07
-9.03319e-07
-2.82824e-07
-1.00567e-06
-3.24577e-07
-1.12632e-06
-3.63414e-07
-1.24585e-06
-3.98138e-07
-1.36495e-06
-4.45893e-07
-1.48068e-06
-4.73094e-07
-1.59157e-06
-4.83458e-07
-1.69699e-06
-4.85132e-07
-1.79801e-06
-4.81669e-07
-1.89561e-06
-4.75406e-07
-1.99046e-06
-4.67548e-07
-2.08286e-06
-4.58668e-07
-2.17296e-06
-4.49034e-07
-2.26078e-06
-4.38775e-07
-2.34628e-06
-4.27957e-07
-2.42941e-06
-4.1662e-07
-2.5101e-06
-4.04791e-07
-2.58825e-06
-3.92495e-07
-2.6638e-06
-3.79755e-07
-2.73667e-06
-3.66591e-07
-2.80678e-06
-3.53024e-07
-2.87405e-06
-3.39074e-07
-2.93844e-06
-3.24762e-07
-2.99986e-06
-3.1011e-07
-3.05827e-06
-2.9514e-07
-3.11362e-06
-2.79874e-07
-3.16585e-06
-2.64329e-07
-3.21492e-06
-2.48514e-07
-3.26077e-06
-2.32435e-07
-3.30338e-06
-2.16099e-07
-3.34269e-06
-1.99522e-07
-3.37868e-06
-1.82734e-07
-3.4113e-06
-1.65779e-07
-3.44055e-06
-1.48709e-07
-3.46642e-06
-1.31565e-07
-3.48889e-06
-1.14362e-07
-3.50796e-06
-9.70798e-08
-3.52361e-06
-7.96722e-08
-3.5358e-06
-6.21006e-08
-3.54452e-06
-4.43724e-08
-3.54974e-06
-2.65673e-08
-8.81102e-09
1.97371e-06
-7.63134e-09
1.96802e-06
-2.28903e-08
1.95855e-06
-3.81161e-08
1.94532e-06
-5.32427e-08
1.92838e-06
-6.82002e-08
1.90776e-06
-8.2951e-08
1.88353e-06
-9.74911e-08
1.85573e-06
-1.11828e-07
1.82441e-06
-1.25959e-07
1.78963e-06
-1.39859e-07
1.75145e-06
-1.53486e-07
1.70994e-06
-1.66792e-07
1.66521e-06
-1.79733e-07
1.61733e-06
-1.92276e-07
1.56642e-06
-2.04397e-07
1.51259e-06
-2.16077e-07
1.45593e-06
-2.27298e-07
1.39658e-06
-2.38038e-07
1.33465e-06
-2.48277e-07
1.27028e-06
-2.57992e-07
1.20359e-06
-2.67162e-07
1.13472e-06
-2.75765e-07
1.06382e-06
-2.83781e-07
9.91011e-07
-2.91177e-07
9.1645e-07
-2.97898e-07
8.4029e-07
-3.03826e-07
7.62737e-07
-3.08709e-07
6.84144e-07
-3.12039e-07
6.05199e-07
-3.12903e-07
5.27168e-07
-3.09959e-07
4.51888e-07
-3.01905e-07
3.80799e-07
-2.89159e-07
3.1433e-07
-2.74499e-07
2.51994e-07
-2.60425e-07
1.92976e-07
-2.48209e-07
1.36553e-07
-2.37953e-07
8.22339e-08
-2.29198e-07
2.97106e-08
-2.21392e-07
-2.11581e-08
-2.14083e-07
-7.04334e-08
-2.06987e-07
-1.18083e-07
-1.99851e-07
-1.64053e-07
-1.92519e-07
-2.08281e-07
-1.84961e-07
-2.50706e-07
-1.77183e-07
-2.91278e-07
-1.69223e-07
-3.29968e-07
-1.61141e-07
-3.66774e-07
-1.53018e-07
-4.01726e-07
-1.44966e-07
-4.34922e-07
-1.37156e-07
-4.66637e-07
-1.30137e-07
-4.97307e-07
-1.24101e-07
-5.28029e-07
-1.20659e-07
-5.62041e-07
-1.23001e-07
-6.00201e-07
-1.31793e-07
-6.43499e-07
-1.4427e-07
-6.93075e-07
-1.59586e-07
-7.50113e-07
-1.77495e-07
-8.16501e-07
-1.97877e-07
-9.00101e-07
-2.25762e-07
-1.0017e-06
-2.59088e-07
-1.12153e-06
-2.90144e-07
-1.24071e-06
-3.17872e-07
-1.35968e-06
-3.56607e-07
-1.47506e-06
-3.79056e-07
-1.58583e-06
-3.86465e-07
-1.6912e-06
-3.87801e-07
-1.79216e-06
-3.85104e-07
-1.88974e-06
-3.80161e-07
-1.98457e-06
-3.73931e-07
-2.07698e-06
-3.66878e-07
-2.16712e-06
-3.59217e-07
-2.255e-06
-3.51054e-07
-2.34059e-06
-3.4244e-07
-2.42384e-06
-3.33408e-07
-2.50467e-06
-3.2398e-07
-2.583e-06
-3.14175e-07
-2.65875e-06
-3.04013e-07
-2.73183e-06
-2.93509e-07
-2.80218e-06
-2.82679e-07
-2.86972e-06
-2.71539e-07
-2.93437e-06
-2.60107e-07
-2.99608e-06
-2.48399e-07
-3.05479e-06
-2.36434e-07
-3.11043e-06
-2.24229e-07
-3.16297e-06
-2.11796e-07
-3.21234e-06
-1.99144e-07
-3.2585e-06
-1.86277e-07
-3.3014e-06
-1.73201e-07
-3.34099e-06
-1.59928e-07
-3.37724e-06
-1.46483e-07
-3.41012e-06
-1.32901e-07
-3.4396e-06
-1.19225e-07
-3.46568e-06
-1.05487e-07
-3.48835e-06
-9.16992e-08
-3.50758e-06
-7.78453e-08
-3.52336e-06
-6.38888e-08
-3.53567e-06
-4.97988e-08
-3.54446e-06
-3.55818e-08
-3.54972e-06
-2.13032e-08
-7.06538e-09
1.9737e-06
-5.72856e-09
1.96799e-06
-1.71832e-08
1.95849e-06
-2.86132e-08
1.94522e-06
-3.99685e-08
1.92821e-06
-5.11964e-08
1.90753e-06
-6.22683e-08
1.88322e-06
-7.31812e-08
1.85533e-06
-8.3941e-08
1.82392e-06
-9.45451e-08
1.78903e-06
-1.04975e-07
1.75075e-06
-1.15199e-07
1.70914e-06
-1.2518e-07
1.66429e-06
-1.34887e-07
1.61631e-06
-1.44294e-07
1.56529e-06
-1.53383e-07
1.51135e-06
-1.62139e-07
1.4546e-06
-1.70549e-07
1.39517e-06
-1.78599e-07
1.33316e-06
-1.86271e-07
1.26871e-06
-1.93548e-07
1.20196e-06
-2.00416e-07
1.13305e-06
-2.06859e-07
1.06211e-06
-2.12859e-07
9.89278e-07
-2.18394e-07
9.14708e-07
-2.23423e-07
8.38555e-07
-2.27855e-07
7.61026e-07
-2.31502e-07
6.82479e-07
-2.33981e-07
6.03606e-07
-2.34605e-07
5.25677e-07
-2.32367e-07
4.50528e-07
-2.26295e-07
3.79579e-07
-2.16719e-07
3.13245e-07
-2.05724e-07
2.51034e-07
-1.95177e-07
1.92132e-07
-1.86027e-07
1.35817e-07
-1.78345e-07
8.15802e-08
-1.71787e-07
2.91615e-08
-1.65934e-07
-2.16008e-08
-1.60454e-07
-7.07701e-08
-1.55134e-07
-1.18314e-07
-1.49783e-07
-1.64179e-07
-1.44286e-07
-2.08303e-07
-1.3862e-07
-2.50625e-07
-1.32789e-07
-2.91097e-07
-1.26822e-07
-3.29691e-07
-1.20763e-07
-3.66403e-07
-1.14674e-07
-4.01265e-07
-1.08638e-07
-4.34376e-07
-1.02784e-07
-4.66003e-07
-9.75216e-08
-4.9658e-07
-9.29922e-08
-5.27242e-07
-9.0458e-08
-5.61148e-07
-9.21872e-08
-5.99166e-07
-9.87596e-08
-6.42287e-07
-1.08097e-07
-6.91647e-07
-1.19559e-07
-7.48433e-07
-1.32963e-07
-8.14465e-07
-1.48211e-07
-8.97568e-07
-1.69031e-07
-9.98601e-07
-1.9397e-07
-1.11792e-06
-2.1724e-07
-1.23669e-06
-2.37953e-07
-1.35559e-06
-2.67402e-07
-1.47096e-06
-2.85094e-07
-1.58163e-06
-2.89635e-07
-1.68691e-06
-2.90596e-07
-1.78781e-06
-2.88631e-07
-1.88534e-06
-2.84978e-07
-1.98014e-06
-2.8035e-07
-2.07255e-06
-2.75097e-07
-2.1627e-06
-2.69385e-07
-2.25062e-06
-2.63291e-07
-2.33628e-06
-2.56857e-07
-2.41962e-06
-2.50107e-07
-2.50056e-06
-2.43058e-07
-2.57902e-06
-2.35725e-07
-2.65492e-06
-2.28121e-07
-2.72817e-06
-2.20259e-07
-2.7987e-06
-2.12151e-07
-2.86643e-06
-2.03809e-07
-2.93129e-06
-1.95245e-07
-2.99322e-06
-1.86473e-07
-3.05215e-06
-1.77505e-07
-3.10802e-06
-1.68355e-07
-3.16078e-06
-1.59033e-07
-3.21038e-06
-1.49544e-07
-3.25677e-06
-1.39892e-07
-3.29989e-06
-1.30081e-07
-3.3397e-06
-1.2012e-07
-3.37615e-06
-1.10028e-07
-3.40922e-06
-9.98318e-08
-3.43888e-06
-8.95632e-08
-3.46512e-06
-7.92469e-08
-3.48793e-06
-6.88919e-08
-3.50729e-06
-5.84859e-08
-3.52318e-06
-4.80014e-08
-3.53556e-06
-3.74154e-08
-3.54441e-06
-2.67334e-08
-3.54971e-06
-1.60051e-08
-5.30829e-09
1.9737e-06
-3.82124e-09
1.96798e-06
-1.14622e-08
1.95845e-06
-1.90871e-08
1.94514e-06
-2.66621e-08
1.9281e-06
-3.41518e-08
1.90737e-06
-4.15371e-08
1.883e-06
-4.8816e-08
1.85505e-06
-5.59923e-08
1.82357e-06
-6.30643e-08
1.78862e-06
-7.00196e-08
1.75025e-06
-7.68369e-08
1.70857e-06
-8.34922e-08
1.66364e-06
-8.99636e-08
1.61558e-06
-9.62345e-08
1.56449e-06
-1.02293e-07
1.51048e-06
-1.08128e-07
1.45367e-06
-1.13733e-07
1.39416e-06
-1.19096e-07
1.3321e-06
-1.24207e-07
1.26761e-06
-1.29055e-07
1.20081e-06
-1.3363e-07
1.13187e-06
-1.3792e-07
1.0609e-06
-1.41915e-07
9.88063e-07
-1.456e-07
9.13491e-07
-1.48946e-07
8.37346e-07
-1.51895e-07
7.59837e-07
-1.54318e-07
6.81322e-07
-1.55962e-07
6.02497e-07
-1.56367e-07
5.24632e-07
-1.54861e-07
4.49567e-07
-1.508e-07
3.78708e-07
-1.44409e-07
3.12463e-07
-1.37079e-07
2.50336e-07
-1.30052e-07
1.91512e-07
-1.23958e-07
1.3527e-07
-1.18841e-07
8.11133e-08
-1.14472e-07
2.87679e-08
-1.10571e-07
-2.19191e-08
-1.06918e-07
-7.10117e-08
-1.03371e-07
-1.18478e-07
-9.98046e-08
-1.64266e-07
-9.61408e-08
-2.08313e-07
-9.23637e-08
-2.5056e-07
-8.84772e-08
-2.90959e-07
-8.45002e-08
-3.29482e-07
-8.0462e-08
-3.66123e-07
-7.64038e-08
-4.00919e-07
-7.2381e-08
-4.33966e-07
-6.848e-08
-4.65529e-07
-6.49741e-08
-4.9603e-07
-6.19597e-08
-5.26653e-07
-6.02928e-08
-5.60488e-07
-6.14293e-08
-5.98408e-07
-6.58005e-08
-6.41405e-07
-7.20154e-08
-6.90612e-07
-7.9645e-08
-7.47217e-07
-8.8566e-08
-8.12993e-07
-9.87107e-08
-8.95733e-07
-1.12544e-07
-9.96356e-07
-1.2914e-07
-1.11519e-06
-1.44646e-07
-1.23353e-06
-1.58427e-07
-1.35244e-06
-1.78207e-07
-1.46851e-06
-1.90474e-07
-1.57901e-06
-1.93013e-07
-1.68412e-06
-1.93597e-07
-1.78488e-06
-1.92308e-07
-1.88232e-06
-1.89898e-07
-1.97706e-06
-1.86835e-07
-2.06943e-06
-1.83353e-07
-2.15958e-06
-1.79562e-07
-2.24751e-06
-1.75515e-07
-2.33321e-06
-1.7124e-07
-2.41661e-06
-1.66753e-07
-2.49762e-06
-1.62065e-07
-2.57617e-06
-1.57186e-07
-2.65217e-06
-1.52126e-07
-2.72554e-06
-1.46892e-07
-2.79619e-06
-1.41494e-07
-2.86407e-06
-1.35939e-07
-2.92908e-06
-1.30235e-07
-2.99116e-06
-1.24391e-07
-3.05025e-06
-1.18416e-07
-3.10629e-06
-1.12318e-07
-3.15922e-06
-1.06105e-07
-3.20898e-06
-9.97791e-08
-3.25553e-06
-9.33438e-08
-3.29881e-06
-8.68013e-08
-3.33877e-06
-8.01582e-08
-3.37537e-06
-7.34268e-08
-3.40858e-06
-6.66254e-08
-3.43837e-06
-5.97746e-08
-3.46472e-06
-5.28914e-08
-3.48763e-06
-4.59816e-08
-3.50708e-06
-3.9037e-08
-3.52305e-06
-3.20394e-08
-3.53549e-06
-2.49735e-08
-3.54438e-06
-1.78432e-08
-3.5497e-06
-1.06823e-08
-3.54297e-09
1.97369e-06
-1.91108e-09
1.96796e-06
-5.7326e-09
1.95842e-06
-9.54635e-09
1.9451e-06
-1.33352e-08
1.92803e-06
-1.70813e-08
1.90726e-06
-2.0775e-08
1.88286e-06
-2.44154e-08
1.85487e-06
-2.80043e-08
1.82335e-06
-3.15409e-08
1.78835e-06
-3.5019e-08
1.74994e-06
-3.84278e-08
1.7082e-06
-4.17555e-08
1.66323e-06
-4.4991e-08
1.61512e-06
-4.81259e-08
1.56399e-06
-5.11543e-08
1.50993e-06
-5.40714e-08
1.45307e-06
-5.68726e-08
1.39352e-06
-5.95531e-08
1.33142e-06
-6.21075e-08
1.2669e-06
-6.45301e-08
1.20008e-06
-6.68158e-08
1.13111e-06
-6.89594e-08
1.06013e-06
-7.09554e-08
9.8728e-07
-7.27962e-08
9.12706e-07
-7.44675e-08
8.36566e-07
-7.59398e-08
7.5907e-07
-7.71495e-08
6.80576e-07
-7.79687e-08
6.01783e-07
-7.81684e-08
5.23962e-07
-7.74128e-08
4.48951e-07
-7.53787e-08
3.78152e-07
-7.21816e-08
3.11964e-07
-6.85162e-08
2.4989e-07
-6.50036e-08
1.91115e-07
-6.19568e-08
1.34922e-07
-5.93985e-08
8.08223e-08
-5.72137e-08
2.85249e-08
-5.52638e-08
-2.21153e-08
-5.34376e-08
-7.11606e-08
-5.16647e-08
-1.18579e-07
-4.98817e-08
-1.64319e-07
-4.80502e-08
-2.08317e-07
-4.61621e-08
-2.50515e-07
-4.42193e-08
-2.90866e-07
-4.22313e-08
-3.29341e-07
-4.02125e-08
-3.65936e-07
-3.81838e-08
-4.00686e-07
-3.61727e-08
-4.33687e-07
-3.4223e-08
-4.65206e-07
-3.24721e-08
-4.95666e-07
-3.09691e-08
-5.26275e-07
-3.01405e-08
-5.60067e-07
-3.07033e-08
-5.97929e-07
-3.28853e-08
-6.40851e-07
-3.59892e-08
-6.89963e-07
-3.97995e-08
-7.46456e-07
-4.42548e-08
-8.12078e-07
-4.93207e-08
-8.94578e-07
-5.62219e-08
-9.94928e-07
-6.45096e-08
-1.11354e-06
-7.22587e-08
-1.23162e-06
-7.91467e-08
-1.35043e-06
-8.91294e-08
-1.46708e-06
-9.52792e-08
-1.57751e-06
-9.64813e-08
-1.68247e-06
-9.67539e-08
-1.78311e-06
-9.61117e-08
-1.88046e-06
-9.49115e-08
-1.97514e-06
-9.33854e-08
-2.06747e-06
-9.16497e-08
-2.1576e-06
-8.97594e-08
-2.24554e-06
-8.77409e-08
-2.33125e-06
-8.56078e-08
-2.41467e-06
-8.33681e-08
-2.49573e-06
-8.10278e-08
-2.57433e-06
-7.85917e-08
-2.6504e-06
-7.60646e-08
-2.72384e-06
-7.34506e-08
-2.79458e-06
-7.0754e-08
-2.86254e-06
-6.79787e-08
-2.92765e-06
-6.51288e-08
-2.98983e-06
-6.22087e-08
-3.04902e-06
-5.92228e-08
-3.10517e-06
-5.61755e-08
-3.1582e-06
-5.30698e-08
-3.20807e-06
-4.99077e-08
-3.25473e-06
-4.66904e-08
-3.29811e-06
-4.34192e-08
-3.33817e-06
-4.00974e-08
-3.37487e-06
-3.67312e-08
-3.40816e-06
-3.33297e-08
-3.43803e-06
-2.99034e-08
-3.46447e-06
-2.64605e-08
-3.48744e-06
-2.30041e-08
-3.50695e-06
-1.953e-08
-3.52296e-06
-1.60291e-08
-3.53544e-06
-1.24939e-08
-3.54436e-06
-8.92647e-09
-3.5497e-06
-5.34385e-09
-1.77237e-09
1.97369e-06
4.76293e-13
1.96796e-06
1.28164e-12
1.95841e-06
1.55265e-12
1.94507e-06
1.67303e-12
1.92799e-06
1.85102e-12
1.90721e-06
2.08259e-12
1.8828e-06
2.35481e-12
1.85479e-06
2.69658e-12
1.82324e-06
3.13664e-12
1.78822e-06
3.67665e-12
1.74979e-06
4.29898e-12
1.70803e-06
4.98677e-12
1.66303e-06
5.73311e-12
1.6149e-06
6.53579e-12
1.56374e-06
7.38298e-12
1.50966e-06
8.24248e-12
1.45278e-06
9.06237e-12
1.39321e-06
9.78173e-12
1.33109e-06
1.0347e-11
1.26655e-06
1.07264e-11
1.19972e-06
1.09187e-11
1.13074e-06
1.09521e-11
1.05975e-06
1.08765e-11
9.86902e-07
1.07484e-11
9.12329e-07
1.06126e-11
8.36192e-07
1.04885e-11
7.58704e-07
1.03644e-11
6.80222e-07
1.02048e-11
6.01445e-07
9.98096e-12
5.23645e-07
9.72111e-12
4.48658e-07
9.5385e-12
3.77884e-07
9.58129e-12
3.11722e-07
9.9242e-12
2.49671e-07
1.04988e-11
1.9092e-07
1.11791e-11
1.34752e-07
1.18517e-11
8.06753e-08
1.24196e-11
2.84026e-08
1.28151e-11
-2.22129e-08
1.3036e-11
-7.12335e-08
1.30788e-11
-1.18627e-07
1.29523e-11
-1.64342e-07
1.26713e-11
-2.08316e-07
1.22672e-11
-2.5049e-07
1.17734e-11
-2.90817e-07
1.12192e-11
-3.29266e-07
1.0637e-11
-3.65837e-07
1.00629e-11
-4.00561e-07
9.52883e-12
-4.33539e-07
9.06253e-12
-4.65037e-07
8.71411e-12
-4.95485e-07
8.5095e-12
-5.2609e-07
8.66446e-12
-5.59866e-07
9.59605e-12
-5.97702e-07
1.13156e-11
-6.40592e-07
1.35165e-11
-6.89662e-07
1.60008e-11
-7.46102e-07
1.86311e-11
-8.11643e-07
2.1362e-11
-8.94027e-07
2.45631e-11
-9.94238e-07
2.77577e-11
-1.11269e-06
3.00103e-11
-1.23065e-06
3.15162e-11
-1.34955e-06
3.42433e-11
-1.46634e-06
3.54394e-11
-1.57675e-06
3.45192e-11
-1.68166e-06
3.40873e-11
-1.78226e-06
3.3592e-11
-1.87956e-06
3.30454e-11
-1.97421e-06
3.25288e-11
-2.06653e-06
3.20315e-11
-2.15664e-06
3.15078e-11
-2.24458e-06
3.09295e-11
-2.33029e-06
3.02764e-11
-2.41373e-06
2.95378e-11
-2.49481e-06
2.87377e-11
-2.57344e-06
2.79247e-11
-2.64953e-06
2.71287e-11
-2.72301e-06
2.63571e-11
-2.79379e-06
2.55747e-11
-2.8618e-06
2.47168e-11
-2.92695e-06
2.37138e-11
-2.98918e-06
2.25108e-11
-3.04842e-06
2.10954e-11
-3.10462e-06
1.95046e-11
-3.15771e-06
1.78212e-11
-3.20763e-06
1.61389e-11
-3.25434e-06
1.45301e-11
-3.29777e-06
1.3024e-11
-3.33788e-06
1.16041e-11
-3.37462e-06
1.02372e-11
-3.40796e-06
8.91365e-12
-3.43787e-06
7.67565e-12
-3.46434e-06
6.60826e-12
-3.48735e-06
5.78792e-12
-3.50689e-06
5.21651e-12
-3.52292e-06
4.78751e-12
-3.53542e-06
4.30843e-12
-3.54435e-06
3.5705e-12
-3.54969e-06
2.42866e-12
8.24032e-13
1.97369e-06
1.912e-09
1.96796e-06
5.73512e-09
1.95841e-06
9.54945e-09
1.94507e-06
1.33386e-08
1.92799e-06
1.7085e-08
1.90721e-06
2.07791e-08
1.8828e-06
2.442e-08
1.85479e-06
2.80096e-08
1.82324e-06
3.15472e-08
1.78822e-06
3.50263e-08
1.74979e-06
3.84364e-08
1.70803e-06
4.17654e-08
1.66303e-06
4.50024e-08
1.6149e-06
4.8139e-08
1.56374e-06
5.11691e-08
1.50966e-06
5.40879e-08
1.45278e-06
5.68908e-08
1.39321e-06
5.95727e-08
1.33109e-06
6.21282e-08
1.26655e-06
6.45516e-08
1.19972e-06
6.68378e-08
1.13074e-06
6.89815e-08
1.05975e-06
7.09774e-08
9.86901e-07
7.2818e-08
9.12327e-07
7.44891e-08
8.36191e-07
7.59611e-08
7.58702e-07
7.71705e-08
6.8022e-07
7.79893e-08
6.01443e-07
7.81885e-08
5.23643e-07
7.74322e-08
4.48657e-07
7.53976e-08
3.77883e-07
7.22005e-08
3.11721e-07
6.85358e-08
2.49672e-07
6.50243e-08
1.90921e-07
6.19789e-08
1.34753e-07
5.9422e-08
8.06769e-08
5.72384e-08
2.84046e-08
5.52893e-08
-2.22106e-08
5.34635e-08
-7.12308e-08
5.16907e-08
-1.18624e-07
4.99074e-08
-1.64339e-07
4.80754e-08
-2.08313e-07
4.61865e-08
-2.50487e-07
4.42428e-08
-2.90813e-07
4.22538e-08
-3.29263e-07
4.02339e-08
-3.65833e-07
3.82041e-08
-4.00558e-07
3.6192e-08
-4.33536e-07
3.42413e-08
-4.65034e-07
3.24897e-08
-4.95482e-07
3.09863e-08
-5.26087e-07
3.0158e-08
-5.59863e-07
3.07228e-08
-5.97701e-07
3.29084e-08
-6.40592e-07
3.60166e-08
-6.89663e-07
3.98318e-08
-7.46103e-07
4.42921e-08
-8.11645e-07
4.93628e-08
-8.94029e-07
5.62706e-08
-9.94241e-07
6.45648e-08
-1.11269e-06
7.2318e-08
-1.23066e-06
7.921e-08
-1.34955e-06
8.9198e-08
-1.46634e-06
9.53507e-08
-1.57676e-06
9.65514e-08
-1.68167e-06
9.6823e-08
-1.78227e-06
9.61796e-08
-1.87957e-06
9.49783e-08
-1.97422e-06
9.34511e-08
-2.06654e-06
9.17142e-08
-2.15665e-06
8.98223e-08
-2.24458e-06
8.7802e-08
-2.3303e-06
8.56672e-08
-2.41374e-06
8.3426e-08
-2.49481e-06
8.10845e-08
-2.57344e-06
7.86474e-08
-2.64954e-06
7.61191e-08
-2.72302e-06
7.35037e-08
-2.7938e-06
7.08054e-08
-2.8618e-06
6.8028e-08
-2.92695e-06
6.51756e-08
-2.98918e-06
6.22527e-08
-3.04843e-06
5.92638e-08
-3.10462e-06
5.62133e-08
-3.15771e-06
5.31044e-08
-3.20763e-06
4.99393e-08
-3.25434e-06
4.67191e-08
-3.29777e-06
4.34453e-08
-3.33788e-06
4.01209e-08
-3.37462e-06
3.67521e-08
-3.40796e-06
3.33481e-08
-3.43787e-06
2.99192e-08
-3.46434e-06
2.64742e-08
-3.48735e-06
2.3016e-08
-3.50689e-06
1.95406e-08
-3.52292e-06
1.60386e-08
-3.53542e-06
1.25022e-08
-3.54435e-06
8.93311e-09
-3.54969e-06
5.34827e-09
1.77388e-09
1.97369e-06
3.82212e-09
1.96796e-06
1.14647e-08
1.95842e-06
1.90902e-08
1.9451e-06
2.66655e-08
1.92803e-06
3.41555e-08
1.90726e-06
4.15412e-08
1.88286e-06
4.88205e-08
1.85488e-06
5.59975e-08
1.82335e-06
6.30705e-08
1.78835e-06
7.00268e-08
1.74994e-06
7.68454e-08
1.70821e-06
8.3502e-08
1.66323e-06
8.9975e-08
1.61512e-06
9.62474e-08
1.56399e-06
1.02307e-07
1.50993e-06
1.08145e-07
1.45307e-06
1.13751e-07
1.39353e-06
1.19116e-07
1.33142e-06
1.24228e-07
1.2669e-06
1.29077e-07
1.20008e-06
1.33652e-07
1.13111e-06
1.37942e-07
1.06013e-06
1.41937e-07
9.87281e-07
1.45622e-07
9.12706e-07
1.48968e-07
8.36565e-07
1.51917e-07
7.59068e-07
1.5434e-07
6.80573e-07
1.55984e-07
6.01778e-07
1.56388e-07
5.23956e-07
1.54883e-07
4.48944e-07
1.5082e-07
3.78144e-07
1.44429e-07
3.11956e-07
1.37099e-07
2.49883e-07
1.30073e-07
1.91109e-07
1.23979e-07
1.3492e-07
1.18862e-07
8.08214e-08
1.14493e-07
2.85269e-08
1.10594e-07
-2.21109e-08
1.06941e-07
-7.11542e-08
1.03396e-07
-1.18571e-07
9.98289e-08
-1.64309e-07
9.61649e-08
-2.08307e-07
9.23874e-08
-2.50505e-07
8.85004e-08
-2.90856e-07
8.45228e-08
-3.29331e-07
8.04837e-08
-3.65926e-07
7.64246e-08
-4.00676e-07
7.24007e-08
-4.33677e-07
6.84988e-08
-4.65196e-07
6.49921e-08
-4.95657e-07
6.19773e-08
-5.26266e-07
6.03108e-08
-5.60061e-07
6.14499e-08
-5.97926e-07
6.58249e-08
-6.40852e-07
7.20442e-08
-6.89968e-07
7.96788e-08
-7.46464e-07
8.86055e-08
-8.12087e-07
9.8757e-08
-8.9459e-07
1.12598e-07
-9.94945e-07
1.29206e-07
-1.11355e-06
1.44718e-07
-1.23164e-06
1.58498e-07
-1.35045e-06
1.78279e-07
-1.4671e-06
1.90546e-07
-1.57753e-06
1.93084e-07
-1.68249e-06
1.93666e-07
-1.78314e-06
1.92376e-07
-1.88048e-06
1.89964e-07
-1.97516e-06
1.869e-07
-2.06749e-06
1.83416e-07
-2.15762e-06
1.79624e-07
-2.24555e-06
1.75576e-07
-2.33127e-06
1.71299e-07
-2.41469e-06
1.6681e-07
-2.49574e-06
1.6212e-07
-2.57434e-06
1.5724e-07
-2.65041e-06
1.52178e-07
-2.72385e-06
1.46944e-07
-2.79459e-06
1.41544e-07
-2.86255e-06
1.35987e-07
-2.92766e-06
1.30281e-07
-2.98984e-06
1.24435e-07
-3.04903e-06
1.18457e-07
-3.10517e-06
1.12356e-07
-3.15821e-06
1.06139e-07
-3.20808e-06
9.98103e-08
-3.25473e-06
9.33718e-08
-3.29812e-06
8.68265e-08
-3.33818e-06
8.01807e-08
-3.37487e-06
7.34467e-08
-3.40817e-06
6.66428e-08
-3.43804e-06
5.97897e-08
-3.46447e-06
5.29044e-08
-3.48744e-06
4.5993e-08
-3.50695e-06
3.90472e-08
-3.52296e-06
3.20486e-08
-3.53544e-06
2.49816e-08
-3.54436e-06
1.78497e-08
-3.5497e-06
1.06865e-08
3.54432e-09
1.9737e-06
5.72931e-09
1.96798e-06
1.71854e-08
1.95845e-06
2.86162e-08
1.94514e-06
3.99719e-08
1.9281e-06
5.12001e-08
1.90737e-06
6.22724e-08
1.883e-06
7.31858e-08
1.85505e-06
8.39462e-08
1.82357e-06
9.45512e-08
1.78862e-06
1.04982e-07
1.75026e-06
1.15207e-07
1.70857e-06
1.2519e-07
1.66364e-06
1.34898e-07
1.61559e-06
1.44307e-07
1.5645e-06
1.53397e-07
1.51049e-06
1.62155e-07
1.45367e-06
1.70567e-07
1.39417e-06
1.78618e-07
1.3321e-06
1.86291e-07
1.26761e-06
1.9357e-07
1.20082e-06
2.00438e-07
1.13187e-06
2.06881e-07
1.0609e-06
2.12882e-07
9.88063e-07
2.18417e-07
9.13491e-07
2.23445e-07
8.37345e-07
2.27878e-07
7.59835e-07
2.31525e-07
6.81319e-07
2.34004e-07
6.02492e-07
2.34628e-07
5.24626e-07
2.32391e-07
4.4956e-07
2.26318e-07
3.78701e-07
2.16741e-07
3.12456e-07
2.05745e-07
2.50329e-07
1.95199e-07
1.91506e-07
1.8605e-07
1.35269e-07
1.78368e-07
8.11199e-08
1.71809e-07
2.87776e-08
1.65958e-07
-2.19081e-08
1.60478e-07
-7.09997e-08
1.55158e-07
-1.18465e-07
1.49807e-07
-1.64252e-07
1.4431e-07
-2.08299e-07
1.38643e-07
-2.50545e-07
1.32811e-07
-2.90945e-07
1.26844e-07
-3.29468e-07
1.20784e-07
-3.6611e-07
1.14694e-07
-4.00905e-07
1.08657e-07
-4.33952e-07
1.02803e-07
-4.65513e-07
9.75395e-08
-4.96016e-07
9.30097e-08
-5.2664e-07
9.04761e-08
-5.60478e-07
9.22089e-08
-5.98403e-07
9.87848e-08
-6.41404e-07
1.08125e-07
-6.90614e-07
1.19592e-07
-7.47223e-07
1.32999e-07
-8.13006e-07
1.48251e-07
-8.95754e-07
1.69076e-07
-9.96389e-07
1.94018e-07
-1.11527e-06
2.17288e-07
-1.23361e-06
2.38011e-07
-1.35251e-06
2.67466e-07
-1.46857e-06
2.8516e-07
-1.57906e-06
2.89701e-07
-1.68416e-06
2.90661e-07
-1.78492e-06
2.88696e-07
-1.88236e-06
2.85042e-07
-1.9771e-06
2.80413e-07
-2.06947e-06
2.75159e-07
-2.15961e-06
2.69445e-07
-2.24755e-06
2.63349e-07
-2.33324e-06
2.56914e-07
-2.41663e-06
2.50163e-07
-2.49764e-06
2.43113e-07
-2.57619e-06
2.35778e-07
-2.65219e-06
2.28173e-07
-2.72556e-06
2.20309e-07
-2.79621e-06
2.122e-07
-2.86408e-06
2.03855e-07
-2.92909e-06
1.95289e-07
-2.99117e-06
1.86514e-07
-3.05026e-06
1.77544e-07
-3.1063e-06
1.68391e-07
-3.15922e-06
1.59066e-07
-3.20899e-06
1.49574e-07
-3.25553e-06
1.39919e-07
-3.29881e-06
1.30105e-07
-3.33877e-06
1.20142e-07
-3.37538e-06
1.10047e-07
-3.40858e-06
9.98493e-08
-3.43837e-06
8.95784e-08
-3.46473e-06
7.92601e-08
-3.48764e-06
6.89034e-08
-3.50709e-06
5.8496e-08
-3.52305e-06
4.80102e-08
-3.53549e-06
3.74228e-08
-3.54438e-06
2.6739e-08
-3.5497e-06
1.60085e-08
5.30936e-09
1.9737e-06
7.63196e-09
1.96799e-06
2.28923e-08
1.95849e-06
3.81189e-08
1.94522e-06
5.32459e-08
1.92821e-06
6.82038e-08
1.90753e-06
8.2955e-08
1.88322e-06
9.74956e-08
1.85533e-06
1.11833e-07
1.82392e-06
1.25965e-07
1.78904e-06
1.39866e-07
1.75075e-06
1.53494e-07
1.70914e-06
1.66801e-07
1.66429e-06
1.79744e-07
1.61631e-06
1.92289e-07
1.56529e-06
2.04412e-07
1.51136e-06
2.16093e-07
1.45461e-06
2.27315e-07
1.39517e-06
2.38058e-07
1.33316e-06
2.48298e-07
1.26872e-06
2.58014e-07
1.20197e-06
2.67184e-07
1.13305e-06
2.75788e-07
1.06211e-06
2.83803e-07
9.89282e-07
2.912e-07
9.14712e-07
2.97921e-07
8.38558e-07
3.0385e-07
7.61028e-07
3.08734e-07
6.8248e-07
3.12064e-07
6.03605e-07
3.12928e-07
5.25675e-07
3.09985e-07
4.50524e-07
3.01931e-07
3.79574e-07
2.89183e-07
3.13239e-07
2.74523e-07
2.51027e-07
2.60448e-07
1.92125e-07
2.48233e-07
1.35811e-07
2.37977e-07
8.15874e-08
2.29223e-07
2.91702e-08
2.21416e-07
-2.1591e-08
2.14106e-07
-7.07587e-08
2.07009e-07
-1.18301e-07
1.99873e-07
-1.64164e-07
1.92541e-07
-2.08285e-07
1.84982e-07
-2.50606e-07
1.77204e-07
-2.9108e-07
1.69244e-07
-3.29675e-07
1.61161e-07
-3.66386e-07
1.53038e-07
-4.01247e-07
1.44984e-07
-4.34357e-07
1.37174e-07
-4.65985e-07
1.30155e-07
-4.96563e-07
1.24118e-07
-5.27226e-07
1.20677e-07
-5.61137e-07
1.23025e-07
-5.99163e-07
1.31821e-07
-6.42294e-07
1.44303e-07
-6.91663e-07
1.59623e-07
-7.48458e-07
1.77535e-07
-8.14501e-07
1.97921e-07
-8.97616e-07
2.25811e-07
-9.98661e-07
2.5914e-07
-1.11799e-06
2.90202e-07
-1.23676e-06
3.17931e-07
-1.35566e-06
3.5667e-07
-1.47103e-06
3.79119e-07
-1.5817e-06
3.86529e-07
-1.68698e-06
3.87864e-07
-1.78787e-06
3.85166e-07
-1.88539e-06
3.80222e-07
-1.98019e-06
3.73991e-07
-2.0726e-06
3.66936e-07
-2.16275e-06
3.59274e-07
-2.25067e-06
3.51109e-07
-2.33632e-06
3.42494e-07
-2.41966e-06
3.3346e-07
-2.5006e-06
3.2403e-07
-2.57905e-06
3.14225e-07
-2.65494e-06
3.04061e-07
-2.72819e-06
2.93556e-07
-2.79872e-06
2.82725e-07
-2.86645e-06
2.71584e-07
-2.93131e-06
2.6015e-07
-2.99324e-06
2.4844e-07
-3.05216e-06
2.36472e-07
-3.10804e-06
2.24263e-07
-3.1608e-06
2.11827e-07
-3.2104e-06
1.99172e-07
-3.25678e-06
1.86302e-07
-3.2999e-06
1.73223e-07
-3.33971e-06
1.59948e-07
-3.37616e-06
1.46501e-07
-3.40923e-06
1.32917e-07
-3.43889e-06
1.19239e-07
-3.46513e-06
1.05499e-07
-3.48793e-06
9.171e-08
-3.50729e-06
7.78548e-08
-3.52318e-06
6.38972e-08
-3.53556e-06
4.98057e-08
-3.54441e-06
3.5587e-08
-3.54971e-06
2.13062e-08
7.06623e-09
1.97371e-06
9.52812e-09
1.96802e-06
2.85794e-08
1.95855e-06
4.75885e-08
1.94532e-06
6.64739e-08
1.92838e-06
8.51495e-08
1.90776e-06
1.03569e-07
1.88353e-06
1.21726e-07
1.85573e-06
1.39633e-07
1.82441e-06
1.57284e-07
1.78963e-06
1.74649e-07
1.75145e-06
1.91676e-07
1.70995e-06
2.08304e-07
1.66521e-06
2.2448e-07
1.61734e-06
2.40162e-07
1.56643e-06
2.5532e-07
1.51259e-06
2.69929e-07
1.45594e-06
2.83967e-07
1.39659e-06
2.97408e-07
1.33466e-06
3.10224e-07
1.27029e-06
3.22387e-07
1.2036e-06
3.3387e-07
1.13473e-06
3.44646e-07
1.06382e-06
3.54689e-07
9.91018e-07
3.6396e-07
9.16458e-07
3.72389e-07
8.40297e-07
3.79831e-07
7.62743e-07
3.85971e-07
6.8415e-07
3.90178e-07
6.05204e-07
3.91316e-07
5.27172e-07
3.87708e-07
4.51892e-07
3.77714e-07
3.80803e-07
3.61815e-07
3.14335e-07
3.43487e-07
2.52001e-07
3.25871e-07
1.92984e-07
3.10574e-07
1.36563e-07
2.97733e-07
8.22405e-08
2.86776e-07
2.97185e-08
2.77006e-07
-2.11483e-08
2.67861e-07
-7.04218e-08
2.58985e-07
-1.1807e-07
2.50061e-07
-1.64038e-07
2.40892e-07
-2.08265e-07
2.31438e-07
-2.50688e-07
2.2171e-07
-2.9126e-07
2.11753e-07
-3.29951e-07
2.01642e-07
-3.66754e-07
1.9148e-07
-4.01704e-07
1.81406e-07
-4.34901e-07
1.71637e-07
-4.66616e-07
1.62862e-07
-4.97288e-07
1.55322e-07
-5.28012e-07
1.50935e-07
-5.62032e-07
1.53929e-07
-6.00203e-07
1.6497e-07
-6.43515e-07
1.80619e-07
-6.93106e-07
1.99821e-07
-7.5016e-07
2.22269e-07
-8.16566e-07
2.47833e-07
-9.00181e-07
2.8289e-07
-1.00177e-06
3.24648e-07
-1.12163e-06
3.63479e-07
-1.2408e-06
3.98207e-07
-1.35976e-06
4.45964e-07
-1.47514e-06
4.73158e-07
-1.58591e-06
4.83521e-07
-1.69128e-06
4.85194e-07
-1.79224e-06
4.81729e-07
-1.88981e-06
4.75465e-07
-1.98464e-06
4.67605e-07
-2.07705e-06
4.58723e-07
-2.16718e-06
4.49087e-07
-2.25505e-06
4.38827e-07
-2.34064e-06
4.28008e-07
-2.42389e-06
4.16669e-07
-2.50472e-06
4.0484e-07
-2.58305e-06
3.92543e-07
-2.65879e-06
3.79801e-07
-2.73187e-06
3.66635e-07
-2.80222e-06
3.53067e-07
-2.86975e-06
3.39115e-07
-2.9344e-06
3.24801e-07
-2.99611e-06
3.10146e-07
-3.05481e-06
2.95174e-07
-3.11045e-06
2.79905e-07
-3.16298e-06
2.64357e-07
-3.21235e-06
2.4854e-07
-3.25851e-06
2.32459e-07
-3.3014e-06
2.1612e-07
-3.341e-06
1.99541e-07
-3.37725e-06
1.82751e-07
-3.41013e-06
1.65794e-07
-3.43961e-06
1.48722e-07
-3.46569e-06
1.31577e-07
-3.48835e-06
1.14373e-07
-3.50758e-06
9.70888e-08
-3.52337e-06
7.96798e-08
-3.53567e-06
6.21066e-08
-3.54446e-06
4.43767e-08
-3.54972e-06
2.65696e-08
8.81173e-09
1.97372e-06
1.14155e-08
1.96806e-06
3.42399e-08
1.95863e-06
5.70131e-08
1.94547e-06
7.96395e-08
1.9286e-06
1.02016e-07
1.90808e-06
1.24088e-07
1.88395e-06
1.4585e-07
1.85627e-06
1.67314e-07
1.82508e-06
1.88475e-07
1.79044e-06
2.09296e-07
1.7524e-06
2.29715e-07
1.71104e-06
2.49661e-07
1.66645e-06
2.6907e-07
1.61872e-06
2.87891e-07
1.56795e-06
3.06087e-07
1.51425e-06
3.23631e-07
1.45773e-06
3.40493e-07
1.39849e-06
3.56643e-07
1.33667e-06
3.72047e-07
1.27238e-06
3.86672e-07
1.20576e-06
4.00485e-07
1.13694e-06
4.13453e-07
1.06607e-06
4.25544e-07
9.93276e-07
4.3671e-07
9.18705e-07
4.46869e-07
8.42514e-07
4.55845e-07
7.6491e-07
4.63264e-07
6.86249e-07
4.68373e-07
6.07216e-07
4.69813e-07
5.29073e-07
4.65578e-07
4.53655e-07
4.53689e-07
3.82411e-07
4.34666e-07
3.15785e-07
4.12678e-07
2.53299e-07
3.9151e-07
1.94136e-07
3.73117e-07
1.37573e-07
3.57676e-07
8.311e-08
3.44506e-07
3.04488e-08
3.32767e-07
-2.0557e-08
3.21783e-07
-6.99696e-08
3.11123e-07
-1.17756e-07
3.00407e-07
-1.63863e-07
2.89398e-07
-2.08224e-07
2.78045e-07
-2.5078e-07
2.66361e-07
-2.91479e-07
2.54402e-07
-3.30291e-07
2.42257e-07
-3.67212e-07
2.30049e-07
-4.02275e-07
2.17947e-07
-4.3558e-07
2.06214e-07
-4.67405e-07
1.95681e-07
-4.98189e-07
1.8664e-07
-5.29e-07
1.81275e-07
-5.63162e-07
1.84951e-07
-6.01519e-07
1.98268e-07
-6.45059e-07
2.17113e-07
-6.94922e-07
2.40228e-07
-7.52287e-07
2.67243e-07
-8.19147e-07
2.98032e-07
-9.03406e-07
3.40376e-07
-1.00577e-06
3.90634e-07
-1.1264e-06
4.37206e-07
-1.24592e-06
4.7883e-07
-1.36503e-06
5.35482e-07
-1.48078e-06
5.6765e-07
-1.59166e-06
5.80708e-07
-1.69709e-06
5.82646e-07
-1.79809e-06
5.78375e-07
-1.8957e-06
5.7076e-07
-1.99054e-06
5.61242e-07
-2.08294e-06
5.50505e-07
-2.17303e-06
5.38868e-07
-2.26085e-06
5.26483e-07
-2.34635e-06
5.13431e-07
-2.42947e-06
4.99758e-07
-2.51015e-06
4.85499e-07
-2.5883e-06
4.70685e-07
-2.66385e-06
4.55341e-07
-2.73671e-06
4.39495e-07
-2.80681e-06
4.23169e-07
-2.87409e-06
4.0639e-07
-2.93847e-06
3.8918e-07
-2.99989e-06
3.71569e-07
-3.0583e-06
3.53583e-07
-3.11364e-06
3.35248e-07
-3.16587e-06
3.16584e-07
-3.21493e-06
2.97604e-07
-3.26079e-06
2.78314e-07
-3.3034e-06
2.58724e-07
-3.3427e-06
2.38851e-07
-3.37869e-06
2.18731e-07
-3.41131e-06
1.98417e-07
-3.44056e-06
1.77971e-07
-3.46642e-06
1.57441e-07
-3.4889e-06
1.36845e-07
-3.50797e-06
1.16158e-07
-3.52361e-06
9.53251e-08
-3.5358e-06
7.43e-08
-3.54452e-06
5.30901e-08
-3.54974e-06
3.17882e-08
1.05422e-08
1.97373e-06
1.32912e-08
1.9681e-06
3.98648e-08
1.95874e-06
6.63784e-08
1.94565e-06
9.27224e-08
1.92889e-06
1.18779e-07
1.9085e-06
1.44484e-07
1.88451e-06
1.69833e-07
1.85699e-06
1.94839e-07
1.82597e-06
2.19497e-07
1.7915e-06
2.43764e-07
1.75364e-06
2.67569e-07
1.71248e-06
2.90828e-07
1.66808e-06
3.13468e-07
1.62054e-06
3.3543e-07
1.56996e-06
3.5667e-07
1.51643e-06
3.77155e-07
1.46007e-06
3.96852e-07
1.40099e-06
4.15724e-07
1.33931e-06
4.33732e-07
1.27514e-06
4.50835e-07
1.20863e-06
4.66994e-07
1.1399e-06
4.82172e-07
1.0691e-06
4.96329e-07
9.96355e-07
5.0941e-07
9.21814e-07
5.21321e-07
8.45628e-07
5.31859e-07
7.67996e-07
5.40594e-07
6.8926e-07
5.46655e-07
6.10092e-07
5.4847e-07
5.31744e-07
5.43694e-07
4.56061e-07
5.29989e-07
3.8454e-07
5.07871e-07
3.17656e-07
4.82209e-07
2.54943e-07
4.57453e-07
1.9558e-07
4.35928e-07
1.38833e-07
4.1786e-07
8.41918e-08
4.02458e-07
3.13583e-08
3.88739e-07
-1.98187e-08
3.75908e-07
-6.94019e-08
3.6346e-07
-1.17359e-07
3.50948e-07
-1.63634e-07
3.38093e-07
-2.08161e-07
3.24835e-07
-2.50877e-07
3.11189e-07
-2.91732e-07
2.9722e-07
-3.30693e-07
2.83031e-07
-3.67755e-07
2.68769e-07
-4.02951e-07
2.5463e-07
-4.36383e-07
2.40927e-07
-4.68334e-07
2.28631e-07
-4.99248e-07
2.1809e-07
-5.30172e-07
2.11721e-07
-5.64508e-07
2.1612e-07
-6.03084e-07
2.31741e-07
-6.46886e-07
2.5381e-07
-6.9706e-07
2.80864e-07
-7.54787e-07
3.12467e-07
-8.22213e-07
3.48502e-07
-9.0743e-07
3.98238e-07
-1.0111e-06
4.57025e-07
-1.13274e-06
5.11435e-07
-1.25249e-06
5.60282e-07
-1.37169e-06
6.25798e-07
-1.48793e-06
6.62942e-07
-1.59901e-06
6.78204e-07
-1.70454e-06
6.80266e-07
-1.80561e-06
6.75122e-07
-1.90325e-06
6.66112e-07
-1.9981e-06
6.54898e-07
-2.09047e-06
6.4227e-07
-2.18051e-06
6.28596e-07
-2.26824e-06
6.14053e-07
-2.35362e-06
5.98735e-07
-2.43659e-06
5.82695e-07
-2.51709e-06
5.65975e-07
-2.59502e-06
5.4861e-07
-2.67032e-06
5.30633e-07
-2.7429e-06
5.12075e-07
-2.81269e-06
4.92965e-07
-2.87964e-06
4.73334e-07
-2.94367e-06
4.5321e-07
-3.00473e-06
4.32627e-07
-3.06276e-06
4.11615e-07
-3.11772e-06
3.90206e-07
-3.16956e-06
3.68423e-07
-3.21824e-06
3.46281e-07
-3.26371e-06
3.23788e-07
-3.30594e-06
3.00954e-07
-3.34489e-06
2.778e-07
-3.38053e-06
2.54367e-07
-3.41283e-06
2.30717e-07
-3.44178e-06
2.0692e-07
-3.46737e-06
1.83032e-07
-3.4896e-06
1.59074e-07
-3.50846e-06
1.35015e-07
-3.52393e-06
1.10794e-07
-3.53598e-06
8.63547e-08
-3.5446e-06
6.17047e-08
-3.54976e-06
3.69484e-08
1.22535e-08
1.97374e-06
1.51517e-08
1.96816e-06
4.54435e-08
1.95888e-06
7.56661e-08
1.9459e-06
1.05698e-07
1.92927e-06
1.35406e-07
1.90904e-06
1.64719e-07
1.88524e-06
1.93632e-07
1.85792e-06
2.22161e-07
1.82711e-06
2.503e-07
1.79288e-06
2.78e-07
1.75527e-06
3.05182e-07
1.71434e-06
3.3175e-07
1.67019e-06
3.57621e-07
1.62289e-06
3.82727e-07
1.57254e-06
4.0702e-07
1.51924e-06
4.3046e-07
1.46308e-06
4.53008e-07
1.40418e-06
4.74624e-07
1.34265e-06
4.9526e-07
1.27862e-06
5.14871e-07
1.2122e-06
5.3341e-07
1.14352e-06
5.50835e-07
1.07274e-06
5.67097e-07
9.99969e-07
5.82136e-07
9.25365e-07
5.95838e-07
8.49081e-07
6.07973e-07
7.71329e-07
6.18052e-07
6.92461e-07
6.25086e-07
6.1316e-07
6.2729e-07
5.34669e-07
6.22001e-07
4.58815e-07
6.06532e-07
3.87091e-07
5.81368e-07
3.19984e-07
5.52058e-07
2.57039e-07
5.23718e-07
1.97444e-07
4.9905e-07
1.40466e-07
4.78341e-07
8.55968e-08
4.60693e-07
3.25377e-08
4.44983e-07
-1.88619e-08
4.30296e-07
-6.86649e-08
4.16049e-07
-1.16838e-07
4.01733e-07
-1.63325e-07
3.87024e-07
-2.08057e-07
3.71852e-07
-2.50972e-07
3.56233e-07
-2.92016e-07
3.40242e-07
-3.31156e-07
3.23998e-07
-3.68385e-07
3.07668e-07
-4.0374e-07
2.9148e-07
-4.37322e-07
2.75791e-07
-4.69413e-07
2.61724e-07
-5.0047e-07
2.49683e-07
-5.31568e-07
2.42336e-07
-5.66136e-07
2.47487e-07
-6.04994e-07
2.65446e-07
-6.49135e-07
2.90778e-07
-6.99714e-07
3.21816e-07
-7.57937e-07
3.5805e-07
-8.25953e-07
3.99378e-07
-9.12327e-07
4.56765e-07
-1.01719e-06
5.242e-07
-1.13998e-06
5.86377e-07
-1.26015e-06
6.42243e-07
-1.37979e-06
7.16708e-07
-1.49653e-06
7.58842e-07
-1.60783e-06
7.76013e-07
-1.71352e-06
7.7811e-07
-1.81471e-06
7.72037e-07
-1.91244e-06
7.61582e-07
-2.00734e-06
7.48627e-07
-2.09973e-06
7.34061e-07
-2.18974e-06
7.18302e-07
-2.27739e-06
7.01551e-07
-2.36265e-06
6.83915e-07
-2.44545e-06
6.65458e-07
-2.52572e-06
6.4623e-07
-2.60339e-06
6.26272e-07
-2.67839e-06
6.05621e-07
-2.75063e-06
5.84315e-07
-2.82005e-06
5.62389e-07
-2.8866e-06
5.39875e-07
-2.9502e-06
5.16811e-07
-3.0108e-06
4.93233e-07
-3.06837e-06
4.6918e-07
-3.12285e-06
4.44685e-07
-3.1742e-06
4.19777e-07
-3.22239e-06
3.94473e-07
-3.26739e-06
3.68781e-07
-3.30915e-06
3.42714e-07
-3.34764e-06
3.16294e-07
-3.38285e-06
2.8957e-07
-3.41474e-06
2.6261e-07
-3.44331e-06
2.35492e-07
-3.46856e-06
2.0828e-07
-3.49048e-06
1.80996e-07
-3.50907e-06
1.53608e-07
-3.52432e-06
1.26042e-07
-3.5362e-06
9.82354e-08
-3.54469e-06
7.01952e-08
-3.54978e-06
4.20354e-08
1.39405e-08
1.97376e-06
1.69923e-08
1.96824e-06
5.09621e-08
1.95906e-06
8.48532e-08
1.94622e-06
1.18534e-07
1.92977e-06
1.51857e-07
1.90974e-06
1.84747e-07
1.88618e-06
2.17195e-07
1.85912e-06
2.49222e-07
1.8286e-06
2.80821e-07
1.79466e-06
3.1194e-07
1.75735e-06
3.42487e-07
1.71674e-06
3.72359e-07
1.67291e-06
4.0146e-07
1.62592e-06
4.29715e-07
1.57587e-06
4.5707e-07
1.52285e-06
4.83478e-07
1.46696e-06
5.08896e-07
1.40831e-06
5.33275e-07
1.34701e-06
5.56562e-07
1.28317e-06
5.78703e-07
1.21693e-06
5.99647e-07
1.14842e-06
6.19341e-07
1.07776e-06
6.37735e-07
1.0051e-06
6.54757e-07
9.30567e-07
6.70286e-07
8.54306e-07
6.8407e-07
7.76506e-07
6.95569e-07
6.9749e-07
7.03686e-07
6.1791e-07
7.06425e-07
5.39004e-07
7.00782e-07
4.62636e-07
6.83679e-07
3.90395e-07
6.55494e-07
3.2283e-07
6.22485e-07
2.59503e-07
5.90477e-07
1.99587e-07
5.62589e-07
1.42326e-07
5.39184e-07
8.71951e-08
5.19257e-07
3.38828e-08
5.01534e-07
-1.77667e-08
4.84978e-07
-6.78171e-08
4.68923e-07
-1.16236e-07
4.52796e-07
-1.62965e-07
4.36225e-07
-2.07936e-07
4.19131e-07
-2.51081e-07
4.01529e-07
-2.92347e-07
3.83505e-07
-3.31697e-07
3.65191e-07
-3.69122e-07
3.4678e-07
-4.0466e-07
3.28527e-07
-4.38411e-07
3.10837e-07
-4.70657e-07
2.94982e-07
-5.01855e-07
2.81421e-07
-5.33163e-07
2.73152e-07
-5.68021e-07
2.79105e-07
-6.07239e-07
2.9945e-07
-6.51818e-07
3.28102e-07
-7.02931e-07
3.63197e-07
-7.61822e-07
4.04159e-07
-8.30188e-07
4.50912e-07
-9.17966e-07
5.16141e-07
-1.0243e-06
5.92298e-07
-1.14853e-06
6.62158e-07
-1.26948e-06
7.24949e-07
-1.38984e-06
8.08417e-07
-1.50713e-06
8.55426e-07
-1.61876e-06
8.74295e-07
-1.72468e-06
8.76288e-07
-1.82604e-06
8.69178e-07
-1.92387e-06
8.57192e-07
-2.01882e-06
8.42423e-07
-2.11121e-06
8.25858e-07
-2.20117e-06
8.07957e-07
-2.28871e-06
7.88944e-07
-2.37381e-06
7.68938e-07
-2.4564e-06
7.48012e-07
-2.5364e-06
7.26222e-07
-2.61376e-06
7.03616e-07
-2.68838e-06
6.80241e-07
-2.76021e-06
6.56139e-07
-2.82917e-06
6.31352e-07
-2.89522e-06
6.05919e-07
-2.95829e-06
5.79882e-07
-3.01834e-06
5.53284e-07
-3.07533e-06
5.26167e-07
-3.12921e-06
4.98573e-07
-3.17997e-06
4.70532e-07
-3.22756e-06
4.42064e-07
-3.27196e-06
4.13179e-07
-3.31314e-06
3.83891e-07
-3.35107e-06
3.54225e-07
-3.38573e-06
3.24235e-07
-3.41712e-06
2.93995e-07
-3.44522e-06
2.63594e-07
-3.47004e-06
2.331e-07
-3.49158e-06
2.02537e-07
-3.50984e-06
1.71869e-07
-3.52482e-06
1.41013e-07
-3.53648e-06
1.09899e-07
-3.54482e-06
7.85304e-08
-3.54981e-06
4.70302e-08
1.5597e-08
1.97379e-06
1.88074e-08
1.96835e-06
5.64031e-08
1.95929e-06
9.39109e-08
1.94663e-06
1.3119e-07
1.93041e-06
1.68083e-07
1.91065e-06
2.04506e-07
1.88739e-06
2.40454e-07
1.86066e-06
2.75948e-07
1.8305e-06
3.10983e-07
1.79694e-06
3.455e-07
1.76003e-06
3.79401e-07
1.71981e-06
4.12571e-07
1.67637e-06
4.44905e-07
1.62976e-06
4.76321e-07
1.58008e-06
5.06755e-07
1.5274e-06
5.36157e-07
1.47182e-06
5.64477e-07
1.41343e-06
5.91661e-07
1.35234e-06
6.17647e-07
1.28867e-06
6.42374e-07
1.22253e-06
6.65782e-07
1.15405e-06
6.87812e-07
1.08337e-06
7.08401e-07
1.01062e-06
7.27468e-07
9.35949e-07
7.44874e-07
8.59523e-07
7.60339e-07
7.8155e-07
7.73269e-07
7.02376e-07
7.82463e-07
6.22652e-07
7.85736e-07
5.43586e-07
7.79775e-07
4.6699e-07
7.61135e-07
3.94445e-07
7.30031e-07
3.26519e-07
6.9339e-07
2.62806e-07
6.57736e-07
2.025e-07
6.2662e-07
1.44858e-07
6.00495e-07
8.93556e-08
5.78263e-07
3.56851e-08
5.58504e-07
-1.63086e-08
5.40055e-07
-6.66905e-08
5.22171e-07
-1.15428e-07
5.04215e-07
-1.62463e-07
4.85764e-07
-2.07726e-07
4.66728e-07
-2.51149e-07
4.47125e-07
-2.92677e-07
4.2705e-07
-3.32274e-07
4.0665e-07
-3.69929e-07
3.86138e-07
-4.0568e-07
3.658e-07
-4.39629e-07
3.46091e-07
-4.72059e-07
3.28432e-07
-5.03434e-07
3.1334e-07
-5.3496e-07
3.0418e-07
-5.70134e-07
3.10999e-07
-6.09744e-07
3.33782e-07
-6.54793e-07
3.65809e-07
-7.06463e-07
4.05016e-07
-7.66018e-07
4.50751e-07
-8.35362e-07
5.0296e-07
-9.24682e-07
5.76312e-07
-1.03301e-06
6.61278e-07
-1.15889e-06
7.38882e-07
-1.28048e-06
8.09069e-07
-1.40118e-06
9.01393e-07
-1.51891e-06
9.5285e-07
-1.63095e-06
9.73147e-07
-1.73722e-06
9.74915e-07
-1.83889e-06
9.66699e-07
-1.937e-06
9.53122e-07
-2.03218e-06
9.36469e-07
-2.12472e-06
9.17822e-07
-2.21475e-06
8.97691e-07
-2.30228e-06
8.76325e-07
-2.38727e-06
8.53858e-07
-2.46967e-06
8.30376e-07
-2.54941e-06
8.05942e-07
-2.62641e-06
7.80613e-07
-2.70062e-06
7.54442e-07
-2.77196e-06
7.27479e-07
-2.84038e-06
6.99772e-07
-2.90583e-06
6.71367e-07
-2.96826e-06
6.42312e-07
-3.02763e-06
6.12656e-07
-3.08392e-06
5.82448e-07
-3.13708e-06
5.51734e-07
-3.18709e-06
5.20549e-07
-3.23394e-06
4.88914e-07
-3.27761e-06
4.56843e-07
-3.31807e-06
4.24348e-07
-3.3553e-06
3.9146e-07
-3.3893e-06
3.58235e-07
-3.42006e-06
3.24755e-07
-3.44758e-06
2.91116e-07
-3.47188e-06
2.57391e-07
-3.49295e-06
2.23607e-07
-3.5108e-06
1.89721e-07
-3.52543e-06
1.55643e-07
-3.53682e-06
1.21293e-07
-3.54497e-06
8.66731e-08
-3.54985e-06
5.19106e-08
1.72158e-08
1.97382e-06
2.05894e-08
1.96848e-06
6.17442e-08
1.95959e-06
1.02802e-07
1.94716e-06
1.43616e-07
1.93123e-06
1.84019e-07
1.91181e-06
2.23924e-07
1.88894e-06
2.63325e-07
1.86264e-06
3.02246e-07
1.83294e-06
3.40684e-07
1.79986e-06
3.78576e-07
1.76345e-06
4.15815e-07
1.72374e-06
4.52277e-07
1.6808e-06
4.87846e-07
1.63469e-06
5.2243e-07
1.58549e-06
5.55961e-07
1.53326e-06
5.8838e-07
1.47811e-06
6.19631e-07
1.42012e-06
6.49651e-07
1.35939e-06
6.78372e-07
1.29604e-06
7.05725e-07
1.23018e-06
7.31642e-07
1.16193e-06
7.56058e-07
1.0914e-06
7.78906e-07
1.01874e-06
8.00095e-07
9.4406e-07
8.19474e-07
8.67509e-07
8.36738e-07
7.89279e-07
8.51239e-07
7.097e-07
8.61671e-07
6.29423e-07
8.65648e-07
5.4967e-07
8.59534e-07
4.72304e-07
8.39477e-07
3.99012e-07
8.05461e-07
3.30433e-07
7.65106e-07
2.66177e-07
7.25686e-07
2.0542e-07
6.91232e-07
1.47385e-07
6.62308e-07
9.15226e-08
6.37719e-07
3.75086e-08
6.15891e-07
-1.48208e-08
5.95528e-07
-6.55302e-08
5.75796e-07
-1.1459e-07
5.55998e-07
-1.61941e-07
5.35654e-07
-2.07509e-07
5.14663e-07
-2.51226e-07
4.93043e-07
-2.93036e-07
4.70898e-07
-3.32899e-07
4.48393e-07
-3.70807e-07
4.25762e-07
-4.06796e-07
4.03324e-07
-4.40967e-07
3.8158e-07
-4.73612e-07
3.62105e-07
-5.052e-07
3.45479e-07
-5.36973e-07
3.35448e-07
-5.72501e-07
3.43209e-07
-6.1256e-07
3.68503e-07
-6.58158e-07
4.03985e-07
-7.10503e-07
4.47402e-07
-7.70896e-07
4.98028e-07
-8.41379e-07
5.55868e-07
-9.32446e-07
6.37652e-07
-1.04312e-06
7.31701e-07
-1.1711e-06
8.17157e-07
-1.29374e-06
8.94507e-07
-1.41546e-06
9.95665e-07
-1.53413e-06
1.05143e-06
-1.64688e-06
1.07289e-06
-1.75363e-06
1.07416e-06
-1.85563e-06
1.06463e-06
-1.95394e-06
1.0493e-06
-2.04922e-06
1.03064e-06
-2.14178e-06
1.00982e-06
-2.23175e-06
9.87378e-07
-2.31915e-06
9.6358e-07
-2.40394e-06
9.38573e-07
-2.48605e-06
9.12453e-07
-2.56542e-06
8.85294e-07
-2.64197e-06
8.57161e-07
-2.71565e-06
8.28116e-07
-2.78639e-06
7.98218e-07
-2.85414e-06
7.67523e-07
-2.91886e-06
7.36085e-07
-2.98051e-06
7.03959e-07
-3.03906e-06
6.712e-07
-3.09447e-06
6.37866e-07
-3.14675e-06
6.04007e-07
-3.19586e-06
5.69662e-07
-3.2418e-06
5.34857e-07
-3.28457e-06
4.99606e-07
-3.32414e-06
4.63922e-07
-3.36052e-06
4.27839e-07
-3.3937e-06
3.91417e-07
-3.42369e-06
3.54744e-07
-3.4505e-06
3.17923e-07
-3.47414e-06
2.81031e-07
-3.49463e-06
2.44096e-07
-3.51198e-06
2.0707e-07
-3.52619e-06
1.69853e-07
-3.53725e-06
1.32356e-07
-3.54516e-06
9.4578e-08
-3.54989e-06
5.66494e-08
1.8788e-08
1.97386e-06
2.23288e-08
1.96865e-06
6.69566e-08
1.95997e-06
1.11479e-07
1.94784e-06
1.55746e-07
1.93228e-06
1.99584e-07
1.9133e-06
2.42902e-07
1.89093e-06
2.85697e-07
1.86518e-06
3.27998e-07
1.83606e-06
3.69801e-07
1.80359e-06
4.11041e-07
1.76781e-06
4.51603e-07
1.72873e-06
4.91353e-07
1.68641e-06
5.30168e-07
1.64089e-06
5.67946e-07
1.59224e-06
6.04611e-07
1.54052e-06
6.40097e-07
1.48581e-06
6.74341e-07
1.4282e-06
7.0727e-07
1.36776e-06
7.38805e-07
1.30462e-06
7.68863e-07
1.2389e-06
7.97365e-07
1.17072e-06
8.24232e-07
1.10022e-06
8.49386e-07
1.02755e-06
8.7273e-07
9.52839e-07
8.94107e-07
8.76235e-07
9.13197e-07
7.97907e-07
9.29321e-07
7.1815e-07
9.41082e-07
6.37566e-07
9.45908e-07
5.57341e-07
9.39834e-07
4.79332e-07
9.18571e-07
4.05315e-07
8.81759e-07
3.36006e-07
8.3771e-07
2.71059e-07
7.94481e-07
2.09658e-07
7.56621e-07
1.51023e-07
7.24833e-07
9.46002e-08
6.97829e-07
4.00599e-08
6.73881e-07
-1.27619e-08
6.51559e-07
-6.3934e-08
6.29939e-07
-1.13427e-07
6.0826e-07
-1.61181e-07
5.85987e-07
-2.07126e-07
5.63007e-07
-2.51194e-07
5.3934e-07
-2.9333e-07
5.15097e-07
-3.33499e-07
4.90461e-07
-3.71693e-07
4.65688e-07
-4.07953e-07
4.41129e-07
-4.4238e-07
4.17335e-07
-4.7527e-07
3.96036e-07
-5.07116e-07
3.77874e-07
-5.39175e-07
3.66994e-07
-5.75105e-07
3.75782e-07
-6.15671e-07
4.03672e-07
-6.61896e-07
4.42708e-07
-7.15025e-07
4.90452e-07
-7.76447e-07
5.46102e-07
-8.48657e-07
6.09777e-07
-9.41201e-07
7.00232e-07
-1.05413e-06
8.03524e-07
-1.18549e-06
8.96793e-07
-1.30871e-06
9.81645e-07
-1.43078e-06
1.09141e-06
-1.54999e-06
1.15101e-06
-1.6633e-06
1.17341e-06
-1.77065e-06
1.17414e-06
-1.87325e-06
1.16326e-06
-1.97217e-06
1.14613e-06
-2.06798e-06
1.12538e-06
-2.16098e-06
1.10227e-06
-2.25125e-06
1.07737e-06
-2.3388e-06
1.05099e-06
-2.42359e-06
1.0233e-06
-2.50556e-06
9.94387e-07
-2.58464e-06
9.64358e-07
-2.66077e-06
9.33283e-07
-2.7339e-06
9.01238e-07
-2.80397e-06
8.68289e-07
-2.87095e-06
8.34502e-07
-2.9348e-06
7.99941e-07
-2.99551e-06
7.64666e-07
-3.05306e-06
7.28743e-07
-3.10742e-06
6.92234e-07
-3.15861e-06
6.55195e-07
-3.20662e-06
6.17671e-07
-3.25145e-06
5.79688e-07
-3.29311e-06
5.41263e-07
-3.3316e-06
5.02411e-07
-3.36693e-06
4.63167e-07
-3.39911e-06
4.23594e-07
-3.42815e-06
3.83787e-07
-3.45408e-06
3.43852e-07
-3.47692e-06
3.03872e-07
-3.49669e-06
2.63872e-07
-3.51343e-06
2.238e-07
-3.52712e-06
1.83546e-07
-3.53777e-06
1.43012e-07
-3.54539e-06
1.0219e-07
-3.54995e-06
6.12135e-08
2.03026e-08
1.97392e-06
2.40132e-08
1.96887e-06
7.20033e-08
1.96047e-06
1.1988e-07
1.94872e-06
1.67496e-07
1.93363e-06
2.14673e-07
1.91522e-06
2.61318e-07
1.89348e-06
3.07433e-07
1.86843e-06
3.5305e-07
1.84006e-06
3.98167e-07
1.80838e-06
4.42718e-07
1.77341e-06
4.86579e-07
1.73515e-06
5.29609e-07
1.69365e-06
5.71673e-07
1.64893e-06
6.12662e-07
1.60105e-06
6.52489e-07
1.55006e-06
6.91084e-07
1.49603e-06
7.28375e-07
1.43902e-06
7.64283e-07
1.3791e-06
7.98723e-07
1.31636e-06
8.31605e-07
1.25088e-06
8.6284e-07
1.18277e-06
8.92335e-07
1.11215e-06
9.19993e-07
1.03915e-06
9.45689e-07
9.63954e-07
9.69233e-07
8.86746e-07
9.9027e-07
8.07766e-07
1.00807e-06
7.27365e-07
1.02116e-06
6.46168e-07
1.02683e-06
5.65312e-07
1.02085e-06
4.86574e-07
9.98518e-07
4.11739e-07
9.59039e-07
3.41589e-07
9.11341e-07
2.75848e-07
8.64249e-07
2.1373e-07
8.22886e-07
1.54455e-07
7.88131e-07
9.74553e-08
7.58624e-07
4.23901e-08
7.32485e-07
-1.09144e-08
7.08146e-07
-6.2526e-08
6.84581e-07
-1.12427e-07
6.60982e-07
-1.60561e-07
6.36744e-07
-2.06858e-07
6.11742e-07
-2.51252e-07
5.85996e-07
-2.93692e-07
5.5963e-07
-3.34143e-07
5.32838e-07
-3.72604e-07
5.05902e-07
-4.0912e-07
4.79207e-07
-4.43798e-07
4.5335e-07
-4.76942e-07
4.30223e-07
-5.09042e-07
4.10529e-07
-5.41386e-07
3.98821e-07
-5.77711e-07
4.0871e-07
-6.18769e-07
4.39272e-07
-6.65599e-07
4.81948e-07
-7.19493e-07
5.34117e-07
-7.81977e-07
5.94905e-07
-8.56219e-07
6.64675e-07
-9.50343e-07
7.6403e-07
-1.06716e-06
8.76911e-07
-1.20321e-06
9.78037e-07
-1.32689e-06
1.07116e-06
-1.44988e-06
1.18954e-06
-1.57058e-06
1.25255e-06
-1.68522e-06
1.27549e-06
-1.79361e-06
1.27533e-06
-1.89704e-06
1.26282e-06
-1.99657e-06
1.24364e-06
-2.09283e-06
1.22059e-06
-2.18608e-06
1.19499e-06
-2.27644e-06
1.16747e-06
-2.36393e-06
1.13834e-06
-2.44849e-06
1.10779e-06
-2.53008e-06
1.07595e-06
-2.60865e-06
1.04291e-06
-2.68413e-06
1.00876e-06
-2.75649e-06
9.73588e-07
-2.82567e-06
9.37472e-07
-2.89166e-06
9.00488e-07
-2.95443e-06
8.62707e-07
-3.01396e-06
8.24201e-07
-3.07026e-06
7.85043e-07
-3.12333e-06
7.45304e-07
-3.17318e-06
7.05046e-07
-3.21983e-06
6.64319e-07
-3.2633e-06
6.23152e-07
-3.3036e-06
5.81563e-07
-3.34075e-06
5.39568e-07
-3.37479e-06
4.97204e-07
-3.40574e-06
4.54538e-07
-3.43362e-06
4.11668e-07
-3.45847e-06
3.68704e-07
-3.48033e-06
3.25731e-07
-3.49923e-06
2.82774e-07
-3.5152e-06
2.39772e-07
-3.52826e-06
1.96606e-07
-3.53842e-06
1.53168e-07
-3.54567e-06
1.09443e-07
-3.55002e-06
6.55628e-08
2.17464e-08
1.97399e-06
2.56267e-08
1.96916e-06
7.68364e-08
1.96111e-06
1.27926e-07
1.94985e-06
1.78758e-07
1.93537e-06
2.29151e-07
1.91767e-06
2.79014e-07
1.89675e-06
3.28355e-07
1.87259e-06
3.77213e-07
1.84517e-06
4.25588e-07
1.81447e-06
4.73412e-07
1.78049e-06
5.20559e-07
1.74323e-06
5.66875e-07
1.70268e-06
6.12219e-07
1.65887e-06
6.56469e-07
1.61184e-06
6.99529e-07
1.56161e-06
7.41313e-07
1.50825e-06
7.81735e-07
1.45183e-06
8.20698e-07
1.39245e-06
8.58099e-07
1.33022e-06
8.93835e-07
1.26525e-06
9.2781e-07
1.19764e-06
9.59935e-07
1.1275e-06
9.90118e-07
1.05491e-06
1.01824e-06
9.79959e-07
1.04412e-06
9.02725e-07
1.06738e-06
8.23355e-07
1.08723e-06
7.42127e-07
1.1021e-06
6.59654e-07
1.10909e-06
5.77159e-07
1.10359e-06
4.96619e-07
1.08042e-06
4.20124e-07
1.03817e-06
3.48594e-07
9.86563e-07
2.81749e-07
9.35325e-07
2.18731e-07
8.90237e-07
1.58691e-07
8.52364e-07
1.01013e-07
8.20252e-07
4.53258e-08
7.91845e-07
-8.55581e-09
7.65415e-07
-6.07033e-08
7.39839e-07
-1.11098e-07
7.14258e-07
-1.59679e-07
6.87997e-07
-2.06379e-07
6.60919e-07
-2.51135e-07
6.33047e-07
-2.93899e-07
6.04518e-07
-3.34634e-07
5.75544e-07
-3.73366e-07
5.4642e-07
-4.10148e-07
5.17571e-07
-4.45094e-07
4.89648e-07
-4.78518e-07
4.64701e-07
-5.10923e-07
4.43497e-07
-5.43626e-07
4.31001e-07
-5.80442e-07
4.42088e-07
-6.22154e-07
4.75454e-07
-6.69833e-07
5.21925e-07
-7.24873e-07
5.78725e-07
-7.88886e-07
6.44861e-07
-8.65319e-07
7.20879e-07
-9.619e-07
8.2934e-07
-1.08388e-06
9.51624e-07
-1.22381e-06
1.06088e-06
-1.34689e-06
1.16343e-06
-1.4707e-06
1.29019e-06
-1.59297e-06
1.35607e-06
-1.709e-06
1.37919e-06
-1.81858e-06
1.37789e-06
-1.92304e-06
1.36353e-06
-2.02346e-06
1.34212e-06
-2.12046e-06
1.31658e-06
-2.21429e-06
1.28832e-06
-2.30507e-06
1.25799e-06
-2.39279e-06
1.22593e-06
-2.47741e-06
1.19235e-06
-2.55886e-06
1.15737e-06
-2.63708e-06
1.12111e-06
-2.71201e-06
1.08369e-06
-2.78362e-06
1.04519e-06
-2.85188e-06
1.00573e-06
-2.91676e-06
9.65374e-07
-2.97828e-06
9.24224e-07
-3.03644e-06
8.8236e-07
-3.09126e-06
8.39863e-07
-3.14277e-06
7.96813e-07
-3.191e-06
7.53278e-07
-3.236e-06
7.09313e-07
-3.27779e-06
6.64948e-07
-3.31644e-06
6.20203e-07
-3.35196e-06
5.75096e-07
-3.38442e-06
5.29662e-07
-3.41386e-06
4.83972e-07
-3.44031e-06
4.38126e-07
-3.46385e-06
3.92236e-07
-3.48451e-06
3.46389e-07
-3.50234e-06
3.00605e-07
-3.51738e-06
2.54815e-07
-3.52967e-06
2.08892e-07
-3.53921e-06
1.62713e-07
-3.54602e-06
1.16256e-07
-3.55011e-06
6.96484e-08
2.31034e-08
1.97408e-06
2.71483e-08
1.96952e-06
8.13934e-08
1.96193e-06
1.35515e-07
1.9513e-06
1.8939e-07
1.93761e-06
2.4284e-07
1.92085e-06
2.95781e-07
1.90098e-06
3.48226e-07
1.87797e-06
4.00221e-07
1.85178e-06
4.51773e-07
1.82239e-06
5.02811e-07
1.78974e-06
5.53205e-07
1.75382e-06
6.02794e-07
1.71461e-06
6.51428e-07
1.6721e-06
6.98978e-07
1.62629e-06
7.45345e-07
1.57716e-06
7.90442e-07
1.52471e-06
8.34179e-07
1.46896e-06
8.76448e-07
1.40994e-06
9.17122e-07
1.34771e-06
9.56063e-07
1.28238e-06
9.93134e-07
1.21411e-06
1.0282e-06
1.14308e-06
1.06114e-06
1.06948e-06
1.0918e-06
9.93543e-07
1.12e-06
9.15461e-07
1.14534e-06
8.35462e-07
1.16703e-06
7.53859e-07
1.18344e-06
6.71208e-07
1.19156e-06
5.88549e-07
1.18657e-06
5.0757e-07
1.16287e-06
4.30218e-07
1.11834e-06
3.57497e-07
1.06319e-06
2.89316e-07
1.00795e-06
2.24969e-07
9.59095e-07
1.63688e-07
9.17982e-07
1.04885e-07
8.83126e-07
4.81662e-08
8.52341e-07
-6.54064e-09
8.23593e-07
-5.93578e-08
7.95853e-07
-1.10302e-07
7.68144e-07
-1.59317e-07
7.39734e-07
-2.06351e-07
7.10473e-07
-2.51361e-07
6.80385e-07
-2.94322e-07
6.49619e-07
-3.35241e-07
6.18407e-07
-3.74121e-07
5.87083e-07
-4.11042e-07
5.56085e-07
-4.46149e-07
5.26122e-07
-4.79778e-07
4.99397e-07
-5.1246e-07
4.76744e-07
-5.45524e-07
4.6353e-07
-5.82824e-07
4.75887e-07
-6.25165e-07
5.12209e-07
-6.73558e-07
5.62732e-07
-7.29713e-07
6.24438e-07
-7.95208e-07
6.96282e-07
-8.7376e-07
7.79099e-07
-9.73238e-07
8.97669e-07
-1.09895e-06
1.02999e-06
-1.24413e-06
1.14804e-06
-1.36691e-06
1.26017e-06
-1.49251e-06
1.39458e-06
-1.61726e-06
1.46248e-06
-1.73543e-06
1.48527e-06
-1.84694e-06
1.48258e-06
-1.95325e-06
1.46623e-06
-2.05543e-06
1.44243e-06
-2.15401e-06
1.41421e-06
-2.24919e-06
1.38301e-06
-2.34098e-06
1.34954e-06
-2.42935e-06
1.31418e-06
-2.51422e-06
1.27716e-06
-2.59554e-06
1.23866e-06
-2.67327e-06
1.19883e-06
-2.74739e-06
1.1578e-06
-2.8179e-06
1.1157e-06
-2.88482e-06
1.07265e-06
-2.94818e-06
1.02873e-06
-3.00801e-06
9.84056e-07
-3.06436e-06
9.38704e-07
-3.11726e-06
8.92766e-07
-3.16678e-06
8.46328e-07
-3.21296e-06
7.99465e-07
-3.25588e-06
7.52233e-07
-3.2956e-06
7.04668e-07
-3.33219e-06
6.56788e-07
-3.36571e-06
6.08612e-07
-3.39622e-06
5.60176e-07
-3.4238e-06
5.11551e-07
-3.44851e-06
4.62839e-07
-3.47043e-06
4.14152e-07
-3.48961e-06
3.65576e-07
-3.50614e-06
3.17125e-07
-3.52004e-06
2.68724e-07
-3.53138e-06
2.2023e-07
-3.54018e-06
1.7151e-07
-3.54645e-06
1.2253e-07
-3.55022e-06
7.34108e-08
2.43538e-08
1.9742e-06
2.85511e-08
1.97e-06
8.55929e-08
1.963e-06
1.42512e-07
1.95318e-06
1.99211e-07
1.9405e-06
2.55521e-07
1.92492e-06
3.11366e-07
1.90637e-06
3.66772e-07
1.8848e-06
4.21792e-07
1.86013e-06
4.7644e-07
1.8323e-06
5.30645e-07
1.80123e-06
5.84272e-07
1.76687e-06
6.37151e-07
1.72919e-06
6.89115e-07
1.68815e-06
7.40017e-07
1.64377e-06
7.89726e-07
1.59608e-06
8.38131e-07
1.54512e-06
8.85138e-07
1.49092e-06
9.30645e-07
1.4335e-06
9.74543e-07
1.37285e-06
1.01671e-06
1.30898e-06
1.057e-06
1.2419e-06
1.09528e-06
1.17164e-06
1.13138e-06
1.09829e-06
1.16512e-06
1.02198e-06
1.19625e-06
9.4285e-07
1.22436e-06
8.61091e-07
1.24861e-06
7.76998e-07
1.26731e-06
6.91158e-07
1.27728e-06
6.04786e-07
1.27334e-06
5.19974e-07
1.24928e-06
4.39307e-07
1.20211e-06
3.64064e-07
1.14264e-06
2.94099e-07
1.08263e-06
2.28498e-07
1.02942e-06
1.66297e-07
9.84653e-07
1.06789e-07
9.46773e-07
4.9561e-08
9.13393e-07
-5.61343e-09
8.82283e-07
-5.87909e-08
8.52261e-07
-1.10013e-07
8.22361e-07
-1.59232e-07
7.91729e-07
-2.064e-07
7.60212e-07
-2.51488e-07
7.27851e-07
-2.94473e-07
6.94798e-07
-3.35362e-07
6.61309e-07
-3.74202e-07
6.27751e-07
-4.11097e-07
5.94603e-07
-4.46216e-07
5.62624e-07
-4.79921e-07
5.34178e-07
-5.12761e-07
5.10151e-07
-5.46073e-07
4.96288e-07
-5.83684e-07
5.0991e-07
-6.26552e-07
5.49263e-07
-6.76046e-07
6.03937e-07
-7.33445e-07
6.70774e-07
-8.00539e-07
7.48568e-07
-8.81566e-07
8.38508e-07
-9.83904e-07
9.67279e-07
-1.11492e-06
1.11044e-06
-1.26962e-06
1.23782e-06
-1.39123e-06
1.3618e-06
-1.5202e-06
1.50415e-06
-1.64977e-06
1.57391e-06
-1.7723e-06
1.59597e-06
-1.88748e-06
1.59119e-06
-1.99668e-06
1.57199e-06
-2.10094e-06
1.54491e-06
-2.20081e-06
1.51318e-06
-2.29658e-06
1.47832e-06
-2.38839e-06
1.44112e-06
-2.47631e-06
1.40199e-06
-2.56041e-06
1.3612e-06
-2.64071e-06
1.31893e-06
-2.71723e-06
1.27534e-06
-2.79001e-06
1.23057e-06
-2.85903e-06
1.18472e-06
-2.92432e-06
1.13793e-06
-2.98589e-06
1.0903e-06
-3.04376e-06
1.04193e-06
-3.098e-06
9.92937e-07
-3.14866e-06
9.43426e-07
-3.19583e-06
8.93494e-07
-3.23959e-06
8.43224e-07
-3.28003e-06
7.92679e-07
-3.31726e-06
7.41896e-07
-3.35137e-06
6.90895e-07
-3.38245e-06
6.39694e-07
-3.4106e-06
5.88331e-07
-3.43593e-06
5.36874e-07
-3.45852e-06
4.85426e-07
-3.47846e-06
4.34098e-07
-3.49585e-06
3.82969e-07
-3.51078e-06
3.32047e-07
-3.5233e-06
2.81247e-07
-3.53348e-06
2.3041e-07
-3.54136e-06
1.79392e-07
-3.54698e-06
1.28145e-07
-3.55035e-06
7.67779e-08
2.54736e-08
1.97435e-06
2.97987e-08
1.97062e-06
8.93255e-08
1.9644e-06
1.48733e-07
1.95565e-06
2.07965e-07
1.9443e-06
2.6687e-07
1.93028e-06
3.25385e-07
1.9135e-06
3.83549e-07
1.89386e-06
4.41429e-07
1.87126e-06
4.99047e-07
1.84556e-06
5.5634e-07
1.81666e-06
6.13173e-07
1.78443e-06
6.69378e-07
1.74876e-06
7.24788e-07
1.70952e-06
7.79256e-07
1.66656e-06
8.32688e-07
1.61978e-06
8.84911e-07
1.56918e-06
9.35737e-07
1.51484e-06
9.84981e-07
1.4569e-06
1.03248e-06
1.3955e-06
1.07811e-06
1.33077e-06
1.12173e-06
1.26283e-06
1.16322e-06
1.19177e-06
1.20243e-06
1.11771e-06
1.23916e-06
1.04075e-06
1.27315e-06
9.61069e-07
1.30394e-06
8.78874e-07
1.33064e-06
7.94511e-07
1.35148e-06
7.08572e-07
1.36314e-06
6.22122e-07
1.36025e-06
5.36888e-07
1.33618e-06
4.55074e-07
1.28727e-06
3.78022e-07
1.22418e-06
3.05848e-07
1.15978e-06
2.37915e-07
1.10231e-06
1.73454e-07
1.05379e-06
1.1191e-07
1.01263e-06
5.30479e-08
9.76225e-07
-3.59847e-09
9.42551e-07
-5.81309e-08
9.10111e-07
-1.10349e-07
8.77648e-07
-1.60215e-07
8.44435e-07
-2.07705e-07
8.10331e-07
-2.52801e-07
7.75379e-07
-2.95539e-07
7.39777e-07
-3.35993e-07
7.03815e-07
-3.74276e-07
6.67893e-07
-4.10574e-07
6.32554e-07
-4.45145e-07
5.98604e-07
-4.78428e-07
5.68555e-07
-5.11048e-07
5.43347e-07
-5.44373e-07
5.29059e-07
-5.8217e-07
5.44099e-07
-6.25555e-07
5.86834e-07
-6.75873e-07
6.46132e-07
-7.34698e-07
7.18619e-07
-8.03795e-07
8.03001e-07
-8.87738e-07
9.00821e-07
-9.93778e-07
1.04047e-06
-1.13223e-06
1.19518e-06
-1.30204e-06
1.33196e-06
-1.4196e-06
1.46947e-06
-1.55083e-06
1.61812e-06
-1.68304e-06
1.68823e-06
-1.8074e-06
1.70885e-06
-1.92422e-06
1.70172e-06
-2.03515e-06
1.67964e-06
-2.14127e-06
1.64934e-06
-2.24309e-06
1.61415e-06
-2.34085e-06
1.57565e-06
-2.43458e-06
1.53464e-06
-2.52426e-06
1.49157e-06
-2.60983e-06
1.44671e-06
-2.69118e-06
1.40026e-06
-2.76825e-06
1.3524e-06
-2.84097e-06
1.30328e-06
-2.90931e-06
1.25306e-06
-2.97328e-06
1.2019e-06
-3.03297e-06
1.14999e-06
-3.08854e-06
1.0975e-06
-3.14015e-06
1.04455e-06
-3.18795e-06
9.91229e-07
-3.2321e-06
9.37641e-07
-3.27274e-06
8.83863e-07
-3.31001e-06
8.29956e-07
-3.34407e-06
7.75954e-07
-3.37505e-06
7.21871e-07
-3.40308e-06
6.67724e-07
-3.42829e-06
6.13544e-07
-3.45082e-06
5.59399e-07
-3.47078e-06
5.05388e-07
-3.4883e-06
4.51616e-07
-3.50348e-06
3.98158e-07
-3.51645e-06
3.4501e-07
-3.52728e-06
2.92074e-07
-3.53604e-06
2.39178e-07
-3.54281e-06
1.86159e-07
-3.54762e-06
1.32955e-07
-3.55051e-06
7.96625e-08
2.64336e-08
1.97456e-06
3.08395e-08
1.97144e-06
9.24474e-08
1.96621e-06
1.53961e-07
1.9588e-06
2.15376e-07
1.94911e-06
2.76561e-07
1.93702e-06
3.37478e-07
1.92239e-06
3.98178e-07
1.90508e-06
4.58737e-07
1.88495e-06
5.19173e-07
1.86188e-06
5.79414e-07
1.83574e-06
6.39309e-07
1.80645e-06
6.98669e-07
1.77393e-06
7.57312e-07
1.73809e-06
8.15088e-07
1.69896e-06
8.71818e-07
1.65605e-06
9.27821e-07
1.60911e-06
9.82677e-07
1.558e-06
1.0361e-06
1.50264e-06
1.08784e-06
1.44306e-06
1.13769e-06
1.37933e-06
1.18546e-06
1.31158e-06
1.23097e-06
1.23994e-06
1.27405e-06
1.16456e-06
1.31452e-06
1.08558e-06
1.35209e-06
1.00313e-06
1.38631e-06
9.17361e-07
1.41627e-06
8.28515e-07
1.44017e-06
7.37099e-07
1.45455e-06
6.44278e-07
1.45366e-06
5.52289e-07
1.43006e-06
4.6421e-07
1.37907e-06
3.822e-07
1.31111e-06
3.06438e-07
1.24097e-06
2.35981e-07
1.17813e-06
1.698e-07
1.12502e-06
1.07139e-07
1.07997e-06
4.75378e-08
1.0402e-06
-9.43382e-09
1.00341e-06
-6.37767e-08
9.67928e-07
-1.1554e-07
9.32585e-07
-1.64671e-07
8.96487e-07
-2.11158e-07
8.59513e-07
-2.55087e-07
8.21787e-07
-2.96615e-07
7.8358e-07
-3.35827e-07
7.45105e-07
-3.72837e-07
7.06783e-07
-4.07835e-07
6.69217e-07
-4.4114e-07
6.33326e-07
-4.7329e-07
6.01806e-07
-5.05027e-07
5.75669e-07
-5.37764e-07
5.61248e-07
-5.75047e-07
5.77779e-07
-6.18191e-07
6.24189e-07
-6.68698e-07
6.88591e-07
-7.28191e-07
7.67289e-07
-7.9841e-07
8.58924e-07
-8.84153e-07
9.65572e-07
-9.92941e-07
1.1177e-06
-1.13723e-06
1.28563e-06
-1.32713e-06
1.4334e-06
-1.44095e-06
1.58791e-06
-1.58307e-06
1.74354e-06
-1.72707e-06
1.81417e-06
-1.86183e-06
1.83251e-06
-1.98763e-06
1.82159e-06
-2.10603e-06
1.79498e-06
-2.21805e-06
1.75981e-06
-2.32423e-06
1.71955e-06
-2.42483e-06
1.67587e-06
-2.51999e-06
1.62961e-06
-2.60974e-06
1.58123e-06
-2.69413e-06
1.53106e-06
-2.77321e-06
1.47932e-06
-2.84708e-06
1.42626e-06
-2.91588e-06
1.37207e-06
-2.9798e-06
1.31698e-06
-3.03908e-06
1.26117e-06
-3.09399e-06
1.2049e-06
-3.14502e-06
1.14853e-06
-3.19225e-06
1.09177e-06
-3.23581e-06
1.03479e-06
-3.27584e-06
9.77672e-07
-3.31247e-06
9.20494e-07
-3.34584e-06
8.63321e-07
-3.37607e-06
8.0619e-07
-3.40332e-06
7.49124e-07
-3.42774e-06
6.92142e-07
-3.44948e-06
6.35282e-07
-3.4687e-06
5.78613e-07
-3.48554e-06
5.22233e-07
-3.50017e-06
4.66243e-07
-3.51272e-06
4.10711e-07
-3.52333e-06
3.55622e-07
-3.53212e-06
3.0086e-07
-3.53918e-06
2.46238e-07
-3.54459e-06
1.91573e-07
-3.54842e-06
1.36783e-07
-3.55071e-06
8.19476e-08
2.7192e-08
1.97488e-06
3.1559e-08
1.97269e-06
9.46379e-08
1.96891e-06
1.57745e-07
1.96342e-06
2.20862e-07
1.95607e-06
2.83914e-07
1.94664e-06
3.46907e-07
1.93489e-06
4.09932e-07
1.92053e-06
4.73093e-07
1.90327e-06
5.36428e-07
1.88282e-06
5.99866e-07
1.8589e-06
6.63233e-07
1.83127e-06
7.26294e-07
1.79981e-06
7.88777e-07
1.76447e-06
8.50428e-07
1.7254e-06
9.10887e-07
1.68287e-06
9.70353e-07
1.63672e-06
1.02883e-06
1.58666e-06
1.08615e-06
1.53249e-06
1.14201e-06
1.47405e-06
1.19613e-06
1.4113e-06
1.24821e-06
1.34425e-06
1.29802e-06
1.27297e-06
1.34533e-06
1.19756e-06
1.3899e-06
1.11816e-06
1.43145e-06
1.03493e-06
1.46946e-06
9.48069e-07
1.50301e-06
8.57896e-07
1.53021e-06
7.64995e-07
1.5475e-06
6.70504e-07
1.54881e-06
5.76415e-07
1.52617e-06
4.85475e-07
1.47396e-06
4.0004e-07
1.40176e-06
3.20565e-07
1.32616e-06
2.46448e-07
1.25784e-06
1.76831e-07
1.19984e-06
1.11018e-07
1.15053e-06
4.84971e-08
1.10699e-06
-1.08172e-08
1.06664e-06
-6.71055e-08
1.0278e-06
-1.20314e-07
9.89085e-07
-1.70392e-07
9.49583e-07
-2.17293e-07
9.09177e-07
-2.60962e-07
8.67987e-07
-3.01337e-07
8.2627e-07
-3.38499e-07
7.84377e-07
-3.7267e-07
7.42861e-07
-4.04238e-07
7.02473e-07
-4.33808e-07
6.64334e-07
-4.62346e-07
6.31462e-07
-4.91202e-07
6.05121e-07
-5.22287e-07
5.91788e-07
-5.59169e-07
6.11044e-07
-6.03587e-07
6.62797e-07
-6.56969e-07
7.33903e-07
-7.20965e-07
8.20434e-07
-7.97472e-07
9.21109e-07
-8.91166e-07
1.03806e-06
-1.00941e-06
1.20392e-06
-1.16421e-06
1.38574e-06
-1.36658e-06
1.54364e-06
-1.48525e-06
1.71381e-06
-1.63391e-06
1.87604e-06
-1.78257e-06
1.94541e-06
-1.92056e-06
1.95992e-06
-2.0487e-06
1.94412e-06
-2.16875e-06
1.91216e-06
-2.28179e-06
1.87141e-06
-2.38842e-06
1.82546e-06
-2.48895e-06
1.77603e-06
-2.58355e-06
1.72403e-06
-2.67237e-06
1.66996e-06
-2.75555e-06
1.6142e-06
-2.83329e-06
1.55704e-06
-2.9058e-06
1.49876e-06
-2.97337e-06
1.43964e-06
-3.03632e-06
1.37993e-06
-3.09502e-06
1.31987e-06
-3.14966e-06
1.25955e-06
-3.20005e-06
1.19891e-06
-3.24608e-06
1.1378e-06
-3.28779e-06
1.07651e-06
-3.32534e-06
1.01521e-06
-3.35891e-06
9.54065e-07
-3.38875e-06
8.9316e-07
-3.41511e-06
8.32558e-07
-3.43828e-06
7.72289e-07
-3.45851e-06
7.12372e-07
-3.47607e-06
6.52839e-07
-3.4912e-06
5.9375e-07
-3.50416e-06
5.35188e-07
-3.51515e-06
4.77238e-07
-3.52439e-06
4.19945e-07
-3.53204e-06
3.63272e-07
-3.53826e-06
3.0708e-07
-3.54317e-06
2.51154e-07
-3.54689e-06
1.95286e-07
-3.54947e-06
1.39367e-07
-3.55097e-06
8.3449e-08
2.76847e-08
1.97518e-06
1.97403e-06
1.97204e-06
1.96912e-06
1.96509e-06
1.95978e-06
1.95293e-06
1.94427e-06
1.93347e-06
1.92016e-06
1.90393e-06
1.88435e-06
1.86091e-06
1.8331e-06
1.8002e-06
1.76259e-06
1.72038e-06
1.67351e-06
1.62184e-06
1.56519e-06
1.50343e-06
1.4365e-06
1.3644e-06
1.28714e-06
1.20477e-06
1.11732e-06
1.02481e-06
9.27296e-07
8.25043e-07
7.19025e-07
6.11678e-07
5.07187e-07
4.09752e-07
3.20752e-07
2.39715e-07
1.6531e-07
9.62995e-08
3.18602e-08
-2.85723e-08
-8.51836e-08
-1.38077e-07
-1.87238e-07
-2.3261e-07
-2.74049e-07
-3.1141e-07
-3.44867e-07
-3.74747e-07
-4.01539e-07
-4.25945e-07
-4.49001e-07
-4.72458e-07
-4.99408e-07
-5.34146e-07
-5.78194e-07
-6.32155e-07
-6.97515e-07
-7.76748e-07
-8.75649e-07
-1.00108e-06
-1.16273e-06
-1.3844e-06
-1.51969e-06
-1.7021e-06
-1.87937e-06
-2.03998e-06
-2.18541e-06
-2.31817e-06
-2.44014e-06
-2.55262e-06
-2.65646e-06
-2.75229e-06
-2.84061e-06
-2.92187e-06
-2.99647e-06
-3.06484e-06
-3.12731e-06
-3.18415e-06
-3.23546e-06
-3.2812e-06
-3.32118e-06
-3.35618e-06
-3.38674e-06
-3.41334e-06
-3.43639e-06
-3.45629e-06
-3.47337e-06
-3.48797e-06
-3.50037e-06
-3.51084e-06
-3.51963e-06
-3.52694e-06
-3.53298e-06
-3.53792e-06
-3.5419e-06
-3.54505e-06
-3.54748e-06
-3.54928e-06
-3.5505e-06
-3.55121e-06
)
;

boundaryField
{
    fuel
    {
        type            calculated;
        value           nonuniform List<scalar> 
40
(
-1.9756e-06
-1.9756e-06
-1.9756e-06
-1.9756e-06
-1.9756e-06
-1.9756e-06
-1.9756e-06
-1.9756e-06
-1.9756e-06
-1.9756e-06
-1.9756e-06
-1.9756e-06
-1.9756e-06
-1.9756e-06
-1.9756e-06
-1.9756e-06
-1.9756e-06
-1.9756e-06
-1.9756e-06
-1.9756e-06
-1.9756e-06
-1.9756e-06
-1.9756e-06
-1.9756e-06
-1.9756e-06
-1.9756e-06
-1.9756e-06
-1.9756e-06
-1.9756e-06
-1.9756e-06
-1.9756e-06
-1.9756e-06
-1.9756e-06
-1.9756e-06
-1.9756e-06
-1.9756e-06
-1.9756e-06
-1.9756e-06
-1.9756e-06
-1.9756e-06
)
;
    }
    air
    {
        type            calculated;
        value           nonuniform List<scalar> 
40
(
-3.55146e-06
-3.55146e-06
-3.55146e-06
-3.55147e-06
-3.55147e-06
-3.55147e-06
-3.55147e-06
-3.55147e-06
-3.55147e-06
-3.55147e-06
-3.55147e-06
-3.55147e-06
-3.55147e-06
-3.55147e-06
-3.55147e-06
-3.55147e-06
-3.55147e-06
-3.55147e-06
-3.55147e-06
-3.55147e-06
-3.55147e-06
-3.55147e-06
-3.55147e-06
-3.55147e-06
-3.55147e-06
-3.55147e-06
-3.55147e-06
-3.55147e-06
-3.55147e-06
-3.55147e-06
-3.55147e-06
-3.55147e-06
-3.55147e-06
-3.55147e-06
-3.55147e-06
-3.55147e-06
-3.55147e-06
-3.55146e-06
-3.55146e-06
-3.55146e-06
)
;
    }
    outlet
    {
        type            calculated;
        value           nonuniform List<scalar> 
200
(
3.19801e-08
9.57941e-08
1.59732e-07
2.23793e-07
2.87943e-07
3.52231e-07
4.16789e-07
4.81766e-07
5.47243e-07
6.1319e-07
6.79475e-07
7.45899e-07
8.12235e-07
8.78264e-07
9.43814e-07
1.00799e-06
1.07107e-06
1.13304e-06
1.19372e-06
1.25281e-06
1.31e-06
1.36498e-06
1.41746e-06
1.46718e-06
1.51381e-06
1.55688e-06
1.59545e-06
1.62768e-06
1.6499e-06
1.65567e-06
1.63586e-06
1.58295e-06
1.50511e-06
1.42156e-06
1.34507e-06
1.2799e-06
1.22458e-06
1.17586e-06
1.1311e-06
1.08805e-06
1.04528e-06
1.00175e-06
9.57296e-07
9.11936e-07
8.65929e-07
8.19932e-07
7.74646e-07
7.30964e-07
6.90192e-07
6.55649e-07
6.29168e-07
6.18123e-07
6.41912e-07
7.00684e-07
7.79363e-07
8.74444e-07
9.85503e-07
1.11519e-06
1.29698e-06
1.4921e-06
1.65884e-06
1.87769e-06
2.04233e-06
2.10571e-06
2.11091e-06
2.08467e-06
2.04253e-06
1.99226e-06
1.93743e-06
1.87968e-06
1.81982e-06
1.75832e-06
1.69552e-06
1.63173e-06
1.56721e-06
1.5022e-06
1.43686e-06
1.37127e-06
1.30538e-06
1.23898e-06
1.17288e-06
1.10714e-06
1.04188e-06
9.7718e-07
9.13111e-07
8.49694e-07
7.86929e-07
7.2481e-07
6.63343e-07
6.02563e-07
5.42528e-07
4.833e-07
4.249e-07
3.6727e-07
3.10247e-07
2.53597e-07
1.97091e-07
1.40603e-07
8.41614e-08
2.79419e-08
3.19797e-08
9.57921e-08
1.59728e-07
2.23787e-07
2.87936e-07
3.52223e-07
4.1678e-07
4.81755e-07
5.4723e-07
6.13176e-07
6.79458e-07
7.4588e-07
8.12214e-07
8.7824e-07
9.43788e-07
1.00796e-06
1.07104e-06
1.13301e-06
1.19369e-06
1.25278e-06
1.30997e-06
1.36494e-06
1.41743e-06
1.46714e-06
1.51378e-06
1.55685e-06
1.59543e-06
1.62766e-06
1.64989e-06
1.65567e-06
1.63588e-06
1.583e-06
1.50517e-06
1.42162e-06
1.34512e-06
1.27994e-06
1.22461e-06
1.17588e-06
1.13114e-06
1.0881e-06
1.04535e-06
1.00182e-06
9.57362e-07
9.11997e-07
8.65979e-07
8.19969e-07
7.74668e-07
7.30971e-07
6.90191e-07
6.55646e-07
6.29178e-07
6.18189e-07
6.42138e-07
7.00979e-07
7.7969e-07
8.74788e-07
9.85845e-07
1.11555e-06
1.29737e-06
1.49246e-06
1.65905e-06
1.87786e-06
2.04239e-06
2.10569e-06
2.11085e-06
2.08459e-06
2.04244e-06
1.99216e-06
1.93733e-06
1.87958e-06
1.81972e-06
1.75822e-06
1.69542e-06
1.63163e-06
1.56712e-06
1.50211e-06
1.43677e-06
1.37118e-06
1.30529e-06
1.23889e-06
1.1728e-06
1.10707e-06
1.04181e-06
9.7712e-07
9.13056e-07
8.49645e-07
7.86886e-07
7.24772e-07
6.6331e-07
6.02533e-07
5.42502e-07
4.83278e-07
4.24882e-07
3.67255e-07
3.10234e-07
2.53585e-07
1.9708e-07
1.40593e-07
8.41542e-08
2.79397e-08
)
;
    }
    frontAndBack
    {
        type            empty;
    }
}


// ************************************************************************* //
